run_id,team_index,team_id,source_file_path,grid,arch,price,cards,exported_profit,preview_profit,final_profit,official_profit,official_profitable,profit_diff_final_minus_preview,profit_needs_correction,profit_sign_changed,exported_coverCore,preview_coverCore,final_coverCore,coverCore_mixed_preview_export,exported_coverNice,preview_coverNice,final_coverNice,coverNice_mixed_preview_export,exported_V,preview_V,final_V,final_units,final_share,final_metrics_source,final_coverage_available,recompute_status,recompute_error,usable_for_final_outcome,coverage_can_explain_final_profit,warning
2026-07-10T13-48-47-053Z,0,9f540dc8-3e5e-4cab-9d6c-e2f7d3505432,data/persona_sim_logs/2026-07-10T13-48-47-053Z/teams_summary.csv,,,,0,,,,,,,false,false,,,,false,,,,false,,,,,,csv_or_unavailable,false,not_needed,,false,false,final coverCore/coverNice unavailable; do not use exported coverage to explain final profit
2026-07-10T13-51-09-838Z,0,1040fcc6-902a-44d4-ad41-5991e0bcb73c,data/persona_sim_logs/2026-07-10T13-51-09-838Z/teams_summary.csv,,,,0,,,,,,,false,false,,,,false,,,,false,,,,,,csv_or_unavailable,false,not_needed,,false,false,final coverCore/coverNice unavailable; do not use exported coverage to explain final profit
2026-07-10T14-01-14-238Z,0,fdfd97cd-749d-4ac5-8dbc-0914ab1e7a5e,data/persona_sim_logs/2026-07-10T14-01-14-238Z/teams_summary.csv,,,,0,,,,,,,false,false,,,,false,,,,false,,,,,,csv_or_unavailable,false,not_needed,,false,false,final coverCore/coverNice unavailable; do not use exported coverage to explain final profit
2026-07-10T14-03-51-980Z,0,94018878-cfc0-4846-8938-d960d8705063,data/persona_sim_logs/2026-07-10T14-03-51-980Z/teams_summary.csv,,,,0,,,,,,,false,false,,,,false,,,,false,,,,,,csv_or_unavailable,false,not_needed,,false,false,final coverCore/coverNice unavailable; do not use exported coverage to explain final profit
2026-07-10T14-06-34-575Z,0,08dcacf4-adc5-4c79-bcbb-4a6d73a1fe28,data/persona_sim_logs/2026-07-10T14-06-34-575Z/teams_summary.csv,,,,0,,,,,,,false,false,,,,false,,,,false,,,,,,csv_or_unavailable,false,not_needed,,false,false,final coverCore/coverNice unavailable; do not use exported coverage to explain final profit
2026-07-10T14-08-50-515Z,0,8446d6f8-f3f0-40ce-8278-c61d06ed6679,data/persona_sim_logs/2026-07-10T14-08-50-515Z/teams_summary.csv,,,,0,,,,,,,false,false,,,,false,,,,false,,,,,,csv_or_unavailable,false,not_needed,,false,false,final coverCore/coverNice unavailable; do not use exported coverage to explain final profit
2026-07-10T14-12-29-442Z,0,b0a0b5c8-45c3-422f-a56f-bacebbe04777,data/persona_sim_logs/2026-07-10T14-12-29-442Z/teams_summary.csv,ToC_Differentiation_Adult,Experience,5000,12,-1123030,-2599948,-1123030,-1123030,false,1476918,true,false,0.7692307692307693,0.7692307692307693,0.769231,false,0,0,0,false,,0.17915384615384625,0.17915384615384625,1852,,computation_log.default,true,not_needed,,true,true,
2026-07-10T14-18-06-070Z,0,0bce8169-7cbd-4b7f-b736-dd5b9174f147,data/persona_sim_logs/2026-07-10T14-18-06-070Z/teams_summary.csv,ToC_Differentiation_Adult,Experience,2000,10,-3298928,-3430292,-3298928,-3298928,false,131364,true,false,0.5538461538461539,0.5538461538461539,0.553846,false,0,0,0,false,,0.12923076923076926,0.12923076923076926,3737,,computation_log.default,true,not_needed,,true,true,
2026-07-10T14-18-06-070Z,1,7ad90eee-10ae-4881-b893-f556dd0980d9,data/persona_sim_logs/2026-07-10T14-18-06-070Z/teams_summary.csv,ToB_Differentiation_Elder,Experience,1000,12,-11204221,-11306526,-11204221,-11204221,false,102305,true,false,0.5333333333333333,0.5333333333333333,0.533333,false,0.5333333333333333,0.5333333333333333,0.533333,false,,0.2250833333333333,0.2250833333333333,11288,,computation_log.default,true,not_needed,,true,true,
2026-07-10T14-18-06-070Z,2,d5e88007-4a32-4e4e-8282-2f76826e5c0c,data/persona_sim_logs/2026-07-10T14-18-06-070Z/teams_summary.csv,ToC_Cost_Child,Hybrid,5000,13,-3024718,-4033743,-3024718,-3024718,false,1009025,true,false,0.7166666666666667,0.7166666666666667,0.716667,false,0,0,0,false,,0.14950000000000002,0.14950000000000002,907,,computation_log.default,true,not_needed,,true,true,
2026-07-10T14-18-06-070Z,3,1e3f6603-abcd-4b1b-beac-3a26cccea3b6,data/persona_sim_logs/2026-07-10T14-18-06-070Z/teams_summary.csv,ToB_Cost_Elder,Function,3000,11,22039130,16464815,22039130,22039130,true,5574315,true,false,0.7000000000000001,0.7000000000000001,0.7,false,0.52,0.52,0.52,false,,0.31525000000000014,0.31525000000000014,20765,,computation_log.default,true,not_needed,,true,true,
2026-07-10T14-18-06-070Z,4,bc2b52cd-c9a4-4e15-a451-e0e1059d776a,data/persona_sim_logs/2026-07-10T14-18-06-070Z/teams_summary.csv,ToC_Differentiation_Child,Experience,1900,12,-14205402,-13158150,-14205402,-14205402,false,-1047252,true,false,0.7181818181818183,0.7181818181818183,0.718182,false,0.8,0.8,0.8,false,,0.3546818181818183,0.3546818181818183,45218,,computation_log.default,true,not_needed,,true,true,
2026-07-10T14-18-06-070Z,5,a3b3ed47-4233-4388-ac2e-b96e7002de7f,data/persona_sim_logs/2026-07-10T14-18-06-070Z/teams_summary.csv,ToB_Differentiation_Adult,Hybrid,2000,12,-3410298,-3609521,-3410298,-3410298,false,199223,true,false,0.5333333333333333,0.5333333333333333,0.533333,false,0.8000000000000002,0.8000000000000002,0.8,false,,0.269,0.269,12083,,computation_log.default,true,not_needed,,true,true,
2026-07-10T14-18-06-070Z,6,62b52b0d-4957-45fb-98e4-6d61ec0dcb46,data/persona_sim_logs/2026-07-10T14-18-06-070Z/teams_summary.csv,ToC_Cost_Adult,Function,6000,11,-2863163,-3514770,-2863163,-2863163,false,651607,true,false,0.6000000000000001,0.6000000000000001,0.6,false,0,0,0,false,,0.14775000000000005,0.14775000000000005,340,,computation_log.default,true,not_needed,,true,true,
2026-07-10T14-18-06-070Z,7,6023ac1c-46d5-4efe-8eeb-20d325b3627f,data/persona_sim_logs/2026-07-10T14-18-06-070Z/teams_summary.csv,ToC_Differentiation_Elder,Experience,3800,14,20732343,14243465,20732343,20732343,true,6488878,true,false,0.7999999999999999,0.7999999999999999,0.8,false,0.8,0.8,0.8,false,,0.36974999999999997,0.36974999999999997,22440,,computation_log.default,true,not_needed,,true,true,
2026-07-10T14-18-06-070Z,8,aa6ab107-1521-487d-b19f-2a755c554521,data/persona_sim_logs/2026-07-10T14-18-06-070Z/teams_summary.csv,ToB_Cost_Child,Hybrid,6000,12,-1420621,-2803269,-1420621,-1420621,false,1382648,true,false,0.2888888888888889,0.2888888888888889,0.288889,false,0.8,0.8,0.8,false,,0.18025000000000002,0.18025000000000002,778,,computation_log.default,true,not_needed,,true,true,
2026-07-10T14-18-06-070Z,9,97edb991-ac1b-4415-8163-9f6c8d4552e5,data/persona_sim_logs/2026-07-10T14-18-06-070Z/teams_summary.csv,ToB_Cost_Adult,Function,2500,11,-1879838,-2382249,-1879838,-1879838,false,502411,true,false,0.3,0.3,0.3,false,0.525,0.525,0.525,false,,0.13899999999999993,0.13899999999999993,2758,,computation_log.default,true,not_needed,,true,true,
sim_harness_enforced_v1_2026-07-12T12-17-49-445Z,0,13b4bb67-22c4-402b-acba-8465ce580876,data/persona_sim_logs/sim_harness_enforced_v1_2026-07-12T12-17-49-445Z/teams_summary.csv,ToB_Differentiation_Elder,Experience,4000,10,-3729391,39845237,-3729391,-3729391,false,-43574628,true,true,0.7000000000000001,0.7000000000000001,,false,0.9333333333333332,0.9333333333333332,,false,,0.3745833333333334,0,199,,submit_final_compact,false,failed,找不到 grid: ToB_Differentiation_Elder,true,false,final coverCore/coverNice unavailable; do not use exported coverage to explain final profit
sim_harness_enforced_v1_2026-07-12T12-17-49-445Z,1,1d83396d-d0fc-4531-9ba5-9f175b6c0651,data/persona_sim_logs/sim_harness_enforced_v1_2026-07-12T12-17-49-445Z/teams_summary.csv,ToB_Differentiation_Adult,Hybrid,5800,11,-4382589,-3807423,-4382589,-4382589,false,-575166,true,false,0.43333333333333335,0.43333333333333335,,false,0.5333333333333333,0.5333333333333333,,false,,0.14058333333333337,0.08425000000000002,127,,submit_final_compact,false,failed,找不到 grid: ToB_Differentiation_Adult,true,false,final coverCore/coverNice unavailable; do not use exported coverage to explain final profit
sim_harness_enforced_v1_2026-07-12T12-17-49-445Z,2,6831b2ca-f475-414c-8e8a-8bc2395dc5c5,data/persona_sim_logs/sim_harness_enforced_v1_2026-07-12T12-17-49-445Z/teams_summary.csv,ToB_Differentiation_Child,Experience,4000,9,-1410215,65204049,-1410215,-1410215,false,-66614264,true,true,0.9,0.9,,false,0.5,0.5,,false,,0.3772500000000001,0.10225000000000005,1503,,submit_final_compact,false,failed,找不到 grid: ToB_Differentiation_Child,true,false,final coverCore/coverNice unavailable; do not use exported coverage to explain final profit
sim_harness_enforced_v1_2026-07-12T12-17-49-445Z,3,fdfc94de-5cc1-46ff-9f84-9d1c378afe94,data/persona_sim_logs/sim_harness_enforced_v1_2026-07-12T12-17-49-445Z/teams_summary.csv,ToB_Cost_Elder,Function,4000,8,6472448,10469269,6472448,6472448,true,-3996821,true,false,0.5,0.5,,false,0.5,0.5,,false,,0.24124999999999996,0.18500000000000003,4015,,submit_final_compact,false,failed,找不到 grid: ToB_Cost_Elder,true,false,final coverCore/coverNice unavailable; do not use exported coverage to explain final profit
sim_harness_enforced_v1_2026-07-12T12-17-49-445Z,4,01d233de-0720-4555-bf13-ca95b2ed0fbe,data/persona_sim_logs/sim_harness_enforced_v1_2026-07-12T12-17-49-445Z/teams_summary.csv,ToB_Cost_Adult,Function,4000,10,-2520247,4680352,-2520247,-2520247,false,-7200599,true,true,0.5,0.5,,false,0.375,0.375,,false,,0.20899999999999996,0,204,,submit_final_compact,false,failed,找不到 grid: ToB_Cost_Adult,true,false,final coverCore/coverNice unavailable; do not use exported coverage to explain final profit
sim_harness_enforced_v1_2026-07-12T12-17-49-445Z,5,20232494-da59-49ee-919a-9ea920401c97,data/persona_sim_logs/sim_harness_enforced_v1_2026-07-12T12-17-49-445Z/teams_summary.csv,ToB_Cost_Child,Hybrid,4000,10,9584006,12249599,9584006,9584006,true,-2665593,true,false,0.5555555555555556,0.5555555555555556,,false,0.5,0.5,,false,,0.248,0.20371428571428574,5968,,submit_final_compact,false,failed,找不到 grid: ToB_Cost_Child,true,false,final coverCore/coverNice unavailable; do not use exported coverage to explain final profit
sim_harness_enforced_v1_2026-07-12T12-17-49-445Z,6,122d49bc-bf3a-4116-b5cf-4b2e2780b2a9,data/persona_sim_logs/sim_harness_enforced_v1_2026-07-12T12-17-49-445Z/teams_summary.csv,ToC_Differentiation_Elder,Experience,4000,11,-3538650,20786683,-3538650,-3538650,false,-24325333,true,true,0.6666666666666666,0.6666666666666666,,false,1,1,,false,,0.37075000000000014,0.0828088235294118,884,,submit_final_compact,false,failed,找不到 grid: ToC_Differentiation_Elder,true,false,final coverCore/coverNice unavailable; do not use exported coverage to explain final profit
sim_harness_enforced_v1_2026-07-12T12-17-49-445Z,7,3120e116-a94f-4079-9988-fefaaea6f503,data/persona_sim_logs/sim_harness_enforced_v1_2026-07-12T12-17-49-445Z/teams_summary.csv,ToC_Differentiation_Adult,Experience,4000,12,-5075883,9851641,-5075883,-5075883,false,-14927524,true,true,0.7384615384615384,0.7384615384615384,,false,0.8,0.8,,false,,0.31380769230769245,0,241,,submit_final_compact,false,failed,找不到 grid: ToC_Differentiation_Adult,true,false,final coverCore/coverNice unavailable; do not use exported coverage to explain final profit
sim_harness_enforced_v1_2026-07-12T12-17-49-445Z,8,ec238858-5cfc-4eb2-8d2e-840501c4fb43,data/persona_sim_logs/sim_harness_enforced_v1_2026-07-12T12-17-49-445Z/teams_summary.csv,ToC_Differentiation_Child,Experience,4000,12,-4140755,-11751,-4140755,-4140755,false,-4129004,true,false,0.5090909090909091,0.5090909090909091,,false,0.8,0.8,,false,,0.23709090909090919,0.049875000000000044,628,,submit_final_compact,false,failed,找不到 grid: ToC_Differentiation_Child,true,false,final coverCore/coverNice unavailable; do not use exported coverage to explain final profit
sim_harness_enforced_v1_2026-07-12T12-17-49-445Z,9,c222f14f-b6df-4ef9-9b0d-284d47418cb9,data/persona_sim_logs/sim_harness_enforced_v1_2026-07-12T12-17-49-445Z/teams_summary.csv,ToC_Cost_Elder,Function,1000,8,-3541382,-7296151,-3541382,-3541382,false,3754769,true,false,0.4,0.4,,false,0.5,0.5,,false,,0.20200000000000004,0,2143,,submit_final_compact,false,failed,找不到 grid: ToC_Cost_Elder,true,false,final coverCore/coverNice unavailable; do not use exported coverage to explain final profit
sim_harness_enforced_v1_2026-07-12T12-17-49-445Z,10,65e5966c-a739-49d5-885b-43a4a0301532,data/persona_sim_logs/sim_harness_enforced_v1_2026-07-12T12-17-49-445Z/teams_summary.csv,ToC_Cost_Adult,Function,2000,8,-2260264,-1771565,-2260264,-2260264,false,-488699,true,false,0.3125,0.3125,,false,0,0,,false,,0.045874999999999985,0,1157,,submit_final_compact,false,failed,找不到 grid: ToC_Cost_Adult,true,false,final coverCore/coverNice unavailable; do not use exported coverage to explain final profit
sim_harness_enforced_v1_2026-07-12T12-17-49-445Z,11,22aa6257-2027-4842-baec-46702590a011,data/persona_sim_logs/sim_harness_enforced_v1_2026-07-12T12-17-49-445Z/teams_summary.csv,ToC_Cost_Child,Hybrid,1200,9,-3949926,-5990849,-3949926,-3949926,false,2040923,true,false,0.4833333333333334,0.4833333333333334,,false,0,0,,false,,0.09500000000000001,0,1899,,submit_final_compact,false,failed,找不到 grid: ToC_Cost_Child,true,false,final coverCore/coverNice unavailable; do not use exported coverage to explain final profit
sim_layered_newflow_2026-07-10T23-54-52-761Z,0,bebe49a7-f055-44f0-bd54-cb3af0130e2c,data/persona_sim_logs/sim_layered_newflow_2026-07-10T23-54-52-761Z/teams_summary.csv,ToB_Differentiation_Elder,Experience,5000,10,14835167,14835167,14835167,14835167,true,0,false,false,0.5333333333333333,0.5333333333333333,,false,0.8,0.8,,false,,0.30999999999999994,0.30999999999999994,6216,,submit_final_compact,false,failed,找不到 grid: ToB_Differentiation_Elder,true,false,final coverCore/coverNice unavailable; do not use exported coverage to explain final profit
sim_layered_newflow_2026-07-10T23-54-52-761Z,1,b35400f2-0cd7-4a30-a10b-57210a5a58f8,data/persona_sim_logs/sim_layered_newflow_2026-07-10T23-54-52-761Z/teams_summary.csv,ToB_Differentiation_Adult,Hybrid,4000,12,-1133093,-1133093,-1133093,-1133093,false,0,false,false,0.43333333333333335,0.43333333333333335,,false,0.5333333333333333,0.5333333333333333,,false,,0.17083333333333336,0.17083333333333336,1543,,submit_final_compact,false,failed,找不到 grid: ToB_Differentiation_Adult,true,false,final coverCore/coverNice unavailable; do not use exported coverage to explain final profit
sim_layered_newflow_2026-07-10T23-54-52-761Z,2,6db294cc-f426-4741-9dfe-10c54b7fdfc1,data/persona_sim_logs/sim_layered_newflow_2026-07-10T23-54-52-761Z/teams_summary.csv,ToB_Differentiation_Child,Experience,4000,11,9982522,9982522,9982522,9982522,true,0,false,false,0.62,0.62,,false,0.4,0.4,,false,,0.2425,0.2425,6554,,submit_final_compact,false,failed,找不到 grid: ToB_Differentiation_Child,true,false,final coverCore/coverNice unavailable; do not use exported coverage to explain final profit
sim_layered_newflow_2026-07-10T23-54-52-761Z,3,08441e53-3598-40f1-9618-1f76c20383be,data/persona_sim_logs/sim_layered_newflow_2026-07-10T23-54-52-761Z/teams_summary.csv,ToB_Cost_Elder,Function,4000,12,4333616,4333616,4333616,4333616,true,0,false,false,0.5,0.5,,false,0.5,0.5,,false,,0.18775000000000003,0.18775000000000003,3493,,submit_final_compact,false,failed,找不到 grid: ToB_Cost_Elder,true,false,final coverCore/coverNice unavailable; do not use exported coverage to explain final profit
sim_layered_newflow_2026-07-10T23-54-52-761Z,4,498a8616-eaf7-4514-8128-60c6c73f6e55,data/persona_sim_logs/sim_layered_newflow_2026-07-10T23-54-52-761Z/teams_summary.csv,ToB_Cost_Adult,Function,3000,9,8425292,8425292,8425292,8425292,true,0,false,false,0.4800000000000001,0.4800000000000001,,false,0.375,0.375,,false,,0.21950000000000003,0.21950000000000003,7243,,submit_final_compact,false,failed,找不到 grid: ToB_Cost_Adult,true,false,final coverCore/coverNice unavailable; do not use exported coverage to explain final profit
sim_layered_newflow_2026-07-10T23-54-52-761Z,5,d28dc924-d79a-4074-9674-726172547ff9,data/persona_sim_logs/sim_layered_newflow_2026-07-10T23-54-52-761Z/teams_summary.csv,ToB_Cost_Child,Hybrid,3000,11,8926125,8926125,8926125,8926125,true,0,false,false,0.48571428571428577,0.48571428571428577,,false,0.5,0.5,,false,,0.2190714285714287,0.2190714285714287,9237,,submit_final_compact,false,failed,找不到 grid: ToB_Cost_Child,true,false,final coverCore/coverNice unavailable; do not use exported coverage to explain final profit
sim_layered_newflow_2026-07-10T23-54-52-761Z,6,46e9e6b9-8dbc-496f-975f-97ae0d310a23,data/persona_sim_logs/sim_layered_newflow_2026-07-10T23-54-52-761Z/teams_summary.csv,ToC_Differentiation_Elder,Experience,3200,10,7441777,7441777,7441777,7441777,true,0,false,false,0.5800000000000001,0.5800000000000001,,false,0.8,0.8,,false,,0.2932500000000001,0.2932500000000001,12499,,submit_final_compact,false,failed,找不到 grid: ToC_Differentiation_Elder,true,false,final coverCore/coverNice unavailable; do not use exported coverage to explain final profit
sim_layered_newflow_2026-07-10T23-54-52-761Z,7,81c38593-82c9-4050-a66b-301b26e1db80,data/persona_sim_logs/sim_layered_newflow_2026-07-10T23-54-52-761Z/teams_summary.csv,ToC_Differentiation_Adult,Experience,3000,10,16784925,16784925,16784925,16784925,true,0,false,false,0.5615384615384615,0.5615384615384615,,false,0.8,0.8,,false,,0.32144230769230775,0.32144230769230775,20794,,submit_final_compact,false,failed,找不到 grid: ToC_Differentiation_Adult,true,false,final coverCore/coverNice unavailable; do not use exported coverage to explain final profit
sim_layered_newflow_2026-07-10T23-54-52-761Z,8,69806382-609b-4f3b-b7af-e65cb1b5dc28,data/persona_sim_logs/sim_layered_newflow_2026-07-10T23-54-52-761Z/teams_summary.csv,ToC_Differentiation_Child,Experience,5000,12,634776,634776,634776,634776,true,0,false,false,0.42000000000000004,0.42000000000000004,,false,0.8,0.8,,false,,0.21275,0.21275,2180,,submit_final_compact,false,failed,找不到 grid: ToC_Differentiation_Child,true,false,final coverCore/coverNice unavailable; do not use exported coverage to explain final profit
sim_layered_newflow_2026-07-10T23-54-52-761Z,9,835d1df8-4a4c-417a-92bc-307e13ce0194,data/persona_sim_logs/sim_layered_newflow_2026-07-10T23-54-52-761Z/teams_summary.csv,ToC_Cost_Elder,Function,1000,7,-1321296,-1321296,-1321296,-1321296,false,0,false,false,0.4,0.4,,false,0.5,0.5,,false,,0.21350000000000005,0.21350000000000005,21486,,submit_final_compact,false,failed,找不到 grid: ToC_Cost_Elder,true,false,final coverCore/coverNice unavailable; do not use exported coverage to explain final profit
sim_layered_newflow_2026-07-10T23-54-52-761Z,10,bf2e38a0-7c6b-4324-9585-6460ab127426,data/persona_sim_logs/sim_layered_newflow_2026-07-10T23-54-52-761Z/teams_summary.csv,ToC_Cost_Adult,Function,4000,9,-696772,-696772,-696772,-696772,false,0,false,false,0.4375,0.4375,,false,0,0,,false,,0.104375,0.104375,994,,submit_final_compact,false,failed,找不到 grid: ToC_Cost_Adult,true,false,final coverCore/coverNice unavailable; do not use exported coverage to explain final profit
sim_layered_newflow_2026-07-10T23-54-52-761Z,11,08950c0a-4367-469b-87b9-e6e3c54f5f9c,data/persona_sim_logs/sim_layered_newflow_2026-07-10T23-54-52-761Z/teams_summary.csv,ToC_Cost_Child,Hybrid,2000,11,524843,524843,524843,524843,true,0,false,false,0.5,0.5,,false,0.375,0.375,,false,,0.17350000000000002,0.17350000000000002,8810,,submit_final_compact,false,failed,找不到 grid: ToC_Cost_Child,true,false,final coverCore/coverNice unavailable; do not use exported coverage to explain final profit
sim_layered_newflow_2026-07-12T13-00-04-209Z,0,2e4ae9a8-434f-436c-b4bd-43c0bfce90cd,data/persona_sim_logs/sim_layered_newflow_2026-07-12T13-00-04-209Z/teams_summary.csv,ToB_Differentiation_Elder,Experience,4000,10,-2101505,31375299,-2101505,-2101505,false,-33476804,true,true,0.7000000000000001,0.7000000000000001,,false,0.7000000000000001,0.7000000000000001,,false,,0.34550000000000014,0.07300000000000001,755,,submit_final_compact,false,failed,找不到 grid: ToB_Differentiation_Elder,true,false,final coverCore/coverNice unavailable; do not use exported coverage to explain final profit
sim_layered_newflow_2026-07-12T13-00-04-209Z,1,7ba1d183-5896-488d-bd12-f7c8c553b021,data/persona_sim_logs/sim_layered_newflow_2026-07-12T13-00-04-209Z/teams_summary.csv,ToB_Differentiation_Adult,Hybrid,6000,11,-2813752,-3791377,-2813752,-2813752,false,977625,true,false,0.16666666666666666,0.16666666666666666,,false,0.43333333333333335,0.43333333333333335,,false,,0.03733333333333333,0.126,343,,submit_final_compact,false,failed,找不到 grid: ToB_Differentiation_Adult,true,false,final coverCore/coverNice unavailable; do not use exported coverage to explain final profit
sim_layered_newflow_2026-07-12T13-00-04-209Z,2,4b30c0c2-6e05-4bf2-9b36-a5e28920cf2f,data/persona_sim_logs/sim_layered_newflow_2026-07-12T13-00-04-209Z/teams_summary.csv,ToB_Differentiation_Child,Experience,4000,11,-3222051,8604669,-3222051,-3222051,false,-11826720,true,true,0.65,0.65,,false,0.4,0.4,,false,,0.24275000000000005,0.022749999999999965,418,,submit_final_compact,false,failed,找不到 grid: ToB_Differentiation_Child,true,false,final coverCore/coverNice unavailable; do not use exported coverage to explain final profit
sim_layered_newflow_2026-07-12T13-00-04-209Z,3,c1531295-efd0-4bf2-be75-f177b73ab24f,data/persona_sim_logs/sim_layered_newflow_2026-07-12T13-00-04-209Z/teams_summary.csv,ToB_Cost_Elder,Function,3000,10,12423598,21824060,12423598,12423598,true,-9400462,true,false,0.6,0.6,,false,0.5,0.5,,false,,0.26925,0.20174999999999998,9682,,submit_final_compact,false,failed,找不到 grid: ToB_Cost_Elder,true,false,final coverCore/coverNice unavailable; do not use exported coverage to explain final profit
sim_layered_newflow_2026-07-12T13-00-04-209Z,4,1a1ca57d-8100-45dd-9bde-7bf17e0ebb04,data/persona_sim_logs/sim_layered_newflow_2026-07-12T13-00-04-209Z/teams_summary.csv,ToB_Cost_Adult,Function,3800,8,-2235913,238934,-2235913,-2235913,false,-2474847,true,true,0.3,0.3,,false,0.375,0.375,,false,,0.13625,0,260,,submit_final_compact,false,failed,找不到 grid: ToB_Cost_Adult,true,false,final coverCore/coverNice unavailable; do not use exported coverage to explain final profit
sim_layered_newflow_2026-07-12T13-00-04-209Z,5,0e85ec13-ec4a-4922-b57e-c3322cf461ac,data/persona_sim_logs/sim_layered_newflow_2026-07-12T13-00-04-209Z/teams_summary.csv,ToB_Cost_Child,Hybrid,3000,10,17523250,8041861,17523250,17523250,true,9481389,true,false,0.5555555555555556,0.5555555555555556,,false,0.25,0.25,,false,,0.19975000000000007,0.23725000000000004,14774,,submit_final_compact,false,failed,找不到 grid: ToB_Cost_Child,true,false,final coverCore/coverNice unavailable; do not use exported coverage to explain final profit
sim_layered_newflow_2026-07-12T13-00-04-209Z,6,0b8d6c34-2d86-4e66-a7c5-e1b844fe55e0,data/persona_sim_logs/sim_layered_newflow_2026-07-12T13-00-04-209Z/teams_summary.csv,ToC_Differentiation_Elder,Experience,5000,10,-1313559,23008896,-1313559,-1313559,false,-24322455,true,true,0.6666666666666666,0.6666666666666666,,false,0.8,0.8,,false,,0.3647499999999999,0.15063235294117652,1266,,submit_final_compact,false,failed,找不到 grid: ToC_Differentiation_Elder,true,false,final coverCore/coverNice unavailable; do not use exported coverage to explain final profit
sim_layered_newflow_2026-07-12T13-00-04-209Z,7,5788a2f4-5507-4381-87b6-eea41a42ef01,data/persona_sim_logs/sim_layered_newflow_2026-07-12T13-00-04-209Z/teams_summary.csv,ToC_Differentiation_Adult,Experience,4800,10,-2788609,7212210,-2788609,-2788609,false,-10000819,true,true,0.6076923076923078,0.6076923076923078,,false,0.5,0.5,,false,,0.2587115384615385,0.06672058823529411,497,,submit_final_compact,false,failed,找不到 grid: ToC_Differentiation_Adult,true,false,final coverCore/coverNice unavailable; do not use exported coverage to explain final profit
sim_layered_newflow_2026-07-12T13-00-04-209Z,8,4ad337f1-750f-4735-ac2a-efb3493144b0,data/persona_sim_logs/sim_layered_newflow_2026-07-12T13-00-04-209Z/teams_summary.csv,ToC_Differentiation_Child,Experience,3000,12,-3815837,5488518,-3815837,-3815837,false,-9304355,true,true,0.6000000000000001,0.6000000000000001,,false,0.8,0.8,,false,,0.2887500000000002,0.01843750000000001,757,,submit_final_compact,false,failed,找不到 grid: ToC_Differentiation_Child,true,false,final coverCore/coverNice unavailable; do not use exported coverage to explain final profit
sim_layered_newflow_2026-07-12T13-00-04-209Z,9,91d1a151-6508-401e-8dbb-c0f4dafb7f5d,data/persona_sim_logs/sim_layered_newflow_2026-07-12T13-00-04-209Z/teams_summary.csv,ToC_Cost_Elder,Function,1000,9,-3253831,-4175138,-3253831,-3253831,false,921307,true,false,0.4,0.4,,false,0.5,0.5,,false,,0.19475000000000003,0.008867647058823529,3555,,submit_final_compact,false,failed,找不到 grid: ToC_Cost_Elder,true,false,final coverCore/coverNice unavailable; do not use exported coverage to explain final profit
sim_layered_newflow_2026-07-12T13-00-04-209Z,10,7bb39a0c-9e21-43d2-8d6d-99e7e18c4b44,data/persona_sim_logs/sim_layered_newflow_2026-07-12T13-00-04-209Z/teams_summary.csv,ToC_Cost_Adult,Function,6000,8,-2691120,-2416027,-2691120,-2691120,false,-275093,true,false,0.4375,0.4375,,false,0,0,,false,,0.11612499999999998,0.01768750000000001,49,,submit_final_compact,false,failed,找不到 grid: ToC_Cost_Adult,true,false,final coverCore/coverNice unavailable; do not use exported coverage to explain final profit
sim_layered_newflow_2026-07-12T13-00-04-209Z,11,e38909fa-27da-4575-9da0-b95ab76755b5,data/persona_sim_logs/sim_layered_newflow_2026-07-12T13-00-04-209Z/teams_summary.csv,ToC_Cost_Child,Hybrid,4000,9,-2326272,-1174233,-2326272,-2326272,false,-1152039,true,false,0.4166666666666667,0.4166666666666667,,false,0,0,,false,,0.088,0,286,,submit_final_compact,false,failed,找不到 grid: ToC_Cost_Child,true,false,final coverCore/coverNice unavailable; do not use exported coverage to explain final profit
sim_layered_newflow_6f2edb0_2026-07-12T13-23-05-494Z,0,74b5005c-5f13-4431-a839-36dcc20de2ad,data/persona_sim_logs/sim_layered_newflow_6f2edb0_2026-07-12T13-23-05-494Z/teams_summary.csv,ToB_Differentiation_Elder,Experience,5000,11,7411262,7411262,7411262,7411262,true,0,false,false,0.5,0.5,,false,0.8000000000000002,0.8000000000000002,,false,,0.2725,0.2725,3793,,submit_final_compact,false,failed,找不到 grid: ToB_Differentiation_Elder,true,false,final coverCore/coverNice unavailable; do not use exported coverage to explain final profit
sim_layered_newflow_6f2edb0_2026-07-12T13-23-05-494Z,1,c4955df4-53e4-4eac-8517-63ee903970ba,data/persona_sim_logs/sim_layered_newflow_6f2edb0_2026-07-12T13-23-05-494Z/teams_summary.csv,ToB_Differentiation_Adult,Hybrid,3500,11,-655566,-655566,-655566,-655566,false,0,false,false,0.43333333333333335,0.43333333333333335,,false,0.5333333333333333,0.5333333333333333,,false,,0.17208333333333337,0.17208333333333337,2259,,submit_final_compact,false,failed,找不到 grid: ToB_Differentiation_Adult,true,false,final coverCore/coverNice unavailable; do not use exported coverage to explain final profit
sim_layered_newflow_6f2edb0_2026-07-12T13-23-05-494Z,2,b290dc60-45cd-4629-9aef-f16d8f609277,data/persona_sim_logs/sim_layered_newflow_6f2edb0_2026-07-12T13-23-05-494Z/teams_summary.csv,ToB_Differentiation_Child,Experience,4000,11,1827002,1827002,1827002,1827002,true,0,false,false,0.65,0.65,,false,0.25,0.25,,false,,0.21475000000000002,0.21475000000000002,2881,,submit_final_compact,false,failed,找不到 grid: ToB_Differentiation_Child,true,false,final coverCore/coverNice unavailable; do not use exported coverage to explain final profit
sim_layered_newflow_6f2edb0_2026-07-12T13-23-05-494Z,3,f2b50c64-19b2-403c-91bc-1c48a33f8992,data/persona_sim_logs/sim_layered_newflow_6f2edb0_2026-07-12T13-23-05-494Z/teams_summary.csv,ToB_Cost_Elder,Function,3000,10,11297103,11297103,11297103,11297103,true,0,false,false,0.5,0.5,,false,0.5,0.5,,false,,0.2349999999999999,0.2349999999999999,8964,,submit_final_compact,false,failed,找不到 grid: ToB_Cost_Elder,true,false,final coverCore/coverNice unavailable; do not use exported coverage to explain final profit
sim_layered_newflow_6f2edb0_2026-07-12T13-23-05-494Z,4,2b402034-3fdd-49ca-8fe9-a7b0baaf6449,data/persona_sim_logs/sim_layered_newflow_6f2edb0_2026-07-12T13-23-05-494Z/teams_summary.csv,ToB_Cost_Adult,Function,6000,9,3214885,3214885,3214885,3214885,true,0,false,false,0.5,0.5,,false,0.375,0.375,,false,,0.22000000000000003,0.22000000000000003,1465,,submit_final_compact,false,failed,找不到 grid: ToB_Cost_Adult,true,false,final coverCore/coverNice unavailable; do not use exported coverage to explain final profit
sim_layered_newflow_6f2edb0_2026-07-12T13-23-05-494Z,5,78240662-f4ff-4ebf-ad7a-5548b2346f64,data/persona_sim_logs/sim_layered_newflow_6f2edb0_2026-07-12T13-23-05-494Z/teams_summary.csv,ToB_Cost_Child,Hybrid,1000,11,-17268360,-17268360,-17268360,-17268360,false,0,false,false,0.5555555555555556,0.5555555555555556,,false,0.65,0.65,,false,,0.27624999999999994,0.27624999999999994,47750,,submit_final_compact,false,failed,找不到 grid: ToB_Cost_Child,true,false,final coverCore/coverNice unavailable; do not use exported coverage to explain final profit
sim_layered_newflow_6f2edb0_2026-07-12T13-23-05-494Z,6,facfd90c-fb74-4a6d-a5db-db8158254a07,data/persona_sim_logs/sim_layered_newflow_6f2edb0_2026-07-12T13-23-05-494Z/teams_summary.csv,ToC_Differentiation_Elder,Experience,3500,12,5006961,5006961,5006961,5006961,true,0,false,false,0.6166666666666667,0.6166666666666667,,false,0.8,0.8,,false,,0.29024999999999995,0.29024999999999995,9371,,submit_final_compact,false,failed,找不到 grid: ToC_Differentiation_Elder,true,false,final coverCore/coverNice unavailable; do not use exported coverage to explain final profit
sim_layered_newflow_6f2edb0_2026-07-12T13-23-05-494Z,7,919435d5-59e3-47eb-b887-27dc48206300,data/persona_sim_logs/sim_layered_newflow_6f2edb0_2026-07-12T13-23-05-494Z/teams_summary.csv,ToC_Differentiation_Adult,Experience,2500,10,10248272,10248272,10248272,10248272,true,0,false,false,0.7538461538461539,0.7538461538461539,,false,0.5,0.5,,false,,0.31498076923076934,0.31498076923076934,27438,,submit_final_compact,false,failed,找不到 grid: ToC_Differentiation_Adult,true,false,final coverCore/coverNice unavailable; do not use exported coverage to explain final profit
sim_layered_newflow_6f2edb0_2026-07-12T13-23-05-494Z,8,6f933f60-7f5a-4b4c-956e-caeb688d37d4,data/persona_sim_logs/sim_layered_newflow_6f2edb0_2026-07-12T13-23-05-494Z/teams_summary.csv,ToC_Differentiation_Child,Experience,4000,11,4895070,4895070,4895070,4895070,true,0,false,false,0.5090909090909091,0.5090909090909091,,false,0.8,0.8,,false,,0.2643409090909091,0.2643409090909091,6189,,submit_final_compact,false,failed,找不到 grid: ToC_Differentiation_Child,true,false,final coverCore/coverNice unavailable; do not use exported coverage to explain final profit
sim_layered_newflow_6f2edb0_2026-07-12T13-23-05-494Z,9,c71920ea-a9d8-488e-8416-e43ebada916f,data/persona_sim_logs/sim_layered_newflow_6f2edb0_2026-07-12T13-23-05-494Z/teams_summary.csv,ToC_Cost_Elder,Function,4000,8,903603,903603,903603,903603,true,0,false,false,0.4,0.4,,false,0.5,0.5,,false,,0.2035000000000001,0.2035000000000001,1581,,submit_final_compact,false,failed,找不到 grid: ToC_Cost_Elder,true,false,final coverCore/coverNice unavailable; do not use exported coverage to explain final profit
sim_layered_newflow_6f2edb0_2026-07-12T13-23-05-494Z,10,10986ca7-bc47-4731-b98e-436b57989312,data/persona_sim_logs/sim_layered_newflow_6f2edb0_2026-07-12T13-23-05-494Z/teams_summary.csv,ToC_Cost_Adult,Function,1500,10,-1514839,-1514839,-1514839,-1514839,false,0,false,false,0.4375,0.4375,,false,0,0,,false,,0.08437499999999998,0.08437499999999998,5585,,submit_final_compact,false,failed,找不到 grid: ToC_Cost_Adult,true,false,final coverCore/coverNice unavailable; do not use exported coverage to explain final profit
sim_layered_newflow_6f2edb0_2026-07-12T13-23-05-494Z,11,344ce8c4-800a-4fa3-a68b-c2cb286bbfa8,data/persona_sim_logs/sim_layered_newflow_6f2edb0_2026-07-12T13-23-05-494Z/teams_summary.csv,ToC_Cost_Child,Hybrid,2500,10,-2015313,-2015313,-2015313,-2015313,false,0,false,false,0.3333333333333333,0.3333333333333333,,false,0,0,,false,,0.024499999999999966,0.024499999999999966,1388,,submit_final_compact,false,failed,找不到 grid: ToC_Cost_Child,true,false,final coverCore/coverNice unavailable; do not use exported coverage to explain final profit
sim_layered_newflow_summary_clean_6f2edb0_2026-07-12T14-21-45-940Z,0,f7e4f43f-7c62-4b03-84ec-9a129657bf69,data/persona_sim_logs/sim_layered_newflow_summary_clean_6f2edb0_2026-07-12T14-21-45-940Z/teams_summary.csv,ToB_Differentiation_Elder,Experience,4000,9,53424049,53424049,53424049,53424049,true,0,false,false,0.7000000000000001,0.7000000000000001,,false,0.8000000000000002,0.8000000000000002,,false,,0.3890000000000001,0.3890000000000001,26104,,submit_final_compact,false,failed,找不到 grid: ToB_Differentiation_Elder,true,false,final coverCore/coverNice unavailable; do not use exported coverage to explain final profit
sim_layered_newflow_summary_clean_6f2edb0_2026-07-12T14-21-45-940Z,1,dd6e66df-1750-4473-a5a5-a38dd20130b6,data/persona_sim_logs/sim_layered_newflow_summary_clean_6f2edb0_2026-07-12T14-21-45-940Z/teams_summary.csv,ToB_Differentiation_Adult,Hybrid,5000,10,-2355297,-2355297,-2355297,-2355297,false,0,false,false,0.26666666666666666,0.26666666666666666,,false,0.7000000000000001,0.7000000000000001,,false,,0.15375000000000005,0.15375000000000005,664,,submit_final_compact,false,failed,找不到 grid: ToB_Differentiation_Adult,true,false,final coverCore/coverNice unavailable; do not use exported coverage to explain final profit
sim_layered_newflow_summary_clean_6f2edb0_2026-07-12T14-21-45-940Z,2,6ba85742-005f-421f-ae02-86931b39cb3d,data/persona_sim_logs/sim_layered_newflow_summary_clean_6f2edb0_2026-07-12T14-21-45-940Z/teams_summary.csv,ToB_Differentiation_Child,Experience,4000,11,17438475,17438475,17438475,17438475,true,0,false,false,0.75,0.75,,false,0.4,0.4,,false,,0.28275,0.28275,11081,,submit_final_compact,false,failed,找不到 grid: ToB_Differentiation_Child,true,false,final coverCore/coverNice unavailable; do not use exported coverage to explain final profit
sim_layered_newflow_summary_clean_6f2edb0_2026-07-12T14-21-45-940Z,3,f6f81e55-6e3a-499d-9a55-1433babd9f98,data/persona_sim_logs/sim_layered_newflow_summary_clean_6f2edb0_2026-07-12T14-21-45-940Z/teams_summary.csv,ToB_Cost_Elder,Function,4000,8,15025802,15025802,15025802,15025802,true,0,false,false,0.5,0.5,,false,0.5,0.5,,false,,0.24649999999999997,0.24649999999999997,6675,,submit_final_compact,false,failed,找不到 grid: ToB_Cost_Elder,true,false,final coverCore/coverNice unavailable; do not use exported coverage to explain final profit
sim_layered_newflow_summary_clean_6f2edb0_2026-07-12T14-21-45-940Z,4,a4689ad8-d445-4111-9c1d-5afa6058c7f8,data/persona_sim_logs/sim_layered_newflow_summary_clean_6f2edb0_2026-07-12T14-21-45-940Z/teams_summary.csv,ToB_Cost_Adult,Function,2000,8,5158537,5158537,5158537,5158537,true,0,false,false,0.4800000000000001,0.4800000000000001,,false,0.375,0.375,,false,,0.2237500000000001,0.2237500000000001,11140,,submit_final_compact,false,failed,找不到 grid: ToB_Cost_Adult,true,false,final coverCore/coverNice unavailable; do not use exported coverage to explain final profit
sim_layered_newflow_summary_clean_6f2edb0_2026-07-12T14-21-45-940Z,5,9181998f-e85f-4948-83e1-8f1c103b5e89,data/persona_sim_logs/sim_layered_newflow_summary_clean_6f2edb0_2026-07-12T14-21-45-940Z/teams_summary.csv,ToB_Cost_Child,Hybrid,2800,10,3511546,3511546,3511546,3511546,true,0,false,false,0.48888888888888893,0.48888888888888893,,false,0.25,0.25,,false,,0.16624999999999998,0.16624999999999998,5845,,submit_final_compact,false,failed,找不到 grid: ToB_Cost_Child,true,false,final coverCore/coverNice unavailable; do not use exported coverage to explain final profit
sim_layered_newflow_summary_clean_6f2edb0_2026-07-12T14-21-45-940Z,6,b1227898-956c-4505-9156-ea738acd59ff,data/persona_sim_logs/sim_layered_newflow_summary_clean_6f2edb0_2026-07-12T14-21-45-940Z/teams_summary.csv,ToC_Differentiation_Elder,Experience,5000,10,21089654,21089654,21089654,21089654,true,0,false,false,0.7000000000000001,0.7000000000000001,,false,0.8,0.8,,false,,0.35275000000000006,0.35275000000000006,11007,,submit_final_compact,false,failed,找不到 grid: ToC_Differentiation_Elder,true,false,final coverCore/coverNice unavailable; do not use exported coverage to explain final profit
sim_layered_newflow_summary_clean_6f2edb0_2026-07-12T14-21-45-940Z,7,44a28f10-49e1-42a2-9652-08b46e7b658c,data/persona_sim_logs/sim_layered_newflow_summary_clean_6f2edb0_2026-07-12T14-21-45-940Z/teams_summary.csv,ToC_Differentiation_Adult,Experience,4000,8,-1308208,-1308208,-1308208,-1308208,false,0,false,false,0.4230769230769231,0.4230769230769231,,false,0,0,,false,,0.09788461538461538,0.09788461538461538,855,,submit_final_compact,false,failed,找不到 grid: ToC_Differentiation_Adult,true,false,final coverCore/coverNice unavailable; do not use exported coverage to explain final profit
sim_layered_newflow_summary_clean_6f2edb0_2026-07-12T14-21-45-940Z,8,dcfec0ed-4d07-4083-8c6e-b0d26f842d5d,data/persona_sim_logs/sim_layered_newflow_summary_clean_6f2edb0_2026-07-12T14-21-45-940Z/teams_summary.csv,ToC_Differentiation_Child,Experience,3000,12,-2158878,-2158878,-2158878,-2158878,false,0,false,false,0.5090909090909091,0.5090909090909091,,false,0.5,0.5,,false,,0.1885909090909091,0.1885909090909091,3314,,submit_final_compact,false,failed,找不到 grid: ToC_Differentiation_Child,true,false,final coverCore/coverNice unavailable; do not use exported coverage to explain final profit
sim_layered_newflow_summary_clean_6f2edb0_2026-07-12T14-21-45-940Z,9,aab9e849-b91e-4afa-ade0-d17044da3e0f,data/persona_sim_logs/sim_layered_newflow_summary_clean_6f2edb0_2026-07-12T14-21-45-940Z/teams_summary.csv,ToC_Cost_Elder,Function,4000,9,1104769,1104769,1104769,1104769,true,0,false,false,0.4,0.4,,false,0.5,0.5,,false,,0.19150000000000006,0.19150000000000006,1778,,submit_final_compact,false,failed,找不到 grid: ToC_Cost_Elder,true,false,final coverCore/coverNice unavailable; do not use exported coverage to explain final profit
sim_layered_newflow_summary_clean_6f2edb0_2026-07-12T14-21-45-940Z,10,09c382d6-66c9-4251-b141-4d65ea80ee98,data/persona_sim_logs/sim_layered_newflow_summary_clean_6f2edb0_2026-07-12T14-21-45-940Z/teams_summary.csv,ToC_Cost_Adult,Function,1000,8,-4171543,-4171543,-4171543,-4171543,false,0,false,false,0.3125,0.3125,,false,0,0,,false,,0.05237499999999999,0.05237499999999999,4533,,submit_final_compact,false,failed,找不到 grid: ToC_Cost_Adult,true,false,final coverCore/coverNice unavailable; do not use exported coverage to explain final profit
sim_layered_newflow_summary_clean_6f2edb0_2026-07-12T14-21-45-940Z,11,026eeb3d-80c7-4afe-b462-0a3e992e9d1d,data/persona_sim_logs/sim_layered_newflow_summary_clean_6f2edb0_2026-07-12T14-21-45-940Z/teams_summary.csv,ToC_Cost_Child,Hybrid,2000,9,-2071772,-2071772,-2071772,-2071772,false,0,false,false,0.3333333333333333,0.3333333333333333,,false,0,0,,false,,0.038249999999999985,0.038249999999999985,2320,,submit_final_compact,false,failed,找不到 grid: ToC_Cost_Child,true,false,final coverCore/coverNice unavailable; do not use exported coverage to explain final profit
sim_layered_newflow_summary_v2_2026-07-12T15-46-55-439Z,0,4c8d8574-6c5e-4715-903c-b8a97cb58791,data/persona_sim_logs/sim_layered_newflow_summary_v2_2026-07-12T15-46-55-439Z/teams_summary.csv,ToB_Differentiation_Elder,Experience,5000,10,27912923,17035411,27912923,27912923,true,10877512,true,false,0.6,0.6,,false,0.8000000000000002,0.8000000000000002,,false,0.33200000000000013,0.33200000000000013,0.33200000000000013,10665,,submit_final_compact,false,failed,找不到 grid: ToB_Differentiation_Elder,true,false,final coverCore/coverNice unavailable; do not use exported coverage to explain final profit
sim_layered_newflow_summary_v2_2026-07-12T15-46-55-439Z,1,b949bf18-e31b-4faf-b6f5-979e1cf424e4,data/persona_sim_logs/sim_layered_newflow_summary_v2_2026-07-12T15-46-55-439Z/teams_summary.csv,,,,0,,,,,,,false,false,,,,false,,,,false,,,,,,csv_or_unavailable,false,not_needed,,false,false,final coverCore/coverNice unavailable; do not use exported coverage to explain final profit
sim_layered_newflow_summary_v2_2026-07-12T15-46-55-439Z,2,0bb45d17-11b1-4be6-9989-265afe374690,data/persona_sim_logs/sim_layered_newflow_summary_v2_2026-07-12T15-46-55-439Z/teams_summary.csv,ToB_Differentiation_Child,Experience,5000,10,95939334,31190952,95939334,95939334,true,64748382,true,false,0.8,0.8,,false,0.4,0.4,,false,0.3810000000000001,0.3147500000000001,0.3810000000000001,34156,,submit_final_compact,false,failed,找不到 grid: ToB_Differentiation_Child,true,false,final coverCore/coverNice unavailable; do not use exported coverage to explain final profit
sim_layered_newflow_summary_v2_2026-07-12T15-46-55-439Z,3,3e5eba69-00a3-4703-98d1-33ccb57bf406,data/persona_sim_logs/sim_layered_newflow_summary_v2_2026-07-12T15-46-55-439Z/teams_summary.csv,ToB_Cost_Elder,Function,4000,8,23572148,24959629,23572148,23572148,true,-1387481,true,false,0.6,0.6,,false,0.5,0.5,,false,0.23275,0.28275,0.23275,9950,,submit_final_compact,false,failed,找不到 grid: ToB_Cost_Elder,true,false,final coverCore/coverNice unavailable; do not use exported coverage to explain final profit
sim_layered_newflow_summary_v2_2026-07-12T15-46-55-439Z,4,840faa5f-f89c-41c9-abe3-8b66dd0a2ba4,data/persona_sim_logs/sim_layered_newflow_summary_v2_2026-07-12T15-46-55-439Z/teams_summary.csv,ToB_Cost_Adult,Function,2000,9,5948887,-250042,5948887,5948887,true,6198929,true,true,0.3,0.3,,false,0.375,0.375,,false,0.19249999999999998,0.13375,0.19249999999999998,12787,,submit_final_compact,false,failed,找不到 grid: ToB_Cost_Adult,true,false,final coverCore/coverNice unavailable; do not use exported coverage to explain final profit
sim_layered_newflow_summary_v2_2026-07-12T15-46-55-439Z,5,6aa15549-d069-4591-bb04-7f1a6e2d0a94,data/persona_sim_logs/sim_layered_newflow_summary_v2_2026-07-12T15-46-55-439Z/teams_summary.csv,ToB_Cost_Child,Hybrid,4000,9,19055453,5707663,19055453,19055453,true,13347790,true,false,0.48888888888888893,0.48888888888888893,,false,0.25,0.25,,false,0.24575,0.18199999999999997,0.24575,9352,,submit_final_compact,false,failed,找不到 grid: ToB_Cost_Child,true,false,final coverCore/coverNice unavailable; do not use exported coverage to explain final profit
sim_layered_newflow_summary_v2_2026-07-12T15-46-55-439Z,6,f0e8ddd1-bccd-45b1-9efa-5dc9a9836199,data/persona_sim_logs/sim_layered_newflow_summary_v2_2026-07-12T15-46-55-439Z/teams_summary.csv,ToC_Differentiation_Elder,Experience,4000,9,20803229,17724425,20803229,20803229,true,3078804,true,false,0.5666666666666668,0.5666666666666668,,false,0.8,0.8,,false,0.3145227272727273,0.33225000000000005,0.3145227272727273,13461,,submit_final_compact,false,failed,找不到 grid: ToC_Differentiation_Elder,true,false,final coverCore/coverNice unavailable; do not use exported coverage to explain final profit
sim_layered_newflow_summary_v2_2026-07-12T15-46-55-439Z,7,d0948573-b0af-4eff-8969-85351c410bcb,data/persona_sim_logs/sim_layered_newflow_summary_v2_2026-07-12T15-46-55-439Z/teams_summary.csv,ToC_Differentiation_Adult,Experience,5000,12,-2008277,6228996,-2008277,-2008277,false,-8237273,true,true,0.6846153846153846,0.6846153846153846,,false,0.5,0.5,,false,0.11399999999999999,0.2620769230769231,0.11399999999999999,984,,submit_final_compact,false,failed,找不到 grid: ToC_Differentiation_Adult,true,false,final coverCore/coverNice unavailable; do not use exported coverage to explain final profit
sim_layered_newflow_summary_v2_2026-07-12T15-46-55-439Z,8,b82ba145-f222-42c9-8463-00593219daf9,data/persona_sim_logs/sim_layered_newflow_summary_v2_2026-07-12T15-46-55-439Z/teams_summary.csv,ToC_Differentiation_Child,Experience,5000,10,13351372,2365713,13351372,13351372,true,10985659,true,false,0.4272727272727273,0.4272727272727273,,false,0.8,0.8,,false,0.2847500000000001,0.24452272727272734,0.2847500000000001,7519,,submit_final_compact,false,failed,找不到 grid: ToC_Differentiation_Child,true,false,final coverCore/coverNice unavailable; do not use exported coverage to explain final profit
sim_layered_newflow_summary_v2_2026-07-12T15-46-55-439Z,9,2e1d3bfd-2f60-45fb-8198-98ca12b1f1bf,data/persona_sim_logs/sim_layered_newflow_summary_v2_2026-07-12T15-46-55-439Z/teams_summary.csv,ToC_Cost_Elder,Function,1000,8,-3367080,-3188312,-3367080,-3367080,false,-178768,true,false,0.4,0.4,,false,0.8,0.8,,false,0.27925,0.27925,0.27925,50716,,submit_final_compact,false,failed,找不到 grid: ToC_Cost_Elder,true,false,final coverCore/coverNice unavailable; do not use exported coverage to explain final profit
sim_layered_newflow_summary_v2_2026-07-12T15-46-55-439Z,10,71845923-b172-4494-a0e4-483f9b592bff,data/persona_sim_logs/sim_layered_newflow_summary_v2_2026-07-12T15-46-55-439Z/teams_summary.csv,ToC_Cost_Adult,Function,2000,9,7645183,-679179,7645183,7645183,true,8324362,true,true,0.3875,0.3875,,false,0.5,0.5,,false,0.2733333333333334,0.18937500000000002,0.2733333333333334,29940,,submit_final_compact,false,failed,找不到 grid: ToC_Cost_Adult,true,false,final coverCore/coverNice unavailable; do not use exported coverage to explain final profit
sim_layered_newflow_summary_v2_2026-07-12T15-46-55-439Z,11,871e26ff-1d66-42e9-ace8-0c566b3ccdf5,data/persona_sim_logs/sim_layered_newflow_summary_v2_2026-07-12T15-46-55-439Z/teams_summary.csv,ToC_Cost_Child,Hybrid,1000,9,-6427167,-5537911,-6427167,-6427167,false,-889256,true,false,0.3833333333333333,0.3833333333333333,,false,0,0,,false,0.05675,0.05675,0.05675,7196,,submit_final_compact,false,failed,找不到 grid: ToC_Cost_Child,true,false,final coverCore/coverNice unavailable; do not use exported coverage to explain final profit
sim_layered_newflow_summary_v2_2026-07-12T16-09-47-548Z,0,9b96045c-ca40-4672-9fef-64aa28b1e4dd,data/persona_sim_logs/sim_layered_newflow_summary_v2_2026-07-12T16-09-47-548Z/teams_summary.csv,ToB_Differentiation_Elder,Experience,5000,11,17646942,10341833,17646942,17646942,true,7305109,true,false,0.6,0.6,,false,0.7000000000000001,0.7000000000000001,,false,0.28275000000000006,0.28275000000000006,0.28275000000000006,7523,,submit_final_compact,false,failed,找不到 grid: ToB_Differentiation_Elder,true,false,final coverCore/coverNice unavailable; do not use exported coverage to explain final profit
sim_layered_newflow_summary_v2_2026-07-12T16-09-47-548Z,1,32450e8a-9162-4f0f-96dd-3b969f17ba87,data/persona_sim_logs/sim_layered_newflow_summary_v2_2026-07-12T16-09-47-548Z/teams_summary.csv,ToB_Differentiation_Adult,Hybrid,4000,10,50304249,-1069694,50304249,50304249,true,51373943,true,true,0.43333333333333335,0.43333333333333335,,false,0.7000000000000001,0.7000000000000001,,false,0.3562500000000001,0.19324999999999998,0.3562500000000001,31548,,submit_final_compact,false,failed,找不到 grid: ToB_Differentiation_Adult,true,false,final coverCore/coverNice unavailable; do not use exported coverage to explain final profit
sim_layered_newflow_summary_v2_2026-07-12T16-09-47-548Z,2,5a1d69e2-7ed0-40a5-8e27-d7a53559a768,data/persona_sim_logs/sim_layered_newflow_summary_v2_2026-07-12T16-09-47-548Z/teams_summary.csv,ToB_Differentiation_Child,Experience,4000,10,42830306,13501836,42830306,42830306,true,29328470,true,false,0.65,0.65,,false,0.4,0.4,,false,0.32575000000000004,0.25950000000000006,0.32575000000000004,21450,,submit_final_compact,false,failed,找不到 grid: ToB_Differentiation_Child,true,false,final coverCore/coverNice unavailable; do not use exported coverage to explain final profit
sim_layered_newflow_summary_v2_2026-07-12T16-09-47-548Z,3,704edc6b-f326-4195-a8a7-34c452c2cd1c,data/persona_sim_logs/sim_layered_newflow_summary_v2_2026-07-12T16-09-47-548Z/teams_summary.csv,ToB_Cost_Elder,Function,4000,8,14214762,9142451,14214762,14214762,true,5072311,true,false,0.5,0.5,,false,0.3,0.3,,false,0.20174999999999998,0.20174999999999998,0.20174999999999998,6328,,submit_final_compact,false,failed,找不到 grid: ToB_Cost_Elder,true,false,final coverCore/coverNice unavailable; do not use exported coverage to explain final profit
sim_layered_newflow_summary_v2_2026-07-12T16-09-47-548Z,4,f783e96f-747a-44cc-82fc-f9dcf92888df,data/persona_sim_logs/sim_layered_newflow_summary_v2_2026-07-12T16-09-47-548Z/teams_summary.csv,ToB_Cost_Adult,Function,2000,10,4215627,-905130,4215627,4215627,true,5120757,true,true,0.3,0.3,,false,0.375,0.375,,false,0.1814999999999999,0.12274999999999994,0.1814999999999999,11520,,submit_final_compact,false,failed,找不到 grid: ToB_Cost_Adult,true,false,final coverCore/coverNice unavailable; do not use exported coverage to explain final profit
sim_layered_newflow_summary_v2_2026-07-12T16-09-47-548Z,5,29e294a3-9113-4d09-8212-d3b9ccaf2585,data/persona_sim_logs/sim_layered_newflow_summary_v2_2026-07-12T16-09-47-548Z/teams_summary.csv,ToB_Cost_Child,Hybrid,1000,9,-7875470,-4788847,-7875470,-7875470,false,-3086623,true,false,0.3888888888888889,0.3888888888888889,,false,0.25,0.25,,false,0.21749999999999994,0.1425,0.21749999999999994,33681,,submit_final_compact,false,failed,找不到 grid: ToB_Cost_Child,true,false,final coverCore/coverNice unavailable; do not use exported coverage to explain final profit
sim_layered_newflow_summary_v2_2026-07-12T16-09-47-548Z,6,781bc699-ae01-47bd-87d2-a7ec9e9b179d,data/persona_sim_logs/sim_layered_newflow_summary_v2_2026-07-12T16-09-47-548Z/teams_summary.csv,ToC_Differentiation_Elder,Experience,4000,10,16080203,6455118,16080203,16080203,true,9625085,true,false,0.5333333333333333,0.5333333333333333,,false,0.8,0.8,,false,0.3019772727272728,0.28425,0.3019772727272728,12528,,submit_final_compact,false,failed,找不到 grid: ToC_Differentiation_Elder,true,false,final coverCore/coverNice unavailable; do not use exported coverage to explain final profit
sim_layered_newflow_summary_v2_2026-07-12T16-09-47-548Z,7,25a6b787-543f-48b0-9425-8287f40ecce5,data/persona_sim_logs/sim_layered_newflow_summary_v2_2026-07-12T16-09-47-548Z/teams_summary.csv,ToC_Differentiation_Adult,Experience,5000,9,2919675,311272,2919675,2919675,true,2608403,true,false,0.6076923076923078,0.6076923076923078,,false,0,0,,false,0.176,0.1644615384615385,0.176,2451,,submit_final_compact,false,failed,找不到 grid: ToC_Differentiation_Adult,true,false,final coverCore/coverNice unavailable; do not use exported coverage to explain final profit
sim_layered_newflow_summary_v2_2026-07-12T16-09-47-548Z,8,0b324ef1-aae7-456b-bf5f-f8d24ffaf83e,data/persona_sim_logs/sim_layered_newflow_summary_v2_2026-07-12T16-09-47-548Z/teams_summary.csv,ToC_Differentiation_Child,Experience,5000,10,15377135,14960688,15377135,15377135,true,416447,true,false,0.5727272727272728,0.5727272727272728,,false,0.8,0.8,,false,0.29375000000000007,0.31897727272727283,0.29375000000000007,8212,,submit_final_compact,false,failed,找不到 grid: ToC_Differentiation_Child,true,false,final coverCore/coverNice unavailable; do not use exported coverage to explain final profit
sim_layered_newflow_summary_v2_2026-07-12T16-09-47-548Z,9,3ef8d406-1cee-4dc7-8748-0f501064944d,data/persona_sim_logs/sim_layered_newflow_summary_v2_2026-07-12T16-09-47-548Z/teams_summary.csv,ToC_Cost_Elder,Function,1000,8,-1962109,-2159197,-1962109,-1962109,false,197088,true,false,0.4,0.4,,false,0.5,0.5,,false,0.20950000000000008,0.20950000000000008,0.20950000000000008,27287,,submit_final_compact,false,failed,找不到 grid: ToC_Cost_Elder,true,false,final coverCore/coverNice unavailable; do not use exported coverage to explain final profit
sim_layered_newflow_summary_v2_2026-07-12T16-09-47-548Z,10,712de3a5-962e-4b7d-adeb-49b1b4d4d53f,data/persona_sim_logs/sim_layered_newflow_summary_v2_2026-07-12T16-09-47-548Z/teams_summary.csv,ToC_Cost_Adult,Function,2000,9,2021270,-1845329,2021270,2021270,true,3866599,true,true,0.3125,0.3125,,false,0,0,,false,0.15833333333333338,0.040624999999999994,0.15833333333333338,8000,,submit_final_compact,false,failed,找不到 grid: ToC_Cost_Adult,true,false,final coverCore/coverNice unavailable; do not use exported coverage to explain final profit
sim_layered_newflow_summary_v2_2026-07-12T16-09-47-548Z,11,94e1d2c5-7fc7-4c54-a4d2-7c8026dbcc6d,data/persona_sim_logs/sim_layered_newflow_summary_v2_2026-07-12T16-09-47-548Z/teams_summary.csv,ToC_Cost_Child,Hybrid,1000,10,-6863281,-7313691,-6863281,-6863281,false,450410,true,false,0.4666666666666666,0.4666666666666666,,false,0,0,,false,0.05225,0.08975000000000002,0.05225,7846,,submit_final_compact,false,failed,找不到 grid: ToC_Cost_Child,true,false,final coverCore/coverNice unavailable; do not use exported coverage to explain final profit
sim_layered_newflow_summary_v2_2026-07-12T16-26-57-327Z,0,d6a06515-6df4-4e56-a0b2-3f1ff1f303c4,data/persona_sim_logs/sim_layered_newflow_summary_v2_2026-07-12T16-26-57-327Z/teams_summary.csv,ToB_Differentiation_Elder,Experience,4000,10,52397906,32454278,52397906,52397906,true,19943628,true,false,0.7000000000000001,0.7000000000000001,,false,0.7000000000000001,0.7000000000000001,,false,0.35400000000000015,0.35400000000000015,0.35400000000000015,26692,,submit_final_compact,false,failed,找不到 grid: ToB_Differentiation_Elder,true,false,final coverCore/coverNice unavailable; do not use exported coverage to explain final profit
sim_layered_newflow_summary_v2_2026-07-12T16-26-57-327Z,1,8737bac3-af90-4bd5-9d0a-360ebf2f64dd,data/persona_sim_logs/sim_layered_newflow_summary_v2_2026-07-12T16-26-57-327Z/teams_summary.csv,ToB_Differentiation_Adult,Hybrid,5000,10,23741825,-3134079,23741825,23741825,true,26875904,true,true,0.26666666666666666,0.26666666666666666,,false,0.5333333333333333,0.5333333333333333,,false,0.3020000000000001,0.09433333333333327,0.3020000000000001,10042,,submit_final_compact,false,failed,找不到 grid: ToB_Differentiation_Adult,true,false,final coverCore/coverNice unavailable; do not use exported coverage to explain final profit
sim_layered_newflow_summary_v2_2026-07-12T16-26-57-327Z,2,c0c57cc2-1775-41bb-81ca-24882f148ad7,data/persona_sim_logs/sim_layered_newflow_summary_v2_2026-07-12T16-26-57-327Z/teams_summary.csv,ToB_Differentiation_Child,Experience,5000,10,55831462,8860224,55831462,55831462,true,46971238,true,false,0.65,0.65,,false,0.4,0.4,,false,0.3495000000000001,0.2495000000000001,0.3495000000000001,20445,,submit_final_compact,false,failed,找不到 grid: ToB_Differentiation_Child,true,false,final coverCore/coverNice unavailable; do not use exported coverage to explain final profit
sim_layered_newflow_summary_v2_2026-07-12T16-26-57-327Z,3,e9ae4bd3-2812-42af-93ff-af92696e2857,data/persona_sim_logs/sim_layered_newflow_summary_v2_2026-07-12T16-26-57-327Z/teams_summary.csv,ToB_Cost_Elder,Function,4000,10,6892325,7738307,6892325,6892325,true,-845982,true,false,0.5,0.5,,false,0.5,0.5,,false,0.15974999999999995,0.20975,0.15974999999999995,4224,,submit_final_compact,false,failed,找不到 grid: ToB_Cost_Elder,true,false,final coverCore/coverNice unavailable; do not use exported coverage to explain final profit
sim_layered_newflow_summary_v2_2026-07-12T16-26-57-327Z,4,048d3dc5-aa3c-4df2-928e-56b9d3a417c3,data/persona_sim_logs/sim_layered_newflow_summary_v2_2026-07-12T16-26-57-327Z/teams_summary.csv,ToB_Cost_Adult,Function,2800,9,8138509,-450618,8138509,8138509,true,8589127,true,true,0.3,0.3,,false,0.25,0.25,,false,0.19674999999999998,0.10675000000000001,0.19674999999999998,8062,,submit_final_compact,false,failed,找不到 grid: ToB_Cost_Adult,true,false,final coverCore/coverNice unavailable; do not use exported coverage to explain final profit
sim_layered_newflow_summary_v2_2026-07-12T16-26-57-327Z,5,63a6b7a1-695e-4c34-9368-b69ce779a59a,data/persona_sim_logs/sim_layered_newflow_summary_v2_2026-07-12T16-26-57-327Z/teams_summary.csv,ToB_Cost_Child,Hybrid,4000,10,14524166,8882472,14524166,14524166,true,5641694,true,false,0.48888888888888893,0.48888888888888893,,false,0.5,0.5,,false,0.23125000000000012,0.23000000000000004,0.23125000000000012,7750,,submit_final_compact,false,failed,找不到 grid: ToB_Cost_Child,true,false,final coverCore/coverNice unavailable; do not use exported coverage to explain final profit
sim_layered_newflow_summary_v2_2026-07-12T16-26-57-327Z,6,68794ae4-92fc-4399-b1db-7337bd456a75,data/persona_sim_logs/sim_layered_newflow_summary_v2_2026-07-12T16-26-57-327Z/teams_summary.csv,ToC_Differentiation_Elder,Experience,4000,10,14121652,22943368,14121652,14121652,true,-8821716,true,false,0.65,0.65,,false,0.8,0.8,,false,0.2927727272727273,0.3480000000000001,0.2927727272727273,10546,,submit_final_compact,false,failed,找不到 grid: ToC_Differentiation_Elder,true,false,final coverCore/coverNice unavailable; do not use exported coverage to explain final profit
sim_layered_newflow_summary_v2_2026-07-12T16-26-57-327Z,7,95c2947a-b9b0-4071-98ba-6a464fbd130c,data/persona_sim_logs/sim_layered_newflow_summary_v2_2026-07-12T16-26-57-327Z/teams_summary.csv,ToC_Differentiation_Adult,Experience,5000,12,-749742,18113345,-749742,-749742,false,-18863087,true,true,0.8,0.8,,false,0.5,0.5,,false,0.14649999999999996,0.3195,0.14649999999999996,1552,,submit_final_compact,false,failed,找不到 grid: ToC_Differentiation_Adult,true,false,final coverCore/coverNice unavailable; do not use exported coverage to explain final profit
sim_layered_newflow_summary_v2_2026-07-12T16-26-57-327Z,8,fc089859-cd80-4bc6-862d-850f0e9c63b5,data/persona_sim_logs/sim_layered_newflow_summary_v2_2026-07-12T16-26-57-327Z/teams_summary.csv,ToC_Differentiation_Child,Experience,5000,11,9854773,1025292,9854773,9854773,true,8829481,true,false,0.4272727272727273,0.4272727272727273,,false,0.8,0.8,,false,0.2725,0.2322727272727273,0.2725,6004,,submit_final_compact,false,failed,找不到 grid: ToC_Differentiation_Child,true,false,final coverCore/coverNice unavailable; do not use exported coverage to explain final profit
sim_layered_newflow_summary_v2_2026-07-12T16-26-57-327Z,9,0372d92b-be80-4639-826a-6688310e803e,data/persona_sim_logs/sim_layered_newflow_summary_v2_2026-07-12T16-26-57-327Z/teams_summary.csv,ToC_Cost_Elder,Function,1000,8,-3434127,-3187188,-3434127,-3434127,false,-246939,true,false,0.4,0.4,,false,0.5,0.5,,false,0.21750000000000005,0.21750000000000005,0.21750000000000005,29007,,submit_final_compact,false,failed,找不到 grid: ToC_Cost_Elder,true,false,final coverCore/coverNice unavailable; do not use exported coverage to explain final profit
sim_layered_newflow_summary_v2_2026-07-12T16-26-57-327Z,10,f80b3d8d-5b9c-41f0-bc4f-76421995d82f,data/persona_sim_logs/sim_layered_newflow_summary_v2_2026-07-12T16-26-57-327Z/teams_summary.csv,ToC_Cost_Adult,Function,2000,10,3115697,-2339586,3115697,3115697,true,5455283,true,true,0.3125,0.3125,,false,0,0,,false,0.19108333333333336,0.023374999999999986,0.19108333333333336,12336,,submit_final_compact,false,failed,找不到 grid: ToC_Cost_Adult,true,false,final coverCore/coverNice unavailable; do not use exported coverage to explain final profit
sim_layered_newflow_summary_v2_2026-07-12T16-26-57-327Z,11,9a019b10-759a-45c8-a663-adff89ed927d,data/persona_sim_logs/sim_layered_newflow_summary_v2_2026-07-12T16-26-57-327Z/teams_summary.csv,ToC_Cost_Child,Hybrid,2000,10,-1768270,-1534961,-1768270,-1768270,false,-233309,true,false,0.4166666666666667,0.4166666666666667,,false,0,0,,false,0.03899999999999997,0.07649999999999998,0.03899999999999997,3119,,submit_final_compact,false,failed,找不到 grid: ToC_Cost_Child,true,false,final coverCore/coverNice unavailable; do not use exported coverage to explain final profit
sim_layered_newflow_summary_v2_2026-07-13T00-24-16-109Z,0,dbaf8c93-a545-4508-b6a7-4a03e5f80901,data/persona_sim_logs/sim_layered_newflow_summary_v2_2026-07-13T00-24-16-109Z/teams_summary.csv,ToB_Differentiation_Elder,Experience,5000,10,38745629,23532391,38745629,38745629,true,15213238,true,false,0.7000000000000001,0.7000000000000001,,false,0.7000000000000001,0.7000000000000001,,false,0.3387500000000002,0.3387500000000002,0.3387500000000002,14840,,submit_final_compact,false,failed,找不到 grid: ToB_Differentiation_Elder,true,false,final coverCore/coverNice unavailable; do not use exported coverage to explain final profit
sim_layered_newflow_summary_v2_2026-07-13T00-24-16-109Z,1,57ccc2ee-8246-4b81-8b0e-343b9cc288cf,data/persona_sim_logs/sim_layered_newflow_summary_v2_2026-07-13T00-24-16-109Z/teams_summary.csv,ToB_Differentiation_Adult,Hybrid,5000,11,19514631,-2702250,19514631,19514631,true,22216881,true,true,0.26666666666666666,0.26666666666666666,,false,0.8000000000000002,0.8000000000000002,,false,0.2947500000000002,0.15375000000000005,0.2947500000000002,8923,,submit_final_compact,false,failed,找不到 grid: ToB_Differentiation_Adult,true,false,final coverCore/coverNice unavailable; do not use exported coverage to explain final profit
sim_layered_newflow_summary_v2_2026-07-13T00-24-16-109Z,2,42cb7fad-e0fa-41a1-a25e-310a4663cb73,data/persona_sim_logs/sim_layered_newflow_summary_v2_2026-07-13T00-24-16-109Z/teams_summary.csv,ToB_Differentiation_Child,Experience,5000,10,39521967,11727978,39521967,39521967,true,27793989,true,false,0.65,0.65,,false,0.4,0.4,,false,0.32725000000000004,0.26100000000000007,0.32725000000000004,14321,,submit_final_compact,false,failed,找不到 grid: ToB_Differentiation_Child,true,false,final coverCore/coverNice unavailable; do not use exported coverage to explain final profit
sim_layered_newflow_summary_v2_2026-07-13T00-24-16-109Z,3,102c8ba3-18db-48c8-9b42-67cd03bb0004,data/persona_sim_logs/sim_layered_newflow_summary_v2_2026-07-13T00-24-16-109Z/teams_summary.csv,ToB_Cost_Elder,Function,6000,7,6844386,7610314,6844386,6844386,true,-765928,true,false,0.5,0.5,,false,0.5,0.5,,false,0.21675,0.26675,0.21675,2250,,submit_final_compact,false,failed,找不到 grid: ToB_Cost_Elder,true,false,final coverCore/coverNice unavailable; do not use exported coverage to explain final profit
sim_layered_newflow_summary_v2_2026-07-13T00-24-16-109Z,4,cdae4a4f-b2db-48c6-bb48-f5a818e525ea,data/persona_sim_logs/sim_layered_newflow_summary_v2_2026-07-13T00-24-16-109Z/teams_summary.csv,ToB_Cost_Adult,Function,2500,10,23541776,4550204,23541776,23541776,true,18991572,true,false,0.4800000000000001,0.4800000000000001,,false,0.375,0.375,,false,0.26575,0.20700000000000002,0.26575,25234,,submit_final_compact,false,failed,找不到 grid: ToB_Cost_Adult,true,false,final coverCore/coverNice unavailable; do not use exported coverage to explain final profit
sim_layered_newflow_summary_v2_2026-07-13T00-24-16-109Z,5,55ff7df4-1201-40e8-824b-685430615d25,data/persona_sim_logs/sim_layered_newflow_summary_v2_2026-07-13T00-24-16-109Z/teams_summary.csv,ToB_Cost_Child,Hybrid,1200,10,-17671368,-6997730,-17671368,-17671368,false,-10673638,true,false,0.5555555555555556,0.5555555555555556,,false,0.25,0.25,,false,0.32624999999999993,0.19499999999999995,0.32624999999999993,92904,,submit_final_compact,false,failed,找不到 grid: ToB_Cost_Child,true,false,final coverCore/coverNice unavailable; do not use exported coverage to explain final profit
sim_layered_newflow_summary_v2_2026-07-13T00-24-16-109Z,6,1ade8354-e25d-44be-882a-d403ec0ddcd4,data/persona_sim_logs/sim_layered_newflow_summary_v2_2026-07-13T00-24-16-109Z/teams_summary.csv,ToC_Differentiation_Elder,Experience,4000,10,38756485,16757090,38756485,38756485,true,21999395,true,false,0.6166666666666667,0.6166666666666667,,false,0.8,0.8,,false,0.3548863636363637,0.3337500000000001,0.3548863636363637,25367,,submit_final_compact,false,failed,找不到 grid: ToC_Differentiation_Elder,true,false,final coverCore/coverNice unavailable; do not use exported coverage to explain final profit
sim_layered_newflow_summary_v2_2026-07-13T00-24-16-109Z,7,e1e407a1-493f-4355-9517-e28b67591cba,data/persona_sim_logs/sim_layered_newflow_summary_v2_2026-07-13T00-24-16-109Z/teams_summary.csv,ToC_Differentiation_Adult,Experience,5000,11,-1701742,-457194,-1701742,-1701742,false,-1244548,true,false,0.46923076923076923,0.46923076923076923,,false,0.5,0.5,,false,0.11224999999999999,0.18740384615384612,0.11224999999999999,999,,submit_final_compact,false,failed,找不到 grid: ToC_Differentiation_Adult,true,false,final coverCore/coverNice unavailable; do not use exported coverage to explain final profit
sim_layered_newflow_summary_v2_2026-07-13T00-24-16-109Z,8,24803a7f-f7b6-410d-be22-954d2cae8a8c,data/persona_sim_logs/sim_layered_newflow_summary_v2_2026-07-13T00-24-16-109Z/teams_summary.csv,ToC_Differentiation_Child,Experience,5000,13,12980276,2020137,12980276,12980276,true,10960139,true,false,0.5090909090909091,0.5090909090909091,,false,0.8,0.8,,false,0.278,0.24084090909090916,0.278,8201,,submit_final_compact,false,failed,找不到 grid: ToC_Differentiation_Child,true,false,final coverCore/coverNice unavailable; do not use exported coverage to explain final profit
sim_layered_newflow_summary_v2_2026-07-13T00-24-16-109Z,9,b34ca27a-5ac7-4d14-b1ab-4e618a61af40,data/persona_sim_logs/sim_layered_newflow_summary_v2_2026-07-13T00-24-16-109Z/teams_summary.csv,ToC_Cost_Elder,Function,1000,9,-4502849,-4070910,-4502849,-4502849,false,-431939,true,false,0.5,0.5,,false,0.5,0.5,,false,0.22975,0.22975,0.22975,39322,,submit_final_compact,false,failed,找不到 grid: ToC_Cost_Elder,true,false,final coverCore/coverNice unavailable; do not use exported coverage to explain final profit
sim_layered_newflow_summary_v2_2026-07-13T00-24-16-109Z,10,2fa76f6f-2c43-40c9-a6ff-3bbba83431e2,data/persona_sim_logs/sim_layered_newflow_summary_v2_2026-07-13T00-24-16-109Z/teams_summary.csv,ToC_Cost_Adult,Function,3000,10,3938538,-148636,3938538,3938538,true,4087174,true,true,0.3125,0.3125,,false,0.5,0.5,,false,0.18033333333333337,0.13762500000000003,0.18033333333333337,5322,,submit_final_compact,false,failed,找不到 grid: ToC_Cost_Adult,true,false,final coverCore/coverNice unavailable; do not use exported coverage to explain final profit
sim_layered_newflow_summary_v2_2026-07-13T00-24-16-109Z,11,0dd46b39-263a-4f54-80bb-e5a122a9fadf,data/persona_sim_logs/sim_layered_newflow_summary_v2_2026-07-13T00-24-16-109Z/teams_summary.csv,ToC_Cost_Child,Hybrid,3000,10,-1203736,-898047,-1203736,-1203736,false,-305689,true,false,0.4166666666666667,0.4166666666666667,,false,0,0,,false,0.04424999999999998,0.08174999999999999,0.04424999999999998,1521,,submit_final_compact,false,failed,找不到 grid: ToC_Cost_Child,true,false,final coverCore/coverNice unavailable; do not use exported coverage to explain final profit
sim_layered_structured_v1_2026-07-12T10-34-56-510Z,0,0ce15a72-1a8a-4419-915f-203da39b5686,data/persona_sim_logs/sim_layered_structured_v1_2026-07-12T10-34-56-510Z/teams_summary.csv,ToB_Differentiation_Elder,Experience,4000,8,-1988684,11427290,-1988684,-1988684,false,-13415974,true,true,0.43333333333333335,0.43333333333333335,,false,0.8000000000000002,0.8000000000000002,,false,,0.292,0.05450000000000002,473,,submit_final_compact,false,failed,找不到 grid: ToB_Differentiation_Elder,true,false,final coverCore/coverNice unavailable; do not use exported coverage to explain final profit
sim_layered_structured_v1_2026-07-12T10-34-56-510Z,1,6709f43a-bed3-4a89-9ef2-f18d318f5cb0,data/persona_sim_logs/sim_layered_structured_v1_2026-07-12T10-34-56-510Z/teams_summary.csv,ToB_Differentiation_Adult,Hybrid,4000,10,-1405241,3224619,-1405241,-1405241,false,-4629860,true,true,0.5,0.5,,false,0.8666666666666667,0.8666666666666667,,false,,0.2659166666666667,0.19125000000000003,2152,,submit_final_compact,false,failed,找不到 grid: ToB_Differentiation_Adult,true,false,final coverCore/coverNice unavailable; do not use exported coverage to explain final profit
sim_layered_structured_v1_2026-07-12T10-34-56-510Z,2,e5723094-4e44-433e-9608-7dfbf9b6f926,data/persona_sim_logs/sim_layered_structured_v1_2026-07-12T10-34-56-510Z/teams_summary.csv,ToB_Differentiation_Child,Experience,6000,11,-3173569,43885237,-3173569,-3173569,false,-47058806,true,true,0.9,0.9,,false,0.4,0.4,,false,,0.3519999999999999,0.07950000000000004,348,,submit_final_compact,false,failed,找不到 grid: ToB_Differentiation_Child,true,false,final coverCore/coverNice unavailable; do not use exported coverage to explain final profit
sim_layered_structured_v1_2026-07-12T10-34-56-510Z,3,f3f8e119-2752-4fe0-8dde-379fd654084b,data/persona_sim_logs/sim_layered_structured_v1_2026-07-12T10-34-56-510Z/teams_summary.csv,ToB_Cost_Elder,Function,4000,8,14668738,29053799,14668738,14668738,true,-14385061,true,false,0.6,0.6,,false,0.5599999999999999,0.5599999999999999,,false,,0.30775,0.22525,6967,,submit_final_compact,false,failed,找不到 grid: ToB_Cost_Elder,true,false,final coverCore/coverNice unavailable; do not use exported coverage to explain final profit
sim_layered_structured_v1_2026-07-12T10-34-56-510Z,4,1d0063c0-d66b-472d-a759-3c874d041f29,data/persona_sim_logs/sim_layered_structured_v1_2026-07-12T10-34-56-510Z/teams_summary.csv,ToB_Cost_Adult,Function,5000,9,-2613228,-994793,-2613228,-2613228,false,-1618435,true,false,0.3,0.3,,false,0.325,0.325,,false,,0.11824999999999997,0,136,,submit_final_compact,false,failed,找不到 grid: ToB_Cost_Adult,true,false,final coverCore/coverNice unavailable; do not use exported coverage to explain final profit
sim_layered_structured_v1_2026-07-12T10-34-56-510Z,5,6b395815-71c6-44ea-8898-bb40c4027888,data/persona_sim_logs/sim_layered_structured_v1_2026-07-12T10-34-56-510Z/teams_summary.csv,ToB_Cost_Child,Hybrid,5000,9,52787035,21008633,52787035,52787035,true,31778402,true,false,0.5555555555555556,0.5555555555555556,,false,0.8,0.8,,false,,0.33875,0.3716071428571429,18301,,submit_final_compact,false,failed,找不到 grid: ToB_Cost_Child,true,false,final coverCore/coverNice unavailable; do not use exported coverage to explain final profit
sim_layered_structured_v1_2026-07-12T10-34-56-510Z,6,13ac6e9b-3fce-47b2-bc84-6f19eadcabc6,data/persona_sim_logs/sim_layered_structured_v1_2026-07-12T10-34-56-510Z/teams_summary.csv,ToC_Differentiation_Elder,Experience,4000,8,-3095233,7151869,-3095233,-3095233,false,-10247102,true,true,0.5333333333333333,0.5333333333333333,,false,0.8,0.8,,false,,0.32175,0.07233823529411768,313,,submit_final_compact,false,failed,找不到 grid: ToC_Differentiation_Elder,true,false,final coverCore/coverNice unavailable; do not use exported coverage to explain final profit
sim_layered_structured_v1_2026-07-12T10-34-56-510Z,7,e5b4f129-f843-4562-97ce-fa0ec617e22a,data/persona_sim_logs/sim_layered_structured_v1_2026-07-12T10-34-56-510Z/teams_summary.csv,ToC_Differentiation_Adult,Experience,3500,8,805598,3060623,805598,805598,true,-2255025,true,false,0.676923076923077,0.676923076923077,,false,0,0,,false,,0.20111538461538464,0.15061764705882355,3135,,submit_final_compact,false,failed,找不到 grid: ToC_Differentiation_Adult,true,false,final coverCore/coverNice unavailable; do not use exported coverage to explain final profit
sim_layered_structured_v1_2026-07-12T10-34-56-510Z,8,4a029b06-eef9-415c-b777-42dc0267743d,data/persona_sim_logs/sim_layered_structured_v1_2026-07-12T10-34-56-510Z/teams_summary.csv,ToC_Differentiation_Child,Experience,4000,12,-3900782,9882973,-3900782,-3900782,false,-13783755,true,true,0.6000000000000001,0.6000000000000001,,false,0.8,0.8,,false,,0.30000000000000004,0.02968750000000002,452,,submit_final_compact,false,failed,找不到 grid: ToC_Differentiation_Child,true,false,final coverCore/coverNice unavailable; do not use exported coverage to explain final profit
sim_layered_structured_v1_2026-07-12T10-34-56-510Z,9,c1114d7b-6207-4b04-8606-15c9f75bf034,data/persona_sim_logs/sim_layered_structured_v1_2026-07-12T10-34-56-510Z/teams_summary.csv,ToC_Cost_Elder,Function,4000,8,-1736497,1795128,-1736497,-1736497,false,-3531625,true,true,0.4,0.4,,false,0.5,0.5,,false,,0.21275000000000005,0.026867647058823538,423,,submit_final_compact,false,failed,找不到 grid: ToC_Cost_Elder,true,false,final coverCore/coverNice unavailable; do not use exported coverage to explain final profit
sim_layered_structured_v1_2026-07-12T10-34-56-510Z,10,95051a2d-5d26-41a9-ae10-7523f26cc304,data/persona_sim_logs/sim_layered_structured_v1_2026-07-12T10-34-56-510Z/teams_summary.csv,ToC_Cost_Adult,Function,4000,10,-2843085,1046273,-2843085,-2843085,false,-3889358,true,true,0.4375,0.4375,,false,0.5,0.5,,false,,0.21237499999999998,0,309,,submit_final_compact,false,failed,找不到 grid: ToC_Cost_Adult,true,false,final coverCore/coverNice unavailable; do not use exported coverage to explain final profit
sim_layered_structured_v1_2026-07-12T10-34-56-510Z,11,fde38f25-0429-4ac7-9718-d299fc9f65ab,data/persona_sim_logs/sim_layered_structured_v1_2026-07-12T10-34-56-510Z/teams_summary.csv,ToC_Cost_Child,Hybrid,5000,9,-3108522,-2067630,-3108522,-3108522,false,-1040892,true,false,0.6166666666666667,0.6166666666666667,,false,0,0,,false,,0.16275,0,69,,submit_final_compact,false,failed,找不到 grid: ToC_Cost_Child,true,false,final coverCore/coverNice unavailable; do not use exported coverage to explain final profit
sim_layered_structured_v1_2026-07-12T10-49-47-429Z,0,38b77007-fcce-44c4-80f7-cd97e16da0d7,data/persona_sim_logs/sim_layered_structured_v1_2026-07-12T10-49-47-429Z/teams_summary.csv,ToB_Differentiation_Elder,Experience,4000,7,-2141143,22720984,-2141143,-2141143,false,-24862127,true,true,0.5333333333333333,0.5333333333333333,,false,0.7000000000000001,0.7000000000000001,,false,,0.32050000000000006,0.025499999999999988,293,,submit_final_compact,false,failed,找不到 grid: ToB_Differentiation_Elder,true,false,final coverCore/coverNice unavailable; do not use exported coverage to explain final profit
sim_layered_structured_v1_2026-07-12T10-49-47-429Z,1,58dd5663-b2a0-46ff-a6ae-eee0ae1dfea3,data/persona_sim_logs/sim_layered_structured_v1_2026-07-12T10-49-47-429Z/teams_summary.csv,ToB_Differentiation_Adult,Hybrid,6000,10,-1296780,-655762,-1296780,-1296780,false,-641018,true,false,0.26666666666666666,0.26666666666666666,,false,0.9333333333333332,0.9333333333333332,,false,,0.21433333333333326,0.183,769,,submit_final_compact,false,failed,找不到 grid: ToB_Differentiation_Adult,true,false,final coverCore/coverNice unavailable; do not use exported coverage to explain final profit
sim_layered_structured_v1_2026-07-12T10-49-47-429Z,2,4e55bff8-2eab-4bfd-aad5-4e3a7c2e49d6,data/persona_sim_logs/sim_layered_structured_v1_2026-07-12T10-49-47-429Z/teams_summary.csv,ToB_Differentiation_Child,Experience,5500,11,-3888338,13521719,-3888338,-3888338,false,-17410057,true,true,0.75,0.75,,false,0.4,0.4,,false,,0.28275000000000006,0.03274999999999999,193,,submit_final_compact,false,failed,找不到 grid: ToB_Differentiation_Child,true,false,final coverCore/coverNice unavailable; do not use exported coverage to explain final profit
sim_layered_structured_v1_2026-07-12T10-49-47-429Z,3,3cea8049-20b3-49d6-92e3-049511251f92,data/persona_sim_logs/sim_layered_structured_v1_2026-07-12T10-49-47-429Z/teams_summary.csv,ToB_Cost_Elder,Function,4000,8,4756655,9403734,4756655,4756655,true,-4647079,true,false,0.5,0.5,,false,0.3,0.3,,false,,0.22174999999999995,0.15299999999999997,2997,,submit_final_compact,false,failed,找不到 grid: ToB_Cost_Elder,true,false,final coverCore/coverNice unavailable; do not use exported coverage to explain final profit
sim_layered_structured_v1_2026-07-12T10-49-47-429Z,4,ff1958ad-88e5-43b7-b0c6-cfb20d14110a,data/persona_sim_logs/sim_layered_structured_v1_2026-07-12T10-49-47-429Z/teams_summary.csv,ToB_Cost_Adult,Function,5000,8,-2250563,5482124,-2250563,-2250563,false,-7732687,true,true,0.4800000000000001,0.4800000000000001,,false,0.525,0.525,,false,,0.25675000000000003,0,188,,submit_final_compact,false,failed,找不到 grid: ToB_Cost_Adult,true,false,final coverCore/coverNice unavailable; do not use exported coverage to explain final profit
sim_layered_structured_v1_2026-07-12T10-49-47-429Z,5,ef5f7f4e-3480-475f-befc-f2500645c461,data/persona_sim_logs/sim_layered_structured_v1_2026-07-12T10-49-47-429Z/teams_summary.csv,ToB_Cost_Child,Hybrid,5000,10,19449959,11177406,19449959,19449959,true,8272553,true,false,0.6222222222222222,0.6222222222222222,,false,0.5,0.5,,false,,0.27075000000000005,0.27360714285714294,8030,,submit_final_compact,false,failed,找不到 grid: ToB_Cost_Child,true,false,final coverCore/coverNice unavailable; do not use exported coverage to explain final profit
sim_layered_structured_v1_2026-07-12T10-49-47-429Z,6,6897e74e-3fbb-476e-9b5f-281e2e946d4b,data/persona_sim_logs/sim_layered_structured_v1_2026-07-12T10-49-47-429Z/teams_summary.csv,ToC_Differentiation_Elder,Experience,5000,10,-3308012,23777539,-3308012,-3308012,false,-27085551,true,true,0.7000000000000001,0.7000000000000001,,false,0.8,0.8,,false,,0.3812500000000002,0.05948529411764711,157,,submit_final_compact,false,failed,找不到 grid: ToC_Differentiation_Elder,true,false,final coverCore/coverNice unavailable; do not use exported coverage to explain final profit
sim_layered_structured_v1_2026-07-12T10-49-47-429Z,7,192cc978-20fb-4baa-a2b2-677006c641e1,data/persona_sim_logs/sim_layered_structured_v1_2026-07-12T10-49-47-429Z/teams_summary.csv,ToC_Differentiation_Adult,Experience,4000,9,-2644270,14370299,-2644270,-2644270,false,-17014569,true,true,0.676923076923077,0.676923076923077,,false,0.5,0.5,,false,,0.3068653846153846,0.06783823529411767,518,,submit_final_compact,false,failed,找不到 grid: ToC_Differentiation_Adult,true,false,final coverCore/coverNice unavailable; do not use exported coverage to explain final profit
sim_layered_structured_v1_2026-07-12T10-49-47-429Z,8,7fe1ba9d-8e44-41e6-a316-a34eb7bf6f31,data/persona_sim_logs/sim_layered_structured_v1_2026-07-12T10-49-47-429Z/teams_summary.csv,ToC_Differentiation_Child,Experience,4000,10,-3488999,3907338,-3488999,-3488999,false,-7396337,true,true,0.5090909090909091,0.5090909090909091,,false,0.8,0.8,,false,,0.27784090909090914,0.04843750000000001,373,,submit_final_compact,false,failed,找不到 grid: ToC_Differentiation_Child,true,false,final coverCore/coverNice unavailable; do not use exported coverage to explain final profit
sim_layered_structured_v1_2026-07-12T10-49-47-429Z,9,39a9dff4-7748-40e1-8fe2-ef2cb5deea46,data/persona_sim_logs/sim_layered_structured_v1_2026-07-12T10-49-47-429Z/teams_summary.csv,ToC_Cost_Elder,Function,5000,8,-2027543,97401,-2027543,-2027543,false,-2124944,true,true,0.4,0.4,,false,0.5,0.5,,false,,0.21750000000000005,0.031617647058823535,187,,submit_final_compact,false,failed,找不到 grid: ToC_Cost_Elder,true,false,final coverCore/coverNice unavailable; do not use exported coverage to explain final profit
sim_layered_structured_v1_2026-07-12T10-49-47-429Z,10,985ee8e4-df44-4dfa-b7d3-6a4f3a7f2961,data/persona_sim_logs/sim_layered_structured_v1_2026-07-12T10-49-47-429Z/teams_summary.csv,ToC_Cost_Adult,Function,4000,7,-1784872,-1520585,-1784872,-1784872,false,-264287,true,false,0.3125,0.3125,,false,0,0,,false,,0.069125,0.026937500000000017,436,,submit_final_compact,false,failed,找不到 grid: ToC_Cost_Adult,true,false,final coverCore/coverNice unavailable; do not use exported coverage to explain final profit
sim_layered_structured_v1_2026-07-12T10-49-47-429Z,11,e43267dd-1d31-4d40-824a-1336b604b6f2,data/persona_sim_logs/sim_layered_structured_v1_2026-07-12T10-49-47-429Z/teams_summary.csv,ToC_Cost_Child,Hybrid,4000,9,-2216939,-974426,-2216939,-2216939,false,-1242513,true,false,0.4166666666666667,0.4166666666666667,,false,0,0,,false,,0.09275,0,301,,submit_final_compact,false,failed,找不到 grid: ToC_Cost_Child,true,false,final coverCore/coverNice unavailable; do not use exported coverage to explain final profit
sim_layered_structured_v1_2026-07-13T01-27-08-916Z,0,87b7ad3b-4d35-40e9-a6c1-46d3a0c475df,data/persona_sim_logs/sim_layered_structured_v1_2026-07-13T01-27-08-916Z/teams_summary.csv,ToB_Differentiation_Elder,Experience,4000,9,30434028,18984973,30434028,30434028,true,11449055,true,false,0.6,0.6,,false,0.7000000000000001,0.7000000000000001,,false,0.3097500000000001,0.3097500000000001,0.3097500000000001,15466,,submit_final_compact,false,failed,找不到 grid: ToB_Differentiation_Elder,true,false,final coverCore/coverNice unavailable; do not use exported coverage to explain final profit
sim_layered_structured_v1_2026-07-13T01-27-08-916Z,1,d97d91df-1e0c-403f-99c0-6ed6501433cc,data/persona_sim_logs/sim_layered_structured_v1_2026-07-13T01-27-08-916Z/teams_summary.csv,ToB_Differentiation_Adult,Hybrid,4000,12,22598642,-3119705,22598642,22598642,true,25718347,true,true,0.26666666666666666,0.26666666666666666,,false,0.9333333333333332,0.9333333333333332,,false,0.32000000000000006,0.1623333333333333,0.32000000000000006,16485,,submit_final_compact,false,failed,找不到 grid: ToB_Differentiation_Adult,true,false,final coverCore/coverNice unavailable; do not use exported coverage to explain final profit
sim_layered_structured_v1_2026-07-13T01-27-08-916Z,2,404bad02-3541-41b9-b391-3213d409748a,data/persona_sim_logs/sim_layered_structured_v1_2026-07-13T01-27-08-916Z/teams_summary.csv,ToB_Differentiation_Child,Experience,6000,14,54174714,24792573,54174714,54174714,true,29382141,true,false,0.8,0.8,,false,0.75,0.75,,false,0.36775,0.3390000000000002,0.36775,18233,,submit_final_compact,false,failed,找不到 grid: ToB_Differentiation_Child,true,false,final coverCore/coverNice unavailable; do not use exported coverage to explain final profit
sim_layered_structured_v1_2026-07-13T01-27-08-916Z,3,49de7022-ae95-4fc5-8e13-1e79ee46ccc9,data/persona_sim_logs/sim_layered_structured_v1_2026-07-13T01-27-08-916Z/teams_summary.csv,ToB_Cost_Elder,Function,5000,7,10924079,12024414,10924079,10924079,true,-1100335,true,false,0.5,0.5,,false,0.5,0.5,,false,0.2215,0.27149999999999996,0.2215,3977,,submit_final_compact,false,failed,找不到 grid: ToB_Cost_Elder,true,false,final coverCore/coverNice unavailable; do not use exported coverage to explain final profit
sim_layered_structured_v1_2026-07-13T01-27-08-916Z,4,1e083f6f-3cad-4eab-815a-798ed1fb3d9f,data/persona_sim_logs/sim_layered_structured_v1_2026-07-13T01-27-08-916Z/teams_summary.csv,ToB_Cost_Adult,Function,5000,9,6591645,29540,6591645,6591645,true,6562105,true,false,0.3,0.3,,false,0.375,0.375,,false,0.19999999999999998,0.14125000000000001,0.19999999999999998,2868,,submit_final_compact,false,failed,找不到 grid: ToB_Cost_Adult,true,false,final coverCore/coverNice unavailable; do not use exported coverage to explain final profit
sim_layered_structured_v1_2026-07-13T01-27-08-916Z,5,a1fed338-0644-4b89-bcfe-0125b5551d0d,data/persona_sim_logs/sim_layered_structured_v1_2026-07-13T01-27-08-916Z/teams_summary.csv,ToB_Cost_Child,Hybrid,1000,10,-14231974,-10729989,-14231974,-14231974,false,-3501985,true,false,0.48888888888888893,0.48888888888888893,,false,0.5,0.5,,false,0.2380000000000001,0.23675000000000002,0.2380000000000001,44243,,submit_final_compact,false,failed,找不到 grid: ToB_Cost_Child,true,false,final coverCore/coverNice unavailable; do not use exported coverage to explain final profit
sim_layered_structured_v1_2026-07-13T01-27-08-916Z,6,8d5dc340-c23b-4c1a-8614-9be4df334a49,data/persona_sim_logs/sim_layered_structured_v1_2026-07-13T01-27-08-916Z/teams_summary.csv,ToC_Differentiation_Elder,Experience,2500,10,22157584,8937141,22157584,22157584,true,13220443,true,false,0.6166666666666667,0.6166666666666667,,false,0.8,0.8,,false,0.3693863636363637,0.34825000000000006,0.3693863636363637,43770,,submit_final_compact,false,failed,找不到 grid: ToC_Differentiation_Elder,true,false,final coverCore/coverNice unavailable; do not use exported coverage to explain final profit
sim_layered_structured_v1_2026-07-13T01-27-08-916Z,7,0a11db64-1f1c-48e7-ba81-efd9eadb0c2a,data/persona_sim_logs/sim_layered_structured_v1_2026-07-13T01-27-08-916Z/teams_summary.csv,ToC_Differentiation_Adult,Experience,2000,11,-3775954,-3718968,-3775954,-3775954,false,-56986,true,false,0.7538461538461539,0.7538461538461539,,false,0,0,,false,0.16324999999999998,0.19048076923076926,0.16324999999999998,9063,,submit_final_compact,false,failed,找不到 grid: ToC_Differentiation_Adult,true,false,final coverCore/coverNice unavailable; do not use exported coverage to explain final profit
sim_layered_structured_v1_2026-07-13T01-27-08-916Z,8,640fac78-2533-4d3e-ba1d-bfaa049b25ce,data/persona_sim_logs/sim_layered_structured_v1_2026-07-13T01-27-08-916Z/teams_summary.csv,ToC_Differentiation_Child,Experience,1500,11,-22920379,-12209880,-22920379,-22920379,false,-10710499,true,false,0.5090909090909091,0.5090909090909091,,false,0.8,0.8,,false,0.30525,0.26809090909090916,0.30525,45768,,submit_final_compact,false,failed,找不到 grid: ToC_Differentiation_Child,true,false,final coverCore/coverNice unavailable; do not use exported coverage to explain final profit
sim_layered_structured_v1_2026-07-13T01-27-08-916Z,9,1fe21e84-9b6c-408e-8002-f7a7c3403d83,data/persona_sim_logs/sim_layered_structured_v1_2026-07-13T01-27-08-916Z/teams_summary.csv,ToC_Cost_Elder,Function,2000,7,7511359,4634647,7511359,7511359,true,2876712,true,false,0.4,0.4,,false,0.5,0.5,,false,0.23450000000000007,0.23450000000000007,0.23450000000000007,15194,,submit_final_compact,false,failed,找不到 grid: ToC_Cost_Elder,true,false,final coverCore/coverNice unavailable; do not use exported coverage to explain final profit
sim_layered_structured_v1_2026-07-13T01-27-08-916Z,10,cfbdd26a-add0-471f-977d-580c7bc33852,data/persona_sim_logs/sim_layered_structured_v1_2026-07-13T01-27-08-916Z/teams_summary.csv,ToC_Cost_Adult,Function,4000,9,1072813,-1943647,1072813,1072813,true,3016460,true,true,0.3125,0.3125,,false,0,0,,false,0.16308333333333336,0.045374999999999985,0.16308333333333336,1800,,submit_final_compact,false,failed,找不到 grid: ToC_Cost_Adult,true,false,final coverCore/coverNice unavailable; do not use exported coverage to explain final profit
sim_layered_structured_v1_2026-07-13T01-27-08-916Z,11,ea16d735-6314-4aab-85be-461734153504,data/persona_sim_logs/sim_layered_structured_v1_2026-07-13T01-27-08-916Z/teams_summary.csv,ToC_Cost_Child,Hybrid,1000,7,-4114928,-3700625,-4114928,-4114928,false,-414303,true,false,0.3333333333333333,0.3333333333333333,,false,0,0,,false,0.07124999999999998,0.07124999999999998,0.07124999999999998,9028,,submit_final_compact,false,failed,找不到 grid: ToC_Cost_Child,true,false,final coverCore/coverNice unavailable; do not use exported coverage to explain final profit
sim_layered_structured_vp_v1_2026-07-13T03-39-15-273Z,0,70469454-2542-4cb1-a711-b0b1147832c5,data/persona_sim_logs/sim_layered_structured_vp_v1_2026-07-13T03-39-15-273Z/teams_summary.csv,ToB_Differentiation_Elder,Experience,4000,11,42504243,26028940,42504243,42504243,true,16475303,true,false,0.7000000000000001,0.7000000000000001,,false,0.7000000000000001,0.7000000000000001,,false,0.33400000000000013,0.33400000000000013,0.33400000000000013,22502,,submit_final_compact,false,failed,找不到 grid: ToB_Differentiation_Elder,true,false,final coverCore/coverNice unavailable; do not use exported coverage to explain final profit
sim_layered_structured_vp_v1_2026-07-13T03-39-15-273Z,1,dc055a30-8286-4378-92f1-6dcfd494f10f,data/persona_sim_logs/sim_layered_structured_vp_v1_2026-07-13T03-39-15-273Z/teams_summary.csv,ToB_Differentiation_Adult,Hybrid,4000,12,16651514,-3244983,16651514,16651514,true,19896497,true,true,0.26666666666666666,0.26666666666666666,,false,0.7000000000000001,0.7000000000000001,,false,0.2860000000000001,0.12000000000000004,0.2860000000000001,11612,,submit_final_compact,false,failed,找不到 grid: ToB_Differentiation_Adult,true,false,final coverCore/coverNice unavailable; do not use exported coverage to explain final profit
sim_layered_structured_vp_v1_2026-07-13T03-39-15-273Z,2,d0564685-f904-48bc-81e3-77650e5c15c4,data/persona_sim_logs/sim_layered_structured_vp_v1_2026-07-13T03-39-15-273Z/teams_summary.csv,ToB_Differentiation_Child,Experience,6000,11,27660306,22699758,27660306,27660306,true,4960548,true,false,0.9,0.9,,false,0.2,0.2,,false,0.2912499999999999,0.2975,0.2912499999999999,8788,,submit_final_compact,false,failed,找不到 grid: ToB_Differentiation_Child,true,false,final coverCore/coverNice unavailable; do not use exported coverage to explain final profit
sim_layered_structured_vp_v1_2026-07-13T03-39-15-273Z,3,4f11d8b7-1f42-446e-8581-e60d852d28ac,data/persona_sim_logs/sim_layered_structured_vp_v1_2026-07-13T03-39-15-273Z/teams_summary.csv,ToB_Cost_Elder,Function,4000,8,56854292,57673160,56854292,56854292,true,-818868,true,false,0.7000000000000001,0.7000000000000001,,false,0.62,0.62,,false,0.32525000000000004,0.3752500000000001,0.32525000000000004,24760,,submit_final_compact,false,failed,找不到 grid: ToB_Cost_Elder,true,false,final coverCore/coverNice unavailable; do not use exported coverage to explain final profit
sim_layered_structured_vp_v1_2026-07-13T03-39-15-273Z,4,ffeadc24-0c19-43f3-a130-bf645743e9f4,data/persona_sim_logs/sim_layered_structured_vp_v1_2026-07-13T03-39-15-273Z/teams_summary.csv,ToB_Cost_Adult,Function,5000,8,22794477,4782406,22794477,22794477,true,18012071,true,false,0.4800000000000001,0.4800000000000001,,false,0.375,0.375,,false,0.28325000000000006,0.2245000000000001,0.28325000000000006,7669,,submit_final_compact,false,failed,找不到 grid: ToB_Cost_Adult,true,false,final coverCore/coverNice unavailable; do not use exported coverage to explain final profit
sim_layered_structured_vp_v1_2026-07-13T03-39-15-273Z,5,98b5e178-a51c-407e-ad70-4c317ecee420,data/persona_sim_logs/sim_layered_structured_vp_v1_2026-07-13T03-39-15-273Z/teams_summary.csv,ToB_Cost_Child,Hybrid,4000,11,24759260,10020465,24759260,24759260,true,14738795,true,false,0.48888888888888893,0.48888888888888893,,false,0.65,0.65,,false,0.29124999999999995,0.2525,0.29124999999999995,13183,,submit_final_compact,false,failed,找不到 grid: ToB_Cost_Child,true,false,final coverCore/coverNice unavailable; do not use exported coverage to explain final profit
sim_layered_structured_vp_v1_2026-07-13T03-39-15-273Z,6,8bd3f6d5-ba39-45aa-82b1-143b8f6dc062,data/persona_sim_logs/sim_layered_structured_vp_v1_2026-07-13T03-39-15-273Z/teams_summary.csv,ToC_Differentiation_Elder,Experience,4000,8,101718465,26670189,101718465,101718465,true,75048276,true,false,0.6166666666666667,0.6166666666666667,,false,0.8,0.8,,false,0.4222045454545455,0.36425,0.4222045454545455,56696,,submit_final_compact,false,failed,找不到 grid: ToC_Differentiation_Elder,true,false,final coverCore/coverNice unavailable; do not use exported coverage to explain final profit
sim_layered_structured_vp_v1_2026-07-13T03-39-15-273Z,7,f6336162-64b2-4746-9449-bddf4085a1c7,data/persona_sim_logs/sim_layered_structured_vp_v1_2026-07-13T03-39-15-273Z/teams_summary.csv,ToC_Differentiation_Adult,Experience,2000,11,-3336259,-3637082,-3336259,-3336259,false,300823,true,false,0.49230769230769234,0.49230769230769234,,false,0,0,,false,0.10975000000000004,0.07928846153846156,0.10975000000000004,3790,,submit_final_compact,false,failed,找不到 grid: ToC_Differentiation_Adult,true,false,final coverCore/coverNice unavailable; do not use exported coverage to explain final profit
sim_layered_structured_vp_v1_2026-07-13T03-39-15-273Z,8,b2f4fddb-a80f-430c-874a-006ebe210bd6,data/persona_sim_logs/sim_layered_structured_vp_v1_2026-07-13T03-39-15-273Z/teams_summary.csv,ToC_Differentiation_Child,Experience,2500,13,-596428,-3058646,-596428,-596428,false,2462218,true,false,0.5090909090909091,0.5090909090909091,,false,0.8,0.8,,false,0.27425,0.23709090909090916,0.27425,20990,,submit_final_compact,false,failed,找不到 grid: ToC_Differentiation_Child,true,false,final coverCore/coverNice unavailable; do not use exported coverage to explain final profit
sim_layered_structured_vp_v1_2026-07-13T03-39-15-273Z,9,a64c8af2-71d6-4247-93e6-11fbc29d9ba1,data/persona_sim_logs/sim_layered_structured_vp_v1_2026-07-13T03-39-15-273Z/teams_summary.csv,ToC_Cost_Elder,Function,1000,8,-1003325,-1507657,-1003325,-1003325,false,504332,true,false,0.4,0.4,,false,0.5,0.5,,false,0.20350000000000004,0.20350000000000004,0.20350000000000004,26525,,submit_final_compact,false,failed,找不到 grid: ToC_Cost_Elder,true,false,final coverCore/coverNice unavailable; do not use exported coverage to explain final profit
sim_layered_structured_vp_v1_2026-07-13T03-39-15-273Z,10,7b23934e-faa0-42f0-afa5-5c23cd53df89,data/persona_sim_logs/sim_layered_structured_vp_v1_2026-07-13T03-39-15-273Z/teams_summary.csv,ToC_Cost_Adult,Function,2800,8,-1154540,-2782137,-1154540,-1154540,false,1627597,true,false,0.0625,0.0625,,false,0,0,,false,0.07358333333333328,0,0.07358333333333328,1684,,submit_final_compact,false,failed,找不到 grid: ToC_Cost_Adult,true,false,final coverCore/coverNice unavailable; do not use exported coverage to explain final profit
sim_layered_structured_vp_v1_2026-07-13T03-39-15-273Z,11,825c56fe-1272-4c0b-b6c9-e569dcabe4d6,data/persona_sim_logs/sim_layered_structured_vp_v1_2026-07-13T03-39-15-273Z/teams_summary.csv,ToC_Cost_Child,Hybrid,4000,11,-1820368,-1605815,-1820368,-1820368,false,-214553,true,false,0.4166666666666667,0.4166666666666667,,false,0,0,,false,0.027250000000000003,0.06475,0.027250000000000003,643,,submit_final_compact,false,failed,找不到 grid: ToC_Cost_Child,true,false,final coverCore/coverNice unavailable; do not use exported coverage to explain final profit
sim_replay_april_2026-07-10T15-11-32-513Z,0,735ba210-cd6a-4306-bd8a-be56c1165c5c,data/persona_sim_logs/sim_replay_april_2026-07-10T15-11-32-513Z/teams_summary.csv,,,,0,,,,,,,false,false,,,,false,,,,false,,,,,,csv_or_unavailable,false,not_needed,,false,false,final coverCore/coverNice unavailable; do not use exported coverage to explain final profit
sim_replay_april_2026-07-10T15-11-32-513Z,1,40bb9964-6aca-4578-b097-5264c8ed8f2f,data/persona_sim_logs/sim_replay_april_2026-07-10T15-11-32-513Z/teams_summary.csv,,,,0,,,,,,,false,false,,,,false,,,,false,,,,,,csv_or_unavailable,false,not_needed,,false,false,final coverCore/coverNice unavailable; do not use exported coverage to explain final profit
sim_replay_april_2026-07-10T15-11-32-513Z,2,4242c78d-c720-4529-9935-9579f18d642c,data/persona_sim_logs/sim_replay_april_2026-07-10T15-11-32-513Z/teams_summary.csv,,,,0,,,,,,,false,false,,,,false,,,,false,,,,,,csv_or_unavailable,false,not_needed,,false,false,final coverCore/coverNice unavailable; do not use exported coverage to explain final profit
sim_replay_april_2026-07-10T15-11-32-513Z,3,cfa71446-3952-401f-98f2-540a84ffd673,data/persona_sim_logs/sim_replay_april_2026-07-10T15-11-32-513Z/teams_summary.csv,,,,0,,,,,,,false,false,,,,false,,,,false,,,,,,csv_or_unavailable,false,not_needed,,false,false,final coverCore/coverNice unavailable; do not use exported coverage to explain final profit
sim_replay_april_2026-07-10T15-11-32-513Z,4,57ef0fcf-021f-4149-99c4-0c588924af0c,data/persona_sim_logs/sim_replay_april_2026-07-10T15-11-32-513Z/teams_summary.csv,,,,0,,,,,,,false,false,,,,false,,,,false,,,,,,csv_or_unavailable,false,not_needed,,false,false,final coverCore/coverNice unavailable; do not use exported coverage to explain final profit
sim_replay_april_2026-07-10T15-11-32-513Z,5,b3833516-23bf-43df-9261-83c3b474328a,data/persona_sim_logs/sim_replay_april_2026-07-10T15-11-32-513Z/teams_summary.csv,,,,0,,,,,,,false,false,,,,false,,,,false,,,,,,csv_or_unavailable,false,not_needed,,false,false,final coverCore/coverNice unavailable; do not use exported coverage to explain final profit
sim_replay_april_2026-07-10T15-11-32-513Z,6,744b6445-ee2e-4206-b48e-aadf4b487909,data/persona_sim_logs/sim_replay_april_2026-07-10T15-11-32-513Z/teams_summary.csv,,,,0,,,,,,,false,false,,,,false,,,,false,,,,,,csv_or_unavailable,false,not_needed,,false,false,final coverCore/coverNice unavailable; do not use exported coverage to explain final profit
sim_replay_april_2026-07-10T15-11-32-513Z,7,93ecea6c-d09f-4890-9775-43352759e81d,data/persona_sim_logs/sim_replay_april_2026-07-10T15-11-32-513Z/teams_summary.csv,,,,0,,,,,,,false,false,,,,false,,,,false,,,,,,csv_or_unavailable,false,not_needed,,false,false,final coverCore/coverNice unavailable; do not use exported coverage to explain final profit
sim_replay_april_2026-07-10T15-11-32-513Z,8,0f8a2348-6a79-461c-bcfa-e95d566cd946,data/persona_sim_logs/sim_replay_april_2026-07-10T15-11-32-513Z/teams_summary.csv,,,,0,,,,,,,false,false,,,,false,,,,false,,,,,,csv_or_unavailable,false,not_needed,,false,false,final coverCore/coverNice unavailable; do not use exported coverage to explain final profit
sim_replay_april_2026-07-10T15-11-32-513Z,9,d9508962-8c76-46ec-a2d0-790cf68cdd2a,data/persona_sim_logs/sim_replay_april_2026-07-10T15-11-32-513Z/teams_summary.csv,,,,0,,,,,,,false,false,,,,false,,,,false,,,,,,csv_or_unavailable,false,not_needed,,false,false,final coverCore/coverNice unavailable; do not use exported coverage to explain final profit
sim_replay_april_2026-07-10T15-11-32-513Z,10,7d9f4b00-7617-4ed1-b935-a631dde07150,data/persona_sim_logs/sim_replay_april_2026-07-10T15-11-32-513Z/teams_summary.csv,,,,0,,,,,,,false,false,,,,false,,,,false,,,,,,csv_or_unavailable,false,not_needed,,false,false,final coverCore/coverNice unavailable; do not use exported coverage to explain final profit
sim_replay_april_2026-07-10T15-11-32-513Z,11,09087c4c-03e9-4cb4-9b2e-cdf7ef13184e,data/persona_sim_logs/sim_replay_april_2026-07-10T15-11-32-513Z/teams_summary.csv,,,,0,,,,,,,false,false,,,,false,,,,false,,,,,,csv_or_unavailable,false,not_needed,,false,false,final coverCore/coverNice unavailable; do not use exported coverage to explain final profit
sim_replay_april_2026-07-10T15-16-37-697Z,0,73cb6364-2150-41ca-964b-dd1291460fdc,data/persona_sim_logs/sim_replay_april_2026-07-10T15-16-37-697Z/teams_summary.csv,,,,0,,,,,,,false,false,,,,false,,,,false,,,,,,csv_or_unavailable,false,not_needed,,false,false,final coverCore/coverNice unavailable; do not use exported coverage to explain final profit
sim_replay_april_2026-07-10T15-16-37-697Z,1,1490dc1b-498f-4539-b1ca-749b996f1ca3,data/persona_sim_logs/sim_replay_april_2026-07-10T15-16-37-697Z/teams_summary.csv,ToB_Differentiation_Adult,Hybrid,4000,13,-3945964,-3945964,-3945964,-3945964,false,0,false,false,0.16666666666666666,0.16666666666666666,,false,0.8333333333333334,0.8333333333333334,,false,,0.10933333333333332,0.10933333333333332,460,,submit_final_compact,false,failed,找不到 grid: ToB_Differentiation_Adult,true,false,final coverCore/coverNice unavailable; do not use exported coverage to explain final profit
sim_replay_april_2026-07-10T15-16-37-697Z,2,747a8514-5ea0-4938-8ea4-1b1f0f939cbe,data/persona_sim_logs/sim_replay_april_2026-07-10T15-16-37-697Z/teams_summary.csv,,,,0,,,,,,,false,false,,,,false,,,,false,,,,,,csv_or_unavailable,false,not_needed,,false,false,final coverCore/coverNice unavailable; do not use exported coverage to explain final profit
sim_replay_april_2026-07-10T15-16-37-697Z,3,7c90b86c-9de4-4164-bcf6-3d4f29dcab39,data/persona_sim_logs/sim_replay_april_2026-07-10T15-16-37-697Z/teams_summary.csv,,,,0,,,,,,,false,false,,,,false,,,,false,,,,,,csv_or_unavailable,false,not_needed,,false,false,final coverCore/coverNice unavailable; do not use exported coverage to explain final profit
sim_replay_april_2026-07-10T15-16-37-697Z,4,f07fb209-c5ff-40d3-8049-3b699aedd202,data/persona_sim_logs/sim_replay_april_2026-07-10T15-16-37-697Z/teams_summary.csv,ToB_Cost_Adult,Function,4000,11,-2229096,-2229096,-2229096,-2229096,false,0,false,false,0.3,0.3,,false,0.4,0.4,,false,,0.09400000000000004,0.09400000000000004,962,,submit_final_compact,false,failed,找不到 grid: ToB_Cost_Adult,true,false,final coverCore/coverNice unavailable; do not use exported coverage to explain final profit
sim_replay_april_2026-07-10T15-16-37-697Z,5,990f763a-d4d5-4e18-ae33-8604bad483e2,data/persona_sim_logs/sim_replay_april_2026-07-10T15-16-37-697Z/teams_summary.csv,,,,0,,,,,,,false,false,,,,false,,,,false,,,,,,csv_or_unavailable,false,not_needed,,false,false,final coverCore/coverNice unavailable; do not use exported coverage to explain final profit
sim_replay_april_2026-07-10T15-16-37-697Z,6,c861dc40-d610-45b1-a15b-300a481e606c,data/persona_sim_logs/sim_replay_april_2026-07-10T15-16-37-697Z/teams_summary.csv,,,,0,,,,,,,false,false,,,,false,,,,false,,,,,,csv_or_unavailable,false,not_needed,,false,false,final coverCore/coverNice unavailable; do not use exported coverage to explain final profit
sim_replay_april_2026-07-10T15-16-37-697Z,7,9aba4925-a68e-4642-8a29-698b8956c53a,data/persona_sim_logs/sim_replay_april_2026-07-10T15-16-37-697Z/teams_summary.csv,,,,0,,,,,,,false,false,,,,false,,,,false,,,,,,csv_or_unavailable,false,not_needed,,false,false,final coverCore/coverNice unavailable; do not use exported coverage to explain final profit
sim_replay_april_2026-07-10T15-16-37-697Z,8,15500534-6246-4a77-95dd-b53258b26b49,data/persona_sim_logs/sim_replay_april_2026-07-10T15-16-37-697Z/teams_summary.csv,ToC_Differentiation_Child,Experience,6000,12,13309382,13309382,13309382,13309382,true,0,false,false,0.7400000000000001,0.7400000000000001,,false,0.5,0.5,,false,,0.3060000000000001,0.3060000000000001,5975,,submit_final_compact,false,failed,找不到 grid: ToC_Differentiation_Child,true,false,final coverCore/coverNice unavailable; do not use exported coverage to explain final profit
sim_replay_april_2026-07-10T15-16-37-697Z,9,b331d6ac-75af-452b-a099-743803266d4d,data/persona_sim_logs/sim_replay_april_2026-07-10T15-16-37-697Z/teams_summary.csv,,,,0,,,,,,,false,false,,,,false,,,,false,,,,,,csv_or_unavailable,false,not_needed,,false,false,final coverCore/coverNice unavailable; do not use exported coverage to explain final profit
sim_replay_april_2026-07-10T15-16-37-697Z,10,f60cfbe3-e1c9-49bc-afcb-d70c1ad16469,data/persona_sim_logs/sim_replay_april_2026-07-10T15-16-37-697Z/teams_summary.csv,,,,0,,,,,,,false,false,,,,false,,,,false,,,,,,csv_or_unavailable,false,not_needed,,false,false,final coverCore/coverNice unavailable; do not use exported coverage to explain final profit
sim_replay_april_2026-07-10T15-16-37-697Z,11,50d29f7d-4209-4370-84b8-05f29aea00f9,data/persona_sim_logs/sim_replay_april_2026-07-10T15-16-37-697Z/teams_summary.csv,,,,0,,,,,,,false,false,,,,false,,,,false,,,,,,csv_or_unavailable,false,not_needed,,false,false,final coverCore/coverNice unavailable; do not use exported coverage to explain final profit
sim_replay_april_2026-07-10T15-24-17-651Z,0,85b96b94-a863-41b4-93a8-cec689da5c22,data/persona_sim_logs/sim_replay_april_2026-07-10T15-24-17-651Z/teams_summary.csv,ToB_Differentiation_Elder,Experience,6000,11,-1162279,-1162279,-1162279,-1162279,false,0,false,false,0.43333333333333335,0.43333333333333335,,false,0.4,0.4,,false,,0.16575000000000004,0.16575000000000004,628,,submit_final_compact,false,failed,找不到 grid: ToB_Differentiation_Elder,true,false,final coverCore/coverNice unavailable; do not use exported coverage to explain final profit
sim_replay_april_2026-07-10T15-24-17-651Z,1,c3f69e51-10d0-4797-8ffe-5e2cad8287c4,data/persona_sim_logs/sim_replay_april_2026-07-10T15-24-17-651Z/teams_summary.csv,ToB_Differentiation_Adult,Hybrid,6000,13,-2000035,-2000035,-2000035,-2000035,false,0,false,false,0.43333333333333335,0.43333333333333335,,false,0.8000000000000002,0.8000000000000002,,false,,0.21850000000000003,0.21850000000000003,883,,submit_final_compact,false,failed,找不到 grid: ToB_Differentiation_Adult,true,false,final coverCore/coverNice unavailable; do not use exported coverage to explain final profit
sim_replay_april_2026-07-10T15-24-17-651Z,2,d8ef5fc6-7276-4fff-a22e-6a91eced87b4,data/persona_sim_logs/sim_replay_april_2026-07-10T15-24-17-651Z/teams_summary.csv,ToB_Differentiation_Child,Experience,,0,,,,,,,false,false,,,,false,,,,false,,,,,,csv_or_unavailable,false,not_needed,,false,false,final coverCore/coverNice unavailable; do not use exported coverage to explain final profit
sim_replay_april_2026-07-10T15-24-17-651Z,3,8948bca9-4e20-4c31-b7e0-dfbb36d3a3e1,data/persona_sim_logs/sim_replay_april_2026-07-10T15-24-17-651Z/teams_summary.csv,ToB_Cost_Elder,Function,3000,10,3781557,3781557,3781557,3781557,true,0,false,false,0.5,0.5,,false,0.32,0.32,,false,,0.19024999999999995,0.19024999999999995,5887,,submit_final_compact,false,failed,找不到 grid: ToB_Cost_Elder,true,false,final coverCore/coverNice unavailable; do not use exported coverage to explain final profit
sim_replay_april_2026-07-10T15-24-17-651Z,4,8348852c-dfb3-40c3-9621-48d8a9e8d0af,data/persona_sim_logs/sim_replay_april_2026-07-10T15-24-17-651Z/teams_summary.csv,ToB_Cost_Adult,Function,2000,10,-1768067,-1768067,-1768067,-1768067,false,0,false,false,0.3,0.3,,false,0.525,0.525,,false,,0.15025,0.15025,4521,,submit_final_compact,false,failed,找不到 grid: ToB_Cost_Adult,true,false,final coverCore/coverNice unavailable; do not use exported coverage to explain final profit
sim_replay_april_2026-07-10T15-24-17-651Z,5,108adac7-b900-431b-a0f4-e0ad2f953175,data/persona_sim_logs/sim_replay_april_2026-07-10T15-24-17-651Z/teams_summary.csv,ToB_Cost_Child,Hybrid,6000,10,-1532248,-1532248,-1532248,-1532248,false,0,false,false,0.14285714285714285,0.14285714285714285,,false,0.65,0.65,,false,,0.12428571428571428,0.12428571428571428,442,,submit_final_compact,false,failed,找不到 grid: ToB_Cost_Child,true,false,final coverCore/coverNice unavailable; do not use exported coverage to explain final profit
sim_replay_april_2026-07-10T15-24-17-651Z,6,7eded9d6-b839-428a-9b58-2565e50685fd,data/persona_sim_logs/sim_replay_april_2026-07-10T15-24-17-651Z/teams_summary.csv,ToC_Differentiation_Elder,Experience,2500,11,-457793,-457793,-457793,-457793,false,0,false,false,0.5,0.5,,false,0.8,0.8,,false,,0.272,0.272,10097,,submit_final_compact,false,failed,找不到 grid: ToC_Differentiation_Elder,true,false,final coverCore/coverNice unavailable; do not use exported coverage to explain final profit
sim_replay_april_2026-07-10T15-24-17-651Z,7,5508dd75-3b7e-45e7-8005-c20f2d08f944,data/persona_sim_logs/sim_replay_april_2026-07-10T15-24-17-651Z/teams_summary.csv,ToC_Differentiation_Adult,Experience,3000,11,-1149912,-1149912,-1149912,-1149912,false,0,false,false,0.6076923076923078,0.6076923076923078,,false,0,0,,false,,0.13921153846153844,0.13921153846153844,3225,,submit_final_compact,false,failed,找不到 grid: ToC_Differentiation_Adult,true,false,final coverCore/coverNice unavailable; do not use exported coverage to explain final profit
sim_replay_april_2026-07-10T15-24-17-651Z,8,d0a54984-e149-4e53-86d7-e2a0645c009d,data/persona_sim_logs/sim_replay_april_2026-07-10T15-24-17-651Z/teams_summary.csv,ToC_Differentiation_Child,Experience,2800,11,-312948,-312948,-312948,-312948,false,0,false,false,0.7400000000000001,0.7400000000000001,,false,0,0,,false,,0.18925000000000014,0.18925000000000014,7126,,submit_final_compact,false,failed,找不到 grid: ToC_Differentiation_Child,true,false,final coverCore/coverNice unavailable; do not use exported coverage to explain final profit
sim_replay_april_2026-07-10T15-24-17-651Z,9,7888dbec-2f6a-4bf4-9f9f-bda561baf83f,data/persona_sim_logs/sim_replay_april_2026-07-10T15-24-17-651Z/teams_summary.csv,ToC_Cost_Elder,Function,2000,13,-2534550,-2534550,-2534550,-2534550,false,0,false,false,0.68,0.68,,false,0.5,0.5,,false,,0.26450000000000007,0.26450000000000007,19591,,submit_final_compact,false,failed,找不到 grid: ToC_Cost_Elder,true,false,final coverCore/coverNice unavailable; do not use exported coverage to explain final profit
sim_replay_april_2026-07-10T15-24-17-651Z,10,9e7a55a0-9173-4833-81db-f9a26b2872f7,data/persona_sim_logs/sim_replay_april_2026-07-10T15-24-17-651Z/teams_summary.csv,ToC_Cost_Adult,Function,6000,11,-3047921,-3047921,-3047921,-3047921,false,0,false,false,0.5875,0.5875,,false,0,0,,false,,0.13912500000000003,0.13912500000000003,281,,submit_final_compact,false,failed,找不到 grid: ToC_Cost_Adult,true,false,final coverCore/coverNice unavailable; do not use exported coverage to explain final profit
sim_replay_april_2026-07-10T15-24-17-651Z,11,25415b87-7c24-45b1-a28b-af1125023b03,data/persona_sim_logs/sim_replay_april_2026-07-10T15-24-17-651Z/teams_summary.csv,ToC_Cost_Child,Hybrid,6000,11,-2876337,-2876337,-2876337,-2876337,false,0,false,false,0.25,0.25,,false,0.5,0.5,,false,,0.12774999999999992,0.12774999999999992,169,,submit_final_compact,false,failed,找不到 grid: ToC_Cost_Child,true,false,final coverCore/coverNice unavailable; do not use exported coverage to explain final profit
sim_replay_april_2026-07-10T15-40-34-248Z,0,2eaffc5a-d850-46bc-a89e-3f3a3ac1e6cc,data/persona_sim_logs/sim_replay_april_2026-07-10T15-40-34-248Z/teams_summary.csv,ToB_Differentiation_Elder,Experience,6000,11,2728565,2728565,2728565,2728565,true,0,false,false,0.5333333333333333,0.5333333333333333,,false,0.64,0.64,,false,,0.25775000000000003,0.25775000000000003,1964,,submit_final_compact,false,failed,找不到 grid: ToB_Differentiation_Elder,true,false,final coverCore/coverNice unavailable; do not use exported coverage to explain final profit
sim_replay_april_2026-07-10T15-40-34-248Z,1,fdeffede-f67f-4c92-995f-3cc57fbb2d64,data/persona_sim_logs/sim_replay_april_2026-07-10T15-40-34-248Z/teams_summary.csv,,,,0,,,,,,,false,false,,,,false,,,,false,,,,,,csv_or_unavailable,false,not_needed,,false,false,final coverCore/coverNice unavailable; do not use exported coverage to explain final profit
sim_replay_april_2026-07-10T15-40-34-248Z,2,b0189620-30dd-4faa-9013-ad3546f5e95d,data/persona_sim_logs/sim_replay_april_2026-07-10T15-40-34-248Z/teams_summary.csv,ToB_Differentiation_Child,Experience,2000,10,-3820447,-3820447,-3820447,-3820447,false,0,false,false,0,0,,false,0.525,0.525,,false,,0.011250000000000038,0.011250000000000038,500,,submit_final_compact,false,failed,找不到 grid: ToB_Differentiation_Child,true,false,final coverCore/coverNice unavailable; do not use exported coverage to explain final profit
sim_replay_april_2026-07-10T15-40-34-248Z,3,d066c126-c37f-432b-aad4-c007f772ac9f,data/persona_sim_logs/sim_replay_april_2026-07-10T15-40-34-248Z/teams_summary.csv,ToB_Cost_Elder,Function,2800,11,25546000,25546000,25546000,25546000,true,0,false,false,0.7000000000000001,0.7000000000000001,,false,0.64,0.64,,false,,0.3360000000000001,0.3360000000000001,29967,,submit_final_compact,false,failed,找不到 grid: ToB_Cost_Elder,true,false,final coverCore/coverNice unavailable; do not use exported coverage to explain final profit
sim_replay_april_2026-07-10T15-40-34-248Z,4,44fb4305-8fc5-46a0-9209-40d4cafa4d1d,data/persona_sim_logs/sim_replay_april_2026-07-10T15-40-34-248Z/teams_summary.csv,,,,0,,,,,,,false,false,,,,false,,,,false,,,,,,csv_or_unavailable,false,not_needed,,false,false,final coverCore/coverNice unavailable; do not use exported coverage to explain final profit
sim_replay_april_2026-07-10T15-40-34-248Z,5,7fca67de-d92b-4122-9c62-7822d4079df1,data/persona_sim_logs/sim_replay_april_2026-07-10T15-40-34-248Z/teams_summary.csv,ToB_Cost_Child,Hybrid,3000,11,-1924594,-1924594,-1924594,-1924594,false,0,false,false,0.2285714285714286,0.2285714285714286,,false,0.7,0.7,,false,,0.13960714285714287,0.13960714285714287,2372,,submit_final_compact,false,failed,找不到 grid: ToB_Cost_Child,true,false,final coverCore/coverNice unavailable; do not use exported coverage to explain final profit
sim_replay_april_2026-07-10T15-40-34-248Z,6,c03b03bd-31e1-4b30-a1da-8013b2a8fbaa,data/persona_sim_logs/sim_replay_april_2026-07-10T15-40-34-248Z/teams_summary.csv,ToC_Differentiation_Elder,Experience,,0,,,,,,,false,false,,,,false,,,,false,,,,,,csv_or_unavailable,false,not_needed,,false,false,final coverCore/coverNice unavailable; do not use exported coverage to explain final profit
sim_replay_april_2026-07-10T15-40-34-248Z,7,4e40d610-4ce6-4aa3-840d-b4deca67def4,data/persona_sim_logs/sim_replay_april_2026-07-10T15-40-34-248Z/teams_summary.csv,ToC_Differentiation_Adult,Experience,2800,11,-1857529,-1857529,-1857529,-1857529,false,0,false,false,0.6307692307692309,0.6307692307692309,,false,0,0,,false,,0.1483461538461539,0.1483461538461539,3766,,submit_final_compact,false,failed,找不到 grid: ToC_Differentiation_Adult,true,false,final coverCore/coverNice unavailable; do not use exported coverage to explain final profit
sim_replay_april_2026-07-10T15-40-34-248Z,8,116bc878-ba4f-41a8-b660-65790a40c1ab,data/persona_sim_logs/sim_replay_april_2026-07-10T15-40-34-248Z/teams_summary.csv,ToC_Differentiation_Child,Experience,4000,12,-522025,-522025,-522025,-522025,false,0,false,false,0.7400000000000001,0.7400000000000001,,false,0,0,,false,,0.1695000000000001,0.1695000000000001,3088,,submit_final_compact,false,failed,找不到 grid: ToC_Differentiation_Child,true,false,final coverCore/coverNice unavailable; do not use exported coverage to explain final profit
sim_replay_april_2026-07-10T15-40-34-248Z,9,7ccf1a1a-27be-4e2a-8a52-6ff1b6258377,data/persona_sim_logs/sim_replay_april_2026-07-10T15-40-34-248Z/teams_summary.csv,ToC_Cost_Elder,Function,6000,12,-1924141,-1924141,-1924141,-1924141,false,0,false,false,0.5800000000000001,0.5800000000000001,,false,0.8,0.8,,false,,0.2977500000000002,0.2977500000000002,1024,,submit_final_compact,false,failed,找不到 grid: ToC_Cost_Elder,true,false,final coverCore/coverNice unavailable; do not use exported coverage to explain final profit
sim_replay_april_2026-07-10T15-40-34-248Z,10,5ea8e825-d35e-456f-876e-f5bd6230fd27,data/persona_sim_logs/sim_replay_april_2026-07-10T15-40-34-248Z/teams_summary.csv,,,,0,,,,,,,false,false,,,,false,,,,false,,,,,,csv_or_unavailable,false,not_needed,,false,false,final coverCore/coverNice unavailable; do not use exported coverage to explain final profit
sim_replay_april_2026-07-10T15-40-34-248Z,11,c6838aa2-7905-4bd8-b6d9-59f12803519c,data/persona_sim_logs/sim_replay_april_2026-07-10T15-40-34-248Z/teams_summary.csv,ToC_Cost_Child,Hybrid,6000,11,-3664984,-3664984,-3664984,-3664984,false,0,false,false,0,0,,false,0.7250000000000001,0.7250000000000001,,false,,0.04375000000000004,0.04375000000000004,62,,submit_final_compact,false,failed,找不到 grid: ToC_Cost_Child,true,false,final coverCore/coverNice unavailable; do not use exported coverage to explain final profit
sim_replay_april_2026-07-10T15-55-17-370Z,0,beb8b20f-d900-4b8f-8df4-164473168b68,data/persona_sim_logs/sim_replay_april_2026-07-10T15-55-17-370Z/teams_summary.csv,ToB_Differentiation_Elder,Experience,4000,13,3514564,3514564,3514564,3514564,true,0,false,false,0.6666666666666666,0.6666666666666666,,false,0.4,0.4,,false,,0.23775000000000002,0.23775000000000002,4401,,submit_final_compact,false,failed,找不到 grid: ToB_Differentiation_Elder,true,false,final coverCore/coverNice unavailable; do not use exported coverage to explain final profit
sim_replay_april_2026-07-10T15-55-17-370Z,1,f749022d-5eba-4cbf-bef4-5d3fbf2b35bd,data/persona_sim_logs/sim_replay_april_2026-07-10T15-55-17-370Z/teams_summary.csv,ToB_Differentiation_Adult,Hybrid,6000,11,-3247771,-3247771,-3247771,-3247771,false,0,false,false,0.16666666666666666,0.16666666666666666,,false,0.8000000000000002,0.8000000000000002,,false,,0.14299999999999996,0.14299999999999996,239,,submit_final_compact,false,failed,找不到 grid: ToB_Differentiation_Adult,true,false,final coverCore/coverNice unavailable; do not use exported coverage to explain final profit
sim_replay_april_2026-07-10T15-55-17-370Z,2,61859e54-5940-4bd9-ae3c-d1ee052c4ed5,data/persona_sim_logs/sim_replay_april_2026-07-10T15-55-17-370Z/teams_summary.csv,ToB_Differentiation_Child,Experience,6000,12,-4635757,-4635757,-4635757,-4635757,false,0,false,false,0.3,0.3,,false,0.5,0.5,,false,,0.08024999999999996,0.08024999999999996,171,,submit_final_compact,false,failed,找不到 grid: ToB_Differentiation_Child,true,false,final coverCore/coverNice unavailable; do not use exported coverage to explain final profit
sim_replay_april_2026-07-10T15-55-17-370Z,3,a27a21f8-1465-4432-bed4-197a1e9363dd,data/persona_sim_logs/sim_replay_april_2026-07-10T15-55-17-370Z/teams_summary.csv,ToB_Cost_Elder,Function,4000,12,2600399,2600399,2600399,2600399,true,0,false,false,0.5,0.5,,false,0.52,0.52,,false,,0.20550000000000002,0.20550000000000002,3675,,submit_final_compact,false,failed,找不到 grid: ToB_Cost_Elder,true,false,final coverCore/coverNice unavailable; do not use exported coverage to explain final profit
sim_replay_april_2026-07-10T15-55-17-370Z,4,d27d75e5-0d31-43c9-9087-78cff5c48ac4,data/persona_sim_logs/sim_replay_april_2026-07-10T15-55-17-370Z/teams_summary.csv,ToB_Cost_Adult,Function,2800,11,-751892,-751892,-751892,-751892,false,0,false,false,0.3,0.3,,false,0.6000000000000001,0.6000000000000001,,false,,0.1535,0.1535,3039,,submit_final_compact,false,failed,找不到 grid: ToB_Cost_Adult,true,false,final coverCore/coverNice unavailable; do not use exported coverage to explain final profit
sim_replay_april_2026-07-10T15-55-17-370Z,5,6fb2a6b3-30d2-48b7-b678-ba6b10248738,data/persona_sim_logs/sim_replay_april_2026-07-10T15-55-17-370Z/teams_summary.csv,ToB_Cost_Child,Hybrid,6000,12,-3082687,-3082687,-3082687,-3082687,false,0,false,false,0.2285714285714286,0.2285714285714286,,false,0.65,0.65,,false,,0.11635714285714285,0.11635714285714285,411,,submit_final_compact,false,failed,找不到 grid: ToB_Cost_Child,true,false,final coverCore/coverNice unavailable; do not use exported coverage to explain final profit
sim_replay_april_2026-07-10T15-55-17-370Z,6,0cbb41a7-c52e-4fee-81d5-5a87364675ef,data/persona_sim_logs/sim_replay_april_2026-07-10T15-55-17-370Z/teams_summary.csv,ToC_Differentiation_Elder,Experience,2800,12,6347069,6347069,6347069,6347069,true,0,false,false,0.5800000000000001,0.5800000000000001,,false,0.8,0.8,,false,,0.3100000000000001,0.3100000000000001,16617,,submit_final_compact,false,failed,找不到 grid: ToC_Differentiation_Elder,true,false,final coverCore/coverNice unavailable; do not use exported coverage to explain final profit
sim_replay_april_2026-07-10T15-55-17-370Z,7,9548611e-07db-4b2a-9c84-c5f7c7319cb8,data/persona_sim_logs/sim_replay_april_2026-07-10T15-55-17-370Z/teams_summary.csv,ToC_Differentiation_Adult,Experience,3000,12,-2192911,-2192911,-2192911,-2192911,false,0,false,false,0.6076923076923078,0.6076923076923078,,false,0,0,,false,,0.12396153846153848,0.12396153846153848,2663,,submit_final_compact,false,failed,找不到 grid: ToC_Differentiation_Adult,true,false,final coverCore/coverNice unavailable; do not use exported coverage to explain final profit
sim_replay_april_2026-07-10T15-55-17-370Z,8,3912c074-4062-4d71-b50b-2769fac6e160,data/persona_sim_logs/sim_replay_april_2026-07-10T15-55-17-370Z/teams_summary.csv,ToC_Differentiation_Child,Experience,4000,10,-969695,-969695,-969695,-969695,false,0,false,false,0.5800000000000001,0.5800000000000001,,false,0,0,,false,,0.14275000000000007,0.14275000000000007,1846,,submit_final_compact,false,failed,找不到 grid: ToC_Differentiation_Child,true,false,final coverCore/coverNice unavailable; do not use exported coverage to explain final profit
sim_replay_april_2026-07-10T15-55-17-370Z,9,7ab302d9-d304-4d50-ba90-23d8f0494c57,data/persona_sim_logs/sim_replay_april_2026-07-10T15-55-17-370Z/teams_summary.csv,ToC_Cost_Elder,Function,2400,11,5089290,5089290,5089290,5089290,true,0,false,false,0.5800000000000001,0.5800000000000001,,false,0.5,0.5,,false,,0.271,0.271,13689,,submit_final_compact,false,failed,找不到 grid: ToC_Cost_Elder,true,false,final coverCore/coverNice unavailable; do not use exported coverage to explain final profit
sim_replay_april_2026-07-10T15-55-17-370Z,10,257d75f2-af57-4620-8f95-79ef72f11838,data/persona_sim_logs/sim_replay_april_2026-07-10T15-55-17-370Z/teams_summary.csv,ToC_Cost_Adult,Function,4000,11,-840614,-840614,-840614,-840614,false,0,false,false,0.7,0.7,,false,0,0,,false,,0.16174999999999998,0.16174999999999998,1901,,submit_final_compact,false,failed,找不到 grid: ToC_Cost_Adult,true,false,final coverCore/coverNice unavailable; do not use exported coverage to explain final profit
sim_replay_april_2026-07-10T15-55-17-370Z,11,2a5664a3-9abb-40c6-b089-9d4ba04ff845,data/persona_sim_logs/sim_replay_april_2026-07-10T15-55-17-370Z/teams_summary.csv,ToC_Cost_Child,Hybrid,6000,11,-4183260,-4183260,-4183260,-4183260,false,0,false,false,0,0,,false,0.7250000000000001,0.7250000000000001,,false,,0.03950000000000001,0.03950000000000001,53,,submit_final_compact,false,failed,找不到 grid: ToC_Cost_Child,true,false,final coverCore/coverNice unavailable; do not use exported coverage to explain final profit
sim_replay_april_2026-07-10T16-17-07-732Z,0,837907ce-2c43-41fe-938d-98f4cafa0e0a,data/persona_sim_logs/sim_replay_april_2026-07-10T16-17-07-732Z/teams_summary.csv,ToB_Differentiation_Elder,Experience,3000,18,-2687737,-2687737,-2687737,-2687737,false,0,false,false,0.68,0.68,,false,0.64,0.64,,false,,0.19749999999999995,0.19749999999999995,9501,,submit_final_compact,false,failed,找不到 grid: ToB_Differentiation_Elder,true,false,final coverCore/coverNice unavailable; do not use exported coverage to explain final profit
sim_replay_april_2026-07-10T16-17-07-732Z,1,0740cc15-03de-4ebd-aba1-880ca0929627,data/persona_sim_logs/sim_replay_april_2026-07-10T16-17-07-732Z/teams_summary.csv,ToB_Differentiation_Adult,Hybrid,6000,17,-4039733,-4039733,-4039733,-4039733,false,0,false,false,0.45,0.45,,false,0.8,0.8,,false,,0.13525,0.13525,716,,submit_final_compact,false,failed,找不到 grid: ToB_Differentiation_Adult,true,false,final coverCore/coverNice unavailable; do not use exported coverage to explain final profit
sim_replay_april_2026-07-10T16-17-07-732Z,2,37d0bfa0-228e-4475-a449-2b49f77f2814,data/persona_sim_logs/sim_replay_april_2026-07-10T16-17-07-732Z/teams_summary.csv,ToB_Differentiation_Child,Experience,4000,19,-2347790,-2347790,-2347790,-2347790,false,0,false,false,0.62,0.62,,false,0.5166666666666667,0.5166666666666667,,false,,0.1316666666666666,0.1316666666666666,3073,,submit_final_compact,false,failed,找不到 grid: ToB_Differentiation_Child,true,false,final coverCore/coverNice unavailable; do not use exported coverage to explain final profit
sim_replay_april_2026-07-10T16-17-07-732Z,3,7b3ba279-ad2b-4484-9f4c-83c59d7e1fd5,data/persona_sim_logs/sim_replay_april_2026-07-10T16-17-07-732Z/teams_summary.csv,ToB_Cost_Elder,Function,2000,18,-9466440,-9466440,-9466440,-9466440,false,0,false,false,0.4,0.4,,false,0.7666666666666667,0.7666666666666667,,false,,0.0981666666666666,0.0981666666666666,6236,,submit_final_compact,false,failed,找不到 grid: ToB_Cost_Elder,true,false,final coverCore/coverNice unavailable; do not use exported coverage to explain final profit
sim_replay_april_2026-07-10T16-17-07-732Z,4,fad00641-853b-4b0f-8f34-283bc3aca746,data/persona_sim_logs/sim_replay_april_2026-07-10T16-17-07-732Z/teams_summary.csv,ToB_Cost_Adult,Function,6000,16,-3131415,-3131415,-3131415,-3131415,false,0,false,false,0.4142857142857143,0.4142857142857143,,false,0.68,0.68,,false,,0.11592857142857134,0.11592857142857134,792,,submit_final_compact,false,failed,找不到 grid: ToB_Cost_Adult,true,false,final coverCore/coverNice unavailable; do not use exported coverage to explain final profit
sim_replay_april_2026-07-10T16-17-07-732Z,5,fe666e87-2d24-4448-8ddc-cce38bdb1942,data/persona_sim_logs/sim_replay_april_2026-07-10T16-17-07-732Z/teams_summary.csv,ToB_Cost_Child,Hybrid,4000,16,10815598,10815598,10815598,10815598,true,0,false,false,0.64,0.64,,false,0.7000000000000001,0.7000000000000001,,false,,0.22600000000000003,0.22600000000000003,11905,,submit_final_compact,false,failed,找不到 grid: ToB_Cost_Child,true,false,final coverCore/coverNice unavailable; do not use exported coverage to explain final profit
sim_replay_april_2026-07-10T16-17-07-732Z,6,36fabbba-9e5a-4887-ba59-9ccf2af04b22,data/persona_sim_logs/sim_replay_april_2026-07-10T16-17-07-732Z/teams_summary.csv,ToC_Differentiation_Elder,Experience,3200,18,-4169016,-4169016,-4169016,-4169016,false,0,false,false,0.68,0.68,,false,0.7000000000000001,0.7000000000000001,,false,,0.20675000000000018,0.20675000000000018,10180,,submit_final_compact,false,failed,找不到 grid: ToC_Differentiation_Elder,true,false,final coverCore/coverNice unavailable; do not use exported coverage to explain final profit
sim_replay_april_2026-07-10T16-17-07-732Z,7,7a937d35-b360-41d5-baf8-f96e33312553,data/persona_sim_logs/sim_replay_april_2026-07-10T16-17-07-732Z/teams_summary.csv,ToC_Differentiation_Adult,Experience,2400,20,-16163095,-16163095,-16163095,-16163095,false,0,false,false,0.8,0.8,,false,0.65,0.65,,false,,0.18974999999999997,0.18974999999999997,18409,,submit_final_compact,false,failed,找不到 grid: ToC_Differentiation_Adult,true,false,final coverCore/coverNice unavailable; do not use exported coverage to explain final profit
sim_replay_april_2026-07-10T16-17-07-732Z,8,33cccaf7-9c5b-4b06-96b2-f5ccfa5c7338,data/persona_sim_logs/sim_replay_april_2026-07-10T16-17-07-732Z/teams_summary.csv,ToC_Differentiation_Child,Experience,1000,19,-66868725,-66868725,-66868725,-66868725,false,0,false,false,0.7000000000000001,0.7000000000000001,,false,0.8,0.8,,false,,0.22825000000000006,0.22825000000000006,37637,,submit_final_compact,false,failed,找不到 grid: ToC_Differentiation_Child,true,false,final coverCore/coverNice unavailable; do not use exported coverage to explain final profit
sim_replay_april_2026-07-10T16-17-07-732Z,9,5c41102e-4cae-439b-a480-ff9c5072d4eb,data/persona_sim_logs/sim_replay_april_2026-07-10T16-17-07-732Z/teams_summary.csv,ToC_Cost_Elder,Function,4000,17,-1777940,-1777940,-1777940,-1777940,false,0,false,false,0.6000000000000001,0.6000000000000001,,false,0.725,0.725,,false,,0.19250000000000003,0.19250000000000003,4263,,submit_final_compact,false,failed,找不到 grid: ToC_Cost_Elder,true,false,final coverCore/coverNice unavailable; do not use exported coverage to explain final profit
sim_replay_april_2026-07-10T16-17-07-732Z,10,d9ae0aef-1f49-4dca-8d58-18caa6f6fe52,data/persona_sim_logs/sim_replay_april_2026-07-10T16-17-07-732Z/teams_summary.csv,ToC_Cost_Adult,Function,2800,16,-4766707,-4766707,-4766707,-4766707,false,0,false,false,0.4799999999999999,0.4799999999999999,,false,0.65,0.65,,false,,0.1542499999999999,0.1542499999999999,5495,,submit_final_compact,false,failed,找不到 grid: ToC_Cost_Adult,true,false,final coverCore/coverNice unavailable; do not use exported coverage to explain final profit
sim_replay_april_2026-07-10T16-17-07-732Z,11,47eae9cc-6881-4d58-afa3-f395992be3d4,data/persona_sim_logs/sim_replay_april_2026-07-10T16-17-07-732Z/teams_summary.csv,ToC_Cost_Child,Hybrid,6000,16,-4172200,-4172200,-4172200,-4172200,false,0,false,false,0.42000000000000004,0.42000000000000004,,false,0.7000000000000001,0.7000000000000001,,false,,0.14300000000000013,0.14300000000000013,480,,submit_final_compact,false,failed,找不到 grid: ToC_Cost_Child,true,false,final coverCore/coverNice unavailable; do not use exported coverage to explain final profit
sim_simple_persona_v1_2026-07-12T11-17-30-309Z,0,9f34e1da-4422-4da0-967d-9252968da41f,data/persona_sim_logs/sim_simple_persona_v1_2026-07-12T11-17-30-309Z/teams_summary.csv,ToB_Differentiation_Elder,Experience,4000,10,-3511675,30457998,-3511675,-3511675,false,-33969673,true,true,0.7000000000000001,0.7000000000000001,,false,0.8000000000000002,0.8000000000000002,,false,,0.35225000000000023,0,213,,submit_final_compact,false,failed,找不到 grid: ToB_Differentiation_Elder,true,false,final coverCore/coverNice unavailable; do not use exported coverage to explain final profit
sim_simple_persona_v1_2026-07-12T11-17-30-309Z,1,0668f65c-e685-4b48-ba99-2d787d62545b,data/persona_sim_logs/sim_simple_persona_v1_2026-07-12T11-17-30-309Z/teams_summary.csv,ToB_Differentiation_Adult,Hybrid,5600,11,-3123283,-1737483,-3123283,-3123283,false,-1385800,true,false,0.43333333333333335,0.43333333333333335,,false,0.5333333333333333,0.5333333333333333,,false,,0.16308333333333336,0.10675,340,,submit_final_compact,false,failed,找不到 grid: ToB_Differentiation_Adult,true,false,final coverCore/coverNice unavailable; do not use exported coverage to explain final profit
sim_simple_persona_v1_2026-07-12T11-17-30-309Z,2,9ac27ae4-c3a5-400e-8165-722ee093e4c1,data/persona_sim_logs/sim_simple_persona_v1_2026-07-12T11-17-30-309Z/teams_summary.csv,ToB_Differentiation_Child,Experience,4200,12,-3295345,57131801,-3295345,-3295345,false,-60427146,true,true,0.9,0.9,,false,0.65,0.65,,false,,0.3752500000000001,0.06275000000000006,829,,submit_final_compact,false,failed,找不到 grid: ToB_Differentiation_Child,true,false,final coverCore/coverNice unavailable; do not use exported coverage to explain final profit
sim_simple_persona_v1_2026-07-12T11-17-30-309Z,3,bf79b74e-d73a-44d0-b733-7bf1a29946c7,data/persona_sim_logs/sim_simple_persona_v1_2026-07-12T11-17-30-309Z/teams_summary.csv,ToB_Cost_Elder,Function,4000,9,10803185,15178396,10803185,10803185,true,-4375211,true,false,0.5,0.5,,false,0.62,0.62,,false,,0.25875000000000004,0.21000000000000008,5475,,submit_final_compact,false,failed,找不到 grid: ToB_Cost_Elder,true,false,final coverCore/coverNice unavailable; do not use exported coverage to explain final profit
sim_simple_persona_v1_2026-07-12T11-17-30-309Z,4,23777928-4a5e-43b8-a5db-a2d1b361b96c,data/persona_sim_logs/sim_simple_persona_v1_2026-07-12T11-17-30-309Z/teams_summary.csv,ToB_Cost_Adult,Function,3000,11,-3073780,4188467,-3073780,-3073780,false,-7262247,true,true,0.5,0.5,,false,0.45,0.45,,false,,0.18600000000000005,0,280,,submit_final_compact,false,failed,找不到 grid: ToB_Cost_Adult,true,false,final coverCore/coverNice unavailable; do not use exported coverage to explain final profit
sim_simple_persona_v1_2026-07-12T11-17-30-309Z,5,8fdcf155-fe79-42b9-87df-5660aec56c00,data/persona_sim_logs/sim_simple_persona_v1_2026-07-12T11-17-30-309Z/teams_summary.csv,ToB_Cost_Child,Hybrid,3000,10,34401475,15376164,34401475,34401475,true,19025311,true,false,0.6222222222222222,0.6222222222222222,,false,0.5,0.5,,false,,0.27125,0.2933928571428571,31777,,submit_final_compact,false,failed,找不到 grid: ToB_Cost_Child,true,false,final coverCore/coverNice unavailable; do not use exported coverage to explain final profit
sim_simple_persona_v1_2026-07-12T11-17-30-309Z,6,8ae1819f-b449-4254-b885-e0721bae3a9b,data/persona_sim_logs/sim_simple_persona_v1_2026-07-12T11-17-30-309Z/teams_summary.csv,ToC_Differentiation_Elder,Experience,4000,11,-2370017,16635299,-2370017,-2370017,false,-19005316,true,true,0.6333333333333333,0.6333333333333333,,false,1,1,,false,,0.36249999999999993,0.129264705882353,1541,,submit_final_compact,false,failed,找不到 grid: ToC_Differentiation_Elder,true,false,final coverCore/coverNice unavailable; do not use exported coverage to explain final profit
sim_simple_persona_v1_2026-07-12T11-17-30-309Z,7,e5aa92d3-e410-4dde-a976-1ad55f6172d4,data/persona_sim_logs/sim_simple_persona_v1_2026-07-12T11-17-30-309Z/teams_summary.csv,ToC_Differentiation_Adult,Experience,4000,11,-2694287,16097395,-2694287,-2694287,false,-18791682,true,true,0.7692307692307693,0.7692307692307693,,false,0.5,0.5,,false,,0.3114038461538462,0.10230882352941177,1329,,submit_final_compact,false,failed,找不到 grid: ToC_Differentiation_Adult,true,false,final coverCore/coverNice unavailable; do not use exported coverage to explain final profit
sim_simple_persona_v1_2026-07-12T11-17-30-309Z,8,aaca96cf-f775-4882-a309-bbc522098bd7,data/persona_sim_logs/sim_simple_persona_v1_2026-07-12T11-17-30-309Z/teams_summary.csv,ToC_Differentiation_Child,Experience,4000,12,-4649998,-2961210,-4649998,-4649998,false,-1688788,true,false,0.5090909090909091,0.5090909090909091,,false,0.8,0.8,,false,,0.20509090909090916,0.06850000000000012,954,,submit_final_compact,false,failed,找不到 grid: ToC_Differentiation_Child,true,false,final coverCore/coverNice unavailable; do not use exported coverage to explain final profit
sim_simple_persona_v1_2026-07-12T11-17-30-309Z,9,d065863b-801f-4d8b-8f9b-e8bc8da2cdea,data/persona_sim_logs/sim_simple_persona_v1_2026-07-12T11-17-30-309Z/teams_summary.csv,ToC_Cost_Elder,Function,3000,8,-1428780,3375782,-1428780,-1428780,false,-4804562,true,true,0.4,0.4,,false,0.5,0.5,,false,,0.20950000000000005,0.023617647058823528,820,,submit_final_compact,false,failed,找不到 grid: ToC_Cost_Elder,true,false,final coverCore/coverNice unavailable; do not use exported coverage to explain final profit
sim_simple_persona_v1_2026-07-12T11-17-30-309Z,10,21835efa-d2ba-4a94-a7bd-ff403a408817,data/persona_sim_logs/sim_simple_persona_v1_2026-07-12T11-17-30-309Z/teams_summary.csv,ToC_Cost_Adult,Function,3000,9,-1849004,-194423,-1849004,-1849004,false,-1654581,true,false,0.4375,0.4375,,false,0,0,,false,,0.10937499999999997,0.01093750000000001,815,,submit_final_compact,false,failed,找不到 grid: ToC_Cost_Adult,true,false,final coverCore/coverNice unavailable; do not use exported coverage to explain final profit
sim_simple_persona_v1_2026-07-12T11-17-30-309Z,11,51218e7b-8887-4e77-85ad-89623cc0bae2,data/persona_sim_logs/sim_simple_persona_v1_2026-07-12T11-17-30-309Z/teams_summary.csv,ToC_Cost_Child,Hybrid,3000,10,-2458435,-1209296,-2458435,-2458435,false,-1249139,true,false,0.4166666666666667,0.4166666666666667,,false,0,0,,false,,0.07050000000000001,0,480,,submit_final_compact,false,failed,找不到 grid: ToC_Cost_Child,true,false,final coverCore/coverNice unavailable; do not use exported coverage to explain final profit
sim_structured_no_pricing_v1_2026-07-12T12-36-46-679Z,0,b0758702-bd22-4e7a-9e50-4d9413e6c5bf,data/persona_sim_logs/sim_structured_no_pricing_v1_2026-07-12T12-36-46-679Z/teams_summary.csv,ToB_Differentiation_Elder,Experience,4000,8,-2426910,-14249,-2426910,-2426910,false,-2412661,true,false,0.16666666666666666,0.16666666666666666,,false,0.8000000000000002,0.8000000000000002,,false,,0.18674999999999997,0.024249999999999987,263,,submit_final_compact,false,failed,找不到 grid: ToB_Differentiation_Elder,true,false,final coverCore/coverNice unavailable; do not use exported coverage to explain final profit
sim_structured_no_pricing_v1_2026-07-12T12-36-46-679Z,1,8cb11a18-4fd2-455b-a18c-3ad04dd9a783,data/persona_sim_logs/sim_structured_no_pricing_v1_2026-07-12T12-36-46-679Z/teams_summary.csv,ToB_Differentiation_Adult,Hybrid,4000,10,-1997989,-1799815,-1997989,-1997989,false,-198174,true,false,0.26666666666666666,0.26666666666666666,,false,0.7000000000000001,0.7000000000000001,,false,,0.14425000000000002,0.12125,945,,submit_final_compact,false,failed,找不到 grid: ToB_Differentiation_Adult,true,false,final coverCore/coverNice unavailable; do not use exported coverage to explain final profit
sim_structured_no_pricing_v1_2026-07-12T12-36-46-679Z,2,7d969dbc-fc8a-41e6-8ddc-3c90c1fac7b9,data/persona_sim_logs/sim_structured_no_pricing_v1_2026-07-12T12-36-46-679Z/teams_summary.csv,ToB_Differentiation_Child,Experience,4000,11,-3415326,1077777,-3415326,-3415326,false,-4493103,true,true,0.5,0.5,,false,0.4,0.4,,false,,0.18075,0.005750000000000005,305,,submit_final_compact,false,failed,找不到 grid: ToB_Differentiation_Child,true,false,final coverCore/coverNice unavailable; do not use exported coverage to explain final profit
sim_structured_no_pricing_v1_2026-07-12T12-36-46-679Z,3,120b72aa-05a7-40da-9c6a-f9911a41364f,data/persona_sim_logs/sim_structured_no_pricing_v1_2026-07-12T12-36-46-679Z/teams_summary.csv,ToB_Cost_Elder,Function,4000,7,5608267,10614857,5608267,5608267,true,-5006590,true,false,0.5,0.5,,false,0.3,0.3,,false,,0.22675,0.15800000000000003,3182,,submit_final_compact,false,failed,找不到 grid: ToB_Cost_Elder,true,false,final coverCore/coverNice unavailable; do not use exported coverage to explain final profit
sim_structured_no_pricing_v1_2026-07-12T12-36-46-679Z,4,57d1611d-5bec-4d8c-94cd-605280858a5e,data/persona_sim_logs/sim_structured_no_pricing_v1_2026-07-12T12-36-46-679Z/teams_summary.csv,ToB_Cost_Adult,Function,4000,8,-1877659,1308829,-1877659,-1877659,false,-3186488,true,true,0.3,0.3,,false,0.375,0.375,,false,,0.14625000000000002,0,298,,submit_final_compact,false,failed,找不到 grid: ToB_Cost_Adult,true,false,final coverCore/coverNice unavailable; do not use exported coverage to explain final profit
sim_structured_no_pricing_v1_2026-07-12T12-36-46-679Z,5,1ce16fa3-5d72-4c08-bbf3-37184a231c41,data/persona_sim_logs/sim_structured_no_pricing_v1_2026-07-12T12-36-46-679Z/teams_summary.csv,ToB_Cost_Child,Hybrid,3000,10,10031256,6018613,10031256,10031256,true,4012643,true,false,0.3888888888888889,0.3888888888888889,,false,0.5,0.5,,false,,0.19550000000000003,0.19728571428571431,8912,,submit_final_compact,false,failed,找不到 grid: ToB_Cost_Child,true,false,final coverCore/coverNice unavailable; do not use exported coverage to explain final profit
sim_structured_no_pricing_v1_2026-07-12T12-36-46-679Z,6,c06d55db-e3df-45ad-88cd-32238bf26ae8,data/persona_sim_logs/sim_structured_no_pricing_v1_2026-07-12T12-36-46-679Z/teams_summary.csv,ToC_Differentiation_Elder,Experience,4000,11,-2763083,15356498,-2763083,-2763083,false,-18119581,true,true,0.625,0.625,,false,0.8,0.8,,false,,0.33575,0.08744117647058824,829,,submit_final_compact,false,failed,找不到 grid: ToC_Differentiation_Elder,true,false,final coverCore/coverNice unavailable; do not use exported coverage to explain final profit
sim_structured_no_pricing_v1_2026-07-12T12-36-46-679Z,7,ca1129ae-6e6a-4a78-bf23-db3d0b8c22c2,data/persona_sim_logs/sim_structured_no_pricing_v1_2026-07-12T12-36-46-679Z/teams_summary.csv,ToC_Differentiation_Adult,Experience,4000,9,-948551,1621874,-948551,-948551,false,-2570425,true,true,0.6076923076923078,0.6076923076923078,,false,0,0,,false,,0.17271153846153842,0.10572058823529414,1268,,submit_final_compact,false,failed,找不到 grid: ToC_Differentiation_Adult,true,false,final coverCore/coverNice unavailable; do not use exported coverage to explain final profit
sim_structured_no_pricing_v1_2026-07-12T12-36-46-679Z,8,a2ad938a-5cfd-4f4b-ac14-7285446f06c2,data/persona_sim_logs/sim_structured_no_pricing_v1_2026-07-12T12-36-46-679Z/teams_summary.csv,ToC_Differentiation_Child,Experience,4000,11,-3645830,4708793,-3645830,-3645830,false,-8354623,true,true,0.5090909090909091,0.5090909090909091,,false,0.8,0.8,,false,,0.2658409090909092,0.03643750000000005,492,,submit_final_compact,false,failed,找不到 grid: ToC_Differentiation_Child,true,false,final coverCore/coverNice unavailable; do not use exported coverage to explain final profit
sim_structured_no_pricing_v1_2026-07-12T12-36-46-679Z,9,e91c7fd3-6a0b-421d-8f5b-dd3a2e15f59e,data/persona_sim_logs/sim_structured_no_pricing_v1_2026-07-12T12-36-46-679Z/teams_summary.csv,ToC_Cost_Elder,Function,3000,8,-1296783,4027178,-1296783,-1296783,false,-5323961,true,true,0.4,0.4,,false,0.5,0.5,,false,,0.20950000000000005,0.023617647058823528,909,,submit_final_compact,false,failed,找不到 grid: ToC_Cost_Elder,true,false,final coverCore/coverNice unavailable; do not use exported coverage to explain final profit
sim_structured_no_pricing_v1_2026-07-12T12-36-46-679Z,10,205336c2-fcf6-4880-b8c5-166c44654d4b,data/persona_sim_logs/sim_structured_no_pricing_v1_2026-07-12T12-36-46-679Z/teams_summary.csv,ToC_Cost_Adult,Function,3000,8,-2045561,-726830,-2045561,-2045561,false,-1318731,true,false,0.4375,0.4375,,false,0,0,,false,,0.11612499999999998,0.01768749999999998,643,,submit_final_compact,false,failed,找不到 grid: ToC_Cost_Adult,true,false,final coverCore/coverNice unavailable; do not use exported coverage to explain final profit
sim_structured_no_pricing_v1_2026-07-12T12-36-46-679Z,11,75f6e840-a41f-4ca8-bca1-710052898261,data/persona_sim_logs/sim_structured_no_pricing_v1_2026-07-12T12-36-46-679Z/teams_summary.csv,ToC_Cost_Child,Hybrid,3000,7,-1715018,-320489,-1715018,-1715018,false,-1394529,true,false,0.3833333333333333,0.3833333333333333,,false,0,0,,false,,0.08625,0,702,,submit_final_compact,false,failed,找不到 grid: ToC_Cost_Child,true,false,final coverCore/coverNice unavailable; do not use exported coverage to explain final profit
