run_id,grid,persona,condition,rep,wtp_ref,wtp_adj,estimated_wtp,status,error,reasoning,extraction_anchors_json,raw_response,auxiliary_raw_response
belief_bench_v1_2026-07-13,ToC_Cost_Elder,二代接班人,C0_leaked,2,11714,12906,300,success,,三位受访者均极度价格敏感，普遍对超过几百元的非必需支出犹豫不决，且对科技产品有抵触，仅接受极低成本的简单替代方案。,,"{""estimated_wtp"": 300, ""reasoning"": ""三位受访者均极度价格敏感，普遍对超过几百元的非必需支出犹豫不决，且对科技产品有抵触，仅接受极低成本的简单替代方案。""}",
belief_bench_v1_2026-07-13,ToC_Cost_Elder,二代接班人,C0_leaked,1,11714,12906,500,success,,三位受访者均表现出极强成本敏感和科技抵触，核心需求是开箱即用、稳定不折腾的被动陪伴，参考其对几百元闲置设备的容忍上限，支付意愿远低于高端产品，约500元以内。,,"{""estimated_wtp"": 500, ""reasoning"": ""三位受访者均表现出极强成本敏感和科技抵触，核心需求是开箱即用、稳定不折腾的被动陪伴，参考其对几百元闲置设备的容忍上限，支付意愿远低于高端产品，约500元以内。""}",
belief_bench_v1_2026-07-13,ToC_Cost_Elder,二代接班人,C0_leaked,6,11714,12906,500,success,,三位受访者均极度成本敏感，反复强调‘够用就行’、‘几百块’、‘超过这个数就得犹豫’，且对科技产品有强烈抵触，因此支付意愿上限约500元。,,"{""estimated_wtp"": 500, ""reasoning"": ""三位受访者均极度成本敏感，反复强调‘够用就行’、‘几百块’、‘超过这个数就得犹豫’，且对科技产品有强烈抵触，因此支付意愿上限约500元。""}",
belief_bench_v1_2026-07-13,ToC_Cost_Elder,二代接班人,C0_leaked,3,11714,12906,300,success,,三位受访者均极度价格敏感，核心逻辑是‘够好且便宜’，参考P2提及‘几百块的东西不折腾了’及P3‘够用就行’，同时参考原模板高端定位需大幅下压至成本可接受的低价区间。,,"{""estimated_wtp"": 300, ""reasoning"": ""三位受访者均极度价格敏感，核心逻辑是‘够好且便宜’，参考P2提及‘几百块的东西不折腾了’及P3‘够用就行’，同时参考原模板高端定位需大幅下压至成本可接受的低价区间。""}",
belief_bench_v1_2026-07-13,ToC_Cost_Elder,二代接班人,C0_leaked,4,11714,12906,300,success,,三位受访者均极度价格敏感，核心需求仅为基础陪伴与稳定可靠，且反复强调‘够用就行’、‘几百块’的心理价位，因此支付意愿远低于原高端模板，取300元作为可接受的低价起点。,,"{""estimated_wtp"": 300, ""reasoning"": ""三位受访者均极度价格敏感，核心需求仅为基础陪伴与稳定可靠，且反复强调‘够用就行’、‘几百块’的心理价位，因此支付意愿远低于原高端模板，取300元作为可接受的低价起点。""}",
belief_bench_v1_2026-07-13,ToC_Cost_Elder,二代接班人,C0_leaked,5,11714,12906,300,success,,三位受访者均极度价格敏感，以'够用就行'为核心，且对科技产品有强烈抵触，支付意愿远低于原高端模板，300元接近其可接受的'试水'价位。,,"{""estimated_wtp"": 300, ""reasoning"": ""三位受访者均极度价格敏感，以'够用就行'为核心，且对科技产品有强烈抵触，支付意愿远低于原高端模板，300元接近其可接受的'试水'价位。""}",
belief_bench_v1_2026-07-13,ToC_Cost_Elder,二代接班人,C0_leaked,7,11714,12906,500,success,,三位受访者均极度价格敏感，认为超过几百元的东西需要反复掂量，且对功能要求极低，仅需稳定可靠、开箱即用，因此支付意愿上限约为500元。,,"{""estimated_wtp"": 500, ""reasoning"": ""三位受访者均极度价格敏感，认为超过几百元的东西需要反复掂量，且对功能要求极低，仅需稳定可靠、开箱即用，因此支付意愿上限约为500元。""}",
belief_bench_v1_2026-07-13,ToC_Cost_Elder,二代接班人,C0_leaked,8,11714,12906,500,success,,三位受访者均表现出极强成本敏感、科技抵触与‘够用就好’心态，支付意愿远低于原高端参考区间，仅愿为‘开箱即用、不联网、稳定可靠’的替代方案支付数百元。,,"{""estimated_wtp"": 500, ""reasoning"": ""三位受访者均表现出极强成本敏感、科技抵触与‘够用就好’心态，支付意愿远低于原高端参考区间，仅愿为‘开箱即用、不联网、稳定可靠’的替代方案支付数百元。""}",
belief_bench_v1_2026-07-13,ToC_Cost_Elder,二代接班人,C0_leaked,9,11714,12906,500,success,,三位受访者均表现出极强成本敏感和科技抵触，支付意愿上限约500元，超过即触发替代思维或直接放弃。,,"{""estimated_wtp"": 500, ""reasoning"": ""三位受访者均表现出极强成本敏感和科技抵触，支付意愿上限约500元，超过即触发替代思维或直接放弃。""}",
belief_bench_v1_2026-07-13,ToC_Cost_Elder,二代接班人,C0_leaked,10,11714,12906,300,success,,三位受访者均表现出极强成本敏感性和科技抵触，支付意愿接近低端家电，参考示例语境取区间下限。,,"{""estimated_wtp"": 300, ""reasoning"": ""三位受访者均表现出极强成本敏感性和科技抵触，支付意愿接近低端家电，参考示例语境取区间下限。""}",
belief_bench_v1_2026-07-13,ToC_Cost_Elder,二代接班人,C0_clean,1,11714,12906,200,success,,三位受访者均极度成本敏感，认为超过200元就不值当，且需开箱即用、无后续维护成本。,,"{""estimated_wtp"": 200, ""reasoning"": ""三位受访者均极度成本敏感，认为超过200元就不值当，且需开箱即用、无后续维护成本。""}",
belief_bench_v1_2026-07-13,ToC_Cost_Elder,二代接班人,C0_clean,2,11714,12906,150,success,,三位受访者均极度成本敏感，将科技产品视为‘浪费钱’，且反复提及‘够用就行’、‘几百块的东西’、‘开箱即用’，因此支付意愿极低，上限约150元。,,"{""estimated_wtp"": 150, ""reasoning"": ""三位受访者均极度成本敏感，将科技产品视为‘浪费钱’，且反复提及‘够用就行’、‘几百块的东西’、‘开箱即用’，因此支付意愿极低，上限约150元。""}",
belief_bench_v1_2026-07-13,ToC_Cost_Elder,二代接班人,C0_clean,3,11714,12906,200,success,,三位受访者均极度成本敏感，反复强调'够用就行'、'别太贵'，且对科技产品抵触，支付意愿上限约200元，需低于其日常非必要支出心理阈值。,,"{""estimated_wtp"": 200, ""reasoning"": ""三位受访者均极度成本敏感，反复强调'够用就行'、'别太贵'，且对科技产品抵触，支付意愿上限约200元，需低于其日常非必要支出心理阈值。""}",
belief_bench_v1_2026-07-13,ToC_Cost_Elder,二代接班人,C0_clean,4,11714,12906,300,success,,三位受访者均极度成本敏感，要求‘够好且便宜’，且将300元视为‘稍微大一点的支出’的心理阈值，超过此价会犹豫或与配偶商量。,,"{""estimated_wtp"": 300, ""reasoning"": ""三位受访者均极度成本敏感，要求‘够好且便宜’，且将300元视为‘稍微大一点的支出’的心理阈值，超过此价会犹豫或与配偶商量。""}",
belief_bench_v1_2026-07-13,ToC_Cost_Elder,二代接班人,C0_clean,6,11714,12906,300,success,,三位受访者均极度成本敏感，反复强调‘够用就行’、‘超过几百块就犹豫’，且参考高端同类产品定价，但实际支付意愿受限于养老金和节俭习惯，最高可接受约300元。,,"{""estimated_wtp"": 300, ""reasoning"": ""三位受访者均极度成本敏感，反复强调‘够用就行’、‘超过几百块就犹豫’，且参考高端同类产品定价，但实际支付意愿受限于养老金和节俭习惯，最高可接受约300元。""}",
belief_bench_v1_2026-07-13,ToC_Cost_Elder,二代接班人,C0_clean,7,11714,12906,200,success,,三位受访者均极度价格敏感，反复强调‘够用就行’、‘预算紧张’，且将替代现有低成本方案（如广播、自言自语）作为决策前提，因此支付意愿极低，约200元以内。,,"{""estimated_wtp"": 200, ""reasoning"": ""三位受访者均极度价格敏感，反复强调‘够用就行’、‘预算紧张’，且将替代现有低成本方案（如广播、自言自语）作为决策前提，因此支付意愿极低，约200元以内。""}",
belief_bench_v1_2026-07-13,ToC_Cost_Elder,二代接班人,C0_clean,5,11714,12906,300,success,,三位受访者均表现出极强成本敏感和科技抵触，核心需求是稳定可靠、开箱即用且价格极低，参考其日常消费逻辑（如打折大米、几百块闲置设备），高端定位无法匹配，支付意愿上限约300元。,,"{""estimated_wtp"": 300, ""reasoning"": ""三位受访者均表现出极强成本敏感和科技抵触，核心需求是稳定可靠、开箱即用且价格极低，参考其日常消费逻辑（如打折大米、几百块闲置设备），高端定位无法匹配，支付意愿上限约300元。""}",
belief_bench_v1_2026-07-13,ToC_Cost_Elder,二代接班人,C0_clean,8,11714,12906,200,success,,三位受访者均极度成本敏感，认为超过200元就需犹豫，且要求产品必须比现有替代方案更便宜、开箱即用、无后续维护成本。,,"{""estimated_wtp"": 200, ""reasoning"": ""三位受访者均极度成本敏感，认为超过200元就需犹豫，且要求产品必须比现有替代方案更便宜、开箱即用、无后续维护成本。""}",
belief_bench_v1_2026-07-13,ToC_Cost_Elder,二代接班人,C0_clean,9,11714,12906,200,success,,三位受访者均极度成本敏感，反复强调‘够用就行’、‘不超过几百块’，且对科技产品有强烈抵触，支付意愿上限约200元。,,"{""estimated_wtp"": 200, ""reasoning"": ""三位受访者均极度成本敏感，反复强调‘够用就行’、‘不超过几百块’，且对科技产品有强烈抵触，支付意愿上限约200元。""}",
belief_bench_v1_2026-07-13,ToC_Cost_Elder,二代接班人,C0_clean,10,11714,12906,200,success,,三位老人均极度成本敏感，认为陪伴机器人需比现有替代方案（如广播、自言自语）更便宜且开箱即用，200元是受访者反复提及的‘够用就行’的预算上限。,,"{""estimated_wtp"": 200, ""reasoning"": ""三位老人均极度成本敏感，认为陪伴机器人需比现有替代方案（如广播、自言自语）更便宜且开箱即用，200元是受访者反复提及的‘够用就行’的预算上限。""}",
belief_bench_v1_2026-07-13,ToC_Cost_Elder,二代接班人,C1,2,11714,12906,300,success,,三位受访者均表现出极强成本敏感、预算紧张，且将任何非核心功能视为浪费，支付意愿上限约300元。,,"{""estimated_wtp"": 300, ""reasoning"": ""三位受访者均表现出极强成本敏感、预算紧张，且将任何非核心功能视为浪费，支付意愿上限约300元。""}","以下是从三份报告中逐字引用的所有与价格、预算、支付意愿相关的句子：

**报告 1：ToC_Cost_Elder_P1**
- “去医院一趟得花不少钱。”
- “要是花钱找人聊天，那肯定不值当。”
- “买那些花里胡哨的东西，学不会就是白花钱。”
- “养宠物成本高、体力不够”
- “消费决策以‘成本高’和‘预算紧张’为核心。她提到上个月买了一袋打折的大米‘便宜了十几块钱特别高兴’，但换季添件外套想了好几天。”
- “学不会就是白花钱”
- “成本敏感+科技抵触”
- “不是必需的，我就不买”

**报告 2：ToC_Cost_Elder_P2**
- “我想开空调暖暖，可一想起上个月的电费单子，心就揪一下——好几百块呢，平时才一百出头。超过这个数我就得犹豫，够用就行，别太贵。”
- “那笔钱花出去，心疼好久。”
- “贵不贵？”
- “我花钱都跟老伴商量的，稍微大一点的支出两个人一起决定”
- “预算紧张，超过心理价位就要犹豫”
- “必须比现有方案便宜，且能节省多少人力或物力”
- “反正就几百块的东西，不折腾了。”

**报告 3：ToC_Cost_Elder_P3**
- “找人来修还要几十块工钱，不划算”
- “算清账才肯掏钱，够好且便宜是底线”
- “省下来的时间和力气，我觉得划算”
- “够用就行，别整那些花里胡哨的”
- “他买东西前会算清账，觉得划算才肯掏钱”
- “预算极低”
- “试用期很重要，得先试试看效果”
- “联网功能‘肯定更贵，不值当’”
- “够好且便宜”
- “任何超出基本功能的附加项都会被视为‘浪费钱’”"
belief_bench_v1_2026-07-13,ToC_Cost_Elder,二代接班人,C1,3,11714,12906,200,success,,引文显示该客群预算极低，核心是'够好且便宜'，对任何额外功能都视为浪费，且反复强调'心疼钱'、'不划算'，支付意愿上限约200元。,,"{""estimated_wtp"": 200, ""reasoning"": ""引文显示该客群预算极低，核心是'够好且便宜'，对任何额外功能都视为浪费，且反复强调'心疼钱'、'不划算'，支付意愿上限约200元。""}","以下是从三份报告中逐字引用的、与价格、预算、支付意愿相关的所有句子：

**报告 1：ToC_Cost_Elder_P1**
- “去医院一趟得花不少钱。”
- “要是花钱找人聊天，那肯定不值当。”
- “买那些花里胡哨的东西，学不会就是白花钱。”
- “养宠物成本高、体力不够。”
- “消费决策以'成本高'和'预算紧张'为核心。”
- “她提到上个月买了一袋打折的大米'便宜了十几块钱特别高兴'，但换季添件外套想了好几天。”
- “认为'学不会就是白花钱'。”
- “花钱前会反复掂量——'不是必需的，我就不买'。”

**报告 2：ToC_Cost_Elder_P2**
- “我想开空调暖暖，可一想起上个月的电费单子，心就揪一下——好几百块呢，平时才一百出头。超过这个数我就得犹豫，够用就行，别太贵。”
- “愿意寻找更便宜的替代方案来降低日常支出。”
- “按坏了心疼钱。”
- “那笔钱花出去，心疼好久。”
- “她愿意试试，但紧跟着问'贵不贵？'——然后提到'我花钱都跟老伴商量的，稍微大一点的支出两个人一起决定'。”
- “预算紧张，超过心理价位就要犹豫。”
- “核心决策逻辑是ROI为核心，必须比现有方案便宜，且能节省多少人力或物力。”
- “反正就几百块的东西，不折腾了。”
- “不联网才安全，省得操心。”

**报告 3：ToC_Cost_Elder_P3**
- “找人来修还要几十块工钱，不划算。”
- “买东西我都得琢磨好一阵，除非是那种明摆着能省事的——比如洗衣机，省下来的时间和力气，我觉得划算。”
- “够用就行，别整那些花里胡哨的，稳定、不折腾、不添乱才是硬道理。”
- “他买东西前会算清账，觉得划算才肯掏钱。”
- “预算极低。”
- “觉得联网功能'肯定更贵，不值当'。”
- “消费核心是'够好且便宜'，任何超出基本功能的附加项都会被视为'浪费钱'。”"
belief_bench_v1_2026-07-13,ToC_Cost_Elder,二代接班人,C1,5,11714,12906,500,success,,引文显示客群对价格极度敏感，视非必需功能为浪费，且对几百元支出都需反复权衡，因此支付意愿极低，估计不超过500元。,,"{""estimated_wtp"": 500, ""reasoning"": ""引文显示客群对价格极度敏感，视非必需功能为浪费，且对几百元支出都需反复权衡，因此支付意愿极低，估计不超过500元。""}","以下是从三份报告中逐字引用的所有与价格、预算、支付意愿相关的句子：

**报告 1：ToC_Cost_Elder_P1**
- “去医院一趟得花不少钱。”
- “要是花钱找人聊天，那肯定不值当。”
- “买那些花里胡哨的东西，学不会就是白花钱。”
- “之前买过一个便宜的扫地东西，用两天就坏。”
- “她提到上个月买了一袋打折的大米‘便宜了十几块钱特别高兴’，但换季添件外套想了好几天。”
- “学不会就是白花钱”
- “不是必需的，我就不买”

**报告 2：ToC_Cost_Elder_P2**
- “我想开空调暖暖，可一想起上个月的电费单子，心就揪一下——好几百块呢，平时才一百出头。超过这个数我就得犹豫，够用就行，别太贵。”
- “那笔钱花出去，心疼好久。”
- “她愿意试试，但紧跟着问‘贵不贵？’——然后提到‘我花钱都跟老伴商量的，稍微大一点的支出两个人一起决定’。”
- “必须比现有方案便宜，且能节省多少人力或物力。”
- “反正就几百块的东西，不折腾了。”

**报告 3：ToC_Cost_Elder_P3**
- “找人来修还要几十块工钱，不划算。”
- “买东西我都得琢磨好一阵，除非是那种明摆着能省事的——比如洗衣机，省下来的时间和力气，我觉得划算。”
- “够用就行，别整那些花里胡哨的，稳定、不折腾、不添乱才是硬道理。”
- “他买东西前会算清账，觉得划算才肯掏钱。”
- “预算极低”
- “联网功能‘肯定更贵，不值当’”
- “消费核心是‘够好且便宜’，任何超出基本功能的附加项都会被视为‘浪费钱’。”"
belief_bench_v1_2026-07-13,ToC_Cost_Elder,二代接班人,C1,4,11714,12906,200,success,,引文显示客群预算极低、对价格高度敏感，超过几百元就会犹豫，且认为花哨功能不值当，因此支付意愿上限约为200元。,,"{""estimated_wtp"": 200, ""reasoning"": ""引文显示客群预算极低、对价格高度敏感，超过几百元就会犹豫，且认为花哨功能不值当，因此支付意愿上限约为200元。""}","以下是从三份报告中逐字引用的所有与价格、预算、支付意愿相关的句子：

**报告 1：ToC_Cost_Elder_P1**
- “去医院一趟得花不少钱。”
- “要是花钱找人聊天，那肯定不值当。”
- “买那些花里胡哨的东西，学不会就是白花钱。”
- “之前买过一个便宜的扫地东西，用两天就坏。”
- “消费决策以‘成本高’和‘预算紧张’为核心。”
- “她提到上个月买了一袋打折的大米‘便宜了十几块钱特别高兴’，但换季添件外套想了好几天。”
- “认为‘学不会就是白花钱’，东西要‘开箱即用’。”
- “花钱前会反复掂量——‘不是必需的，我就不买’。”

**报告 2：ToC_Cost_Elder_P2**
- “我想开空调暖暖，可一想起上个月的电费单子，心就揪一下——好几百块呢，平时才一百出头。超过这个数我就得犹豫，够用就行，别太贵。”
- “之前买过一个小机器人，没用几次就搁置了——‘按键太多，一直吃灰。那笔钱花出去，心疼好久。’”
- “如果有个东西能搭句话，她愿意试试，但紧跟着问‘贵不贵？’——然后提到‘我花钱都跟老伴商量的，稍微大一点的支出两个人一起决定’。”
- “超过心理价位就要犹豫。”
- “必须比现有方案便宜，且能节省多少人力或物力。”
- “反正就几百块的东西，不折腾了。”

**报告 3：ToC_Cost_Elder_P3**
- “找人来修还要几十块工钱，不划算。”
- “买东西我都得琢磨好一阵，除非是那种明摆着能省事的——比如洗衣机，省下来的时间和精力，我觉得划算。”
- “够用就行，别整那些花里胡哨的，稳定、不折腾、不添乱才是硬道理。”
- “他买东西前会算清账，觉得划算才肯掏钱。”
- “预算极低。”
- “‘试用期’很重要，得先试试看效果。”
- “联网功能‘肯定更贵，不值当’。”
- “消费核心是‘够好且便宜’，任何超出基本功能的附加项都会被视为‘浪费钱’。”"
belief_bench_v1_2026-07-13,ToC_Cost_Elder,二代接班人,C1,6,11714,12906,200,success,,引文显示客群对价格极度敏感，视非必需功能为浪费，且常为几十元开销犹豫，因此支付意愿极低，约200元。,,"{""estimated_wtp"": 200, ""reasoning"": ""引文显示客群对价格极度敏感，视非必需功能为浪费，且常为几十元开销犹豫，因此支付意愿极低，约200元。""}","以下是从三份报告中逐字引用的、与价格、预算、支付意愿相关的句子：

**报告 1：ToC_Cost_Elder_P1**
- “去医院一趟得花不少钱。”
- “要是花钱找人聊天，那肯定不值当。”
- “买那些花里胡哨的东西，学不会就是白花钱。”
- “养宠物成本高、体力不够”
- “便宜了十几块钱特别高兴”
- “换季添件外套想了好几天”
- “学不会就是白花钱”
- “不是必需的，我就不买”

**报告 2：ToC_Cost_Elder_P2**
- “一想起上个月的电费单子，心就揪一下——好几百块呢，平时才一百出头。超过这个数我就得犹豫，够用就行，别太贵。”
- “那笔钱花出去，心疼好久。”
- “贵不贵？”
- “我花钱都跟老伴商量的，稍微大一点的支出两个人一起决定”
- “预算紧张，超过心理价位就要犹豫”
- “必须比现有方案便宜，且能节省多少人力或物力”
- “反正就几百块的东西，不折腾了”

**报告 3：ToC_Cost_Elder_P3**
- “找人来修还要几十块工钱，不划算”
- “够用就行，别整那些花里胡哨的，稳定、不折腾、不添乱才是硬道理”
- “买东西前会算清账，觉得划算才肯掏钱”
- “预算极低”
- “联网功能……肯定更贵，不值当”
- “够好且便宜”
- “任何超出基本功能的附加项都会被视为‘浪费钱’”"
belief_bench_v1_2026-07-13,ToC_Cost_Elder,二代接班人,C1,1,11714,12906,200,success,,引文显示客群对价格极度敏感，视非必需功能为浪费，且预算极低，参考其日常消费（如打折大米、几百元家电）及对高价（如电费超百元即犹豫）的排斥，支付意愿远低于高端产品定价，约在200元以内。,,"{""estimated_wtp"": 200, ""reasoning"": ""引文显示客群对价格极度敏感，视非必需功能为浪费，且预算极低，参考其日常消费（如打折大米、几百元家电）及对高价（如电费超百元即犹豫）的排斥，支付意愿远低于高端产品定价，约在200元以内。""}","以下是从三份报告中逐字引用的、与价格、预算、支付意愿相关的所有句子：

**报告 1：ToC_Cost_Elder_P1**
- “去医院一趟得花不少钱。”
- “前提是‘算清账’。”
- “要是花钱找人聊天，那肯定不值当。”
- “买那些花里胡哨的东西，学不会就是白花钱。”
- “她提到上个月买了一袋打折的大米‘便宜了十几块钱特别高兴’，但换季添件外套想了好几天。”
- “学不会就是白花钱。”
- “花钱前会反复掂量——‘不是必需的，我就不买’。”

**报告 2：ToC_Cost_Elder_P2**
- “我想开空调暖暖，可一想起上个月的电费单子，心就揪一下——好几百块呢，平时才一百出头。超过这个数我就得犹豫，够用就行，别太贵。”
- “那笔钱花出去，心疼好久。”
- “她愿意试试，但紧跟着问‘贵不贵？’——然后提到‘我花钱都跟老伴商量的，稍微大一点的支出两个人一起决定’。”
- “预算紧张，超过心理价位就要犹豫。”
- “必须比现有方案便宜，且能节省多少人力或物力。”
- “反正就几百块的东西，不折腾了。”

**报告 3：ToC_Cost_Elder_P3**
- “找人来修还要几十块工钱，不划算。”
- “买东西我都得琢磨好一阵，除非是那种明摆着能省事的——比如洗衣机，省下来的时间和力气，我觉得划算。”
- “够用就行，别整那些花里胡哨的，稳定、不折腾、不添乱才是硬道理。”
- “他买东西前会算清账，觉得划算才肯掏钱。”
- “预算极低。”
- “对价格高度敏感，决策优先考虑耐用性和性价比。”
- “联网功能‘肯定更贵，不值当’。”
- “消费核心是‘够好且便宜’，任何超出基本功能的附加项都会被视为‘浪费钱’。”"
belief_bench_v1_2026-07-13,ToC_Cost_Elder,二代接班人,C2_low,1,11714,12906,200,success,,三位受访者均极度成本敏感，反复强调‘够用就行’‘稳定不折腾’，对科技产品抵触且预算极低，参考市场价800元，其支付意愿远低于此，约200元是能接受的‘开箱即用’低价门槛。,,"{""estimated_wtp"": 200, ""reasoning"": ""三位受访者均极度成本敏感，反复强调‘够用就行’‘稳定不折腾’，对科技产品抵触且预算极低，参考市场价800元，其支付意愿远低于此，约200元是能接受的‘开箱即用’低价门槛。""}",
belief_bench_v1_2026-07-13,ToC_Cost_Elder,二代接班人,C2_low,2,11714,12906,200,success,,三位受访者均极度成本敏感，反复强调‘够用就行’、‘超过几百块就犹豫’，且对现有800元定价的同类产品明确排斥，因此支付意愿远低于市场价，约200元。,,"{""estimated_wtp"": 200, ""reasoning"": ""三位受访者均极度成本敏感，反复强调‘够用就行’、‘超过几百块就犹豫’，且对现有800元定价的同类产品明确排斥，因此支付意愿远低于市场价，约200元。""}",
belief_bench_v1_2026-07-13,ToC_Cost_Elder,二代接班人,C2_low,3,11714,12906,200,success,,三位受访者均极度成本敏感，反复强调‘够用就行’、‘便宜才肯掏钱’，且对科技产品抵触，支付意愿远低于市场常见定价800元，估算在200元左右。,,"{""estimated_wtp"": 200, ""reasoning"": ""三位受访者均极度成本敏感，反复强调‘够用就行’、‘便宜才肯掏钱’，且对科技产品抵触，支付意愿远低于市场常见定价800元，估算在200元左右。""}",
belief_bench_v1_2026-07-13,ToC_Cost_Elder,二代接班人,C2_low,4,11714,12906,200,success,,三位受访者均极度成本敏感，反复强调‘够用就行’、‘便宜’、‘稳定不折腾’，且对高价科技产品抵触，支付意愿远低于市场常见定价800元，估计在200元左右。,,"{""estimated_wtp"": 200, ""reasoning"": ""三位受访者均极度成本敏感，反复强调‘够用就行’、‘便宜’、‘稳定不折腾’，且对高价科技产品抵触，支付意愿远低于市场常见定价800元，估计在200元左右。""}",
belief_bench_v1_2026-07-13,ToC_Cost_Elder,二代接班人,C1,7,11714,12906,300,success,,三位老人均表现出极低预算和价格敏感，认为非必需、花哨功能不值当，支付意愿接近日常小额消费上限，如几百元以内。,,"{""estimated_wtp"": 300, ""reasoning"": ""三位老人均表现出极低预算和价格敏感，认为非必需、花哨功能不值当，支付意愿接近日常小额消费上限，如几百元以内。""}","以下是从三份报告中逐字引用的所有与价格、预算、支付意愿相关的句子：

**报告 1：ToC_Cost_Elder_P1**
- “去医院一趟得花不少钱。”
- “要是花钱找人聊天，那肯定不值当。”
- “买那些花里胡哨的东西，学不会就是白花钱。”
- “养宠物成本高、体力不够。”
- “消费决策以‘成本高’和‘预算紧张’为核心。”
- “她提到上个月买了一袋打折的大米‘便宜了十几块钱特别高兴’，但换季添件外套想了好几天。”
- “学不会就是白花钱。”
- “花钱前会反复掂量——‘不是必需的，我就不买’。”

**报告 2：ToC_Cost_Elder_P2**
- “我想开空调暖暖，可一想起上个月的电费单子，心就揪一下——好几百块呢，平时才一百出头。超过这个数我就得犹豫，够用就行，别太贵。”
- “那笔钱花出去，心疼好久。”
- “她愿意试试，但紧跟着问‘贵不贵？’——然后提到‘我花钱都跟老伴商量的，稍微大一点的支出两个人一起决定’。”
- “预算紧张，超过心理价位就要犹豫。”
- “必须比现有方案便宜，且能节省多少人力或物力。”
- “反正就几百块的东西，不折腾了。”

**报告 3：ToC_Cost_Elder_P3**
- “找人来修还要几十块工钱，不划算。”
- “买东西我都得琢磨好一阵，除非是那种明摆着能省事的——比如洗衣机，省下来的时间和力气，我觉得划算。”
- “够用就行，别整那些花里胡哨的，稳定、不折腾、不添乱才是硬道理。”
- “他买东西前会算清账，觉得划算才肯掏钱。”
- “预算极低。”
- “联网功能‘肯定更贵，不值当’。”
- “消费核心是‘够好且便宜’，任何超出基本功能的附加项都会被视为‘浪费钱’。”"
belief_bench_v1_2026-07-13,ToC_Cost_Elder,二代接班人,C1,8,11714,12906,200,success,,引文显示客群对价格极度敏感，预算极低，认为非必需不买，且对几百元支出已需犹豫，因此支付意愿很低。,,"{""estimated_wtp"": 200, ""reasoning"": ""引文显示客群对价格极度敏感，预算极低，认为非必需不买，且对几百元支出已需犹豫，因此支付意愿很低。""}","以下是从三份报告中逐字引用的、与价格、预算、支付意愿相关的句子：

**报告 1：ToC_Cost_Elder_P1**
- “去医院一趟得花不少钱。”
- “要是花钱找人聊天，那肯定不值当。”
- “买那些花里胡哨的东西，学不会就是白花钱。”
- “之前买过一个便宜的扫地东西，用两天就坏。”
- “上个月买了一袋打折的大米‘便宜了十几块钱特别高兴’，但换季添件外套想了好几天。”
- “不是必需的，我就不买。”

**报告 2：ToC_Cost_Elder_P2**
- “我想开空调暖暖，可一想起上个月的电费单子，心就揪一下——好几百块呢，平时才一百出头。超过这个数我就得犹豫，够用就行，别太贵。”
- “那笔钱花出去，心疼好久。”
- “她愿意试试，但紧跟着问‘贵不贵？’——然后提到‘我花钱都跟老伴商量的，稍微大一点的支出两个人一起决定’。”
- “必须比现有方案便宜，且能节省多少人力或物力。”
- “反正就几百块的东西，不折腾了。”

**报告 3：ToC_Cost_Elder_P3**
- “找人来修还要几十块工钱，不划算。”
- “买东西我都得琢磨好一阵，除非是那种明摆着能省事的——比如洗衣机，省下来的时间和力气，我觉得划算。”
- “够用就行，别整那些花里胡哨的，稳定、不折腾、不添乱才是硬道理。”
- “预算极低。”
- “联网功能‘肯定更贵，不值当’。”
- “消费核心是‘够好且便宜’，任何超出基本功能的附加项都会被视为‘浪费钱’。”"
belief_bench_v1_2026-07-13,ToC_Cost_Elder,二代接班人,C2_low,5,11714,12906,200,success,,三位受访者均极度价格敏感，认为‘够用就行’，且对现有方案（如广播、自言自语）成本已感压力，支付意愿远低于市场常见定价800元，仅能接受200元左右的开销。,,"{""estimated_wtp"": 200, ""reasoning"": ""三位受访者均极度价格敏感，认为‘够用就行’，且对现有方案（如广播、自言自语）成本已感压力，支付意愿远低于市场常见定价800元，仅能接受200元左右的开销。""}",
belief_bench_v1_2026-07-13,ToC_Cost_Elder,二代接班人,C1,10,11714,12906,200,success,,用户对价格极度敏感，核心需求是低成本替代方案，且习惯将支出控制在几百元以内，因此支付意愿极低。,,"{""estimated_wtp"": 200, ""reasoning"": ""用户对价格极度敏感，核心需求是低成本替代方案，且习惯将支出控制在几百元以内，因此支付意愿极低。""}","以下是从三份报告中逐字引用的、与价格、预算、支付意愿相关的句子：

**报告 1：ToC_Cost_Elder_P1**
- “去医院一趟得花不少钱。”
- “要是花钱找人聊天，那肯定不值当。”
- “买那些花里胡哨的东西，学不会就是白花钱。”
- “之前买过一个便宜的扫地东西，用两天就坏。”
- “上个月买了一袋打折的大米‘便宜了十几块钱特别高兴’，但换季添件外套想了好几天。”
- “学不会就是白花钱”
- “不是必需的，我就不买。”

**报告 2：ToC_Cost_Elder_P2**
- “我想开空调暖暖，可一想起上个月的电费单子，心就揪一下——好几百块呢，平时才一百出头。超过这个数我就得犹豫，够用就行，别太贵。”
- “那笔钱花出去，心疼好久。”
- “如果有个东西能搭句话，她愿意试试，但紧跟着问‘贵不贵？’——然后提到‘我花钱都跟老伴商量的，稍微大一点的支出两个人一起决定’。”
- “必须比现有方案便宜，且能节省多少人力或物力。”
- “反正就几百块的东西，不折腾了。”

**报告 3：ToC_Cost_Elder_P3**
- “找人来修还要几十块工钱，不划算。”
- “买东西我都得琢磨好一阵，除非是那种明摆着能省事的——比如洗衣机，省下来的时间和力气，我觉得划算。”
- “够用就行，别整那些花里胡哨的，稳定、不折腾、不添乱才是硬道理。”
- “他买东西前会算清账，觉得划算才肯掏钱。”
- “预算极低”
- “联网功能‘肯定更贵，不值当’。”
- “消费核心是‘够好且便宜’，任何超出基本功能的附加项都会被视为‘浪费钱’。”"
belief_bench_v1_2026-07-13,ToC_Cost_Elder,二代接班人,C1,9,11714,12906,200,success,,三位老年用户均表现出极低预算和高度价格敏感，核心诉求是‘够好且便宜’，支付意愿远低于高端产品，参考‘几百块的东西’和‘预算极低’，估计上限约200元。,,"{""estimated_wtp"": 200, ""reasoning"": ""三位老年用户均表现出极低预算和高度价格敏感，核心诉求是‘够好且便宜’，支付意愿远低于高端产品，参考‘几百块的东西’和‘预算极低’，估计上限约200元。""}","以下是从三份报告中逐字引用的、与价格、预算、支付意愿相关的所有句子：

**报告 1：ToC_Cost_Elder_P1**
- “去医院一趟得花不少钱。”
- “要是花钱找人聊天，那肯定不值当。”
- “买那些花里胡哨的东西，学不会就是白花钱。”
- “之前买过一个便宜的扫地东西，用两天就坏。”
- “消费决策以'成本高'和'预算紧张'为核心。”
- “她提到上个月买了一袋打折的大米'便宜了十几块钱特别高兴'，但换季添件外套想了好几天。”
- “认为'学不会就是白花钱'。”
- “花钱前会反复掂量——'不是必需的，我就不买'。”

**报告 2：ToC_Cost_Elder_P2**
- “我想开空调暖暖，可一想起上个月的电费单子，心就揪一下——好几百块呢，平时才一百出头。超过这个数我就得犹豫，够用就行，别太贵。”
- “那笔钱花出去，心疼好久。”
- “如果有个东西能搭句话，她愿意试试，但紧跟着问'贵不贵？'——然后提到'我花钱都跟老伴商量的，稍微大一点的支出两个人一起决定'。”
- “预算紧张，超过心理价位就要犹豫。”
- “必须比现有方案便宜，且能节省多少人力或物力。”
- “反正就几百块的东西，不折腾了。”

**报告 3：ToC_Cost_Elder_P3**
- “找人来修还要几十块工钱，不划算。”
- “买东西我都得琢磨好一阵，除非是那种明摆着能省事的——比如洗衣机，省下来的时间和力气，我觉得划算。”
- “够用就行，别整那些花里胡哨的，稳定、不折腾、不添乱才是硬道理。”
- “他买东西前会算清账，觉得划算才肯掏钱。”
- “预算极低。”
- “对价格高度敏感，决策优先考虑耐用性和性价比。”
- “觉得联网功能'肯定更贵，不值当'。”
- “消费核心是'够好且便宜'，任何超出基本功能的附加项都会被视为'浪费钱'。”"
belief_bench_v1_2026-07-13,ToC_Cost_Elder,二代接班人,C2_low,6,11714,12906,200,success,,三位受访者均极度成本敏感、科技抵触，核心需求是稳定可靠且极低价格，参考800元市场价远超出其心理价位，支付意愿在200元以下。,,"{""estimated_wtp"": 200, ""reasoning"": ""三位受访者均极度成本敏感、科技抵触，核心需求是稳定可靠且极低价格，参考800元市场价远超出其心理价位，支付意愿在200元以下。""}",
belief_bench_v1_2026-07-13,ToC_Cost_Elder,二代接班人,C2_low,8,11714,12906,200,success,,三位受访者均极度成本敏感，认为‘够用就行’，且对科技产品抵触，支付意愿远低于市场常见定价800元，参考其‘几百块的东西’心理价位，估计约200元。,,"{""estimated_wtp"": 200, ""reasoning"": ""三位受访者均极度成本敏感，认为‘够用就行’，且对科技产品抵触，支付意愿远低于市场常见定价800元，参考其‘几百块的东西’心理价位，估计约200元。""}",
belief_bench_v1_2026-07-13,ToC_Cost_Elder,二代接班人,C2_low,7,11714,12906,200,success,,三位受访者均极度成本敏感，将价格与日常开销（如电费、打折大米）对标，且对科技产品抵触，支付意愿远低于市场均价800元，约200元是能接受的‘够好且便宜’的阈值。,,"{""estimated_wtp"": 200, ""reasoning"": ""三位受访者均极度成本敏感，将价格与日常开销（如电费、打折大米）对标，且对科技产品抵触，支付意愿远低于市场均价800元，约200元是能接受的‘够好且便宜’的阈值。""}",
belief_bench_v1_2026-07-13,ToC_Cost_Elder,二代接班人,C2_low,9,11714,12906,200,success,,三位受访者均极度成本敏感，反复强调‘够用就行’、‘别太贵’，且对科技产品抵触，市场定价800元远超其心理价位，支付意愿约为200元以内。,,"{""estimated_wtp"": 200, ""reasoning"": ""三位受访者均极度成本敏感，反复强调‘够用就行’、‘别太贵’，且对科技产品抵触，市场定价800元远超其心理价位，支付意愿约为200元以内。""}",
belief_bench_v1_2026-07-13,ToC_Cost_Elder,二代接班人,C2_low,10,11714,12906,300,success,,三位受访者均极度成本敏感，反复强调‘够用就行’、‘稳定不折腾’，且对科技产品抵触，参考市场价800元远超出其心理价位，基于替代思维和预算约束，支付意愿约300元。,,"{""estimated_wtp"": 300, ""reasoning"": ""三位受访者均极度成本敏感，反复强调‘够用就行’、‘稳定不折腾’，且对科技产品抵触，参考市场价800元远超出其心理价位，基于替代思维和预算约束，支付意愿约300元。""}",
belief_bench_v1_2026-07-13,ToC_Cost_Elder,二代接班人,C2_high,2,11714,12906,800,success,,三位受访者均极度成本敏感，核心逻辑是‘够好且便宜’，参考市场价12000元远超其心理价位，需降至数百元才可能触发购买。,,"{""estimated_wtp"": 800, ""reasoning"": ""三位受访者均极度成本敏感，核心逻辑是‘够好且便宜’，参考市场价12000元远超其心理价位，需降至数百元才可能触发购买。""}",
belief_bench_v1_2026-07-13,ToC_Cost_Elder,二代接班人,C2_high,1,11714,12906,300,success,,三位受访者均为成本敏感型老人，对科技产品抵触且要求开箱即用、稳定可靠，支付意愿远低于市场均价，参考其日常消费习惯和替代思维，300元是能接受的极限低价位。,,"{""estimated_wtp"": 300, ""reasoning"": ""三位受访者均为成本敏感型老人，对科技产品抵触且要求开箱即用、稳定可靠，支付意愿远低于市场均价，参考其日常消费习惯和替代思维，300元是能接受的极限低价位。""}",
belief_bench_v1_2026-07-13,ToC_Cost_Elder,二代接班人,C2_high,4,11714,12906,500,success,,三位受访者均极度成本敏感，认为功能简单、稳定可靠即可，且对科技产品抵触，支付意愿远低于市场定价12000元，参考其日常消费逻辑，500元以内才可能考虑。,,"{""estimated_wtp"": 500, ""reasoning"": ""三位受访者均极度成本敏感，认为功能简单、稳定可靠即可，且对科技产品抵触，支付意愿远低于市场定价12000元，参考其日常消费逻辑，500元以内才可能考虑。""}",
belief_bench_v1_2026-07-13,ToC_Cost_Elder,二代接班人,C2_high,3,11714,12906,800,success,,三位受访者均极度成本敏感，反复强调‘够用就行’、‘稳定不折腾’，且对高价产品有强烈抵触，支付意愿远低于市场常见定价12000元，仅愿为低端替代方案支付数百元。,,"{""estimated_wtp"": 800, ""reasoning"": ""三位受访者均极度成本敏感，反复强调‘够用就行’、‘稳定不折腾’，且对高价产品有强烈抵触，支付意愿远低于市场常见定价12000元，仅愿为低端替代方案支付数百元。""}",
belief_bench_v1_2026-07-13,ToC_Cost_Elder,二代接班人,C2_high,5,11714,12906,200,success,,三位受访者均极度成本敏感，认为‘够用就行’，超过几百块就会犹豫，且对科技产品抵触，因此支付意愿远低于市场价12000元。,,"{""estimated_wtp"": 200, ""reasoning"": ""三位受访者均极度成本敏感，认为‘够用就行’，超过几百块就会犹豫，且对科技产品抵触，因此支付意愿远低于市场价12000元。""}",
belief_bench_v1_2026-07-13,ToC_Cost_Elder,二代接班人,C2_high,6,11714,12906,500,success,,三位受访者均极度价格敏感，认为超过几百元就不值当，且对科技产品抵触，支付意愿远低于市场价12000元。,,"{""estimated_wtp"": 500, ""reasoning"": ""三位受访者均极度价格敏感，认为超过几百元就不值当，且对科技产品抵触，支付意愿远低于市场价12000元。""}",
belief_bench_v1_2026-07-13,ToC_Cost_Elder,二代接班人,C2_high,7,11714,12906,500,success,,三位受访者均极度价格敏感，核心需求是稳定可靠、开箱即用且成本极低，支付意愿远低于市场常见定价12000元，估计在数百元级别。,,"{""estimated_wtp"": 500, ""reasoning"": ""三位受访者均极度价格敏感，核心需求是稳定可靠、开箱即用且成本极低，支付意愿远低于市场常见定价12000元，估计在数百元级别。""}",
belief_bench_v1_2026-07-13,ToC_Cost_Elder,二代接班人,C2_high,8,11714,12906,500,success,,三位受访者均极度价格敏感、科技抵触，强调‘够用且便宜’，参考市场价12000元远超出其心理阈值，基于替代思维和成本计算，支付意愿极低。,,"{""estimated_wtp"": 500, ""reasoning"": ""三位受访者均极度价格敏感、科技抵触，强调‘够用且便宜’，参考市场价12000元远超出其心理阈值，基于替代思维和成本计算，支付意愿极低。""}",
belief_bench_v1_2026-07-13,ToC_Cost_Elder,二代接班人,C2_high,10,11714,12906,500,success,,三位受访者均极度成本敏感、科技抵触，且调研员备注强调‘够好且便宜’，参考同类产品12000元定价，支付意愿极低，估计在500元以内。,,"{""estimated_wtp"": 500, ""reasoning"": ""三位受访者均极度成本敏感、科技抵触，且调研员备注强调‘够好且便宜’，参考同类产品12000元定价，支付意愿极低，估计在500元以内。""}",
belief_bench_v1_2026-07-13,ToC_Cost_Elder,二代接班人,C2_high,9,11714,12906,200,success,,三位受访者均极度成本敏感，反复强调‘够用就行’、‘别太贵’，对科技产品抵触且预算紧张，参考高端定价12000元，其支付意愿可能仅为此的零头，约200元。,,"{""estimated_wtp"": 200, ""reasoning"": ""三位受访者均极度成本敏感，反复强调‘够用就行’、‘别太贵’，对科技产品抵触且预算紧张，参考高端定价12000元，其支付意愿可能仅为此的零头，约200元。""}",
belief_bench_v1_2026-07-13,ToC_Cost_Elder,二代接班人,C3,1,11714,12906,130,success,,由报告锚点加权中位数及冻结 persona 变换确定性合成,"[{""quote"":""去医院一趟得花不少钱"",""value_yuan"":0,""type"":""参考价""},{""quote"":""上个月的电费单子，心就揪一下——好几百块呢，平时才一百出头"",""value_yuan"":100,""type"":""参考价""},{""quote"":""超过这个数我就得犹豫"",""value_yuan"":100,""type"":""上限""},{""quote"":""我花钱都跟老伴商量的，稍微大一点的支出两个人一起决定"",""value_yuan"":0,""type"":""审批门槛""},{""quote"":""反正就几百块的东西，不折腾了"",""value_yuan"":900,""type"":""上限""},{""quote"":""找人来修还要几十块工钱，不划算"",""value_yuan"":50,""type"":""参考价""}]","{""anchors"": [{""quote"": ""去医院一趟得花不少钱"", ""value_yuan"": null, ""type"": ""参考价""}, {""quote"": ""上个月的电费单子，心就揪一下——好几百块呢，平时才一百出头"", ""value_yuan"": 100, ""type"": ""参考价""}, {""quote"": ""超过这个数我就得犹豫"", ""value_yuan"": 100, ""type"": ""上限""}, {""quote"": ""我花钱都跟老伴商量的，稍微大一点的支出两个人一起决定"", ""value_yuan"": null, ""type"": ""审批门槛""}, {""quote"": ""反正就几百块的东西，不折腾了"", ""value_yuan"": 900, ""type"": ""上限""}, {""quote"": ""找人来修还要几十块工钱，不划算"", ""value_yuan"": 50, ""type"": ""参考价""}]}",
belief_bench_v1_2026-07-13,ToC_Cost_Elder,二代接班人,C3,2,11714,12906,260,success,,由报告锚点加权中位数及冻结 persona 变换确定性合成,"[{""quote"":""上个月的电费单子，心就揪一下——好几百块呢，平时才一百出头"",""value_yuan"":100,""type"":""参考价""},{""quote"":""上个月的电费单子，心就揪一下——好几百块呢，平时才一百出头"",""value_yuan"":200,""type"":""上限""},{""quote"":""就几百块的东西，不折腾了"",""value_yuan"":500,""type"":""上限""},{""quote"":""找人来修还要几十块工钱，不划算"",""value_yuan"":50,""type"":""参考价""}]","{""anchors"": [{""quote"": ""上个月的电费单子，心就揪一下——好几百块呢，平时才一百出头"", ""value_yuan"": 100, ""type"": ""参考价""}, {""quote"": ""上个月的电费单子，心就揪一下——好几百块呢，平时才一百出头"", ""value_yuan"": 200, ""type"": ""上限""}, {""quote"": ""就几百块的东西，不折腾了"", ""value_yuan"": 500, ""type"": ""上限""}, {""quote"": ""找人来修还要几十块工钱，不划算"", ""value_yuan"": 50, ""type"": ""参考价""}]}",
belief_bench_v1_2026-07-13,ToC_Cost_Elder,二代接班人,C3,4,11714,12906,130,success,,由报告锚点加权中位数及冻结 persona 变换确定性合成,"[{""quote"":""便宜了十几块钱特别高兴"",""value_yuan"":10,""type"":""参考价""},{""quote"":""好几百块呢，平时才一百出头"",""value_yuan"":100,""type"":""参考价""},{""quote"":""超过这个数我就得犹豫"",""value_yuan"":100,""type"":""上限""},{""quote"":""就几百块的东西"",""value_yuan"":500,""type"":""上限""},{""quote"":""找人来修还要几十块工钱"",""value_yuan"":50,""type"":""参考价""},{""quote"":""稍微大一点的支出两个人一起决定"",""value_yuan"":0,""type"":""审批门槛""}]","{""anchors"": [{""quote"": ""便宜了十几块钱特别高兴"", ""value_yuan"": 10, ""type"": ""参考价""}, {""quote"": ""好几百块呢，平时才一百出头"", ""value_yuan"": 100, ""type"": ""参考价""}, {""quote"": ""超过这个数我就得犹豫"", ""value_yuan"": 100, ""type"": ""上限""}, {""quote"": ""就几百块的东西"", ""value_yuan"": 500, ""type"": ""上限""}, {""quote"": ""找人来修还要几十块工钱"", ""value_yuan"": 50, ""type"": ""参考价""}, {""quote"": ""稍微大一点的支出两个人一起决定"", ""value_yuan"": null, ""type"": ""审批门槛""}]}",
belief_bench_v1_2026-07-13,ToC_Cost_Elder,二代接班人,C3,3,11714,12906,65,success,,由报告锚点加权中位数及冻结 persona 变换确定性合成,"[{""quote"":""上个月的电费单子，心就揪一下——好几百块呢，平时才一百出头"",""value_yuan"":100,""type"":""参考价""},{""quote"":""上个月的电费单子，心就揪一下——好几百块呢，平时才一百出头"",""value_yuan"":200,""type"":""上限""},{""quote"":""我花钱都跟老伴商量的，稍微大一点的支出两个人一起决定"",""value_yuan"":0,""type"":""审批门槛""},{""quote"":""找人来修还要几十块工钱，不划算"",""value_yuan"":50,""type"":""参考价""},{""quote"":""反正就几百块的东西，不折腾了"",""value_yuan"":100,""type"":""参考价""},{""quote"":""便宜了十几块钱特别高兴"",""value_yuan"":10,""type"":""参考价""},{""quote"":""换季添件外套想了好几天"",""value_yuan"":0,""type"":""审批门槛""}]","{""anchors"": [{""quote"": ""上个月的电费单子，心就揪一下——好几百块呢，平时才一百出头"", ""value_yuan"": 100, ""type"": ""参考价""}, {""quote"": ""上个月的电费单子，心就揪一下——好几百块呢，平时才一百出头"", ""value_yuan"": 200, ""type"": ""上限""}, {""quote"": ""我花钱都跟老伴商量的，稍微大一点的支出两个人一起决定"", ""value_yuan"": null, ""type"": ""审批门槛""}, {""quote"": ""找人来修还要几十块工钱，不划算"", ""value_yuan"": 50, ""type"": ""参考价""}, {""quote"": ""反正就几百块的东西，不折腾了"", ""value_yuan"": 100, ""type"": ""参考价""}, {""quote"": ""便宜了十几块钱特别高兴"", ""value_yuan"": 10, ""type"": ""参考价""}, {""quote"": ""换季添件外套想了好几天"", ""value_yuan"": null, ""type"": ""审批门槛""}]}",
belief_bench_v1_2026-07-13,ToC_Cost_Elder,二代接班人,C3,5,11714,12906,260,success,,由报告锚点加权中位数及冻结 persona 变换确定性合成,"[{""quote"":""上个月的电费单子，心就揪一下——好几百块呢，平时才一百出头"",""value_yuan"":100,""type"":""参考价""},{""quote"":""上个月的电费单子，心就揪一下——好几百块呢，平时才一百出头"",""value_yuan"":200,""type"":""上限""},{""quote"":""就几百块的东西"",""value_yuan"":500,""type"":""上限""},{""quote"":""我花钱都跟老伴商量的，稍微大一点的支出两个人一起决定"",""value_yuan"":0,""type"":""审批门槛""},{""quote"":""找人来修还要几十块工钱"",""value_yuan"":50,""type"":""参考价""}]","{""anchors"": [{""quote"": ""上个月的电费单子，心就揪一下——好几百块呢，平时才一百出头"", ""value_yuan"": 100, ""type"": ""参考价""}, {""quote"": ""上个月的电费单子，心就揪一下——好几百块呢，平时才一百出头"", ""value_yuan"": 200, ""type"": ""上限""}, {""quote"": ""就几百块的东西"", ""value_yuan"": 500, ""type"": ""上限""}, {""quote"": ""我花钱都跟老伴商量的，稍微大一点的支出两个人一起决定"", ""value_yuan"": null, ""type"": ""审批门槛""}, {""quote"": ""找人来修还要几十块工钱"", ""value_yuan"": 50, ""type"": ""参考价""}]}",
belief_bench_v1_2026-07-13,ToC_Cost_Elder,二代接班人,C3,7,11714,12906,130,success,,由报告锚点加权中位数及冻结 persona 变换确定性合成,"[{""quote"":""上个月的电费单子，心就揪一下——好几百块呢，平时才一百出头"",""value_yuan"":100,""type"":""参考价""},{""quote"":""上个月的电费单子，心就揪一下——好几百块呢，平时才一百出头"",""value_yuan"":200,""type"":""下限""},{""quote"":""我花钱都跟老伴商量的，稍微大一点的支出两个人一起决定"",""value_yuan"":0,""type"":""审批门槛""},{""quote"":""反正就几百块的东西，不折腾了"",""value_yuan"":500,""type"":""上限""},{""quote"":""找人来修还要几十块工钱，不划算"",""value_yuan"":50,""type"":""参考价""}]","{""anchors"": [{""quote"": ""上个月的电费单子，心就揪一下——好几百块呢，平时才一百出头"", ""value_yuan"": 100, ""type"": ""参考价""}, {""quote"": ""上个月的电费单子，心就揪一下——好几百块呢，平时才一百出头"", ""value_yuan"": 200, ""type"": ""下限""}, {""quote"": ""我花钱都跟老伴商量的，稍微大一点的支出两个人一起决定"", ""value_yuan"": null, ""type"": ""审批门槛""}, {""quote"": ""反正就几百块的东西，不折腾了"", ""value_yuan"": 500, ""type"": ""上限""}, {""quote"": ""找人来修还要几十块工钱，不划算"", ""value_yuan"": 50, ""type"": ""参考价""}]}",
belief_bench_v1_2026-07-13,ToC_Cost_Elder,二代接班人,C3,6,11714,12906,0,success,,由报告锚点加权中位数及冻结 persona 变换确定性合成,"[{""quote"":""去医院一趟得花不少钱"",""value_yuan"":0,""type"":""参考价""},{""quote"":""上个月的电费单子，心就揪一下——好几百块呢，平时才一百出头"",""value_yuan"":100,""type"":""参考价""},{""quote"":""超过这个数我就得犹豫，够用就行，别太贵"",""value_yuan"":0,""type"":""上限""},{""quote"":""我花钱都跟老伴商量的，稍微大一点的支出两个人一起决定"",""value_yuan"":0,""type"":""审批门槛""},{""quote"":""找人来修还要几十块工钱，不划算"",""value_yuan"":0,""type"":""参考价""},{""quote"":""试用期很重要，得先试试看效果"",""value_yuan"":0,""type"":""参考价""}]","{""anchors"": [{""quote"": ""去医院一趟得花不少钱"", ""value_yuan"": null, ""type"": ""参考价""}, {""quote"": ""上个月的电费单子，心就揪一下——好几百块呢，平时才一百出头"", ""value_yuan"": 100, ""type"": ""参考价""}, {""quote"": ""超过这个数我就得犹豫，够用就行，别太贵"", ""value_yuan"": null, ""type"": ""上限""}, {""quote"": ""我花钱都跟老伴商量的，稍微大一点的支出两个人一起决定"", ""value_yuan"": null, ""type"": ""审批门槛""}, {""quote"": ""找人来修还要几十块工钱，不划算"", ""value_yuan"": null, ""type"": ""参考价""}, {""quote"": ""试用期很重要，得先试试看效果"", ""value_yuan"": null, ""type"": ""参考价""}]}",
belief_bench_v1_2026-07-13,ToC_Cost_Elder,二代接班人,C3,9,11714,12906,260,success,,由报告锚点加权中位数及冻结 persona 变换确定性合成,"[{""quote"":""上个月的电费单子，心就揪一下——好几百块呢，平时才一百出头"",""value_yuan"":100,""type"":""参考价""},{""quote"":""上个月的电费单子，心就揪一下——好几百块呢，平时才一百出头"",""value_yuan"":200,""type"":""上限""},{""quote"":""我花钱都跟老伴商量的，稍微大一点的支出两个人一起决定"",""value_yuan"":0,""type"":""审批门槛""},{""quote"":""找人来修还要几十块工钱，不划算"",""value_yuan"":50,""type"":""参考价""},{""quote"":""反正就几百块的东西，不折腾了"",""value_yuan"":500,""type"":""上限""}]","{""anchors"": [{""quote"": ""上个月的电费单子，心就揪一下——好几百块呢，平时才一百出头"", ""value_yuan"": 100, ""type"": ""参考价""}, {""quote"": ""上个月的电费单子，心就揪一下——好几百块呢，平时才一百出头"", ""value_yuan"": 200, ""type"": ""上限""}, {""quote"": ""我花钱都跟老伴商量的，稍微大一点的支出两个人一起决定"", ""value_yuan"": null, ""type"": ""审批门槛""}, {""quote"": ""找人来修还要几十块工钱，不划算"", ""value_yuan"": 50, ""type"": ""参考价""}, {""quote"": ""反正就几百块的东西，不折腾了"", ""value_yuan"": 500, ""type"": ""上限""}]}",
belief_bench_v1_2026-07-13,ToC_Cost_Elder,二代接班人,C3,8,11714,12906,0,success,,由报告锚点加权中位数及冻结 persona 变换确定性合成,"[{""quote"":""上个月的电费单子，心就揪一下——好几百块呢，平时才一百出头"",""value_yuan"":100,""type"":""参考价""},{""quote"":""超过这个数我就得犹豫"",""value_yuan"":100,""type"":""上限""},{""quote"":""之前买过一个小机器人，没用几次就搁置了——'按键太多，一直吃灰。那笔钱花出去，心疼好久。'"",""value_yuan"":0,""type"":""参考价""},{""quote"":""我花钱都跟老伴商量的，稍微大一点的支出两个人一起决定"",""value_yuan"":0,""type"":""审批门槛""},{""quote"":""找人来修还要几十块工钱，不划算"",""value_yuan"":50,""type"":""参考价""},{""quote"":""换季添件外套想了好几天"",""value_yuan"":0,""type"":""参考价""},{""quote"":""上个月买了一袋打折的大米'便宜了十几块钱特别高兴'"",""value_yuan"":0,""type"":""参考价""}]","{""anchors"": [{""quote"": ""上个月的电费单子，心就揪一下——好几百块呢，平时才一百出头"", ""value_yuan"": 100, ""type"": ""参考价""}, {""quote"": ""超过这个数我就得犹豫"", ""value_yuan"": 100, ""type"": ""上限""}, {""quote"": ""之前买过一个小机器人，没用几次就搁置了——'按键太多，一直吃灰。那笔钱花出去，心疼好久。'"", ""value_yuan"": null, ""type"": ""参考价""}, {""quote"": ""我花钱都跟老伴商量的，稍微大一点的支出两个人一起决定"", ""value_yuan"": null, ""type"": ""审批门槛""}, {""quote"": ""找人来修还要几十块工钱，不划算"", ""value_yuan"": 50, ""type"": ""参考价""}, {""quote"": ""换季添件外套想了好几天"", ""value_yuan"": null, ""type"": ""参考价""}, {""quote"": ""上个月买了一袋打折的大米'便宜了十几块钱特别高兴'"", ""value_yuan"": null, ""type"": ""参考价""}]}",
belief_bench_v1_2026-07-13,ToC_Cost_Elder,二代接班人,C3,10,11714,12906,260,success,,由报告锚点加权中位数及冻结 persona 变换确定性合成,"[{""quote"":""上个月的电费单子，心就揪一下——好几百块呢，平时才一百出头。超过这个数我就得犹豫"",""value_yuan"":100,""type"":""参考价""},{""quote"":""上个月的电费单子，心就揪一下——好几百块呢，平时才一百出头。超过这个数我就得犹豫"",""value_yuan"":200,""type"":""上限""},{""quote"":""我花钱都跟老伴商量的，稍微大一点的支出两个人一起决定"",""value_yuan"":0,""type"":""审批门槛""},{""quote"":""反正就几百块的东西，不折腾了"",""value_yuan"":500,""type"":""上限""},{""quote"":""找人来修还要几十块工钱，不划算"",""value_yuan"":50,""type"":""参考价""}]","{""anchors"": [{""quote"": ""上个月的电费单子，心就揪一下——好几百块呢，平时才一百出头。超过这个数我就得犹豫"", ""value_yuan"": 100, ""type"": ""参考价""}, {""quote"": ""上个月的电费单子，心就揪一下——好几百块呢，平时才一百出头。超过这个数我就得犹豫"", ""value_yuan"": 200, ""type"": ""上限""}, {""quote"": ""我花钱都跟老伴商量的，稍微大一点的支出两个人一起决定"", ""value_yuan"": null, ""type"": ""审批门槛""}, {""quote"": ""反正就几百块的东西，不折腾了"", ""value_yuan"": 500, ""type"": ""上限""}, {""quote"": ""找人来修还要几十块工钱，不划算"", ""value_yuan"": 50, ""type"": ""参考价""}]}",
belief_bench_v1_2026-07-13,ToC_Cost_Elder,草根老板,C0_leaked,1,11714,12906,300,success,,三位受访者均表现出极强成本敏感、科技抵触和'够用就行'的务实态度，支付意愿远低于原示例下限，300元是能触发'试试看'心理的极低门槛。,,"{""estimated_wtp"": 300, ""reasoning"": ""三位受访者均表现出极强成本敏感、科技抵触和'够用就行'的务实态度，支付意愿远低于原示例下限，300元是能触发'试试看'心理的极低门槛。""}",
belief_bench_v1_2026-07-13,ToC_Cost_Elder,草根老板,C0_leaked,2,11714,12906,200,success,,三位受访者均极度价格敏感，核心逻辑是'够好且便宜'，且对科技产品有强烈抵触，认为超过几百块就不值当，综合其替代思维和预算约束，估计支付意愿在200元左右。,,"{""estimated_wtp"": 200, ""reasoning"": ""三位受访者均极度价格敏感，核心逻辑是'够好且便宜'，且对科技产品有强烈抵触，认为超过几百块就不值当，综合其替代思维和预算约束，估计支付意愿在200元左右。""}",
belief_bench_v1_2026-07-13,ToC_Cost_Elder,草根老板,C0_leaked,3,11714,12906,300,success,,三位受访者均极度价格敏感、厌恶学习成本与维护风险，且反复提及‘够用就行’‘几百块’‘便宜十几块就高兴’，因此支付意愿远低于原模板下限，取300元作为可接受的心理价位锚点。,,"{""estimated_wtp"": 300, ""reasoning"": ""三位受访者均极度价格敏感、厌恶学习成本与维护风险，且反复提及‘够用就行’‘几百块’‘便宜十几块就高兴’，因此支付意愿远低于原模板下限，取300元作为可接受的心理价位锚点。""}",
belief_bench_v1_2026-07-13,ToC_Cost_Elder,草根老板,C0_leaked,4,11714,12906,300,success,,三位受访者均极度成本敏感，反复强调‘够用就行’、‘别太贵’，且对超出基本功能的花哨特性视为浪费，结合其对现有替代方案（如电费、大米）的几十元级价格锚点，支付意愿上限约为300元。,,"{""estimated_wtp"": 300, ""reasoning"": ""三位受访者均极度成本敏感，反复强调‘够用就行’、‘别太贵’，且对超出基本功能的花哨特性视为浪费，结合其对现有替代方案（如电费、大米）的几十元级价格锚点，支付意愿上限约为300元。""}",
belief_bench_v1_2026-07-13,ToC_Cost_Elder,草根老板,C0_leaked,6,11714,12906,300,success,,三位受访者均极度价格敏感，核心诉求是‘够好且便宜’，参考P2提及‘几百块的东西’和P3‘试用期’暗示低价门槛，综合判断支付意愿在300元附近。,,"{""estimated_wtp"": 300, ""reasoning"": ""三位受访者均极度价格敏感，核心诉求是‘够好且便宜’，参考P2提及‘几百块的东西’和P3‘试用期’暗示低价门槛，综合判断支付意愿在300元附近。""}",
belief_bench_v1_2026-07-13,ToC_Cost_Elder,草根老板,C0_leaked,5,11714,12906,300,success,,三位受访者均极度价格敏感，反复强调‘够用就行’、‘几百块的东西’、‘超过这个数就得犹豫’，结合其退休金水平和替代思维（如电费、大米），支付意愿上限约300元，低于此值才可能触发购买决策。,,"{""estimated_wtp"": 300, ""reasoning"": ""三位受访者均极度价格敏感，反复强调‘够用就行’、‘几百块的东西’、‘超过这个数就得犹豫’，结合其退休金水平和替代思维（如电费、大米），支付意愿上限约300元，低于此值才可能触发购买决策。""}",
belief_bench_v1_2026-07-13,ToC_Cost_Elder,草根老板,C0_leaked,7,11714,12906,350,success,,三位受访者均表现出极致的成本敏感和科技抵触，支付意愿锚定在数百元内，且需低于日常替代品（如电费、维修费）的心理价位，综合判断为350元。,,"{""estimated_wtp"": 350, ""reasoning"": ""三位受访者均表现出极致的成本敏感和科技抵触，支付意愿锚定在数百元内，且需低于日常替代品（如电费、维修费）的心理价位，综合判断为350元。""}",
belief_bench_v1_2026-07-13,ToC_Cost_Elder,草根老板,C0_leaked,8,11714,12906,300,success,,三位受访者均表现出极强成本敏感、科技抵触与'够用就行'心态，支付意愿锚点远低于示例区间，300元是能触发'试试看'心理且不超过其日常小家电预算的临界值。,,"{""estimated_wtp"": 300, ""reasoning"": ""三位受访者均表现出极强成本敏感、科技抵触与'够用就行'心态，支付意愿锚点远低于示例区间，300元是能触发'试试看'心理且不超过其日常小家电预算的临界值。""}",
belief_bench_v1_2026-07-13,ToC_Cost_Elder,草根老板,C0_leaked,9,11714,12906,300,success,,三位受访者均表现出极度的成本敏感和低功能需求，核心是'够好且便宜'，且对科技产品有抵触，心理价位集中在几百元以内，参考P2受访者提到'几百块的东西'作为可接受损失的上限。,,"{""estimated_wtp"": 300, ""reasoning"": ""三位受访者均表现出极度的成本敏感和低功能需求，核心是'够好且便宜'，且对科技产品有抵触，心理价位集中在几百元以内，参考P2受访者提到'几百块的东西'作为可接受损失的上限。""}",
belief_bench_v1_2026-07-13,ToC_Cost_Elder,草根老板,C0_leaked,10,11714,12906,300,success,,三位受访者均极度成本敏感，核心支付意愿锚定在'够好且便宜'，且对科技产品有强烈抵触，参考其日常消费习惯（如打折大米、几百块闲置设备），支付意愿上限约300元。,,"{""estimated_wtp"": 300, ""reasoning"": ""三位受访者均极度成本敏感，核心支付意愿锚定在'够好且便宜'，且对科技产品有强烈抵触，参考其日常消费习惯（如打折大米、几百块闲置设备），支付意愿上限约300元。""}",
belief_bench_v1_2026-07-13,ToC_Cost_Elder,草根老板,C0_clean,1,11714,12906,200,success,,三位受访者均极度价格敏感，核心诉求是‘够好且便宜’，支付意愿锚定在200元以下，超过此价位会触发替代思维或直接放弃。,,"{""estimated_wtp"": 200, ""reasoning"": ""三位受访者均极度价格敏感，核心诉求是‘够好且便宜’，支付意愿锚定在200元以下，超过此价位会触发替代思维或直接放弃。""}",
belief_bench_v1_2026-07-13,ToC_Cost_Elder,草根老板,C0_clean,2,11714,12906,200,success,,三位受访者均为成本敏感型老人，反复强调‘够用就行’‘稳定不折腾’，且对超过200元的电费单都感到压力，因此支付意愿极低，200元是心理安全线。,,"{""estimated_wtp"": 200, ""reasoning"": ""三位受访者均为成本敏感型老人，反复强调‘够用就行’‘稳定不折腾’，且对超过200元的电费单都感到压力，因此支付意愿极低，200元是心理安全线。""}",
belief_bench_v1_2026-07-13,ToC_Cost_Elder,草根老板,C0_clean,4,11714,12906,150,success,,三位受访者均表现出极强成本敏感和科技抵触，支付意愿锚定在低单价、可替代现有小额支出的水平，结合P1受访者对比打折大米和P2受访者对电费的心理价位，150元是能触发购买决策的合理上限。,,"{""estimated_wtp"": 150, ""reasoning"": ""三位受访者均表现出极强成本敏感和科技抵触，支付意愿锚定在低单价、可替代现有小额支出的水平，结合P1受访者对比打折大米和P2受访者对电费的心理价位，150元是能触发购买决策的合理上限。""}",
belief_bench_v1_2026-07-13,ToC_Cost_Elder,草根老板,C0_clean,5,11714,12906,200,success,,三位受访者均极度价格敏感，反复强调‘够用就行’、‘别太贵’，且对科技产品抵触，支付意愿极低，参考其日常消费习惯和替代方案（如打折大米、广播），200元是能触发尝试的临界点。,,"{""estimated_wtp"": 200, ""reasoning"": ""三位受访者均极度价格敏感，反复强调‘够用就行’、‘别太贵’，且对科技产品抵触，支付意愿极低，参考其日常消费习惯和替代方案（如打折大米、广播），200元是能触发尝试的临界点。""}",
belief_bench_v1_2026-07-13,ToC_Cost_Elder,草根老板,C0_clean,6,11714,12906,150,success,,三位受访者均极度价格敏感，核心逻辑是‘够用且便宜’，支付意愿锚定在低端替代品（如打折大米、几百块闲置设备）价位，且对科技产品抵触，150元是能触发‘试试看’心理的临界点。,,"{""estimated_wtp"": 150, ""reasoning"": ""三位受访者均极度价格敏感，核心逻辑是‘够用且便宜’，支付意愿锚定在低端替代品（如打折大米、几百块闲置设备）价位，且对科技产品抵触，150元是能触发‘试试看’心理的临界点。""}",
belief_bench_v1_2026-07-13,ToC_Cost_Elder,草根老板,C0_clean,3,11714,12906,200,success,,三位受访者均极度价格敏感，核心诉求是‘够好且便宜’，支付意愿集中在百元级，且P2明确提及‘超过这个数（几百块）就得犹豫’，综合判断上限约200元。,,"{""estimated_wtp"": 200, ""reasoning"": ""三位受访者均极度价格敏感，核心诉求是‘够好且便宜’，支付意愿集中在百元级，且P2明确提及‘超过这个数（几百块）就得犹豫’，综合判断上限约200元。""}",
belief_bench_v1_2026-07-13,ToC_Cost_Elder,草根老板,C0_clean,7,11714,12906,200,success,,三位受访者均极度价格敏感，将科技产品视为非必要支出，且替代现有支出才肯掏钱，结合其反复提及的'几百块'心理价位及对低维护成本的硬性要求，支付意愿上限约200元。,,"{""estimated_wtp"": 200, ""reasoning"": ""三位受访者均极度价格敏感，将科技产品视为非必要支出，且替代现有支出才肯掏钱，结合其反复提及的'几百块'心理价位及对低维护成本的硬性要求，支付意愿上限约200元。""}",
belief_bench_v1_2026-07-13,ToC_Cost_Elder,草根老板,C0_clean,8,11714,12906,299,success,,三位受访者均极度价格敏感，核心需求仅为被动响应、稳定可靠、开箱即用，且习惯将价格与日常小商品类比，心理锚点低于300元。,,"{""estimated_wtp"": 299, ""reasoning"": ""三位受访者均极度价格敏感，核心需求仅为被动响应、稳定可靠、开箱即用，且习惯将价格与日常小商品类比，心理锚点低于300元。""}",
belief_bench_v1_2026-07-13,ToC_Cost_Elder,草根老板,C0_clean,10,11714,12906,200,success,,三位受访者均极度价格敏感，核心逻辑是'够好且便宜'，且对科技产品抵触、怕弄坏、怕浪费，200元以下才可能触发尝试意愿。,,"{""estimated_wtp"": 200, ""reasoning"": ""三位受访者均极度价格敏感，核心逻辑是'够好且便宜'，且对科技产品抵触、怕弄坏、怕浪费，200元以下才可能触发尝试意愿。""}",
belief_bench_v1_2026-07-13,ToC_Cost_Elder,草根老板,C0_clean,9,11714,12906,200,success,,三位受访者均表现出极度的成本敏感和科技抵触，核心需求是稳定可靠、开箱即用且低于现有替代方案（如电费、宠物）的支出，200元符合其‘够用就行’的心理价位和‘几百块的东西坏了不心疼’的容忍上限。,,"{""estimated_wtp"": 200, ""reasoning"": ""三位受访者均表现出极度的成本敏感和科技抵触，核心需求是稳定可靠、开箱即用且低于现有替代方案（如电费、宠物）的支出，200元符合其‘够用就行’的心理价位和‘几百块的东西坏了不心疼’的容忍上限。""}",
belief_bench_v1_2026-07-13,ToC_Cost_Elder,草根老板,C1,3,11714,12906,200,success,,引文显示用户对价格极度敏感，强调‘够用就行’、‘不花冤枉钱’，且对超过百元的支出犹豫，故支付意愿较低，约200元。,,"{""estimated_wtp"": 200, ""reasoning"": ""引文显示用户对价格极度敏感，强调‘够用就行’、‘不花冤枉钱’，且对超过百元的支出犹豫，故支付意愿较低，约200元。""}","以下是从三份报告中逐字引用的所有与价格、预算、支付意愿相关的句子：

**报告 1：ToC_Cost_Elder_P1**
- “去医院一趟得花不少钱。”
- “要是花钱找人聊天，那肯定不值当。”
- “买那些花里胡哨的东西，学不会就是白花钱。”
- “之前买过一个便宜的扫地东西，用两天就坏。”
- “便宜了十几块钱特别高兴”
- “换季添件外套想了好几天”
- “学不会就是白花钱”
- “不是必需的，我就不买”

**报告 2：ToC_Cost_Elder_P2**
- “一想起上个月的电费单子，心就揪一下——好几百块呢，平时才一百出头。超过这个数我就得犹豫，够用就行，别太贵。”
- “那笔钱花出去，心疼好久。”
- “贵不贵？”
- “我花钱都跟老伴商量的，稍微大一点的支出两个人一起决定”
- “反正就几百块的东西，不折腾了。”

**报告 3：ToC_Cost_Elder_P3**
- “找人来修还要几十块工钱，不划算”
- “够用就行，别整那些花里胡哨的，稳定、不折腾、不添乱才是硬道理”
- “预算极低”
- “肯定更贵，不值当”"
belief_bench_v1_2026-07-13,ToC_Cost_Elder,草根老板,C1,2,11714,12906,200,success,,三位老人均表现出极低预算和高度价格敏感，核心需求是‘够用且便宜’，对附加功能视为浪费，支付意愿应远低于市场均价，约200元以内。,,"{""estimated_wtp"": 200, ""reasoning"": ""三位老人均表现出极低预算和高度价格敏感，核心需求是‘够用且便宜’，对附加功能视为浪费，支付意愿应远低于市场均价，约200元以内。""}","以下是从三份报告中逐字引用的所有与价格、预算、支付意愿相关的句子：

**报告 1：ToC_Cost_Elder_P1**
- “去医院一趟得花不少钱。”
- “要是花钱找人聊天，那肯定不值当。”
- “买那些花里胡哨的东西，学不会就是白花钱。”
- “养宠物成本高、体力不够”
- “消费决策以‘成本高’和‘预算紧张’为核心”
- “她提到上个月买了一袋打折的大米‘便宜了十几块钱特别高兴’，但换季添件外套想了好几天。”
- “学不会就是白花钱”
- “不是必需的，我就不买”

**报告 2：ToC_Cost_Elder_P2**
- “我想开空调暖暖，可一想起上个月的电费单子，心就揪一下——好几百块呢，平时才一百出头。超过这个数我就得犹豫，够用就行，别太贵。”
- “愿意寻找更便宜的替代方案来降低日常支出”
- “按坏了心疼钱”
- “那笔钱花出去，心疼好久。”
- “她愿意试试，但紧跟着问‘贵不贵？’——然后提到‘我花钱都跟老伴商量的，稍微大一点的支出两个人一起决定’。”
- “预算紧张，超过心理价位就要犹豫”
- “必须比现有方案便宜，且能节省多少人力或物力”
- “反正就几百块的东西，不折腾了”

**报告 3：ToC_Cost_Elder_P3**
- “找人来修还要几十块工钱，不划算”
- “买东西我都得琢磨好一阵，除非是那种明摆着能省事的——比如洗衣机，省下来的时间和力气，我觉得划算。”
- “够用就行，别整那些花里胡哨的，稳定、不折腾、不添乱才是硬道理。”
- “他买东西前会算清账，觉得划算才肯掏钱。”
- “预算极低”
- “对价格高度敏感，决策优先考虑耐用性和性价比”
- “觉得联网功能‘肯定更贵，不值当’”
- “消费核心是‘够好且便宜’，任何超出基本功能的附加项都会被视为‘浪费钱’”"
belief_bench_v1_2026-07-13,ToC_Cost_Elder,草根老板,C1,1,11714,12906,200,success,,用户对价格高度敏感，预算极低，认为非必需功能是浪费，支付意愿接近打折大米或几百元小件消费水平。,,"{""estimated_wtp"": 200, ""reasoning"": ""用户对价格高度敏感，预算极低，认为非必需功能是浪费，支付意愿接近打折大米或几百元小件消费水平。""}","以下是从三份报告中逐字引用的、与价格、预算、支付意愿相关的句子：

**报告 1：ToC_Cost_Elder_P1**
- “去医院一趟得花不少钱。”
- “要是花钱找人聊天，那肯定不值当。”
- “买那些花里胡哨的东西，学不会就是白花钱。”
- “养宠物成本高、体力不够。”
- “消费决策以‘成本高’和‘预算紧张’为核心。”
- “她提到上个月买了一袋打折的大米‘便宜了十几块钱特别高兴’，但换季添件外套想了好几天。”
- “认为‘学不会就是白花钱’。”
- “花钱前会反复掂量——‘不是必需的，我就不买’。”

**报告 2：ToC_Cost_Elder_P2**
- “我想开空调暖暖，可一想起上个月的电费单子，心就揪一下——好几百块呢，平时才一百出头。超过这个数我就得犹豫，够用就行，别太贵。”
- “那笔钱花出去，心疼好久。”
- “她愿意试试，但紧跟着问‘贵不贵？’——然后提到‘我花钱都跟老伴商量的，稍微大一点的支出两个人一起决定’。”
- “预算紧张，超过心理价位就要犹豫。”
- “必须比现有方案便宜，且能节省多少人力或物力。”
- “反正就几百块的东西，不折腾了。”

**报告 3：ToC_Cost_Elder_P3**
- “找人来修还要几十块工钱，不划算。”
- “买东西我都得琢磨好一阵，除非是那种明摆着能省事的——比如洗衣机，省下来的时间和精力，我觉得划算。”
- “够用就行，别整那些花里胡哨的，稳定、不折腾、不添乱才是硬道理。”
- “他买东西前会算清账，觉得划算才肯掏钱。”
- “预算极低。”
- “对价格高度敏感，决策优先考虑耐用性和性价比。”
- “觉得联网功能‘肯定更贵，不值当’。”
- “消费核心是‘够好且便宜’，任何超出基本功能的附加项都会被视为‘浪费钱’。”"
belief_bench_v1_2026-07-13,ToC_Cost_Elder,草根老板,C1,4,11714,12906,200,success,,引文显示客群对价格极度敏感，追求‘够用且便宜’，对非必需功能视为浪费，且提及‘几百块的东西不折腾’，因此支付意愿极低，约200元。,,"{""estimated_wtp"": 200, ""reasoning"": ""引文显示客群对价格极度敏感，追求‘够用且便宜’，对非必需功能视为浪费，且提及‘几百块的东西不折腾’，因此支付意愿极低，约200元。""}","以下是从三份报告中逐字引用的、与价格、预算、支付意愿相关的所有句子：

**报告 1：ToC_Cost_Elder_P1**
- “去医院一趟得花不少钱。”
- “要是花钱找人聊天，那肯定不值当。”
- “买那些花里胡哨的东西，学不会就是白花钱。”
- “之前买过一个便宜的扫地东西，用两天就坏。”
- “她提到上个月买了一袋打折的大米‘便宜了十几块钱特别高兴’，但换季添件外套想了好几天。”
- “学不会就是白花钱。”
- “不是必需的，我就不买。”

**报告 2：ToC_Cost_Elder_P2**
- “我想开空调暖暖，可一想起上个月的电费单子，心就揪一下——好几百块呢，平时才一百出头。超过这个数我就得犹豫，够用就行，别太贵。”
- “那笔钱花出去，心疼好久。”
- “她愿意试试，但紧跟着问‘贵不贵？’——然后提到‘我花钱都跟老伴商量的，稍微大一点的支出两个人一起决定’。”
- “必须比现有方案便宜，且能节省多少人力或物力。”
- “反正就几百块的东西，不折腾了。”

**报告 3：ToC_Cost_Elder_P3**
- “找人来修还要几十块工钱，不划算。”
- “买东西我都得琢磨好一阵，除非是那种明摆着能省事的——比如洗衣机，省下来的时间和力气，我觉得划算。”
- “够用就行，别整那些花里胡哨的，稳定、不折腾、不添乱才是硬道理。”
- “他买东西前会算清账，觉得划算才肯掏钱。”
- “预算极低。”
- “他提到‘试用期’很重要，得先试试看效果。”
- “联网功能‘肯定更贵，不值当’。”
- “消费核心是‘够好且便宜’，任何超出基本功能的附加项都会被视为‘浪费钱’。”"
belief_bench_v1_2026-07-13,ToC_Cost_Elder,草根老板,C1,5,11714,12906,300,success,,引文显示用户对价格极度敏感，预算紧张，且支付意愿上限约为几百元，如‘反正就几百块的东西’和‘超过这个数我就得犹豫’，故估计支付意愿为300元。,,"{""estimated_wtp"": 300, ""reasoning"": ""引文显示用户对价格极度敏感，预算紧张，且支付意愿上限约为几百元，如‘反正就几百块的东西’和‘超过这个数我就得犹豫’，故估计支付意愿为300元。""}","以下是从三份报告中逐字引用的所有与价格、预算、支付意愿相关的句子：

**报告 1：ToC_Cost_Elder_P1**
- “去医院一趟得花不少钱。”
- “要是花钱找人聊天，那肯定不值当。”
- “买那些花里胡哨的东西，学不会就是白花钱。”
- “之前买过一个便宜的扫地东西，用两天就坏。”
- “成本高”和“预算紧张”
- “上个月买了一袋打折的大米‘便宜了十几块钱特别高兴’，但换季添件外套想了好几天。”
- “学不会就是白花钱”
- “不是必需的，我就不买”

**报告 2：ToC_Cost_Elder_P2**
- “我想开空调暖暖，可一想起上个月的电费单子，心就揪一下——好几百块呢，平时才一百出头。超过这个数我就得犹豫，够用就行，别太贵。”
- “那笔钱花出去，心疼好久。”
- “如果有个东西能搭句话，她愿意试试，但紧跟着问‘贵不贵？’——然后提到‘我花钱都跟老伴商量的，稍微大一点的支出两个人一起决定’。”
- “预算紧张，超过心理价位就要犹豫”
- “替代现有支出才肯掏钱”
- “必须比现有方案便宜，且能节省多少人力或物力”
- “反正就几百块的东西，不折腾了。”

**报告 3：ToC_Cost_Elder_P3**
- “找人来修还要几十块工钱，不划算”
- “算清账才肯掏钱，够好且便宜是底线”
- “省下来的时间和力气，我觉得划算”
- “够用就行，别整那些花里胡哨的，稳定、不折腾、不添乱才是硬道理”
- “买东西前会算清账，觉得划算才肯掏钱”
- “预算极低”
- “对价格高度敏感，决策优先考虑耐用性和性价比”
- “联网功能‘肯定更贵，不值当’”
- “够好且便宜”"
belief_bench_v1_2026-07-13,ToC_Cost_Elder,草根老板,C1,6,11714,12906,200,success,,三位老人均表现出极低预算和高度价格敏感，认为非必需、花哨功能不值当，心理价位远低于现有方案，综合判断支付意愿约200元。,,"{""estimated_wtp"": 200, ""reasoning"": ""三位老人均表现出极低预算和高度价格敏感，认为非必需、花哨功能不值当，心理价位远低于现有方案，综合判断支付意愿约200元。""}","以下是从三份报告中逐字引用的所有与价格、预算、支付意愿相关的句子：

**报告 1：ToC_Cost_Elder_P1**
- “去医院一趟得花不少钱。”
- “要是花钱找人聊天，那肯定不值当。”
- “买那些花里胡哨的东西，学不会就是白花钱。”
- “养宠物成本高、体力不够。”
- “消费决策以‘成本高’和‘预算紧张’为核心。”
- “她提到上个月买了一袋打折的大米‘便宜了十几块钱特别高兴’，但换季添件外套想了好几天。”
- “认为‘学不会就是白花钱’。”
- “花钱前会反复掂量——‘不是必需的，我就不买’。”

**报告 2：ToC_Cost_Elder_P2**
- “我想开空调暖暖，可一想起上个月的电费单子，心就揪一下——好几百块呢，平时才一百出头。超过这个数我就得犹豫，够用就行，别太贵。”
- “那笔钱花出去，心疼好久。”
- “她愿意试试，但紧跟着问‘贵不贵？’——然后提到‘我花钱都跟老伴商量的，稍微大一点的支出两个人一起决定’。”
- “预算紧张，超过心理价位就要犹豫。”
- “必须比现有方案便宜，且能节省多少人力或物力。”
- “反正就几百块的东西，不折腾了。”

**报告 3：ToC_Cost_Elder_P3**
- “找人来修还要几十块工钱，不划算。”
- “买东西我都得琢磨好一阵，除非是那种明摆着能省事的——比如洗衣机，省下来的时间和力气，我觉得划算。”
- “够用就行，别整那些花里胡哨的，稳定、不折腾、不添乱才是硬道理。”
- “他买东西前会算清账，觉得划算才肯掏钱。”
- “预算极低。”
- “对价格高度敏感，决策优先考虑耐用性和性价比，排斥需后续维护的产品。”
- “觉得联网功能‘肯定更贵，不值当’。”
- “消费核心是‘够好且便宜’，任何超出基本功能的附加项都会被视为‘浪费钱’。”"
belief_bench_v1_2026-07-13,ToC_Cost_Elder,草根老板,C2_low,1,11714,12906,200,success,,三位受访者均极度价格敏感，核心需求是极低成本替代现有方案，且对科技产品抵触，市场参考价800元远超出其心理价位，综合判断支付意愿约200元。,,"{""estimated_wtp"": 200, ""reasoning"": ""三位受访者均极度价格敏感，核心需求是极低成本替代现有方案，且对科技产品抵触，市场参考价800元远超出其心理价位，综合判断支付意愿约200元。""}",
belief_bench_v1_2026-07-13,ToC_Cost_Elder,草根老板,C2_low,2,11714,12906,200,success,,三位受访者均极度价格敏感，以'够用就行'为原则，且对科技产品抵触，认为超过200元就需要犹豫或与家人商量，远低于市场800元定价。,,"{""estimated_wtp"": 200, ""reasoning"": ""三位受访者均极度价格敏感，以'够用就行'为原则，且对科技产品抵触，认为超过200元就需要犹豫或与家人商量，远低于市场800元定价。""}",
belief_bench_v1_2026-07-13,ToC_Cost_Elder,草根老板,C2_low,3,11714,12906,200,success,,三位受访者均极端价格敏感，将300元视为犹豫上限，且习惯用替代方案（如广播、自己动手）压价，参考800元市场价需大幅折价至200元才能触发‘够好且便宜’的决策锚点。,,"{""estimated_wtp"": 200, ""reasoning"": ""三位受访者均极端价格敏感，将300元视为犹豫上限，且习惯用替代方案（如广播、自己动手）压价，参考800元市场价需大幅折价至200元才能触发‘够好且便宜’的决策锚点。""}",
belief_bench_v1_2026-07-13,ToC_Cost_Elder,草根老板,C1,7,11714,12906,200,success,,引文显示该客群对价格极度敏感，认为非必需不买、够用就行，且对附加功能视为浪费，支付意愿极低，参考‘几百块的东西不折腾了’和‘预算极低’，估计在200元左右。,,"{""estimated_wtp"": 200, ""reasoning"": ""引文显示该客群对价格极度敏感，认为非必需不买、够用就行，且对附加功能视为浪费，支付意愿极低，参考‘几百块的东西不折腾了’和‘预算极低’，估计在200元左右。""}","以下是从三份报告中逐字引用的、与价格、预算、支付意愿相关的所有句子：

**报告 1：ToC_Cost_Elder_P1**
- “去医院一趟得花不少钱。”
- “要是花钱找人聊天，那肯定不值当。”
- “买那些花里胡哨的东西，学不会就是白花钱。”
- “之前买过一个便宜的扫地东西，用两天就坏。”
- “她提到上个月买了一袋打折的大米‘便宜了十几块钱特别高兴’，但换季添件外套想了好几天。”
- “学不会就是白花钱”
- “不是必需的，我就不买。”

**报告 2：ToC_Cost_Elder_P2**
- “我想开空调暖暖，可一想起上个月的电费单子，心就揪一下——好几百块呢，平时才一百出头。超过这个数我就得犹豫，够用就行，别太贵。”
- “那笔钱花出去，心疼好久。”
- “她愿意试试，但紧跟着问‘贵不贵？’——然后提到‘我花钱都跟老伴商量的，稍微大一点的支出两个人一起决定’。”
- “必须比现有方案便宜，且能节省多少人力或物力。”
- “反正就几百块的东西，不折腾了。”

**报告 3：ToC_Cost_Elder_P3**
- “找人来修还要几十块工钱，不划算。”
- “买东西我都得琢磨好一阵，除非是那种明摆着能省事的——比如洗衣机，省下来的时间和力气，我觉得划算。”
- “够用就行，别整那些花里胡哨的，稳定、不折腾、不添乱才是硬道理。”
- “他买东西前会算清账，觉得划算才肯掏钱。”
- “预算极低”
- “联网功能‘肯定更贵，不值当’”
- “消费核心是‘够好且便宜’，任何超出基本功能的附加项都会被视为‘浪费钱’。”"
belief_bench_v1_2026-07-13,ToC_Cost_Elder,草根老板,C1,8,11714,12906,200,success,,引文显示用户对价格极度敏感，强调‘够用就行’、‘预算极低’、‘便宜了十几块钱特别高兴’，且将任何附加功能视为浪费钱，因此支付意愿极低，估计在200元左右。,,"{""estimated_wtp"": 200, ""reasoning"": ""引文显示用户对价格极度敏感，强调‘够用就行’、‘预算极低’、‘便宜了十几块钱特别高兴’，且将任何附加功能视为浪费钱，因此支付意愿极低，估计在200元左右。""}","以下是从三份报告中逐字引用的、与价格、预算、支付意愿相关的所有句子：

**报告 1：ToC_Cost_Elder_P1**
- “去医院一趟得花不少钱。”
- “要是花钱找人聊天，那肯定不值当。”
- “买那些花里胡哨的东西，学不会就是白花钱。”
- “之前买过一个便宜的扫地东西，用两天就坏。”
- “便宜了十几块钱特别高兴”
- “换季添件外套想了好几天”
- “学不会就是白花钱”
- “不是必需的，我就不买”

**报告 2：ToC_Cost_Elder_P2**
- “我想开空调暖暖，可一想起上个月的电费单子，心就揪一下——好几百块呢，平时才一百出头。超过这个数我就得犹豫，够用就行，别太贵。”
- “那笔钱花出去，心疼好久。”
- “贵不贵？”
- “我花钱都跟老伴商量的，稍微大一点的支出两个人一起决定”
- “反正就几百块的东西，不折腾了。”

**报告 3：ToC_Cost_Elder_P3**
- “找人来修还要几十块工钱，不划算”
- “够用就行，别整那些花里胡哨的，稳定、不折腾、不添乱才是硬道理”
- “功能丰富不重要”
- “预算极低”
- “肯定更贵，不值当��
- “够好且便宜”
- “任何超出基本功能的附加项都会被视为‘浪费钱’”"
belief_bench_v1_2026-07-13,ToC_Cost_Elder,草根老板,C2_low,4,11714,12906,200,success,,三位受访者均极度价格敏感，核心逻辑是'够好且便宜'，对科技产品抵触且替代现有支出才肯掏钱，参考同类800元定价远超出其心理价位，200元是能触发'试试看'的低风险锚点。,,"{""estimated_wtp"": 200, ""reasoning"": ""三位受访者均极度价格敏感，核心逻辑是'够好且便宜'，对科技产品抵触且替代现有支出才肯掏钱，参考同类800元定价远超出其心理价位，200元是能触发'试试看'的低风险锚点。""}",
belief_bench_v1_2026-07-13,ToC_Cost_Elder,草根老板,C1,10,11714,12906,300,success,,引文显示客群对价格极度敏感，视非必需消费为浪费，且对超过百元的支出犹豫，因此支付意愿极低，约300元以下。,,"{""estimated_wtp"": 300, ""reasoning"": ""引文显示客群对价格极度敏感，视非必需消费为浪费，且对超过百元的支出犹豫，因此支付意愿极低，约300元以下。""}","以下是从三份报告中逐字引用的、与价格、预算、支付意愿相关的所有句子：

**报告 1：ToC_Cost_Elder_P1**
- “去医院一趟得花不少钱。”
- “要是花钱找人聊天，那肯定不值当。”
- “买那些花里胡哨的东西，学不会就是白花钱。”
- “之前买过一个便宜的扫地东西，用两天就坏。”
- “她提到上个月买了一袋打折的大米‘便宜了十几块钱特别高兴’，但换季添件外套想了好几天。”
- “学不会就是白花钱”
- “不是必需的，我就不买。”

**报告 2：ToC_Cost_Elder_P2**
- “我想开空调暖暖，可一想起上个月的电费单子，心就揪一下——好几百块呢，平时才一百出头。超过这个数我就得犹豫，够用就行，别太贵。”
- “那笔钱花出去，心疼好久。”
- “她愿意试试，但紧跟着问‘贵不贵？’——然后提到‘我花钱都跟老伴商量的，稍微大一点的支出两个人一起决定’。”
- “必须比现有方案便宜，且能节省多少人力或物力。”
- “反正就几百块的东西，不折腾了。”

**报告 3：ToC_Cost_Elder_P3**
- “换水龙头自己动手，‘找人来修还要几十块工钱，不划算’。”
- “买东西我都得琢磨好一阵，除非是那种明摆着能省事的——比如洗衣机，省下来的时间和精力，我觉得划算。”
- “够用就行，别整那些花里胡哨的，稳定、不折腾、不添乱才是硬道理。”
- “他买东西前会算清账，觉得划算才肯掏钱。”
- “预算极低”
- “对价格高度敏感，决策优先考虑耐用性和性价比”
- “联网功能‘肯定更贵，不值当’”
- “消费核心是‘够好且便宜’，任何超出基本功能的附加项都会被视为‘浪费钱’。”"
belief_bench_v1_2026-07-13,ToC_Cost_Elder,草根老板,C1,9,11714,12906,300,success,,引文显示该客群预算极低、对价格高度敏感，核心是‘够好且便宜’，超过几百块就会犹豫，且认为联网功能‘肯定更贵，不值当’，因此支付意愿上限约300元。,,"{""estimated_wtp"": 300, ""reasoning"": ""引文显示该客群预算极低、对价格高度敏感，核心是‘够好且便宜’，超过几百块就会犹豫，且认为联网功能‘肯定更贵，不值当’，因此支付意愿上限约300元。""}","以下是三份报告中所有与价格、预算、支付意愿相关的句子逐字引用：

**报告 1：ToC_Cost_Elder_P1**

- “去医院一趟得花不少钱。”
- “要是花钱找人聊天，那肯定不值当。”
- “买那些花里胡哨的东西，学不会就是白花钱。”
- “之前买过一个便宜的扫地东西，用两天就坏。”
- “她提到上个月买了一袋打折的大米‘便宜了十几块钱特别高兴’，但换季添件外套想了好几天。”
- “学不会就是白花钱”
- “不是必需的，我就不买”

**报告 2：ToC_Cost_Elder_P2**

- “我想开空调暖暖，可一想起上个月的电费单子，心就揪一下——好几百块呢，平时才一百出头。超过这个数我就得犹豫，够用就行，别太贵。”
- “之前买过一个小机器人，没用几次就搁置了——‘按键太多，一直吃灰。那笔钱花出去，心疼好久。’”
- “如果有个东西能搭句话，她愿意试试，但紧跟着问‘贵不贵？’——然后提到‘我花钱都跟老伴商量的，稍微大一点的支出两个人一起决定’。”
- “预算紧张，超过心理价位就要犹豫”
- “必须比现有方案便宜，且能节省多少人力或物力”
- “反正就几百块的东西，不折腾了。”

**报告 3：ToC_Cost_Elder_P3**

- “换水龙头自己动手，‘找人来修还要几十块工钱，不划算’。”
- “买东西我都得琢磨好一阵，除非是那种明摆着能省事的——比如洗衣机，省下来的时间和力气，我觉得划算。”
- “够用就行，别整那些花里胡哨的，稳定、不折腾、不添乱才是硬道理。”
- “他买东西前会算清账，觉得划算才肯掏钱。”
- “预算极低”
- “联网功能‘肯定更贵，不值当’。”
- “消费核心是‘够好且便宜’，任何超出基本功能的附加项都会被视为‘浪费钱’。”"
belief_bench_v1_2026-07-13,ToC_Cost_Elder,草根老板,C2_low,5,11714,12906,200,success,,三位受访者均极度价格敏感、科技抵触，核心需求是‘够好且便宜’，替代现有低支出方案才肯掏钱，远低于市场800元定价。,,"{""estimated_wtp"": 200, ""reasoning"": ""三位受访者均极度价格敏感、科技抵触，核心需求是‘够好且便宜’，替代现有低支出方案才肯掏钱，远低于市场800元定价。""}",
belief_bench_v1_2026-07-13,ToC_Cost_Elder,草根老板,C2_low,6,11714,12906,300,success,,三位受访者均极度价格敏感，核心逻辑是‘够好且便宜’，替代现有支出才肯掏钱，参考同类800元定价远高于其心理锚点，结合其‘几百块的东西’表述，300元是能触发尝试的临界值。,,"{""estimated_wtp"": 300, ""reasoning"": ""三位受访者均极度价格敏感，核心逻辑是‘够好且便宜’，替代现有支出才肯掏钱，参考同类800元定价远高于其心理锚点，结合其‘几百块的东西’表述，300元是能触发尝试的临界值。""}",
belief_bench_v1_2026-07-13,ToC_Cost_Elder,草根老板,C2_low,7,11714,12906,300,success,,三位受访者均极度价格敏感，核心逻辑是'够好且便宜'，对科技产品抵触且只愿为替代现有低成本方案付费，参考市场价800元远超出其心理锚点，综合其'几百块的东西坏了就算了'的态度，估计支付意愿在300元左右。,,"{""estimated_wtp"": 300, ""reasoning"": ""三位受访者均极度价格敏感，核心逻辑是'够好且便宜'，对科技产品抵触且只愿为替代现有低成本方案付费，参考市场价800元远超出其心理锚点，综合其'几百块的东西坏了就算了'的态度，估计支付意愿在300元左右。""}",
belief_bench_v1_2026-07-13,ToC_Cost_Elder,草根老板,C2_low,9,11714,12906,200,success,,三位受访者均极度价格敏感，将200元视为可接受的心理上限，超过则触发替代思维或直接拒绝。,,"{""estimated_wtp"": 200, ""reasoning"": ""三位受访者均极度价格敏感，将200元视为可接受的心理上限，超过则触发替代思维或直接拒绝。""}",
belief_bench_v1_2026-07-13,ToC_Cost_Elder,草根老板,C2_low,8,11714,12906,200,success,,三位受访者均极度价格敏感，以‘够用就行’为决策核心，且对科技产品抵触、担心浪费钱，同类产品800元远超其心理价位，支付意愿应远低于市场价，约200元才可能触发试用意愿。,,"{""estimated_wtp"": 200, ""reasoning"": ""三位受访者均极度价格敏感，以‘够用就行’为决策核心，且对科技产品抵触、担心浪费钱，同类产品800元远超其心理价位，支付意愿应远低于市场价，约200元才可能触发试用意愿。""}",
belief_bench_v1_2026-07-13,ToC_Cost_Elder,草根老板,C2_low,10,11714,12906,200,success,,三位受访者均极度价格敏感，核心诉求是'够好且便宜'，替代现有低成本方案（如广播、自言自语），且对科技产品抵触，支付意愿远低于市场常见定价800元。,,"{""estimated_wtp"": 200, ""reasoning"": ""三位受访者均极度价格敏感，核心诉求是'够好且便宜'，替代现有低成本方案（如广播、自言自语），且对科技产品抵触，支付意愿远低于市场常见定价800元。""}",
belief_bench_v1_2026-07-13,ToC_Cost_Elder,草根老板,C2_high,1,11714,12906,500,success,,三位受访者均为极度价格敏感型，核心诉求是‘够好且便宜’，对科技产品抵触，且参考同类产品12000元的定价，支付意愿极低，初步估算在500元以内。,,"{""estimated_wtp"": 500, ""reasoning"": ""三位受访者均为极度价格敏感型，核心诉求是‘够好且便宜’，对科技产品抵触，且参考同类产品12000元的定价，支付意愿极低，初步估算在500元以内。""}",
belief_bench_v1_2026-07-13,ToC_Cost_Elder,草根老板,C2_high,2,11714,12906,500,success,,三位受访者均极度价格敏感，以'够用就行'为决策核心，对科技产品抵触且预算极低，参考同类产品12000元定价，支付意愿仅约500元。,,"{""estimated_wtp"": 500, ""reasoning"": ""三位受访者均极度价格敏感，以'够用就行'为决策核心，对科技产品抵触且预算极低，参考同类产品12000元定价，支付意愿仅约500元。""}",
belief_bench_v1_2026-07-13,ToC_Cost_Elder,草根老板,C2_high,4,11714,12906,500,success,,三位受访者均极度价格敏感，核心诉求是'够好且便宜'，对科技产品抵触且预算极低，支付意愿远低于市场均价。,,"{""estimated_wtp"": 500, ""reasoning"": ""三位受访者均极度价格敏感，核心诉求是'够好且便宜'，对科技产品抵触且预算极低，支付意愿远低于市场均价。""}",
belief_bench_v1_2026-07-13,ToC_Cost_Elder,草根老板,C2_high,3,11714,12906,200,success,,三位受访者均极度价格敏感，以'够好且便宜'为底线，对科技产品抵触且怕弄坏，支付意愿远低于市场均价，仅能接受极低价格如200元以内。,,"{""estimated_wtp"": 200, ""reasoning"": ""三位受访者均极度价格敏感，以'够好且便宜'为底线，对科技产品抵触且怕弄坏，支付意愿远低于市场均价，仅能接受极低价格如200元以内。""}",
belief_bench_v1_2026-07-13,ToC_Cost_Elder,草根老板,C2_high,5,11714,12906,500,success,,三位受访者均极度价格敏感，核心诉求是‘够用且便宜’，对科技产品抵触且怕弄坏，参考同类产品12000元定价，他们仅愿为开箱即用、无维护、低互动的替代方案支付极低价格。,,"{""estimated_wtp"": 500, ""reasoning"": ""三位受访者均极度价格敏感，核心诉求是‘够用且便宜’，对科技产品抵触且怕弄坏，参考同类产品12000元定价，他们仅愿为开箱即用、无维护、低互动的替代方案支付极低价格。""}",
belief_bench_v1_2026-07-13,ToC_Cost_Elder,草根老板,C2_high,6,11714,12906,500,success,,三位受访者均极度价格敏感，核心是'够好且便宜'，支付意愿远低于市场均价12000元，结合其成本导向和替代思维，估计可接受上限约500元。,,"{""estimated_wtp"": 500, ""reasoning"": ""三位受访者均极度价格敏感，核心是'够好且便宜'，支付意愿远低于市场均价12000元，结合其成本导向和替代思维，估计可接受上限约500元。""}",
belief_bench_v1_2026-07-13,ToC_Cost_Elder,草根老板,C2_high,7,11714,12906,500,success,,三位受访者均极度价格敏感，核心需求是低成本替代现有方案，且对科技产品抵触，市场定价12000元远超其支付意愿，基于其日常消费习惯和替代思维，估计支付意愿在500元以内。,,"{""estimated_wtp"": 500, ""reasoning"": ""三位受访者均极度价格敏感，核心需求是低成本替代现有方案，且对科技产品抵触，市场定价12000元远超其支付意愿，基于其日常消费习惯和替代思维，估计支付意愿在500元以内。""}",
belief_bench_v1_2026-07-13,ToC_Cost_Elder,草根老板,C2_high,9,11714,12906,500,success,,三位受访者均极度价格敏感，核心诉求是‘够好且便宜’，心理锚点远低于市场价12000元，结合其‘几百块’的提及和替代现有支出的逻辑，支付意愿约500元。,,"{""estimated_wtp"": 500, ""reasoning"": ""三位受访者均极度价格敏感，核心诉求是‘够好且便宜’，心理锚点远低于市场价12000元，结合其‘几百块’的提及和替代现有支出的逻辑，支付意愿约500元。""}",
belief_bench_v1_2026-07-13,ToC_Cost_Elder,草根老板,C2_high,8,11714,12906,500,success,,三位受访者均极度价格敏感，核心诉求是'够好且便宜'，对科技产品抵触且预算极低，参考市场价12000元远超出其支付意愿，结合其日常消费习惯（如打折大米、几百块闲置品），估计可接受上限约500元。,,"{""estimated_wtp"": 500, ""reasoning"": ""三位受访者均极度价格敏感，核心诉求是'够好且便宜'，对科技产品抵触且预算极低，参考市场价12000元远超出其支付意愿，结合其日常消费习惯（如打折大米、几百块闲置品），估计可接受上限约500元。""}",
belief_bench_v1_2026-07-13,ToC_Cost_Elder,草根老板,C2_high,10,11714,12906,500,success,,三位受访者均极度价格敏感，核心逻辑是‘够用且便宜’，调研显示其心理价位远低于市场均价12000元，且对科技产品抵触，仅愿为极简、稳定、开箱即用的功能支付极低费用。,,"{""estimated_wtp"": 500, ""reasoning"": ""三位受访者均极度价格敏感，核心逻辑是‘够用且便宜’，调研显示其心理价位远低于市场均价12000元，且对科技产品抵触，仅愿为极简、稳定、开箱即用的功能支付极低费用。""}",
belief_bench_v1_2026-07-13,ToC_Cost_Elder,草根老板,C3,1,11714,12906,489,success,,由报告锚点加权中位数及冻结 persona 变换确定性合成,"[{""quote"":""上个月的电费单子，心就揪一下——好几百块呢，平时才一百出头"",""value_yuan"":100,""type"":""参考价""},{""quote"":""上个月的电费单子，心就揪一下——好几百块呢，平时才一百出头"",""value_yuan"":200,""type"":""上限""},{""quote"":""我花钱都跟老伴商量的，稍微大一点的支出两个人一起决定"",""value_yuan"":0,""type"":""审批门槛""},{""quote"":""反正就几百块的东西，不折腾了"",""value_yuan"":500,""type"":""上限""},{""quote"":""找人来修还要几十块工钱，不划算"",""value_yuan"":50,""type"":""参考价""}]","{""anchors"": [{""quote"": ""上个月的电费单子，心就揪一下——好几百块呢，平时才一百出头"", ""value_yuan"": 100, ""type"": ""参考价""}, {""quote"": ""上个月的电费单子，心就揪一下——好几百块呢，平时才一百出头"", ""value_yuan"": 200, ""type"": ""上限""}, {""quote"": ""我花钱都跟老伴商量的，稍微大一点的支出两个人一起决定"", ""value_yuan"": null, ""type"": ""审批门槛""}, {""quote"": ""反正就几百块的东西，不折腾了"", ""value_yuan"": 500, ""type"": ""上限""}, {""quote"": ""找人来修还要几十块工钱，不划算"", ""value_yuan"": 50, ""type"": ""参考价""}]}",
belief_bench_v1_2026-07-13,ToC_Cost_Elder,草根老板,C3,2,11714,12906,422,success,,由报告锚点加权中位数及冻结 persona 变换确定性合成,"[{""quote"":""上个月的电费单子，心就揪一下——好几百块呢，平时才一百出头"",""value_yuan"":100,""type"":""参考价""},{""quote"":""上个月的电费单子，心就揪一下——好几百块呢，平时才一百出头"",""value_yuan"":200,""type"":""上限""},{""quote"":""就几百块的东西"",""value_yuan"":500,""type"":""上限""},{""quote"":""找人来修还要几十块工钱"",""value_yuan"":50,""type"":""参考价""},{""quote"":""稍微大一点的支出两个人一起决定"",""value_yuan"":0,""type"":""审批门槛""}]","{""anchors"": [{""quote"": ""上个月的电费单子，心就揪一下——好几百块呢，平时才一百出头"", ""value_yuan"": 100, ""type"": ""参考价""}, {""quote"": ""上个月的电费单子，心就揪一下——好几百块呢，平时才一百出头"", ""value_yuan"": 200, ""type"": ""上限""}, {""quote"": ""就几百块的东西"", ""value_yuan"": 500, ""type"": ""上限""}, {""quote"": ""找人来修还要几十块工钱"", ""value_yuan"": 50, ""type"": ""参考价""}, {""quote"": ""稍微大一点的支出两个人一起决定"", ""value_yuan"": null, ""type"": ""审批门槛""}]}",
belief_bench_v1_2026-07-13,ToC_Cost_Elder,草根老板,C3,3,11714,12906,423,success,,由报告锚点加权中位数及冻结 persona 变换确定性合成,"[{""quote"":""去医院一趟得花不少钱"",""value_yuan"":0,""type"":""参考价""},{""quote"":""便宜了十几块钱特别高兴"",""value_yuan"":0,""type"":""参考价""},{""quote"":""好几百块呢，平时才一百出头"",""value_yuan"":0,""type"":""上限""},{""quote"":""超过这个数我就得犹豫"",""value_yuan"":0,""type"":""上限""},{""quote"":""那笔钱花出去，心疼好久"",""value_yuan"":0,""type"":""参考价""},{""quote"":""几百块的东西"",""value_yuan"":0,""type"":""参考价""},{""quote"":""找人来修还要几十块工钱"",""value_yuan"":0,""type"":""参考价""},{""quote"":""稍微大一点的支出两个人一起决定"",""value_yuan"":0,""type"":""审批门槛""}]","{""anchors"": [{""quote"": ""去医院一趟得花不少钱"", ""value_yuan"": null, ""type"": ""参考价""}, {""quote"": ""便宜了十几块钱特别高兴"", ""value_yuan"": null, ""type"": ""参考价""}, {""quote"": ""好几百块呢，平时才一百出头"", ""value_yuan"": null, ""type"": ""上限""}, {""quote"": ""超过这个数我就得犹豫"", ""value_yuan"": null, ""type"": ""上限""}, {""quote"": ""那笔钱花出去，心疼好久"", ""value_yuan"": null, ""type"": ""参考价""}, {""quote"": ""几百块的东西"", ""value_yuan"": null, ""type"": ""参考价""}, {""quote"": ""找人来修还要几十块工钱"", ""value_yuan"": null, ""type"": ""参考价""}, {""quote"": ""稍微大一点的支出两个人一起决定"", ""value_yuan"": null, ""type"": ""审批门槛""}]}",
belief_bench_v1_2026-07-13,ToC_Cost_Elder,草根老板,C3,5,11714,12906,484,success,,由报告锚点加权中位数及冻结 persona 变换确定性合成,"[{""quote"":""好几百块呢，平时才一百出头"",""value_yuan"":100,""type"":""参考价""},{""quote"":""好几百块呢，平时才一百出头"",""value_yuan"":200,""type"":""下限""},{""quote"":""就几百块的东西"",""value_yuan"":300,""type"":""上限""},{""quote"":""稍微大一点的支出两个人一起决定"",""value_yuan"":0,""type"":""审批门槛""},{""quote"":""找人来修还要几十块工钱"",""value_yuan"":50,""type"":""参考价""}]","{""anchors"": [{""quote"": ""好几百块呢，平时才一百出头"", ""value_yuan"": 100, ""type"": ""参考价""}, {""quote"": ""好几百块呢，平时才一百出头"", ""value_yuan"": 200, ""type"": ""下限""}, {""quote"": ""就几百块的东西"", ""value_yuan"": 300, ""type"": ""上限""}, {""quote"": ""稍微大一点的支出两个人一起决定"", ""value_yuan"": null, ""type"": ""审批门槛""}, {""quote"": ""找人来修还要几十块工钱"", ""value_yuan"": 50, ""type"": ""参考价""}]}",
belief_bench_v1_2026-07-13,ToC_Cost_Elder,草根老板,C3,6,11714,12906,437,success,,由报告锚点加权中位数及冻结 persona 变换确定性合成,"[{""quote"":""上个月的电费单子，心就揪一下——好几百块呢，平时才一百出头"",""value_yuan"":100,""type"":""参考价""},{""quote"":""上个月的电费单子，心就揪一下——好几百块呢，平时才一百出头"",""value_yuan"":200,""type"":""上限""},{""quote"":""我花钱都跟老伴商量的，稍微大一点的支出两个人一起决定"",""value_yuan"":0,""type"":""审批门槛""},{""quote"":""就几百块的东西，不折腾了"",""value_yuan"":500,""type"":""上限""},{""quote"":""找人来修还要几十块工钱，不划算"",""value_yuan"":50,""type"":""参考价""}]","{""anchors"": [{""quote"": ""上个月的电费单子，心就揪一下——好几百块呢，平时才一百出头"", ""value_yuan"": 100, ""type"": ""参考价""}, {""quote"": ""上个月的电费单子，心就揪一下——好几百块呢，平时才一百出头"", ""value_yuan"": 200, ""type"": ""上限""}, {""quote"": ""我花钱都跟老伴商量的，稍微大一点的支出两个人一起决定"", ""value_yuan"": null, ""type"": ""审批门槛""}, {""quote"": ""就几百块的东西，不折腾了"", ""value_yuan"": 500, ""type"": ""上限""}, {""quote"": ""找人来修还要几十块工钱，不划算"", ""value_yuan"": 50, ""type"": ""参考价""}]}",
belief_bench_v1_2026-07-13,ToC_Cost_Elder,草根老板,C3,4,11714,12906,443,success,,由报告锚点加权中位数及冻结 persona 变换确定性合成,"[{""quote"":""上个月的电费单子，心就揪一下——好几百块呢，平时才一百出头"",""value_yuan"":100,""type"":""参考价""},{""quote"":""上个月的电费单子，心就揪一下——好几百块呢，平时才一百出头"",""value_yuan"":200,""type"":""上限""},{""quote"":""我花钱都跟老伴商量的，稍微大一点的支出两个人一起决定"",""value_yuan"":0,""type"":""审批门槛""},{""quote"":""反正就几百块的东西，不折腾了"",""value_yuan"":500,""type"":""参考价""},{""quote"":""找人来修还要几十块工钱，不划算"",""value_yuan"":50,""type"":""上限""}]","{""anchors"": [{""quote"": ""上个月的电费单子，心就揪一下——好几百块呢，平时才一百出头"", ""value_yuan"": 100, ""type"": ""参考价""}, {""quote"": ""上个月的电费单子，心就揪一下——好几百块呢，平时才一百出头"", ""value_yuan"": 200, ""type"": ""上限""}, {""quote"": ""我花钱都跟老伴商量的，稍微大一点的支出两个人一起决定"", ""value_yuan"": null, ""type"": ""审批门槛""}, {""quote"": ""反正就几百块的东西，不折腾了"", ""value_yuan"": 500, ""type"": ""参考价""}, {""quote"": ""找人来修还要几十块工钱，不划算"", ""value_yuan"": 50, ""type"": ""上限""}]}",
belief_bench_v1_2026-07-13,ToC_Cost_Elder,草根老板,C3,8,11714,12906,397,success,,由报告锚点加权中位数及冻结 persona 变换确定性合成,"[{""quote"":""上个月的电费单子，心就揪一下——好几百块呢，平时才一百出头"",""value_yuan"":100,""type"":""参考价""},{""quote"":""上个月的电费单子，心就揪一下——好几百块呢，平时才一百出头"",""value_yuan"":200,""type"":""上限""},{""quote"":""我花钱都跟老伴商量的，稍微大一点的支出两个人一起决定"",""value_yuan"":0,""type"":""审批门槛""},{""quote"":""反正就几百块的东西，不折腾了"",""value_yuan"":100,""type"":""参考价""},{""quote"":""找人来修还要几十块工钱，不划算"",""value_yuan"":50,""type"":""上限""}]","{""anchors"": [{""quote"": ""上个月的电费单子，心就揪一下——好几百块呢，平时才一百出头"", ""value_yuan"": 100, ""type"": ""参考价""}, {""quote"": ""上个月的电费单子，心就揪一下——好几百块呢，平时才一百出头"", ""value_yuan"": 200, ""type"": ""上限""}, {""quote"": ""我花钱都跟老伴商量的，稍微大一点的支出两个人一起决定"", ""value_yuan"": null, ""type"": ""审批门槛""}, {""quote"": ""反正就几百块的东西，不折腾了"", ""value_yuan"": 100, ""type"": ""参考价""}, {""quote"": ""找人来修还要几十块工钱，不划算"", ""value_yuan"": 50, ""type"": ""上限""}]}",
belief_bench_v1_2026-07-13,ToC_Cost_Elder,草根老板,C3,7,11714,12906,403,success,,由报告锚点加权中位数及冻结 persona 变换确定性合成,"[{""quote"":""上个月的电费单子，心就揪一下——好几百块呢，平时才一百出头"",""value_yuan"":100,""type"":""参考价""},{""quote"":""上个月的电费单子，心就揪一下——好几百块呢"",""value_yuan"":200,""type"":""上限""},{""quote"":""我花钱都跟老伴商量的，稍微大一点的支出两个人一起决定"",""value_yuan"":0,""type"":""审批门槛""},{""quote"":""找人来修还要几十块工钱，不划算"",""value_yuan"":50,""type"":""上限""},{""quote"":""买过一个小机器人，没用几次就搁置了——'按键太多，一直吃灰。那笔钱花出去，心疼好久"",""value_yuan"":0,""type"":""参考价""},{""quote"":""反正就几百块的东西，不折腾了"",""value_yuan"":200,""type"":""上限""},{""quote"":""超过这个数我就得犹豫，够用就行，别太贵"",""value_yuan"":0,""type"":""上限""}]","{""anchors"": [{""quote"": ""上个月的电费单子，心就揪一下——好几百块呢，平时才一百出头"", ""value_yuan"": 100, ""type"": ""参考价""}, {""quote"": ""上个月的电费单子，心就揪一下——好几百块呢"", ""value_yuan"": 200, ""type"": ""上限""}, {""quote"": ""我花钱都跟老伴商量的，稍微大一点的支出两个人一起决定"", ""value_yuan"": null, ""type"": ""审批门槛""}, {""quote"": ""找人来修还要几十块工钱，不划算"", ""value_yuan"": 50, ""type"": ""上限""}, {""quote"": ""买过一个小机器人，没用几次就搁置了——'按键太多，一直吃灰。那笔钱花出去，心疼好久"", ""value_yuan"": null, ""type"": ""参考价""}, {""quote"": ""反正就几百块的东西，不折腾了"", ""value_yuan"": 200, ""type"": ""上限""}, {""quote"": ""超过这个数我就得犹豫，够用就行，别太贵"", ""value_yuan"": null, ""type"": ""上限""}]}",
belief_bench_v1_2026-07-13,ToC_Cost_Elder,草根老板,C3,9,11714,12906,428,success,,由报告锚点加权中位数及冻结 persona 变换确定性合成,"[{""quote"":""上个月的电费单子，心就揪一下——好几百块呢，平时才一百出头"",""value_yuan"":100,""type"":""参考价""},{""quote"":""上个月的电费单子，心就揪一下——好几百块呢，平时才一百出头"",""value_yuan"":200,""type"":""上限""},{""quote"":""我花钱都跟老伴商量的，稍微大一点的支出两个人一起决定"",""value_yuan"":0,""type"":""审批门槛""},{""quote"":""反正就几百块的东西，不折腾了"",""value_yuan"":500,""type"":""上限""},{""quote"":""找人来修还要几十块工钱，不划算"",""value_yuan"":50,""type"":""参考价""}]","{""anchors"": [{""quote"": ""上个月的电费单子，心就揪一下——好几百块呢，平时才一百出头"", ""value_yuan"": 100, ""type"": ""参考价""}, {""quote"": ""上个月的电费单子，心就揪一下——好几百块呢，平时才一百出头"", ""value_yuan"": 200, ""type"": ""上限""}, {""quote"": ""我花钱都跟老伴商量的，稍微大一点的支出两个人一起决定"", ""value_yuan"": null, ""type"": ""审批门槛""}, {""quote"": ""反正就几百块的东西，不折腾了"", ""value_yuan"": 500, ""type"": ""上限""}, {""quote"": ""找人来修还要几十块工钱，不划算"", ""value_yuan"": 50, ""type"": ""参考价""}]}",
belief_bench_v1_2026-07-13,ToC_Cost_Elder,职业经理人,C0_leaked,2,11714,12906,200,success,,三位受访者均极度价格敏感，以'够用就行'为核心，对科技产品抵触且预算紧张，支付意愿远低于示例范围，约200元是能接受的低价门槛。,,"{""estimated_wtp"": 200, ""reasoning"": ""三位受访者均极度价格敏感，以'够用就行'为核心，对科技产品抵触且预算紧张，支付意愿远低于示例范围，约200元是能接受的低价门槛。""}",
belief_bench_v1_2026-07-13,ToC_Cost_Elder,职业经理人,C0_leaked,1,11714,12906,500,success,,三位受访者均极度成本敏感、科技抵触，且反复强调'够用就行'、'几百块的东西'，结合P2受访者明确提及'几百块的东西不折腾'，锚定在500元以内是合理上限。,,"{""estimated_wtp"": 500, ""reasoning"": ""三位受访者均极度成本敏感、科技抵触，且反复强调'够用就行'、'几百块的东西'，结合P2受访者明确提及'几百块的东西不折腾'，锚定在500元以内是合理上限。""}",
belief_bench_v1_2026-07-13,ToC_Cost_Elder,草根老板,C3,10,11714,12906,515,success,,由报告锚点加权中位数及冻结 persona 变换确定性合成,"[{""quote"":""便宜了十几块钱特别高兴"",""value_yuan"":10,""type"":""参考价""},{""quote"":""好几百块呢，平时才一百出头"",""value_yuan"":100,""type"":""参考价""},{""quote"":""好几百块呢，平时才一百出头"",""value_yuan"":200,""type"":""上限""},{""quote"":""超过这个数我就得犹豫"",""value_yuan"":200,""type"":""上限""},{""quote"":""那笔钱花出去，心疼好久"",""value_yuan"":500,""type"":""参考价""},{""quote"":""稍微大一点的支出两个人一起决定"",""value_yuan"":500,""type"":""审批门槛""},{""quote"":""找人来修还要几十块工钱，不划算"",""value_yuan"":50,""type"":""参考价""}]","{""anchors"": [{""quote"": ""便宜了十几块钱特别高兴"", ""value_yuan"": 10, ""type"": ""参考价""}, {""quote"": ""好几百块呢，平时才一百出头"", ""value_yuan"": 100, ""type"": ""参考价""}, {""quote"": ""好几百块呢，平时才一百出头"", ""value_yuan"": 200, ""type"": ""上限""}, {""quote"": ""超过这个数我就得犹豫"", ""value_yuan"": 200, ""type"": ""上限""}, {""quote"": ""那笔钱花出去，心疼好久"", ""value_yuan"": 500, ""type"": ""参考价""}, {""quote"": ""稍微大一点的支出两个人一起决定"", ""value_yuan"": 500, ""type"": ""审批门槛""}, {""quote"": ""找人来修还要几十块工钱，不划算"", ""value_yuan"": 50, ""type"": ""参考价""}]}",
belief_bench_v1_2026-07-13,ToC_Cost_Elder,职业经理人,C0_leaked,3,11714,12906,500,success,,三位受访者均极度成本敏感、科技抵触，且调研报告显示其心理价位极低，参考P2中‘几百块的东西’和P1中‘打折大米’的消费习惯，500元是能触发购买决策的上限。,,"{""estimated_wtp"": 500, ""reasoning"": ""三位受访者均极度成本敏感、科技抵触，且调研报告显示其心理价位极低，参考P2中‘几百块的东西’和P1中‘打折大米’的消费习惯，500元是能触发购买决策的上限。""}",
belief_bench_v1_2026-07-13,ToC_Cost_Elder,职业经理人,C0_leaked,4,11714,12906,500,success,,三位受访者均极度成本敏感、科技抵触，核心诉求是稳定可靠且低价，参考报告内提及的‘几百块的东西’和‘比现有方案便宜’的决策逻辑，500元是能触发购买尝试的上限。,,"{""estimated_wtp"": 500, ""reasoning"": ""三位受访者均极度成本敏感、科技抵触，核心诉求是稳定可靠且低价，参考报告内提及的‘几百块的东西’和‘比现有方案便宜’的决策逻辑，500元是能触发购买尝试的上限。""}",
belief_bench_v1_2026-07-13,ToC_Cost_Elder,职业经理人,C0_leaked,5,11714,12906,300,success,,三位受访者均极度价格敏感，将300元作为心理锚点（P2提到‘超过这个数就得犹豫’），且要求低于现有替代方案（如电费、宠物成本），同时满足‘够用就行、开箱即用、无维护成本’的底线，因此300元是能触发购买决策的上限。,,"{""estimated_wtp"": 300, ""reasoning"": ""三位受访者均极度价格敏感，将300元作为心理锚点（P2提到‘超过这个数就得犹豫’），且要求低于现有替代方案（如电费、宠物成本），同时满足‘够用就行、开箱即用、无维护成本’的底线，因此300元是能触发购买决策的上限。""}",
belief_bench_v1_2026-07-13,ToC_Cost_Elder,职业经理人,C0_leaked,8,11714,12906,500,success,,三位受访者均极度成本敏感，核心诉求是‘够好且便宜’，支付意愿明显低于示例区间，500元是接近其心理上限的保守估计。,,"{""estimated_wtp"": 500, ""reasoning"": ""三位受访者均极度成本敏感，核心诉求是‘够好且便宜’，支付意愿明显低于示例区间，500元是接近其心理上限的保守估计。""}",
belief_bench_v1_2026-07-13,ToC_Cost_Elder,职业经理人,C0_leaked,7,11714,12906,500,success,,三位受访者均表现出极强成本敏感和科技抵触，明确要求‘够用就行、稳定不折腾’，且将心理价位锚定在几百元（如P2提到‘几百块的东西不折腾’），远低于示例锚点3000-5000元，因此支付意愿估计为500元。,,"{""estimated_wtp"": 500, ""reasoning"": ""三位受访者均表现出极强成本敏感和科技抵触，明确要求‘够用就行、稳定不折腾’，且将心理价位锚定在几百元（如P2提到‘几百块的东西不折腾’），远低于示例锚点3000-5000元，因此支付意愿估计为500元。""}",
belief_bench_v1_2026-07-13,ToC_Cost_Elder,职业经理人,C0_leaked,6,11714,12906,500,success,,三位受访者均表现出极强成本敏感性和科技抵触，核心决策逻辑是‘够用且便宜’，替代现有支出才肯掏钱，且对超过几百元的产品会反复犹豫，参考P2‘几百块的东西，不折腾了’和P3‘够用就行’的表述，500元是能触发购买决策的上限。,,"{""estimated_wtp"": 500, ""reasoning"": ""三位受访者均表现出极强成本敏感性和科技抵触，核心决策逻辑是‘够用且便宜’，替代现有支出才肯掏钱，且对超过几百元的产品会反复犹豫，参考P2‘几百块的东西，不折腾了’和P3‘够用就行’的表述，500元是能触发购买决策的上限。""}",
belief_bench_v1_2026-07-13,ToC_Cost_Elder,职业经理人,C0_leaked,9,11714,12906,500,success,,三位受访者均表现出极强成本敏感与科技抵触，支付意愿锚定在'几百块'且需比现有替代方案更便宜，500元是能触发尝试的高端心理上限。,,"{""estimated_wtp"": 500, ""reasoning"": ""三位受访者均表现出极强成本敏感与科技抵触，支付意愿锚定在'几百块'且需比现有替代方案更便宜，500元是能触发尝试的高端心理上限。""}",
belief_bench_v1_2026-07-13,ToC_Cost_Elder,职业经理人,C0_leaked,10,11714,12906,500,success,,三位受访者均表现出极度的成本敏感和科技抵触，核心决策逻辑是‘够用就行、稳定不折腾’，且反复提及‘几百块’的心理价位，因此支付意愿远低于示例中的3000-5000元区间，500元是符合其替代现有低成本方案（如广播、自言自语）且不造成心理负担的合理上限。,,"{""estimated_wtp"": 500, ""reasoning"": ""三位受访者均表现出极度的成本敏感和科技抵触，核心决策逻辑是‘够用就行、稳定不折腾’，且反复提及‘几百块’的心理价位，因此支付意愿远低于示例中的3000-5000元区间，500元是符合其替代现有低成本方案（如广播、自言自语）且不造成心理负担的合理上限。""}",
belief_bench_v1_2026-07-13,ToC_Cost_Elder,职业经理人,C0_clean,1,11714,12906,300,success,,三位受访者均极度成本敏感，反复强调‘够用就行’、‘别太贵’，且对现有科技产品有抵触，支付意愿锚定在低端替代品（如几百块的小家电）水平，综合判断上限约300元。,,"{""estimated_wtp"": 300, ""reasoning"": ""三位受访者均极度成本敏感，反复强调‘够用就行’、‘别太贵’，且对现有科技产品有抵触，支付意愿锚定在低端替代品（如几百块的小家电）水平，综合判断上限约300元。""}",
belief_bench_v1_2026-07-13,ToC_Cost_Elder,职业经理人,C0_clean,2,11714,12906,200,success,,三位受访者均极度成本敏感，反复强调‘够用就行’、‘别太贵’，且对科技产品抵触，支付意愿锚定在低端替代品价格区间（如几百元），结合报告数字锚定和高端站位倾向，取200元作为可接受上限。,,"{""estimated_wtp"": 200, ""reasoning"": ""三位受访者均极度成本敏感，反复强调‘够用就行’、‘别太贵’，且对科技产品抵触，支付意愿锚定在低端替代品价格区间（如几百元），结合报告数字锚定和高端站位倾向，取200元作为可接受上限。""}",
belief_bench_v1_2026-07-13,ToC_Cost_Elder,职业经理人,C0_clean,4,11714,12906,300,success,,三位受访者均极度价格敏感，核心逻辑是'够好且便宜'，支付意愿锚定在几百元内，且需低于现有替代方案（如电费、维修费），300元是能触发'试试看'心理的上限。,,"{""estimated_wtp"": 300, ""reasoning"": ""三位受访者均极度价格敏感，核心逻辑是'够好且便宜'，支付意愿锚定在几百元内，且需低于现有替代方案（如电费、维修费），300元是能触发'试试看'心理的上限。""}",
belief_bench_v1_2026-07-13,ToC_Cost_Elder,职业经理人,C0_clean,3,11714,12906,199,success,,三位受访者均极度成本敏感，将价格锚定在'几百块'且反复强调'够用就行'，参考P2闲置的几百元小机器人，199元是能触发'试试看'心理且不心疼的临界点。,,"{""estimated_wtp"": 199, ""reasoning"": ""三位受访者均极度成本敏感，将价格锚定在'几百块'且反复强调'够用就行'，参考P2闲置的几百元小机器人，199元是能触发'试试看'心理且不心疼的临界点。""}",
belief_bench_v1_2026-07-13,ToC_Cost_Elder,职业经理人,C0_clean,5,11714,12906,299,success,,三位受访者均极度成本敏感，锚定报告中的'几百块'上限且反复强调'够用就行'，结合高端价格站位倾向取低值299元。,,"{""estimated_wtp"": 299, ""reasoning"": ""三位受访者均极度成本敏感，锚定报告中的'几百块'上限且反复强调'够用就行'，结合高端价格站位倾向取低值299元。""}",
belief_bench_v1_2026-07-13,ToC_Cost_Elder,职业经理人,C0_clean,6,11714,12906,299,success,,三位受访者均极度价格敏感，将‘够好且便宜’、‘开箱即用’、‘稳定不折腾’作为核心决策标准，且反复提及‘几百块’的心理价位上限，因此支付意愿锚定在低端区间，约300元以内。,,"{""estimated_wtp"": 299, ""reasoning"": ""三位受访者均极度价格敏感，将‘够好且便宜’、‘开箱即用’、‘稳定不折腾’作为核心决策标准，且反复提及‘几百块’的心理价位上限，因此支付意愿锚定在低端区间，约300元以内。""}",
belief_bench_v1_2026-07-13,ToC_Cost_Elder,职业经理人,C0_clean,7,11714,12906,300,success,,三位老人均极度成本敏感，反复强调'够用就行'、'几百块'、'贵了不买'，且对复杂功能抵触，支付意愿锚定在低端价位，300元是三位受访者都能勉强接受的折中上限。,,"{""estimated_wtp"": 300, ""reasoning"": ""三位老人均极度成本敏感，反复强调'够用就行'、'几百块'、'贵了不买'，且对复杂功能抵触，支付意愿锚定在低端价位，300元是三位受访者都能勉强接受的折中上限。""}",
belief_bench_v1_2026-07-13,ToC_Cost_Elder,职业经理人,C0_clean,10,11714,12906,300,success,,三位受访者均极度成本敏感，核心决策逻辑是'够好且便宜'，且对科技产品抵触，支付意愿锚定在'几百块'的低价区间，参考P2提到'几百块的东西不折腾'，综合判断上限约300元。,,"{""estimated_wtp"": 300, ""reasoning"": ""三位受访者均极度成本敏感，核心决策逻辑是'够好且便宜'，且对科技产品抵触，支付意愿锚定在'几百块'的低价区间，参考P2提到'几百块的东西不折腾'，综合判断上限约300元。""}",
belief_bench_v1_2026-07-13,ToC_Cost_Elder,职业经理人,C0_clean,9,11714,12906,299,success,,三位受访者均极度成本敏感、厌恶复杂操作，支付意愿锚定在'几百块'且需替代现有支出，结合调研中提到的'几百块的东西不折腾'，取中低价位299元符合其'够好且便宜'的底线。,,"{""estimated_wtp"": 299, ""reasoning"": ""三位受访者均极度成本敏感、厌恶复杂操作，支付意愿锚定在'几百块'且需替代现有支出，结合调研中提到的'几百块的东西不折腾'，取中低价位299元符合其'够好且便宜'的底线。""}",
belief_bench_v1_2026-07-13,ToC_Cost_Elder,职业经理人,C0_clean,8,11714,12906,300,success,,三位受访者均表现出极强成本敏感，支付意愿锚定在'够用且便宜'，参考P2提及'几百块的东西不折腾'和P3强调'省下的时间力气划算'，结合高端价格站位倾向，取300元作为可接受上限。,,"{""estimated_wtp"": 300, ""reasoning"": ""三位受访者均表现出极强成本敏感，支付意愿锚定在'够用且便宜'，参考P2提及'几百块的东西不折腾'和P3强调'省下的时间力气划算'，结合高端价格站位倾向，取300元作为可接受上限。""}",
belief_bench_v1_2026-07-13,ToC_Cost_Elder,职业经理人,C1,1,11714,12906,200,success,,引文显示客群预算极低、对价格高度敏感，且将非必需功能视为浪费，支付意愿应低于低端家电如几百元的电费单，故估计为200元。,,"{""estimated_wtp"": 200, ""reasoning"": ""引文显示客群预算极低、对价格高度敏感，且将非必需功能视为浪费，支付意愿应低于低端家电如几百元的电费单，故估计为200元。""}","以下是从三份报告中逐字引用的、与价格、预算、支付意愿相关的句子：

**报告 1：ToC_Cost_Elder_P1**
- “去医院一趟得花不少钱。”
- “要是花钱找人聊天，那肯定不值当。”
- “买那些花里胡哨的东西，学不会就是白花钱。”
- “养宠物成本高、体力不够。”
- “消费决策以'成本高'和'预算紧张'为核心。”
- “她提到上个月买了一袋打折的大米'便宜了十几块钱特别高兴'，但换季添件外套想了好几天。”
- “学不会就是白花钱。”
- “不是必需的，我就不买。”

**报告 2：ToC_Cost_Elder_P2**
- “我想开空调暖暖，可一想起上个月的电费单子，心就揪一下——好几百块呢，平时才一百出头。超过这个数我就得犹豫，够用就行，别太贵。”
- “那笔钱花出去，心疼好久。”
- “她愿意试试，但紧跟着问'贵不贵？'——然后提到'我花钱都跟老伴商量的，稍微大一点的支出两个人一起决定'。”
- “预算紧张，超过心理价位就要犹豫。”
- “必须比现有方案便宜，且能节省多少人力或物力。”
- “反正就几百块的东西，不折腾了。”

**报告 3：ToC_Cost_Elder_P3**
- “找人来修还要几十块工钱，不划算。”
- “买东西我都得琢磨好一阵，除非是那种明摆着能省事的——比如洗衣机，省下来的时间和力气，我觉得划算。”
- “够用就行，别整那些花里胡哨的，稳定、不折腾、不添乱才是硬道理。”
- “他买东西前会算清账，觉得划算才肯掏钱。”
- “预算极低。”
- “对价格高度敏感，决策优先考虑耐用性和性价比，排斥需后续维护的产品。”
- “他提到'试用期'很重要，得先试试看效果。”
- “联网功能……肯定更贵，不值当。”
- “消费核心是'够好且便宜'，任何超出基本功能的附加项都会被视为'浪费钱'。”"
belief_bench_v1_2026-07-13,ToC_Cost_Elder,职业经理人,C1,2,11714,12906,300,success,,引文显示用户对价格极度敏感，认为非必需不买，且对几百元的花费都需反复权衡，因此支付意愿极低，估计在300元以内。,,"{""estimated_wtp"": 300, ""reasoning"": ""引文显示用户对价格极度敏感，认为非必需不买，且对几百元的花费都需反复权衡，因此支付意愿极低，估计在300元以内。""}","以下是从三份报告中逐字引用的、与价格、预算、支付意愿相关的句子：

**报告 1：ToC_Cost_Elder_P1**
- “去医院一趟得花不少钱。”
- “要是花钱找人聊天，那肯定不值当。”
- “买那些花里胡哨的东西，学不会就是白花钱。”
- “她提到上个月买了一袋打折的大米‘便宜了十几块钱特别高兴’，但换季添件外套想了好几天。”
- “学不会就是白花钱”
- “不是必需的，我就不买。”

**报告 2：ToC_Cost_Elder_P2**
- “我想开空调暖暖，可一想起上个月的电费单子，心就揪一下——好几百块呢，平时才一百出头。超过这个数我就得犹豫，够用就行，别太贵。”
- “那笔钱花出去，心疼好久。”
- “她愿意试试，但紧跟着问‘贵不贵？’——然后提到‘我花钱都跟老伴商量的，稍微大一点的支出两个人一起决定’。”
- “必须比现有方案便宜，且能节省多少人力或物力。”
- “反正就几百块的东西，不折腾了。”

**报告 3：ToC_Cost_Elder_P3**
- “找人来修还要几十块工钱，不划算。”
- “买东西我都得琢磨好一阵，除非是那种明摆着能省事的——比如洗衣机，省下来的时间和力气，我觉得划算。”
- “够用就行，别整那些花里胡哨的，稳定、不折腾、不添乱才是硬道理。”
- “他买东西前会算清账，觉得划算才肯掏钱。”
- “预算极低”
- “对价格高度敏感，决策优先考虑耐用性和性价比”
- “联网功能‘肯定更贵，不值当’”
- “消费核心是‘够好且便宜’，任何超出基本功能的附加项都会被视为‘浪费钱’。”"
belief_bench_v1_2026-07-13,ToC_Cost_Elder,职业经理人,C1,4,11714,12906,300,success,,引文显示客群预算极低、对价格高度敏感，且将非必需功能视为浪费，支付意愿上限约在几百元以内，取300元作为保守估计。,,"{""estimated_wtp"": 300, ""reasoning"": ""引文显示客群预算极低、对价格高度敏感，且将非必需功能视为浪费，支付意愿上限约在几百元以内，取300元作为保守估计。""}","以下是三份报告中所有与价格、预算、支付意愿相关的句子逐字引用：

**报告 1：ToC_Cost_Elder_P1**
- “去医院一趟得花不少钱。”
- “要是花钱找人聊天，那肯定不值当。”
- “买那些花里胡哨的东西，学不会就是白花钱。”
- “之前买过一个便宜的扫地东西，用两天就坏。”
- “她提到上个月买了一袋打折的大米‘便宜了十几块钱特别高兴’，但换季添件外套想了好几天。”
- “学不会就是白花钱”
- “花钱前会反复掂量——‘不是必需的，我就不买’。”

**报告 2：ToC_Cost_Elder_P2**
- “我想开空调暖暖，可一想起上个月的电费单子，心就揪一下——好几百块呢，平时才一百出头。超过这个数我就得犹豫，够用就行，别太贵。”
- “那笔钱花出去，心疼好久。”
- “如果有个东西能搭句话，她愿意试试，但紧跟着问‘贵不贵？’——然后提到‘我花钱都跟老伴商量的，稍微大一点的支出两个人一起决定’。”
- “预算紧张，超过心理价位就要犹豫。”
- “必须比现有方案便宜，且能节省多少人力或物力。”
- “反正就几百块的东西，不折腾了。”

**报告 3：ToC_Cost_Elder_P3**
- “找人来修还要几十块工钱，不划算。”
- “买东西我都得琢磨好一阵，除非是那种明摆着能省事的——比如洗衣机，省下来的时间和力气，我觉得划算。”
- “够用就行，别整那些花里胡哨的，稳定、不折腾、不添乱才是硬道理。”
- “他买东西前会算清账，觉得划算才肯掏钱。”
- “预算极低”
- “联网功能‘肯定更贵，不值当’。”
- “消费核心是‘够好且便宜’，任何超出基本功能的附加项都会被视为‘浪费钱’。”"
belief_bench_v1_2026-07-13,ToC_Cost_Elder,职业经理人,C1,6,11714,12906,200,success,,引文显示该客群对价格极度敏感，核心是‘够好且便宜’，超过几百块就会犹豫，且习惯与现有方案比较，因此支付意愿极低。,,"{""estimated_wtp"": 200, ""reasoning"": ""引文显示该客群对价格极度敏感，核心是‘够好且便宜’，超过几百块就会犹豫，且习惯与现有方案比较，因此支付意愿极低。""}","以下是从三份报告中逐字引用的、与价格、预算、支付意愿相关的所有句子：

**报告 1：ToC_Cost_Elder_P1**
- “去医院一趟得花不少钱。”
- “前提是‘算清账’。”
- “要是花钱找人聊天，那肯定不值当。”
- “前提是成本更低。”
- “学不会就是白花钱。”
- “她提到上个月买了一袋打折的大米‘便宜了十几块钱特别高兴’，但换季添件外套想了好几天。”
- “学不会就是白花钱。”
- “花钱前会反复掂量——‘不是必需的，我就不买’。”

**报告 2：ToC_Cost_Elder_P2**
- “一想起上个月的电费单子，心就揪一下——好几百块呢，平时才一百出头。超过这个数我就得犹豫，够用就行，别太贵。”
- “那笔钱花出去，心疼好久。”
- “她愿意试试，但紧跟着问‘贵不贵？’——然后提到‘我花钱都跟老伴商量的，稍微大一点的支出两个人一起决定’。”
- “超过心理价位就要犹豫。”
- “必须比现有方案便宜，且能节省多少人力或物力。”
- “反正就几百块的东西，不折腾了。”

**报告 3：ToC_Cost_Elder_P3**
- “找人来修还要几十块工钱，不划算。”
- “买东西我都得琢磨好一阵，除非是那种明摆着能省事的——比如洗衣机，省下来的时间和力气，我觉得划算。”
- “够用就行，别整那些花里胡哨的，稳定、不折腾、不添乱才是硬道理。”
- “他买东西前会算清账，觉得划算才肯掏钱。”
- “预算极低。”
- “他提到‘试用期’很重要，得先试试看效果。”
- “联网功能‘肯定更贵，不值当’。”
- “消费核心是‘够好且便宜’，任何超出基本功能的附加项都会被视为‘浪费钱’。”"
belief_bench_v1_2026-07-13,ToC_Cost_Elder,职业经理人,C1,5,11714,12906,300,success,,引文显示该客群对非必需品的支付意愿极低，偏好‘够用且便宜’，超过几百元就会犹豫并需与家人商量。,,"{""estimated_wtp"": 300, ""reasoning"": ""引文显示该客群对非必需品的支付意愿极低，偏好‘够用且便宜’，超过几百元就会犹豫并需与家人商量。""}","以下是三份报告中与价格、预算、支付意愿相关的所有句子逐字引用：

**报告 1：ToC_Cost_Elder_P1**
- “去医院一趟得花不少钱。”
- “要是花钱找人聊天，那肯定不值当。”
- “买那些花里胡哨的东西，学不会就是白花钱。”
- “之前买过一个便宜的扫地东西，用两天就坏。”
- “上个月买了一袋打折的大米‘便宜了十几块钱特别高兴’，但换季添件外套想了好几天。”
- “不是必需的，我就不买。”

**报告 2：ToC_Cost_Elder_P2**
- “我想开空调暖暖，可一想起上个月的电费单子，心就揪一下——好几百块呢，平时才一百出头。超过这个数我就得犹豫，够用就行，别太贵。”
- “那笔钱花出去，心疼好久。”
- “如果有个东西能搭句话，她愿意试试，但紧跟着问‘贵不贵？’——然后提到‘我花钱都跟老伴商量的，稍微大一点的支出两个人一起决定’。”
- “反正就几百块的东西，不折腾了。”

**报告 3：ToC_Cost_Elder_P3**
- “换水龙头自己动手，‘找人来修还要几十块工钱，不划算’。”
- “买东西我都得琢磨好一阵，除非是那种明摆着能省事的——比如洗衣机，省下来的时间和力气，我觉得划算。”
- “够用就行，别整那些花里胡哨的，稳定、不折腾、不添乱才是硬道理。”
- “他买东西前会算清账，觉得划算才肯掏钱。”
- “预算极低，且偏好经得起冷处理的方案。”
- “联网功能‘肯定更贵，不值当’。”
- “消费核心是‘够好且便宜’，任何超出基本功能的附加项都会被视为‘浪费钱’。”"
belief_bench_v1_2026-07-13,ToC_Cost_Elder,职业经理人,C1,3,11714,12906,300,success,,引文显示客群预算极低、对价格高度敏感，核心是'够好且便宜'，超过几百块就会犹豫，因此支付意愿上限约300元。,,"{""estimated_wtp"": 300, ""reasoning"": ""引文显示客群预算极低、对价格高度敏感，核心是'够好且便宜'，超过几百块就会犹豫，因此支付意愿上限约300元。""}","以下是从三份报告中逐字引用的所有与价格、预算、支付意愿相关的句子：

**报告 1：ToC_Cost_Elder_P1**
- “去医院一趟得花不少钱。”
- “要是花钱找人聊天，那肯定不值当。”
- “买那些花里胡哨的东西，学不会就是白花钱。”
- “养宠物成本高、体力不够。”
- “消费决策以'成本高'和'预算紧张'为核心。”
- “她提到上个月买了一袋打折的大米'便宜了十几块钱特别高兴'，但换季添件外套想了好几天。”
- “认为'学不会就是白花钱'。”
- “花钱前会反复掂量——'不是必需的，我就不买'。”

**报告 2：ToC_Cost_Elder_P2**
- “我想开空调暖暖，可一想起上个月的电费单子，心就揪一下——好几百块呢，平时才一百出头。超过这个数我就得犹豫，够用就行，别太贵。”
- “那笔钱花出去，心疼好久。”
- “如果有个东西能搭句话，她愿意试试，但紧跟着问'贵不贵？'——然后提到'我花钱都跟老伴商量的，稍微大一点的支出两个人一起决定'。”
- “超过心理价位就要犹豫。”
- “必须比现有方案便宜，且能节省多少人力或物力。”
- “反正就几百块的东西，不折腾了。”

**报告 3：ToC_Cost_Elder_P3**
- “找人来修还要几十块工钱，不划算。”
- “买东西我都得琢磨好一阵，除非是那种明摆着能省事的——比如洗衣机，省下来的时间和力气，我觉得划算。”
- “够用就行，别整那些花里胡哨的，稳定、不折腾、不添乱才是硬道理。”
- “他买东西前会算清账，觉得划算才肯掏钱。”
- “预算极低。”
- “对价格高度敏感，决策优先考虑耐用性和性价比，排斥需后续维护的产品。”
- “觉得联网功能'肯定更贵，不值当'。”
- “消费核心是'够好且便宜'，任何超出基本功能的附加项都会被视为'浪费钱'。”"
belief_bench_v1_2026-07-13,ToC_Cost_Elder,职业经理人,C2_low,1,11714,12906,300,success,,三位受访者均极度成本敏感，以'够用且便宜'为核心，参考市场价800元但用户反复强调'超过几百块就不值'，结合P2提到'几百块的东西不折腾'，估算支付意愿在300元左右。,,"{""estimated_wtp"": 300, ""reasoning"": ""三位受访者均极度成本敏感，以'够用且便宜'为核心，参考市场价800元但用户反复强调'超过几百块就不值'，结合P2提到'几百块的东西不折腾'，估算支付意愿在300元左右。""}",
belief_bench_v1_2026-07-13,ToC_Cost_Elder,职业经理人,C2_low,2,11714,12906,300,success,,三位受访者均极度成本敏感、科技抵触，核心支付逻辑是‘够好且便宜’，锚定市场价800元后大幅折价，且替代方案（如广播、自言自语）成本几乎为零，300元是能触发‘试试看’心理的临界值。,,"{""estimated_wtp"": 300, ""reasoning"": ""三位受访者均极度成本敏感、科技抵触，核心支付逻辑是‘够好且便宜’，锚定市场价800元后大幅折价，且替代方案（如广播、自言自语）成本几乎为零，300元是能触发‘试试看’心理的临界值。""}",
belief_bench_v1_2026-07-13,ToC_Cost_Elder,职业经理人,C1,7,11714,12906,100,success,,引文显示用户对价格极度敏感，普遍认为超过百元即需犹豫，且强调“够用就行”，因此支付意愿极低，约在100元左右。,,"{""estimated_wtp"": 100, ""reasoning"": ""引文显示用户对价格极度敏感，普遍认为超过百元即需犹豫，且强调“够用就行”，因此支付意愿极低，约在100元左右。""}","以下是从三份报告中逐字引用的、与价格、预算、支付意愿相关的句子：

**报告 1：ToC_Cost_Elder_P1**
- “去医院一趟得花不少钱。”
- “要是花钱找人聊天，那肯定不值当。”
- “买那些花里胡哨的东西，学不会就是白花钱。”
- “之前买过一个便宜的扫地东西，用两天就坏。”
- “便宜了十几块钱特别高兴”
- “换季添件外套想了好几天”
- “学不会就是白花钱”
- “不是必需的，我就不买”

**报告 2：ToC_Cost_Elder_P2**
- “好几百块呢，平时才一百出头。超过这个数我就得犹豫，够用就行，别太贵。”
- “那笔钱花出去，心疼好久。”
- “贵不贵？”
- “我花钱都跟老伴商量的，稍微大一点的支出两个人一起决定”
- “反正就几百块的东西，不折腾了。”

**报告 3：ToC_Cost_Elder_P3**
- “找人来修还要几十块工钱，不划算”
- “够用就行，别整那些花里胡哨的，稳定、不折腾、不添乱才是硬道理”
- “预算极低”
- “肯定更贵，不值当”"
belief_bench_v1_2026-07-13,ToC_Cost_Elder,职业经理人,C2_low,3,11714,12906,300,success,,三位受访者均极度成本敏感，核心逻辑是'够好且便宜'，替代现有支出才肯掏钱，且对科技产品抵触，心理价位远低于市场常见定价800元，估计不超过300元。,,"{""estimated_wtp"": 300, ""reasoning"": ""三位受访者均极度成本敏感，核心逻辑是'够好且便宜'，替代现有支出才肯掏钱，且对科技产品抵触，心理价位远低于市场常见定价800元，估计不超过300元。""}",
belief_bench_v1_2026-07-13,ToC_Cost_Elder,职业经理人,C2_low,4,11714,12906,200,success,,三位受访者均极度成本敏感，认为'够用就行'且对科技产品抵触，支付意愿远低于市场常见定价800元，估计约200元。,,"{""estimated_wtp"": 200, ""reasoning"": ""三位受访者均极度成本敏感，认为'够用就行'且对科技产品抵触，支付意愿远低于市场常见定价800元，估计约200元。""}",
belief_bench_v1_2026-07-13,ToC_Cost_Elder,职业经理人,C1,8,11714,12906,300,success,,引文显示客群对价格极度敏感，核心诉求是‘够用且便宜’，超过几百元就会犹豫或认为不值，因此支付意愿上限约300元。,,"{""estimated_wtp"": 300, ""reasoning"": ""引文显示客群对价格极度敏感，核心诉求是‘够用且便宜’，超过几百元就会犹豫或认为不值，因此支付意愿上限约300元。""}","根据您的要求，以下是三份报告中所有与价格、预算、支付意愿相关的句子逐字引用：

**报告 1：ToC_Cost_Elder_P1**
- “去医院一趟得花不少钱。”
- “要是花钱找人聊天，那肯定不值当。”
- “买那些花里胡哨的东西，学不会就是白花钱。”
- “之前买过一个便宜的扫地东西，用两天就坏。”
- “她提到上个月买了一袋打折的大米‘便宜了十几块钱特别高兴’，但换季添件外套想了好几天。”
- “学不会就是白花钱”
- “不是必需的，我就不买”

**报告 2：ToC_Cost_Elder_P2**
- “我想开空调暖暖，可一想起上个月的电费单子，心就揪一下——好几百块呢，平时才一百出头。超过这个数我就得犹豫，够用就行，别太贵。”
- “那笔钱花出去，心疼好久。”
- “她愿意试试，但紧跟着问‘贵不贵？’——然后提到‘我花钱都跟老伴商量的，稍微大一点的支出两个人一起决定’。”
- “必须比现有方案便宜，且能节省多少人力或物力。”
- “反正就几百块的东西，不折腾了。”

**报告 3：ToC_Cost_Elder_P3**
- “找人来修还要几十块工钱，不���算。”
- “买东西我都得琢磨好一阵，除非是那种明摆着能省事的——比如洗衣机，省下来的时间和力气，我觉得划算。”
- “够用就行，别整那些花里胡哨的，稳定、不折腾、不添乱才是硬道理。”
- “预算极低”
- “觉得联网功能‘肯定更贵，不值当’”
- “消费核心是‘够好且便宜’，任何超出基本功能的附加项都会被视为‘浪费钱’。”"
belief_bench_v1_2026-07-13,ToC_Cost_Elder,职业经理人,C2_low,5,11714,12906,200,success,,三位受访者均极度价格敏感、科技抵触，核心决策逻辑是‘算清账’且‘够好且便宜’，市场常见定价800元远超其心理价位，支付意愿上限约200元。,,"{""estimated_wtp"": 200, ""reasoning"": ""三位受访者均极度价格敏感、科技抵触，核心决策逻辑是‘算清账’且‘够好且便宜’，市场常见定价800元远超其心理价位，支付意愿上限约200元。""}",
belief_bench_v1_2026-07-13,ToC_Cost_Elder,职业经理人,C1,9,11714,12906,300,success,,引文显示客群对价格极度敏感，视非必需功能为浪费，且对超过几百元（如电费单子几百块就心疼）的支出犹豫，因此支付意愿极低，约300元以内。,,"{""estimated_wtp"": 300, ""reasoning"": ""引文显示客群对价格极度敏感，视非必需功能为浪费，且对超过几百元（如电费单子几百块就心疼）的支出犹豫，因此支付意愿极低，约300元以内。""}","以下是从三份报告中逐字引用的所有与价格、预算、支付意愿相关的句子：

**报告 1：ToC_Cost_Elder_P1**
- “去医院一趟得花不少钱。”
- “要是花钱找人聊天，那肯定不值当。”
- “买那些花里胡哨的东西，学不会就是白花钱。”
- “之前买过一个便宜的扫地东西，用两天就坏。”
- “上个月买了一袋打折的大米‘便宜了十几块钱特别高兴’，但换季添件外套想了好几天。”
- “学不会就是白花钱”
- “不是必需的，我就不买”

**报告 2：ToC_Cost_Elder_P2**
- “我想开空调暖暖，可一想起上个月的电费单子，心就揪一下——好几百块呢，平时才一百出头。超过这个数我就得犹豫，够用就行，别太贵。”
- “那笔钱花出去，心疼好久。”
- “她愿意试试，但紧跟着问‘贵不贵？’——然后提到‘我花钱都跟老伴商量的，稍微大一点的支出两个人一起决定’。”
- “反正就几百块的东西，不折腾了。”

**报告 3：ToC_Cost_Elder_P3**
- “找人来修还要几十块工钱，不划算。”
- “买东西我都得琢磨好一阵，除非是那种明摆着能省事的——比���洗衣机，省下来的时间和力气，我觉得划算。”
- “够用就行，别整那些花里胡哨的，稳定、不折腾、不添乱才是硬道理。”
- “他买东西前会算清账，觉得划算才肯掏钱。”
- “预算极低”
- “联网功能‘肯定更贵，不值当’”
- “消费核心是‘够好且便宜’，任何超出基本功能的附加项都会被视为‘浪费钱’。”"
belief_bench_v1_2026-07-13,ToC_Cost_Elder,职业经理人,C2_low,6,11714,12906,300,success,,三位受访者均表现出极端的成本敏感和科技抵触，核心决策逻辑是‘够好且便宜’，且对超过几百元的产品会反复犹豫，参考市场价800元远超出其心理价位，综合判断支付意愿约300元。,,"{""estimated_wtp"": 300, ""reasoning"": ""三位受访者均表现出极端的成本敏感和科技抵触，核心决策逻辑是‘够好且便宜’，且对超过几百元的产品会反复犹豫，参考市场价800元远超出其心理价位，综合判断支付意愿约300元。""}",
belief_bench_v1_2026-07-13,ToC_Cost_Elder,职业经理人,C2_low,7,11714,12906,300,success,,三位受访者均极度成本敏感，将价格锚定在几百元且反复强调‘够用就行’，参考市场价800元，他们只愿为‘开箱即用、稳定不折腾’的基础功能支付约300元，超过此数会触发替代思维或直接放弃。,,"{""estimated_wtp"": 300, ""reasoning"": ""三位受访者均极度成本敏感，将价格锚定在几百元且反复强调‘够用就行’，参考市场价800元，他们只愿为‘开箱即用、稳定不折腾’的基础功能支付约300元，超过此数会触发替代思维或直接放弃。""}",
belief_bench_v1_2026-07-13,ToC_Cost_Elder,职业经理人,C1,10,11714,12906,200,success,,引文显示该客群预算极低、高度价格敏感，核心要求是‘够好且便宜’，超过心理价位就会犹豫，因此支付意愿估计在200元左右。,,"{""estimated_wtp"": 200, ""reasoning"": ""引文显示该客群预算极低、高度价格敏感，核心要求是‘够好且便宜’，超过心理价位就会犹豫，因此支付意愿估计在200元左右。""}","以下是从三份报告中逐字引用的、与价格、预算、支付意愿相关的所有句子：

**报告 1：ToC_Cost_Elder_P1**
- “去医院一趟得花不少钱。”
- “要是花钱找人聊天，那肯定不值当。”
- “买那些花里胡哨的东西，学不会就是白花钱。”
- “养宠物成本高、体力不够”
- “消费决策以‘成本高’和‘预算紧张’为核心”
- “她提到上个月买了一袋打折的大米‘便宜了十几块钱特别高兴’，但换季添件外套想了好几天”
- “学不会就是白花钱”
- “花钱前会反复掂量——‘不是必需的，我就不买’”

**报告 2：ToC_Cost_Elder_P2**
- “我想开空调暖暖，可一想起上个月的电费单子，心就揪一下——好几百块呢，平时才一百出头。超过这个数我就得犹豫，够用就行，别太贵。”
- “那笔钱花出去，心疼好久。”
- “她愿意试试，但紧跟着问‘贵不贵？’——然后提到‘我花钱都跟老伴商量的，稍微大一点的支出两个人一起决定’”
- “预算紧张，超过心理价位就要犹豫”
- “必须比现有方案便宜，且能节省多少人力或物力”
- “反正就几百块的东西，不折腾了。”

**报告 3：ToC_Cost_Elder_P3**
- “换水龙头自己动手，‘找人来修还要几十块工钱，不划算’”
- “买东西我都得琢磨好一阵，除非是那种明摆着能省事的——比如洗衣机，省下来的时间和精力，我觉得划算。”
- “够用就行，别整那些花里胡哨的，稳定、不折腾、不添乱才是硬道理。”
- “他买东西前会算清账，觉得划算才肯掏钱。”
- “任何学习或记忆步骤都会成为障碍，并直接否定产品性价比”
- “预算极低”
- “对价格高度敏感，决策优先考虑耐用性和性价比”
- “他提到‘试用期’很重要，得先试试看效果。”
- “联网功能‘肯定更贵，不值当’”
- “消费核心是‘够好且便宜’，任何超出基本功能的附加项都会被视为‘浪费钱’”"
belief_bench_v1_2026-07-13,ToC_Cost_Elder,职业经理人,C2_low,8,11714,12906,300,success,,三位受访者均极度成本敏感，将价格锚定在几百元且需比现有方案更省钱，参考市场价800元但用户心理价位远低于此，300元是兼顾'够好且便宜'与'开箱即用'的合理估算。,,"{""estimated_wtp"": 300, ""reasoning"": ""三位受访者均极度成本敏感，将价格锚定在几百元且需比现有方案更省钱，参考市场价800元但用户心理价位远低于此，300元是兼顾'够好且便宜'与'开箱即用'的合理估算。""}",
belief_bench_v1_2026-07-13,ToC_Cost_Elder,职业经理人,C2_low,9,11714,12906,300,success,,三位受访者均极度价格敏感，核心诉求是‘够好且便宜’，参考市场价800元但用户反复强调‘几百块’且需替代现有支出，综合判断支付意愿上限约300元。,,"{""estimated_wtp"": 300, ""reasoning"": ""三位受访者均极度价格敏感，核心诉求是‘够好且便宜’，参考市场价800元但用户反复强调‘几百块’且需替代现有支出，综合判断支付意愿上限约300元。""}",
belief_bench_v1_2026-07-13,ToC_Cost_Elder,职业经理人,C2_low,10,11714,12906,200,success,,三位受访者均极度成本敏感，核心逻辑是'够好且便宜'，替代现有支出才肯掏钱，且对科技产品抵触，因此支付意愿远低于市场常见定价800元，约200元是能接受的低价门槛。,,"{""estimated_wtp"": 200, ""reasoning"": ""三位受访者均极度成本敏感，核心逻辑是'够好且便宜'，替代现有支出才肯掏钱，且对科技产品抵触，因此支付意愿远低于市场常见定价800元，约200元是能接受的低价门槛。""}",
belief_bench_v1_2026-07-13,ToC_Cost_Elder,职业经理人,C2_high,1,11714,12906,500,success,,三位受访者均极度成本敏感，核心诉求是‘够好且便宜’，对科技产品抵触且只接受替代现有支出的低价方案，远低于市场常见定价12000元。,,"{""estimated_wtp"": 500, ""reasoning"": ""三位受访者均极度成本敏感，核心诉求是‘够好且便宜’，对科技产品抵触且只接受替代现有支出的低价方案，远低于市场常见定价12000元。""}",
belief_bench_v1_2026-07-13,ToC_Cost_Elder,职业经理人,C2_high,2,11714,12906,800,success,,三位受访者均表现出极强成本敏感和科技抵触，核心诉求是'够好且便宜'，锚定报告中的数字（如电费几百元、几百块的东西），且市场价12000元远超其心理底线，因此支付意愿极低，估计在800元左右。,,"{""estimated_wtp"": 800, ""reasoning"": ""三位受访者均表现出极强成本敏感和科技抵触，核心诉求是'够好且便宜'，锚定报告中的数字（如电费几百元、几百块的东西），且市场价12000元远超其心理底线，因此支付意愿极低，估计在800元左右。""}",
belief_bench_v1_2026-07-13,ToC_Cost_Elder,职业经理人,C2_high,3,11714,12906,500,success,,三位受访者均极度成本敏感、科技抵触，核心诉求是'够好且便宜'，参考市场价12000元远超其预算，支付意愿仅约500元，相当于一台低端家电的价位。,,"{""estimated_wtp"": 500, ""reasoning"": ""三位受访者均极度成本敏感、科技抵触，核心诉求是'够好且便宜'，参考市场价12000元远超其预算，支付意愿仅约500元，相当于一台低端家电的价位。""}",
belief_bench_v1_2026-07-13,ToC_Cost_Elder,职业经理人,C2_high,4,11714,12906,800,success,,三位受访者均极度价格敏感，核心逻辑是'够好且便宜'，且对科技产品抵触、怕弄坏，参考市场价12000元远超出其心理价位，结合其日常消费习惯（如几十元工钱都嫌贵），支付意愿极低，约在数百元级别。,,"{""estimated_wtp"": 800, ""reasoning"": ""三位受访者均极度价格敏感，核心逻辑是'够好且便宜'，且对科技产品抵触、怕弄坏，参考市场价12000元远超出其心理价位，结合其日常消费习惯（如几十元工钱都嫌贵），支付意愿极低，约在数百元级别。""}",
belief_bench_v1_2026-07-13,ToC_Cost_Elder,职业经理人,C2_high,6,11714,12906,800,success,,三位受访者均极度成本敏感，要求开箱即用、零学习成本、稳定可靠，且对联网功能抵触，市场定价12000元远超其心理价位，参考其日常消费习惯（如几百元电器即犹豫），支付意愿极低，估计在800元左右。,,"{""estimated_wtp"": 800, ""reasoning"": ""三位受访者均极度成本敏感，要求开箱即用、零学习成本、稳定可靠，且对联网功能抵触，市场定价12000元远超其心理价位，参考其日常消费习惯（如几百元电器即犹豫），支付意愿极低，估计在800元左右。""}",
belief_bench_v1_2026-07-13,ToC_Cost_Elder,职业经理人,C2_high,5,11714,12906,800,success,,三位受访者均极度价格敏感，反复强调‘够用就行’、‘便宜才值’，且对现有科技产品抵触，参考市场价12000元远超其心理价位，结合其替代思维（如比电费、比人工费低）和‘几百块’的提及，估计支付意愿在800元左右。,,"{""estimated_wtp"": 800, ""reasoning"": ""三位受访者均极度价格敏感，反复强调‘够用就行’、‘便宜才值’，且对现有科技产品抵触，参考市场价12000元远超其心理价位，结合其替代思维（如比电费、比人工费低）和‘几百块’的提及，估计支付意愿在800元左右。""}",
belief_bench_v1_2026-07-13,ToC_Cost_Elder,职业经理人,C2_high,7,11714,12906,800,success,,三位受访者均极度成本敏感，核心逻辑是'够好且便宜'，替代现有支出才肯掏钱，参考市场价12000元远超出其心理价位，结合其日常消费习惯和'几百块'的提及，估计支付意愿在800元左右。,,"{""estimated_wtp"": 800, ""reasoning"": ""三位受访者均极度成本敏感，核心逻辑是'够好且便宜'，替代现有支出才肯掏钱，参考市场价12000元远超出其心理价位，结合其日常消费习惯和'几百块'的提及，估计支付意愿在800元左右。""}",
belief_bench_v1_2026-07-13,ToC_Cost_Elder,职业经理人,C2_high,8,11714,12906,500,success,,三位受访者均极度价格敏感，以'够用且便宜'为决策核心，对科技产品抵触且预算极低，参考市场价12000元远超出其心理价位，支付意愿仅约500元。,,"{""estimated_wtp"": 500, ""reasoning"": ""三位受访者均极度价格敏感，以'够用且便宜'为决策核心，对科技产品抵触且预算极低，参考市场价12000元远超出其心理价位，支付意愿仅约500元。""}",
belief_bench_v1_2026-07-13,ToC_Cost_Elder,职业经理人,C2_high,9,11714,12906,800,success,,三位受访者均极度成本敏感，核心逻辑是'够好且便宜'，替代现有支出才肯掏钱，且对科技产品抵触，市场价12000元远超其心理价位，综合判断支付意愿极低，约800元。,,"{""estimated_wtp"": 800, ""reasoning"": ""三位受访者均极度成本敏感，核心逻辑是'够好且便宜'，替代现有支出才肯掏钱，且对科技产品抵触，市场价12000元远超其心理价位，综合判断支付意愿极低，约800元。""}",
belief_bench_v1_2026-07-13,ToC_Cost_Elder,职业经理人,C2_high,10,11714,12906,500,success,,三位受访者均极度价格敏感，核心逻辑是'够好且便宜'，对科技产品抵触且只愿为替代现有低成本方案付费，参考市场价12000元远超出其心理价位，估计支付意愿不超过500元。,,"{""estimated_wtp"": 500, ""reasoning"": ""三位受访者均极度价格敏感，核心逻辑是'够好且便宜'，对科技产品抵触且只愿为替代现有低成本方案付费，参考市场价12000元远超出其心理价位，估计支付意愿不超过500元。""}",
belief_bench_v1_2026-07-13,ToC_Cost_Elder,职业经理人,C3,3,11714,12906,200,success,,由报告锚点加权中位数及冻结 persona 变换确定性合成,"[{""quote"":""上个月的电费单子，心就揪一下——好几百块呢，平时才一百出头。超过这个数我就得犹豫"",""value_yuan"":100,""type"":""参考价""},{""quote"":""上个月的电费单子，心就揪一下——好几百块呢，平时才一百出头。超过这个数我就得犹豫"",""value_yuan"":200,""type"":""上限""},{""quote"":""我花钱都跟老伴商量的，稍微大一点的支出两个人一起决定"",""value_yuan"":0,""type"":""审批门槛""},{""quote"":""反正就几百块的东西，不折腾了"",""value_yuan"":500,""type"":""上限""},{""quote"":""找人来修还要几十块工钱，不划算"",""value_yuan"":50,""type"":""参考价""}]","{""anchors"": [{""quote"": ""上个月的电费单子，心就揪一下——好几百块呢，平时才一百出头。超过这个数我就得犹豫"", ""value_yuan"": 100, ""type"": ""参考价""}, {""quote"": ""上个月的电费单子，心就揪一下——好几百块呢，平时才一百出头。超过这个数我就得犹豫"", ""value_yuan"": 200, ""type"": ""上限""}, {""quote"": ""我花钱都跟老伴商量的，稍微大一点的支出两个人一起决定"", ""value_yuan"": null, ""type"": ""审批门槛""}, {""quote"": ""反正就几百块的东西，不折腾了"", ""value_yuan"": 500, ""type"": ""上限""}, {""quote"": ""找人来修还要几十块工钱，不划算"", ""value_yuan"": 50, ""type"": ""参考价""}]}",
belief_bench_v1_2026-07-13,ToC_Cost_Elder,职业经理人,C3,1,11714,12906,100,success,,由报告锚点加权中位数及冻结 persona 变换确定性合成,"[{""quote"":""上个月的电费单子，心就揪一下——好几百块呢，平时才一百出头"",""value_yuan"":100,""type"":""参考价""},{""quote"":""上个月的电费单子，心就揪一下——好几百块呢，平时才一百出头"",""value_yuan"":200,""type"":""上限""},{""quote"":""之前买过一个便宜的扫地东西，用两天就坏"",""value_yuan"":0,""type"":""参考价""},{""quote"":""我花钱都跟老伴商量的，稍微大一点的支出两个人一起决定"",""value_yuan"":0,""type"":""审批门槛""},{""quote"":""找人来修还要几十块工钱，不划算"",""value_yuan"":50,""type"":""上限""},{""quote"":""就几百块的东西，不折腾了"",""value_yuan"":500,""type"":""上限""}]","{""anchors"": [{""quote"": ""上个月的电费单子，心就揪一下——好几百块呢，平时才一百出头"", ""value_yuan"": 100, ""type"": ""参考价""}, {""quote"": ""上个月的电费单子，心就揪一下——好几百块呢，平时才一百出头"", ""value_yuan"": 200, ""type"": ""上限""}, {""quote"": ""之前买过一个便宜的扫地东西，用两天就坏"", ""value_yuan"": null, ""type"": ""参考价""}, {""quote"": ""我花钱都跟老伴商量的，稍微大一点的支出两个人一起决定"", ""value_yuan"": null, ""type"": ""审批门槛""}, {""quote"": ""找人来修还要几十块工钱，不划算"", ""value_yuan"": 50, ""type"": ""上限""}, {""quote"": ""就几百块的东西，不折腾了"", ""value_yuan"": 500, ""type"": ""上限""}]}",
belief_bench_v1_2026-07-13,ToC_Cost_Elder,职业经理人,C3,4,11714,12906,200,success,,由报告锚点加权中位数及冻结 persona 变换确定性合成,"[{""quote"":""上个月的电费单子，心就揪一下——好几百块呢，平时才一百出头"",""value_yuan"":100,""type"":""参考价""},{""quote"":""上个月的电费单子，心就揪一下——好几百块呢，平时才一百出头"",""value_yuan"":200,""type"":""上限""},{""quote"":""我花钱都跟老伴商量的，稍微大一点的支出两个人一起决定"",""value_yuan"":0,""type"":""审批门槛""},{""quote"":""反正就几百块的东西，不折腾了"",""value_yuan"":500,""type"":""上限""},{""quote"":""找人来修还要几十块工钱，不划算"",""value_yuan"":50,""type"":""参考价""}]","{""anchors"": [{""quote"": ""上个月的电费单子，心就揪一下——好几百块呢，平时才一百出头"", ""value_yuan"": 100, ""type"": ""参考价""}, {""quote"": ""上个月的电费单子，心就揪一下——好几百块呢，平时才一百出头"", ""value_yuan"": 200, ""type"": ""上限""}, {""quote"": ""我花钱都跟老伴商量的，稍微大一点的支出两个人一起决定"", ""value_yuan"": null, ""type"": ""审批门槛""}, {""quote"": ""反正就几百块的东西，不折腾了"", ""value_yuan"": 500, ""type"": ""上限""}, {""quote"": ""找人来修还要几十块工钱，不划算"", ""value_yuan"": 50, ""type"": ""参考价""}]}",
belief_bench_v1_2026-07-13,ToC_Cost_Elder,职业经理人,C3,5,11714,12906,50,success,,由报告锚点加权中位数及冻结 persona 变换确定性合成,"[{""quote"":""上个月的电费单子，心就揪一下——好几百块呢，平时才一百出头"",""value_yuan"":100,""type"":""参考价""},{""quote"":""上个月的电费单子，心就揪一下——好几百块呢，平时才一百出头"",""value_yuan"":200,""type"":""上限""},{""quote"":""我花钱都跟老伴商量的，稍微大一点的支出两个人一起决定"",""value_yuan"":0,""type"":""审批门槛""},{""quote"":""反正就几百块的东西，不折腾了"",""value_yuan"":100,""type"":""参考价""},{""quote"":""找人来修还要几十块工钱，不划算"",""value_yuan"":50,""type"":""上限""}]","{""anchors"": [{""quote"": ""上个月的电费单子，心就揪一下——好几百块呢，平时才一百出头"", ""value_yuan"": 100, ""type"": ""参考价""}, {""quote"": ""上个月的电费单子，心就揪一下——好几百块呢，平时才一百出头"", ""value_yuan"": 200, ""type"": ""上限""}, {""quote"": ""我花钱都跟老伴商量的，稍微大一点的支出两个人一起决定"", ""value_yuan"": null, ""type"": ""审批门槛""}, {""quote"": ""反正就几百块的东西，不折腾了"", ""value_yuan"": 100, ""type"": ""参考价""}, {""quote"": ""找人来修还要几十块工钱，不划算"", ""value_yuan"": 50, ""type"": ""上限""}]}",
belief_bench_v1_2026-07-13,ToC_Cost_Elder,职业经理人,C3,2,11714,12906,50,success,,由报告锚点加权中位数及冻结 persona 变换确定性合成,"[{""quote"":""上个月的电费单子，心就揪一下——好几百块呢，平时才一百出头"",""value_yuan"":100,""type"":""参考价""},{""quote"":""上个月的电费单子，心就揪一下——好几百块呢，平时才一百出头"",""value_yuan"":200,""type"":""上限""},{""quote"":""换季添件外套想了好几天"",""value_yuan"":0,""type"":""参考价""},{""quote"":""买过一个小机器人，没用几次就搁置了——'按键太多，一直吃灰。那笔钱花出去，心疼好久。'"",""value_yuan"":0,""type"":""参考价""},{""quote"":""我花钱都跟老伴商量的，稍微大一点的支出两个人一起决定"",""value_yuan"":0,""type"":""审批门槛""},{""quote"":""找人来修还要几十块工钱，不划算"",""value_yuan"":50,""type"":""上限""},{""quote"":""换水龙头自己动手"",""value_yuan"":0,""type"":""参考价""},{""quote"":""买过一个小机器人，没用几次就搁置了"",""value_yuan"":0,""type"":""参考价""},{""quote"":""几百块的东西"",""value_yuan"":100,""type"":""下限""},{""quote"":""几百块的东西"",""value_yuan"":500,""type"":""上限""}]","{""anchors"": [{""quote"": ""上个月的电费单子，心就揪一下——好几百块呢，平时才一百出头"", ""value_yuan"": 100, ""type"": ""参考价""}, {""quote"": ""上个月的电费单子，心就揪一下——好几百块呢，平时才一百出头"", ""value_yuan"": 200, ""type"": ""上限""}, {""quote"": ""换季添件外套想了好几天"", ""value_yuan"": null, ""type"": ""参考价""}, {""quote"": ""买过一个小机器人，没用几次就搁置了——'按键太多，一直吃灰。那笔钱花出去，心疼好久。'"", ""value_yuan"": null, ""type"": ""参考价""}, {""quote"": ""我花钱都跟老伴商量的，稍微大一点的支出两个人一起决定"", ""value_yuan"": null, ""type"": ""审批门槛""}, {""quote"": ""找人来修还要几十块工钱，不划算"", ""value_yuan"": 50, ""type"": ""上限""}, {""quote"": ""换水龙头自己动手"", ""value_yuan"": null, ""type"": ""参考价""}, {""quote"": ""买过一个小机器人，没用几次就搁置了"", ""value_yuan"": null, ""type"": ""参考价""}, {""quote"": ""几百块的东西"", ""value_yuan"": 100, ""type"": ""下限""}, {""quote"": ""几百块的东西"", ""value_yuan"": 500, ""type"": ""上限""}]}",
belief_bench_v1_2026-07-13,ToC_Cost_Elder,职业经理人,C3,6,11714,12906,100,success,,由报告锚点加权中位数及冻结 persona 变换确定性合成,"[{""quote"":""上个月的电费单子，心就揪一下——好几百块呢，平时才一百出头"",""value_yuan"":100,""type"":""参考价""},{""quote"":""好几百块呢，平时才一百出头。超过这个数我就得犹豫"",""value_yuan"":100,""type"":""上限""},{""quote"":""我花钱都跟老伴商量的，稍微大一点的支出两个人一起决定"",""value_yuan"":0,""type"":""审批门槛""},{""quote"":""找人来修还要几十块工钱，不划算"",""value_yuan"":50,""type"":""参考价""},{""quote"":""便宜了十几块钱特别高兴"",""value_yuan"":10,""type"":""参考价""},{""quote"":""就几百块的东西，不折腾了"",""value_yuan"":500,""type"":""上限""}]","{""anchors"": [{""quote"": ""上个月的电费单子，心就揪一下——好几百块呢，平时才一百出头"", ""value_yuan"": 100, ""type"": ""参考价""}, {""quote"": ""好几百块呢，平时才一百出头。超过这个数我就得犹豫"", ""value_yuan"": 100, ""type"": ""上限""}, {""quote"": ""我花钱都跟老伴商量的，稍微大一点的支出两个人一起决定"", ""value_yuan"": null, ""type"": ""审批门槛""}, {""quote"": ""找人来修还要几十块工钱，不划算"", ""value_yuan"": 50, ""type"": ""参考价""}, {""quote"": ""便宜了十几块钱特别高兴"", ""value_yuan"": 10, ""type"": ""参考价""}, {""quote"": ""就几百块的东西，不折腾了"", ""value_yuan"": 500, ""type"": ""上限""}]}",
belief_bench_v1_2026-07-13,ToC_Cost_Elder,职业经理人,C3,7,11714,12906,200,success,,由报告锚点加权中位数及冻结 persona 变换确定性合成,"[{""quote"":""上个月的电费单子，心就揪一下——好几百块呢，平时才一百出头"",""value_yuan"":100,""type"":""参考价""},{""quote"":""上个月的电费单子，心就揪一下——好几百块呢，平时才一百出头"",""value_yuan"":200,""type"":""上限""},{""quote"":""就几百块的东西，不折腾了"",""value_yuan"":500,""type"":""上限""},{""quote"":""找人来修还要几十块工钱，不划算"",""value_yuan"":50,""type"":""参考价""},{""quote"":""稍微大一点的支出两个人一起决定"",""value_yuan"":0,""type"":""审批门槛""}]","{""anchors"": [{""quote"": ""上个月的电费单子，心就揪一下——好几百块呢，平时才一百出头"", ""value_yuan"": 100, ""type"": ""参考价""}, {""quote"": ""上个月的电费单子，心就揪一下——好几百块呢，平时才一百出头"", ""value_yuan"": 200, ""type"": ""上限""}, {""quote"": ""就几百块的东西，不折腾了"", ""value_yuan"": 500, ""type"": ""上限""}, {""quote"": ""找人来修还要几十块工钱，不划算"", ""value_yuan"": 50, ""type"": ""参考价""}, {""quote"": ""稍微大一点的支出两个人一起决定"", ""value_yuan"": null, ""type"": ""审批门槛""}]}",
belief_bench_v1_2026-07-13,ToC_Cost_Elder,职业经理人,C3,8,11714,12906,100,success,,由报告锚点加权中位数及冻结 persona 变换确定性合成,"[{""quote"":""上个月的电费单子，心就揪一下——好几百块呢，平时才一百出头"",""value_yuan"":100,""type"":""参考价""},{""quote"":""上个月的电费单子，心就揪一下——好几百块呢，平时才一百出头"",""value_yuan"":200,""type"":""上限""},{""quote"":""我花钱都跟老伴商量的，稍微大一点的支出两个人一起决定"",""value_yuan"":0,""type"":""审批门槛""},{""quote"":""找人来修还要几十块工钱，不划算"",""value_yuan"":50,""type"":""参考价""}]","{""anchors"": [{""quote"": ""上个月的电费单子，心就揪一下——好几百块呢，平时才一百出头"", ""value_yuan"": 100, ""type"": ""参考价""}, {""quote"": ""上个月的电费单子，心就揪一下——好几百块呢，平时才一百出头"", ""value_yuan"": 200, ""type"": ""上限""}, {""quote"": ""我花钱都跟老伴商量的，稍微大一点的支出两个人一起决定"", ""value_yuan"": null, ""type"": ""审批门槛""}, {""quote"": ""找人来修还要几十块工钱，不划算"", ""value_yuan"": 50, ""type"": ""参考价""}]}",
belief_bench_v1_2026-07-13,ToC_Cost_Elder,职业经理人,C3,10,11714,12906,200,success,,由报告锚点加权中位数及冻结 persona 变换确定性合成,"[{""quote"":""上个月的电费单子，心就揪一下——好几百块呢，平时才一百出头"",""value_yuan"":100,""type"":""参考价""},{""quote"":""上个月的电费单子，心就揪一下——好几百块呢，平时才一百出头"",""value_yuan"":200,""type"":""上限""},{""quote"":""就几百块的东西，不折腾了"",""value_yuan"":500,""type"":""上限""},{""quote"":""找人来修还要几十块工钱，不划算"",""value_yuan"":50,""type"":""参考价""},{""quote"":""稍微大一点的支出两个人一起决定"",""value_yuan"":0,""type"":""审批门槛""}]","{""anchors"": [{""quote"": ""上个月的电费单子，心就揪一下——好几百块呢，平时才一百出头"", ""value_yuan"": 100, ""type"": ""参考价""}, {""quote"": ""上个月的电费单子，心就揪一下——好几百块呢，平时才一百出头"", ""value_yuan"": 200, ""type"": ""上限""}, {""quote"": ""就几百块的东西，不折腾了"", ""value_yuan"": 500, ""type"": ""上限""}, {""quote"": ""找人来修还要几十块工钱，不划算"", ""value_yuan"": 50, ""type"": ""参考价""}, {""quote"": ""稍微大一点的支出两个人一起决定"", ""value_yuan"": null, ""type"": ""审批门槛""}]}",
belief_bench_v1_2026-07-13,ToC_Cost_Elder,职业经理人,C3,9,11714,12906,100,success,,由报告锚点加权中位数及冻结 persona 变换确定性合成,"[{""quote"":""上个月的电费单子，心就揪一下——好几百块呢，平时才一百出头。超过这个数我就得犹豫"",""value_yuan"":100,""type"":""参考价""},{""quote"":""上个月的电费单子，心就揪一下——好几百块呢，平时才一百出头。超过这个数我就得犹豫"",""value_yuan"":100,""type"":""上限""},{""quote"":""我花钱都跟老伴商量的，稍微大一点的支出两个人一起决定"",""value_yuan"":0,""type"":""审批门槛""},{""quote"":""找人来修还要几十块工钱，不划算"",""value_yuan"":50,""type"":""参考价""},{""quote"":""就几百块的东西，不折腾了"",""value_yuan"":500,""type"":""上限""},{""quote"":""便宜了十几块钱特别高兴"",""value_yuan"":10,""type"":""参考价""}]","{""anchors"": [{""quote"": ""上个月的电费单子，心就揪一下——好几百块呢，平时才一百出头。超过这个数我就得犹豫"", ""value_yuan"": 100, ""type"": ""参考价""}, {""quote"": ""上个月的电费单子，心就揪一下——好几百块呢，平时才一百出头。超过这个数我就得犹豫"", ""value_yuan"": 100, ""type"": ""上限""}, {""quote"": ""我花钱都跟老伴商量的，稍微大一点的支出两个人一起决定"", ""value_yuan"": null, ""type"": ""审批门槛""}, {""quote"": ""找人来修还要几十块工钱，不划算"", ""value_yuan"": 50, ""type"": ""参考价""}, {""quote"": ""就几百块的东西，不折腾了"", ""value_yuan"": 500, ""type"": ""上限""}, {""quote"": ""便宜了十几块钱特别高兴"", ""value_yuan"": 10, ""type"": ""参考价""}]}",
belief_bench_v1_2026-07-13,ToC_Cost_Child,二代接班人,C0_leaked,1,11714,13263,1500,success,,三位受访者均极度价格敏感，核心诉求是低成本替代人力或现有支出，对高价产品天然排斥，支付意愿远低于高端同类产品。,,"{""estimated_wtp"": 1500, ""reasoning"": ""三位受访者均极度价格敏感，核心诉求是低成本替代人力或现有支出，对高价产品天然排斥，支付意愿远低于高端同类产品。""}",
belief_bench_v1_2026-07-13,ToC_Cost_Child,二代接班人,C0_leaked,3,11714,13263,800,success,,三位受访者均为极度价格敏感型用户，核心诉求是低成本替代人力，对高价电子设备天然排斥，支付意愿远低于高端产品锚点。,,"{""estimated_wtp"": 800, ""reasoning"": ""三位受访者均为极度价格敏感型用户，核心诉求是低成本替代人力，对高价电子设备天然排斥，支付意愿远低于高端产品锚点。""}",
belief_bench_v1_2026-07-13,ToC_Cost_Child,二代接班人,C0_leaked,2,11714,13263,800,success,,三位受访者均为极度务实的价格敏感型用户，强调'够用就行'、'不添乱'、'替代现有支出'，对高价产品天然排斥，参考其玩具消费心理锚点（如乐高两天不玩即放弃）和替代思维（如用低成本工具替代育儿嫂），支付意愿远低于高端产品，估计在800元左右。,,"{""estimated_wtp"": 800, ""reasoning"": ""三位受访者均为极度务实的价格敏感型用户，强调'够用就行'、'不添乱'、'替代现有支出'，对高价产品天然排斥，参考其玩具消费心理锚点（如乐高两天不玩即放弃）和替代思维（如用低成本工具替代育儿嫂），支付意愿远低于高端产品，估计在800元左右。""}",
belief_bench_v1_2026-07-13,ToC_Cost_Child,二代接班人,C0_leaked,6,11714,13263,800,success,,三位受访者均为极度务实的价格敏感型用户，核心诉求是低成本替代现有看护方案，对超过千元的产品明确排斥，结合其替代思维和ROI导向，支付意愿上限约800元。,,"{""estimated_wtp"": 800, ""reasoning"": ""三位受访者均为极度务实的价格敏感型用户，核心诉求是低成本替代现有看护方案，对超过千元的产品明确排斥，结合其替代思维和ROI导向，支付意愿上限约800元。""}",
belief_bench_v1_2026-07-13,ToC_Cost_Child,二代接班人,C0_leaked,4,11714,13263,1500,success,,三位受访者均为极度价格敏感型，核心诉求是低成本替代现有方案，对高价电子产品天然排斥，支付意愿远低于高端同类产品参考区间。,,"{""estimated_wtp"": 1500, ""reasoning"": ""三位受访者均为极度价格敏感型，核心诉求是低成本替代现有方案，对高价电子产品天然排斥，支付意愿远低于高端同类产品参考区间。""}",
belief_bench_v1_2026-07-13,ToC_Cost_Child,二代接班人,C0_leaked,5,11714,13263,1500,success,,三位受访者均为极度务实的价格敏感型用户，核心诉求是低成本替代现有支出，对功能期待低且强调‘够用就行’，参考高端同类产品的高估倾向与调研中明确的成本抵触，支付意愿应显著低于示例区间下限。,,"{""estimated_wtp"": 1500, ""reasoning"": ""三位受访者均为极度务实的价格敏感型用户，核心诉求是低成本替代现有支出，对功能期待低且强调‘够用就行’，参考高端同类产品的高估倾向与调研中明确的成本抵触，支付意愿应显著低于示例区间下限。""}",
belief_bench_v1_2026-07-13,ToC_Cost_Child,二代接班人,C0_leaked,7,11714,13263,1500,success,,三位受访者均为极度价格敏感型用户，核心诉求是低成本替代方案，对高价产品天然排斥，支付意愿远低于高端定位的3000-5000元区间，参考同类低端替代品约1500元。,,"{""estimated_wtp"": 1500, ""reasoning"": ""三位受访者均为极度价格敏感型用户，核心诉求是低成本替代方案，对高价产品天然排斥，支付意愿远低于高端定位的3000-5000元区间，参考同类低端替代品约1500元。""}",
belief_bench_v1_2026-07-13,ToC_Cost_Child,二代接班人,C0_leaked,10,11714,13263,800,success,,三位受访者均为极度价格敏感型，核心诉求是低成本替代方案，对高价产品天然排斥，支付意愿远低于高端产品参考区间。,,"{""estimated_wtp"": 800, ""reasoning"": ""三位受访者均为极度价格敏感型，核心诉求是低成本替代方案，对高价产品天然排斥，支付意愿远低于高端产品参考区间。""}",
belief_bench_v1_2026-07-13,ToC_Cost_Child,二代接班人,C0_leaked,8,11714,13263,800,success,,三位受访者均为极度价格敏感型用户，核心诉求是低成本替代方案，对高价产品天然排斥，支付意愿锚定在可接受效果下的最低价位，参考同类低科技替代品价格区间。,,"{""estimated_wtp"": 800, ""reasoning"": ""三位受访者均为极度价格敏感型用户，核心诉求是低成本替代方案，对高价产品天然排斥，支付意愿锚定在可接受效果下的最低价位，参考同类低科技替代品价格区间。""}",
belief_bench_v1_2026-07-13,ToC_Cost_Child,二代接班人,C0_leaked,9,11714,13263,800,success,,三位受访者均为极度务实的价格敏感型用户，核心诉求是低成本替代现有支出，对超过千元的方案普遍犹豫，参考其消费习惯和替代思维，支付意愿约800元。,,"{""estimated_wtp"": 800, ""reasoning"": ""三位受访者均为极度务实的价格敏感型用户，核心诉求是低成本替代现有支出，对超过千元的方案普遍犹豫，参考其消费习惯和替代思维，支付意愿约800元。""}",
belief_bench_v1_2026-07-13,ToC_Cost_Child,二代接班人,C0_clean,1,11714,13263,0,success,,三位受访者均表现出极度价格敏感、对技术产品零容忍、且明确表示不愿为当前描述的功能付费，核心需求是低成本甚至零成本的替代方案。,,"{""estimated_wtp"": 0, ""reasoning"": ""三位受访者均表现出极度价格敏感、对技术产品零容忍、且明确表示不愿为当前描述的功能付费，核心需求是低成本甚至零成本的替代方案。""}",
belief_bench_v1_2026-07-13,ToC_Cost_Child,二代接班人,C0_clean,2,11714,13263,199,success,,三位受访者均为极度务实的价格敏感型用户，核心诉求是低成本替代现有支出，对超过200元的高端定价会触发算账和犹豫心理，且对功能花哨、需额外学习的产品天然排斥。,,"{""estimated_wtp"": 199, ""reasoning"": ""三位受访者均为极度务实的价格敏感型用户，核心诉求是低成本替代现有支出，对超过200元的高端定价会触发算账和犹豫心理，且对功能花哨、需额外学习的产品天然排斥。""}",
belief_bench_v1_2026-07-13,ToC_Cost_Child,二代接班人,C0_clean,5,11714,13263,299,success,,三位受访者均为极度务实的价格敏感型用户，核心诉求是低成本替代现有支出，对超过300元的消费会反复算账并犹豫。,,"{""estimated_wtp"": 299, ""reasoning"": ""三位受访者均为极度务实的价格敏感型用户，核心诉求是低成本替代现有支出，对超过300元的消费会反复算账并犹豫。""}",
belief_bench_v1_2026-07-13,ToC_Cost_Child,二代接班人,C0_clean,3,11714,13263,299,success,,三位受访者均为极端价格敏感型用户，核心诉求是低成本替代人力或现有支出，对超过300元的儿童产品明确排斥，且强调‘够用就行’、‘不添乱’，因此支付意愿上限在300元以下。,,"{""estimated_wtp"": 299, ""reasoning"": ""三位受访者均为极端价格敏感型用户，核心诉求是低成本替代人力或现有支出，对超过300元的儿童产品明确排斥，且强调‘够用就行’、‘不添乱’，因此支付意愿上限在300元以下。""}",
belief_bench_v1_2026-07-13,ToC_Cost_Child,二代接班人,C0_clean,4,11714,13263,0,success,,三位受访者均为极度务实的价格敏感型用户，反复强调‘够用就行’、‘不添乱’、‘算清账’，对任何需额外花钱的电子设备天然排斥，且明确表示不愿为监控类、易过时或需学习的产品付费，因此支付意愿为零。,,"{""estimated_wtp"": 0, ""reasoning"": ""三位受访者均为极度务实的价格敏感型用户，反复强调‘够用就行’、‘不添乱’、‘算清账’，对任何需额外花钱的电子设备天然排斥，且明确表示不愿为监控类、易过时或需学习的产品付费，因此支付意愿为零。""}",
belief_bench_v1_2026-07-13,ToC_Cost_Child,二代接班人,C0_clean,6,11714,13263,0,success,,该客群为极度务实的价格敏感型用户，核心诉求是低成本替代方案，对任何需额外花钱的新品类天然排斥，且三位受访者均明确表示不愿为类似功能付费。,,"{""estimated_wtp"": 0, ""reasoning"": ""该客群为极度务实的价格敏感型用户，核心诉求是低成本替代方案，对任何需额外花钱的新品类天然排斥，且三位受访者均明确表示不愿为类似功能付费。""}",
belief_bench_v1_2026-07-13,ToC_Cost_Child,二代接班人,C0_clean,7,11714,13263,299,success,,三位受访者均为极度务实的价格敏感型用户，核心诉求是低成本替代现有支出，对高价产品天然排斥，支付意愿接近低端智能音箱或玩具的价位。,,"{""estimated_wtp"": 299, ""reasoning"": ""三位受访者均为极度务实的价格敏感型用户，核心诉求是低成本替代现有支出，对高价产品天然排斥，支付意愿接近低端智能音箱或玩具的价位。""}",
belief_bench_v1_2026-07-13,ToC_Cost_Child,二代接班人,C0_clean,8,11714,13263,200,success,,三位受访者均为极度务实的价格敏感型用户，核心诉求是低成本替代现有支出，对任何超过200元的投入都会反复计算ROI并触发犹豫。,,"{""estimated_wtp"": 200, ""reasoning"": ""三位受访者均为极度务实的价格敏感型用户，核心诉求是低成本替代现有支出，对任何超过200元的投入都会反复计算ROI并触发犹豫。""}",
belief_bench_v1_2026-07-13,ToC_Cost_Child,二代接班人,C0_clean,9,11714,13263,199,success,,三位受访者均为极度务实的价格敏感型用户，核心诉求是低成本替代现有支出，对高价产品天然排斥，参考其消费踩雷经历和'够用就行'的锚点，支付意愿在200元以下。,,"{""estimated_wtp"": 199, ""reasoning"": ""三位受访者均为极度务实的价格敏感型用户，核心诉求是低成本替代现有支出，对高价产品天然排斥，参考其消费踩雷经历和'够用就行'的锚点，支付意愿在200元以下。""}",
belief_bench_v1_2026-07-13,ToC_Cost_Child,二代接班人,C0_clean,10,11714,13263,299,success,,三位受访者均为极度务实的价格敏感型用户，核心诉求是低成本替代现有支出，对超过300元的电子设备有明确排斥，参考其日常消费锚点（如乐高、兴趣班试课成本）和'够用就行'的决策逻辑，299元是能触发购买意愿的上限。,,"{""estimated_wtp"": 299, ""reasoning"": ""三位受访者均为极度务实的价格敏感型用户，核心诉求是低成本替代现有支出，对超过300元的电子设备有明确排斥，参考其日常消费锚点（如乐高、兴趣班试课成本）和'够用就行'的决策逻辑，299元是能触发购买意愿的上限。""}",
belief_bench_v1_2026-07-13,ToC_Cost_Child,二代接班人,C1,3,11714,13263,500,success,,用户反复强调‘够用就行’、‘追求可接受效果下的确定性’和‘单价必须低’，且倾向低成本替代方案，表明支付意愿极低，估计在500元左右。,,"{""estimated_wtp"": 500, ""reasoning"": ""用户反复强调‘够用就行’、‘追求可接受效果下的确定性’和‘单价必须低’，且倾向低成本替代方案，表明支付意愿极低，估计在500元左右。""}","以下是三份报告中与价格、预算、支付意愿相关的所有句子逐字引用：

**报告 1：ToC_Cost_Child_P1**
- “能省就省”
- “够用就行”
- “不是最好的但接送方便，价格也不贵”
- “便宜的怕不好用，贵的又觉得不值”
- “就为了看一眼孩子在干嘛”不太合理
- “我走两步去厨房门口瞄一眼就行了”
- “只有真正能解放双手的方案才可能让她掏钱”
- “投入多少都打水漂”
- “多台单价降下来才划算，否则宁愿不加预算”
- “花钱之前的验证周期比金额本身更关键”
- “多久回本”和“确定性”
- “倾向选择维护成本低、无需培训的方案”
- “要是为了这个功能多花钱，我觉得不值”
- “当时觉得便宜，结果还是浪费钱”
- “够用就行”
- “追求可接受效果下的确定性”

**报告 2：ToC_Cost_Child_P2**
- “花钱先算账，对投入和回本在意”
- “不愿增加育儿嫂这类高成本支出”
- “希望用比现有方案便宜的方式”
- “够用就行”
- “花太多钱不值，够用就行”
- “投入多少要算清楚，超过某个金额就犹豫”
- “更看重多久回本和确定性”
- “追求够好且便宜”
- “接送麻烦，还要加预算”
- “用替代现有支出的方式”
- “追求节省多少”
- “对投入多少和多久回本有明确预期，超过心理锚点就犹豫”
- “追求够好且便宜”
- “倾向于兄弟姐妹共用，追求规模效应和确定性”
- “花了钱不好用”
- “性价比不高”
- “倾向于用低成本方案替代现有支出”

**报告 3：ToC_Cost_Child_P3**
- “够用就行，没必要追新”
- “性价比低”
- “不愿为‘可能不玩’的东西多花钱”
- “单价必须低”
- “功能花哨但不确定能用多久的东西，一律不考虑”
- “功能花哨但价格高的东西一律不考虑”
- “算清账”
- “看到确定性节省”"
belief_bench_v1_2026-07-13,ToC_Cost_Child,二代接班人,C1,1,11714,13263,500,success,,用户普遍追求‘够用就行’、‘性价比高’、‘低成本替代现有支出’，且对高价产品犹豫，支付意愿较低。,,"{""estimated_wtp"": 500, ""reasoning"": ""用户普遍追求‘够用就行’、‘性价比高’、‘低成本替代现有支出’，且对高价产品犹豫，支付意愿较低。""}","以下是三份报告中所有与价格、预算、支付意愿相关的句子逐字引用：

**报告 1：ToC_Cost_Child_P1**
- “能省就省”
- “够用就行”
- “不是最好的但接送方便，价格也不贵”
- “便宜的怕不好用，贵的又觉得不值”
- “就为了看一眼孩子在干嘛”不太合理
- “我走两步去厨房门口瞄一眼就行了”
- “只有真正能解放双手的方案才可能让她掏钱”
- “花出去的钱值不值”
- “乐高买了一套，玩两天就不碰了，又得买新的。兄弟姐妹共用还能分摊点成本，但一个孩子的话，投入多少都打水漂”
- “多台单价降下来才划算，否则宁愿不加预算”
- “花钱之前的验证周期比金额本身更关键”
- “多久回本”和“确定性”
- “倾向选择维护成本低、无需培训的方案”
- “要是为了这个功能多花钱，我觉得不值”
- “当时觉得便宜，结果还是浪费钱”
- “够用就行”
- “追求可接受效果下的确定性”

**报告 2：ToC_Cost_Child_P2**
- “习惯花钱先算账，对投入和回本在意”
- “不愿增加育儿嫂这类高成本支出”
- “希望用比现有方案便宜的方式减轻老人负担”
- “够用就行”
- “花太多钱不值，够用就行”
- “投入多少要算清楚，超过某个金额就犹豫”
- “多久回本和确定性”
- “追求够好且便宜”
- “被接送麻烦和额外成本劝退”
- “替代现有支出”
- “节省多少”
- “对投入多少和多久回本有明确预期，超过心理锚点就犹豫”
- “买东西先看性价比，追求够好且便宜”
- “替代现有支出的方案”
- “用低成本工具替代育儿嫂或早教班”
- “追求可接受效果和确定性”
- “花了钱不好用”
- “性价比不高”

**报告 3：ToC_Cost_Child_P3**
- “够用就行，没必要追新”
- “不愿为‘可能不玩’的东西多花钱”
- “单价必须低”
- “功能花哨但不确定能用多久的东西，一律不考虑”
- “功能花哨但价格高的东西一律不考虑”
- “算清账”
- “看到确定性节省”"
belief_bench_v1_2026-07-13,ToC_Cost_Child,二代接班人,C1,2,11714,13263,800,success,,用户反复强调‘够用就行’、‘性价比’、‘便宜’、‘单价必须低’，且对高价功能持否定态度，支付意愿接近低端消费电子价格带，约800元。,,"{""estimated_wtp"": 800, ""reasoning"": ""用户反复强调‘够用就行’、‘性价比’、‘便宜’、‘单价必须低’，且对高价功能持否定态度，支付意愿接近低端消费电子价格带，约800元。""}","以下是三份报告中所有与价格、预算、支付意愿相关的句子逐字引用：

**报告 1：ToC_Cost_Child_P1**
- “能省就省”
- “够用就行”
- “不是最好的但接送方便，价格也不贵”
- “便宜的怕不好用，贵的又觉得不值”
- “就为了看一眼孩子在干嘛不太合理”
- “我走两步去厨房门口瞄一眼就行了”
- “只有真正能解放双手的方案才可能让她掏钱”
- “投入多少都打水漂”
- “多台单价降下来才划算，否则宁愿不加预算”
- “花钱之前的验证周期比金额本身更关键”
- “多久回本”
- “确定性”
- “倾向选择维护成本低、无需培训的方案”
- “为了这个功能多花钱，我觉得不值”
- “当时觉得便宜，结果还是浪费钱”

**报告 2：ToC_Cost_Child_P2**
- “习惯花钱先算账，对投入和回本在意”
- “不愿增加育儿嫂这类高成本支出”
- “希望用比现有方案便宜的方式”
- “替代部分人力投入”
- “够用就行”
- “花太多钱不值”
- “够用就行，外观安全可爱、抗造就好”
- “投入多少要算清楚，超过某个金额就犹豫”
- “更看重多久回本和确定性”
- “追求够好且便宜，避免浪费”
- “接送麻烦，还要加预算”
- “用替代现有支出的方式”
- “强调试用期和可接受效果”
- “追求节省多少”
- “买东西先看性价比，追求够好且便宜”
- “对功能期待低，核心是稳定、不添乱、抗造”
- “偏好替代现有支出的方案，如用低成本工具替代育儿嫂或早教班”
- “追求规模效应和确定性”

**报告 3：ToC_Cost_Child_P3**
- “够用就行，没必要追新”
- “性价比低”
- “不愿为‘可能不玩’的东西多花钱”
- “单价必须低”
- “功能花哨但不确定能用多久的东西，一律不考虑”
- “功能花哨但价格高的东西一律不考虑”
- “算清账”
- “看到确定性节省”"
belief_bench_v1_2026-07-13,ToC_Cost_Child,二代接班人,C1,5,11714,13263,200,success,,用户反复强调‘够用就行’、‘性价比高’、‘单价必须低’，且对高价功能持否定态度，支付意愿极低，参考儿童玩具类低价替代品估算约200元。,,"{""estimated_wtp"": 200, ""reasoning"": ""用户反复强调‘够用就行’、‘性价比高’、‘单价必须低’，且对高价功能持否定态度，支付意愿极低，参考儿童玩具类低价替代品估算约200元。""}","以下是三份报告中与价格、预算、支付意愿相关的逐字引用：

**报告 1：ToC_Cost_Child_P1**
- “能省就省”
- “够用就行”
- “不是最好的但接送方便，价格也不贵”
- “便宜的怕不好用，贵的又觉得不值”
- “就为了看一眼孩子在干嘛”不太合理
- “我走两步去厨房门口瞄一眼就行了”
- “只有真正能解放双手的方案才可能让她掏钱”
- “乐高买了一套，玩两天就不碰了，又得买新的。兄弟姐妹共用还能分摊点成本，但一个孩子的话，投入多少都打水漂”
- “她算过账，认为多台单价降下来才划算，否则宁愿不加预算”
- “花钱之前的验证周期比金额本身更关键”
- “多久回本”和“确定性”
- “倾向选择维护成本低、无需培训的方案”
- “要是为了这个功能多花钱，我觉得不值”
- “当时觉得便宜，结果还是浪费钱”
- “够用就行”
- “反复计算投入产出，追求可接受效果下的确定性”

**报告 2：ToC_Cost_Child_P2**
- “习惯花钱先算账，对投入和回本在意”
- “不愿增加育儿嫂这类高成本支出”
- “希望用比现有方案便宜的方式”
- “够用就行，外观安全可爱、抗造就好”
- “投入多少要算清楚，超过某个金额就犹豫”
- “更看重多久回本和确定性”
- “追求够好且便宜，避免浪费”
- “接送麻烦，还要加预算”
- “不如找个东西在家替代，省得折腾”
- “替代现有支出”
- “追求节省多少”
- “买东西先看性价比，追求够好且便宜”
- “对功能期待低，核心是稳定、不添乱、抗造”
- “偏好替代现有支出的方案，如用低成本工具替代育儿嫂或早教班”
- “追求规模效应和确定性”
- “花了钱不好用”
- “性价比不高”

**报告 3：ToC_Cost_Child_P3**
- “够用就行，没必要追新”
- “性价比低”
- “不愿为‘可能不玩’的东西多花钱”
- “单价必须低”
- “功能花哨但不确定能用多久的东西，一律不考虑”
- “功能花哨但价格高的东西一律不考虑”
- “算清账”
- “看到确定性节省”"
belief_bench_v1_2026-07-13,ToC_Cost_Child,二代接班人,C1,6,11714,13263,800,success,,用户群体普遍强调‘够用就行’、‘性价比’、‘确定性回本’，对高价敏感，支付意愿较低，参考其‘单价必须低’和‘超过某个金额就犹豫’的心理锚点，估计在800元左右。,,"{""estimated_wtp"": 800, ""reasoning"": ""用户群体普遍强调‘够用就行’、‘性价比’、‘确定性回本’，对高价敏感，支付意愿较低，参考其‘单价必须低’和‘超过某个金额就犹豫’的心理锚点，估计在800元左右。""}","以下是三份报告中与价格、预算、支付意愿相关的所有句子逐字引用：

---

**报告 1：ToC_Cost_Child_P1**

- “能省就省”
- “够用就行”
- “不是最好的但接送方便，价格也不贵”
- “便宜的怕不好用，贵的又觉得不值”
- “就为了看一眼孩子在干嘛”不太合理
- “我走两步去厨房门口瞄一眼就行了”
- “只有真正能解放双手的方案才可能让她掏钱”
- “乐高买了一套，玩两天就不碰了，又得买新的。兄弟姐妹共用还能分摊点成本，但一个孩子的话，投入多少都打水漂”
- “她算过账，认为多台单价降下来才划算，否则宁愿不加预算”
- “花钱之前的验证周期比金额本身更关键”
- “多久回本”和“确定性”
- “倾向选择维护成本低、无需培训的方案”
- “要是为了这个功能多花钱，我觉得不值”
- “当时觉得便宜，结果还是浪费钱”
- “核心诉求是‘在厨房做饭时获得对孩子安全的即时感知’”
- “她强调‘够用就行’”
- “追求可接受效果下的确定性”

---

**报告 2：ToC_Cost_Child_P2**

- “习惯花钱先算账，对投入和回本在意”
- “不愿增加育儿嫂这类高成本支出”
- “希望用比现有方案便宜的方式减轻老人负担”
- “够用就行”
- “花太多钱不值，够用就行”
- “投入多少要算清楚，超过某个金额就犹豫”
- “更看重多久回本和确定性”
- “追求够好且便宜”
- “被接送麻烦和额外成本劝退”
- “倾向于用替代现有支出的方式”
- “强调试用期和可接受效果”
- “追求节省多少”
- “对投入多少和多久回本有明确预期，超过心理锚点就犹豫”
- “买东西先看性价比，追求够好且便宜”
- “追求规模效应和确定性”
- “痛点集中在‘花了钱不好用’‘性价比不高’”
- “倾向于用低成本方案替代现有支出”

---

**报告 3：ToC_Cost_Child_P3**

- “够用就行，没必要追新”
- “性价比低”
- “不愿为‘可能不玩’的东西多花钱”
- “单价必须低”
- “功能花哨但不确定能用多久的东西，一律不考虑”
- “功能花哨但价格高的东西一律不考虑”
- “算清账”
- “看到确定性节省”"
belief_bench_v1_2026-07-13,ToC_Cost_Child,二代接班人,C1,4,11714,13263,500,success,,用户普遍强调‘够用就行’、‘性价比’、‘避免浪费’，对高价方案排斥，支付意愿较低，参考‘单价必须低’和‘不愿为改善付费’的表述，估计在500元左右。,,"{""estimated_wtp"": 500, ""reasoning"": ""用户普遍强调‘够用就行’、‘性价比’、‘避免浪费’，对高价方案排斥，支付意愿较低，参考‘单价必须低’和‘不愿为改善付费’的表述，估计在500元左右。""}","根据您的要求，以下是三份报告中所有与价格、预算、支付意愿相关的句子的逐字引用：

### 报告 1：ToC_Cost_Child_P1

- “能省就省”
- “够用就行”
- “不是最好的但接送方便，价格也不贵”
- “便宜的怕不好用，贵的又觉得不值”
- “就为了看一眼孩子在干嘛”不太合理
- “我走两步去厨房门口瞄一眼就行了”
- “只有真正能解放双手的方案才可能让她掏钱”
- “乐高买了一套，玩两天就不碰了，又得买新的。兄弟姐妹共用还能分摊点成本，但一个孩子的话，投入多少都打水漂”
- “认为多台单价降下来才划算，否则宁愿不加预算”
- “花钱之前的验证周期比金额本身更关键”
- “如果孩子能主动投入、稳定坚持，那才值。不然就是白花钱”
- “多久回本”和“确定性”
- “倾向选择维护成本低、无需培训的方案”
- “要是为了这个功能多花钱，我觉得不值”
- “不愿为改善付费”
- “当时觉得便宜，结果还是浪费钱”
- “核心诉求是‘在厨房做饭时获得对孩子安全的即时感知’”
- “她强调‘够用就行’”
- “追求可接受效果下的确定性”

### 报告 2：ToC_Cost_Child_P2

- “习惯花钱先算账，对投入和回本在意”
- “不愿增加育儿嫂这类高成本支出”
- “希望用比现有方案便宜的方式减轻老人负担”
- “够用就行，外观安全可爱、抗造就好”
- “投入多少要算清楚，超过某个金额就犹豫”
- “更看重多久回本和确定性”
- “追求够好且便宜，避免浪费”
- “但接送麻烦，还要加预算”
- “倾向于用替代现有支出的方式”
- “强调试用期和可接受效果”
- “对投入多少和多久回本有明确预期，超过心理锚点就犹豫”
- “买东西先看性价比，追求够好且便宜”
- “偏好替代现有支出的方案，如用低成本工具替代育儿嫂或早教班”
- “追求规模效应和确定性”
- “痛点集中在‘花了钱不好用’‘性价比不高’”
- “倾向于用低成本方案替代现有支出，追求可接受效果和确定性”

### 报告 3：ToC_Cost_Child_P3

- “够用就行，没必要追新”
- “需要低成本、不添乱的辅助方式”
- “认为性价比低”
- “倾向于能让孩子反复玩的东西，但不愿为‘可能不玩’的东西多花钱”
- “单价必须低”
- “功能花哨但不确定能用多久的东西，一律不考虑”
- “功能花哨但价格高的东西一律不考虑”
- “特别在意‘抗造’”
- “核心痛点在于‘多任务下的监护盲区’与‘玩具新鲜感衰减快’，对任何需额外学习或花钱的方案天然排斥”
- “倾向于用传统低科技产品替代高价电子设备，前提是‘算清账’，看到确定性节省”"
belief_bench_v1_2026-07-13,ToC_Cost_Child,二代接班人,C2_low,2,11714,13263,300,success,,三位受访者均为极度务实的价格敏感型用户，核心诉求是低成本、稳定、不添乱，对高价产品天然排斥，参考同类产品800元定价，他们可接受的支付意愿远低于市场价，约300元。,,"{""estimated_wtp"": 300, ""reasoning"": ""三位受访者均为极度务实的价格敏感型用户，核心诉求是低成本、稳定、不添乱，对高价产品天然排斥，参考同类产品800元定价，他们可接受的支付意愿远低于市场价，约300元。""}",
belief_bench_v1_2026-07-13,ToC_Cost_Child,二代接班人,C2_low,1,11714,13263,300,success,,三位受访者均为极度务实的价格敏感型用户，核心诉求是低成本替代方案，对玩具新鲜感衰减有清晰认知，参考同类产品800元定价后，他们只愿意为够好且便宜、稳定不添乱的产品支付远低于市场价的金额，约300元是心理锚点。,,"{""estimated_wtp"": 300, ""reasoning"": ""三位受访者均为极度务实的价格敏感型用户，核心诉求是低成本替代方案，对玩具新鲜感衰减有清晰认知，参考同类产品800元定价后，他们只愿意为够好且便宜、稳定不添乱的产品支付远低于市场价的金额，约300元是心理锚点。""}",
belief_bench_v1_2026-07-13,ToC_Cost_Child,二代接班人,C2_low,4,11714,13263,300,success,,三位受访者均为极度务实的价格敏感型用户，核心诉求是低成本替代方案，对高价产品天然排斥，参考同类产品800元定价，他们只愿为够好且便宜的功能支付远低于市场价的金额。,,"{""estimated_wtp"": 300, ""reasoning"": ""三位受访者均为极度务实的价格敏感型用户，核心诉求是低成本替代方案，对高价产品天然排斥，参考同类产品800元定价，他们只愿为够好且便宜的功能支付远低于市场价的金额。""}",
belief_bench_v1_2026-07-13,ToC_Cost_Child,二代接班人,C2_low,3,11714,13263,200,success,,三位受访者均为极度务实的价格敏感型用户，核心诉求是低成本替代方案，对高价产品天然排斥，参考同类产品800元定价，他们只愿为‘够好且便宜’的方案支付远低于市场价的金额。,,"{""estimated_wtp"": 200, ""reasoning"": ""三位受访者均为极度务实的价格敏感型用户，核心诉求是低成本替代方案，对高价产品天然排斥，参考同类产品800元定价，他们只愿为‘够好且便宜’的方案支付远低于市场价的金额。""}",
belief_bench_v1_2026-07-13,ToC_Cost_Child,二代接班人,C1,7,11714,13263,500,success,,用户反复强调‘够用就行’、‘性价比’、‘单价必须低’、‘超过心理锚点就犹豫’，且倾向低成本替代现有支出，表明支付意愿极低，500元是合理上限。,,"{""estimated_wtp"": 500, ""reasoning"": ""用户反复强调‘够用就行’、‘性价比’、‘单价必须低’、‘超过心理锚点就犹豫’，且倾向低成本替代现有支出，表明支付意愿极低，500元是合理上限。""}","以下是三份报告中所有与价格、预算、支付意愿相关的逐字引用：

**报告 1：ToC_Cost_Child_P1**

- “能省就省”
- “够用就行”
- “不是最好的但接送方便，价格也不贵”
- “便宜的怕不好用，贵的又觉得不值”
- “就为了看一眼孩子在干嘛”不太合理
- “我走两步去厨房门口瞄一眼就行了”
- “只有真正能解放双手的方案才可能让她掏钱”
- “乐高买了一套，玩两天就不碰了，又得买新的。兄弟姐妹共用还能分摊点成本，但一个孩子的话，投入多少都打水漂”
- “她算过账，认为多台单价降下来才划算，否则宁愿不加预算”
- “花钱之前的验证周期比金额本身更关键”
- “多久回本”和“确定性”
- “倾向选择维护成本低、无需培训的方案，且愿意参考成功案例”
- “要是为了这个功能多花钱，我觉得不值”
- “当时觉得便宜，结果还是浪费钱”
- “够用就行”
- “反复计算投入产出，追求可接受效果下的确定性”

**报告 2：ToC_Cost_Child_P2**

- “习惯花钱先算账，对投入和回本在意”
- “不愿增加育儿嫂这类高成本支出”
- “希望用比现有方案便宜的方式减轻老人负担”
- “够用就行，外观安全可爱、抗造就好”
- “投入多少要算清楚，超过某个金额就犹豫”
- “更看重多久回本和确定性”
- “追求够好且便宜，避免浪费”
- “但接送麻烦，还要加预算”
- “倾向于用替代现有支出的方式”
- “追求节省多少”
- “买东西先看性价比，追求够好且便宜”
- “超过心理锚点就犹豫”
- “替代现有支出的方案，如用低成本工具替代育儿嫂或早教班”
- “花了钱不好用”
- “性价比不高”
- “追求可接受效果和确定性”

**报告 3：ToC_Cost_Child_P3**

- “够用就行，没必要追新”
- “性价比低”
- “不愿为‘可能不玩’的东西多花钱”
- “单价必须低”
- “功能花哨但不确定能用多久的东西，一律不考虑”
- “功能花哨但价格高的东西一律不考虑”
- “算清账，看到确定性节省”"
belief_bench_v1_2026-07-13,ToC_Cost_Child,二代接班人,C1,8,11714,13263,500,success,,用户普遍追求低成本、高性价比和确定性回报，支付意愿较低，参考‘单价必须低’和‘多台单价降下来才划算’，估计在500元以内。,,"{""estimated_wtp"": 500, ""reasoning"": ""用户普遍追求低成本、高性价比和确定性回报，支付意愿较低，参考‘单价必须低’和‘多台单价降下来才划算’，估计在500元以内。""}","以下是三份报告中所有与价格、预算、支付意愿相关的句子逐字引用：

**报告 1：ToC_Cost_Child_P1**
- “能省就省”
- “不是最好的但接送方便，价格也不贵”
- “便宜的怕不好用，贵的又觉得不值”
- “花钱'就为了看一眼孩子在干嘛'不太合理”
- “只有真正能解放双手的方案才可能让她掏钱”
- “投入多少都打水漂”
- “多台单价降下来才划算，否则宁愿不加预算”
- “花钱之前的验证周期比金额本身更关键”
- “多久回本”
- “倾向选择维护成本低、无需培训的方案”
- “要是为了这个功能多花钱，我觉得不值”
- “当时觉得便宜，结果还是浪费钱”
- “够用就行”
- “追求可接受效果下的确定性”

**报告 2：ToC_Cost_Child_P2**
- “习惯花钱先算账，对投入和回本在意”
- “不愿增加育儿嫂这类高成本支出”
- “希望用比现有方案便宜的方式”
- “够用就行”
- “投入多少要算清楚，超过某个金额就犹豫”
- “更看重多久回本和确定性”
- “追求够好且便宜，避免浪费”
- “被接送麻烦和额外成本劝退”
- “用替代现有支出的方式”
- “追求节省多少”
- “对投入多少和多久回本有明确预期，超过心理锚点就犹豫”
- “买东西先看性价比，追求够好且便宜”
- “偏好替代现有支出的方案，如用低成本工具替代育儿嫂或早教班”
- “追求可接受效果和确定性”
- “花了钱不好用”
- “性价比不高”

**报告 3：ToC_Cost_Child_P3**
- “够用就行，没必要追新”
- “性价比低”
- “不愿为'可能不玩'的东西多花钱”
- “单价必须低”
- “功能花哨但不确定能用多久的东西，一律不考虑”
- “功能花哨但价格高的东西一律不考虑”
- “算清账”
- “看到确定性节省”"
belief_bench_v1_2026-07-13,ToC_Cost_Child,二代接班人,C2_low,6,11714,13263,300,success,,三位受访者均为极度务实的价格敏感型用户，核心诉求是低成本替代方案，对功能期待低且反复计算投入产出，参考同类产品800元定价，他们可接受的价位远低于市场价，约300元才能触发购买意愿。,,"{""estimated_wtp"": 300, ""reasoning"": ""三位受访者均为极度务实的价格敏感型用户，核心诉求是低成本替代方案，对功能期待低且反复计算投入产出，参考同类产品800元定价，他们可接受的价位远低于市场价，约300元才能触发购买意愿。""}",
belief_bench_v1_2026-07-13,ToC_Cost_Child,二代接班人,C2_low,5,11714,13263,200,success,,三位受访者均为极度价格敏感型用户，强调'够用就行'、'算清账'和低成本替代，对高价产品天然排斥，参考同类产品800元定价，他们只愿为最低限度功能支付远低于市场的价格。,,"{""estimated_wtp"": 200, ""reasoning"": ""三位受访者均为极度价格敏感型用户，强调'够用就行'、'算清账'和低成本替代，对高价产品天然排斥，参考同类产品800元定价，他们只愿为最低限度功能支付远低于市场的价格。""}",
belief_bench_v1_2026-07-13,ToC_Cost_Child,二代接班人,C1,10,11714,13263,500,success,,客群普遍追求‘够好且便宜’、‘性价比’、‘低成本替代现有支出’，且对高价敏感，支付意愿低，参考‘单价必须低’和‘多台单价降下来才划算’，估计约500元。,,"{""estimated_wtp"": 500, ""reasoning"": ""客群普遍追求‘够好且便宜’、‘性价比’、‘低成本替代现有支出’，且对高价敏感，支付意愿低，参考‘单价必须低’和‘多台单价降下来才划算’，估计约500元。""}","以下是三份报告中与价格、预算、支付意愿相关的所有句子逐字引用：

**报告 1：ToC_Cost_Child_P1**
- “能省就省”
- “够用就行”
- “不是最好的但接送方便，价格也不贵”
- “便宜的怕不好用，贵的又觉得不值”
- “就为了看一眼孩子在干嘛”不太合理
- “我走两步去厨房门口瞄一眼就行了”
- “只有真正能解放双手的方案才可能让她掏钱”
- “多台单价降下来才划算，否则宁愿不加预算”
- “花钱之前的验证周期比金额本身更关键”
- “多久回本”和“确定性”
- “倾向选择维护成本低、无需培训的方案”
- “要是为了这个功能多花钱，我觉得不值”
- “当时觉得便宜，结果还是浪费钱”
- “够用就行”
- “追求可接受效果下的确定性”

**报告 2：ToC_Cost_Child_P2**
- “花钱先算账，对投入和回本在意”
- “不愿增加育儿嫂这类高成本支出”
- “用比现有方案便宜的方式”
- “够好且便宜”
- “花太多钱不值，够用就行”
- “投入多少要算清楚，超过某个金额就犹豫”
- “多久回本和确定性”
- “追求够好且便宜，避免浪费”
- “接送麻烦，还要加预算”
- “不如找个东西在家替代，省得折腾”
- “替代现有支出”
- “追求节省多少”
- “对投入多少和多久回本有明确预期，超过心理锚点就犹豫”
- “买东西先看性价比，追求够好且便宜”
- “替代现有支出的方案”
- “用低成本工具替代育儿嫂或早教班”
- “追求规模效应和确定性”
- “花了钱不好用”
- “性价比不高”
- “用低成本方案替代现有支出，追求可接受效果和确定性”

**报告 3：ToC_Cost_Child_P3**
- “够用就行，没必要追新”
- “性价比低”
- “不愿为‘可能不玩’的东西多花钱”
- “单价必须低”
- “功能花哨但不确定能用多久的东西，一律不考虑”
- “功能花哨但价格高的东西一律不考虑”
- “算清账”
- “看到确定性节省”"
belief_bench_v1_2026-07-13,ToC_Cost_Child,二代接班人,C1,9,11714,13263,500,success,,用户反复强调‘够用就行’、‘单价必须低’、‘性价比高’，且对超过现有低成本方案（如瞄一眼、共用玩具）的额外支出极度敏感，因此支付意愿极低，约500元。,,"{""estimated_wtp"": 500, ""reasoning"": ""用户反复强调‘够用就行’、‘单价必须低’、‘性价比高’，且对超过现有低成本方案（如瞄一眼、共用玩具）的额外支出极度敏感，因此支付意愿极低，约500元。""}","以下是三份报告中所有与价格、预算、支付意愿相关的句子逐字引用：

**报告 1：ToC_Cost_Child_P1**

- “能省就省”
- “够用就行”
- “不是最好的但接送方便，价格也不贵”
- “便宜的怕不好用，贵的又觉得不值”
- “就为了看一眼孩子在干嘛”不太合理
- “我走两步去厨房门口瞄一眼就行了”
- “只有真正能解放双手的方案才可能让她掏钱”
- “乐高买了一套，玩两天就不碰了，又得买新的。兄弟姐妹共用还能分摊点成本，但一个孩子的话，投入多少都打水漂”
- “她算过账，认为多台单价降下来才划算，否则宁愿不加预算”
- “花钱之前的验证周期比金额本身更关键”
- “多久回本”和“确定性”
- “倾向选择维护成本低、无需培训的方案”
- “要是为了这个功能多花钱，我觉得不值”
- “当时觉得便宜，结果还是浪费钱”
- “够用就行”
- “反复计算投入产出，追求可接受效果下的确定性”

**报告 2：ToC_Cost_Child_P2**

- “习惯花钱先算账，对投入和回本在意”
- “不愿增加育儿嫂这类高成本支出”
- “希望用比现有方案便宜的方式减轻老人负担”
- “够用就行，外观安全可爱、抗造就好”
- “投入多少要算清楚，超过某个金额就犹豫”
- “更看重多久回本和确定性”
- “追求够好且便宜，避免浪费”
- “但接送麻烦，还要加预算”
- “倾向于用替代现有支出的方式”
- “强调试用期和可接受效果”
- “追求节省多少和减轻老人负担”
- “买东西先看性价比，追求够好且便宜”
- “对功能期待低，核心是稳定、不添乱、抗造”
- “偏好替代现有支出的方案，如用低成本工具替代育儿嫂或早教班”
- “追求规模效应和确定性”
- “花了钱不好用”
- “性价比不高”
- “倾向于用低成本方案替代现有支出，追求可接受效果和确定性”

**报告 3：ToC_Cost_Child_P3**

- “够用就行，没必要追新”
- “不愿为‘可能不玩’的东西多花钱”
- “单价必须低”
- “功能花哨但不确定能用多久的东西，一律不考虑”
- “功能花哨但价格高的东西一律不考虑”
- “算清账”
- “看到确定性节省”"
belief_bench_v1_2026-07-13,ToC_Cost_Child,二代接班人,C2_low,7,11714,13263,300,success,,三位受访者均为极度务实的价格敏感型用户，核心诉求是低成本替代方案，对超过300元的产品会因性价比低而犹豫。,,"{""estimated_wtp"": 300, ""reasoning"": ""三位受访者均为极度务实的价格敏感型用户，核心诉求是低成本替代方案，对超过300元的产品会因性价比低而犹豫。""}",
belief_bench_v1_2026-07-13,ToC_Cost_Child,二代接班人,C2_low,8,11714,13263,300,success,,三位受访者均为极度务实的价格敏感型用户，核心诉求是低成本、稳定、不添乱的替代方案，对高价玩具或设备有强烈抵触，参考同类产品800元定价，其支付意愿远低于此，估计在300元左右。,,"{""estimated_wtp"": 300, ""reasoning"": ""三位受访者均为极度务实的价格敏感型用户，核心诉求是低成本、稳定、不添乱的替代方案，对高价玩具或设备有强烈抵触，参考同类产品800元定价，其支付意愿远低于此，估计在300元左右。""}",
belief_bench_v1_2026-07-13,ToC_Cost_Child,二代接班人,C2_low,10,11714,13263,300,success,,三位受访者均为极度务实的价格敏感型用户，核心诉求是低成本替代方案，对超过300元的产品会因性价比低而犹豫，且调研员备注强调‘够用就行’和‘花出去的钱值不值’。,,"{""estimated_wtp"": 300, ""reasoning"": ""三位受访者均为极度务实的价格敏感型用户，核心诉求是低成本替代方案，对超过300元的产品会因性价比低而犹豫，且调研员备注强调‘够用就行’和‘花出去的钱值不值’。""}",
belief_bench_v1_2026-07-13,ToC_Cost_Child,二代接班人,C2_low,9,11714,13263,300,success,,该客群为极度务实的价格敏感型用户，核心诉求是低成本替代方案，对高价产品天然排斥，支付意愿远低于市场常见定价800元，参考其'够用就行'和'能省就省'的消费逻辑，估计约300元。,,"{""estimated_wtp"": 300, ""reasoning"": ""该客群为极度务实的价格敏感型用户，核心诉求是低成本替代方案，对高价产品天然排斥，支付意愿远低于市场常见定价800元，参考其'够用就行'和'能省就省'的消费逻辑，估计约300元。""}",
belief_bench_v1_2026-07-13,ToC_Cost_Child,二代接班人,C2_high,1,11714,13263,2000,success,,三位受访者均为极度务实的价格敏感型用户，核心诉求是低成本替代方案，支付意愿远低于市场定价12000元，基于其'够用就行'和'算账'逻辑，估计约2000元。,,"{""estimated_wtp"": 2000, ""reasoning"": ""三位受访者均为极度务实的价格敏感型用户，核心诉求是低成本替代方案，支付意愿远低于市场定价12000元，基于其'够用就行'和'算账'逻辑，估计约2000元。""}",
belief_bench_v1_2026-07-13,ToC_Cost_Child,二代接班人,C2_high,2,11714,13263,3000,success,,三位受访者均为极度务实的价格敏感型用户，核心诉求是低成本替代现有支出，对高价产品天然排斥，支付意愿远低于市场定价的12000元，估计在3000元左右。,,"{""estimated_wtp"": 3000, ""reasoning"": ""三位受访者均为极度务实的价格敏感型用户，核心诉求是低成本替代现有支出，对高价产品天然排斥，支付意愿远低于市场定价的12000元，估计在3000元左右。""}",
belief_bench_v1_2026-07-13,ToC_Cost_Child,二代接班人,C2_high,4,11714,13263,3000,success,,三位受访者均为极度务实的价格敏感型用户，核心诉求是低成本替代方案，对高价产品天然排斥，参考同类产品12000元定价，其支付意愿远低于此，估计在3000元左右。,,"{""estimated_wtp"": 3000, ""reasoning"": ""三位受访者均为极度务实的价格敏感型用户，核心诉求是低成本替代方案，对高价产品天然排斥，参考同类产品12000元定价，其支付意愿远低于此，估计在3000元左右。""}",
belief_bench_v1_2026-07-13,ToC_Cost_Child,二代接班人,C2_high,3,11714,13263,3000,success,,三位受访者均为价格敏感型用户，追求'够好且便宜'，对高端产品（参考价12000元）的支付意愿极低，结合其替代思维和ROI导向，估计可接受上限约3000元。,,"{""estimated_wtp"": 3000, ""reasoning"": ""三位受访者均为价格敏感型用户，追求'够好且便宜'，对高端产品（参考价12000元）的支付意愿极低，结合其替代思维和ROI导向，估计可接受上限约3000元。""}",
belief_bench_v1_2026-07-13,ToC_Cost_Child,二代接班人,C2_high,8,11714,13263,3000,success,,客群极度务实、价格敏感，核心诉求是低成本替代方案，对高价产品天然排斥，支付意愿远低于同类高端产品定价。,,"{""estimated_wtp"": 3000, ""reasoning"": ""客群极度务实、价格敏感，核心诉求是低成本替代方案，对高价产品天然排斥，支付意愿远低于同类高端产品定价。""}",
belief_bench_v1_2026-07-13,ToC_Cost_Child,二代接班人,C2_high,6,11714,13263,3000,success,,三位受访者均为极度务实的价格敏感型用户，核心诉求是低成本替代方案，对高价产品天然排斥，支付意愿远低于市场定价12000元。,,"{""estimated_wtp"": 3000, ""reasoning"": ""三位受访者均为极度务实的价格敏感型用户，核心诉求是低成本替代方案，对高价产品天然排斥，支付意愿远低于市场定价12000元。""}",
belief_bench_v1_2026-07-13,ToC_Cost_Child,二代接班人,C2_high,7,11714,13263,3000,success,,三位受访者均为极度务实的价格敏感型用户，追求'够用就行'和确定性回报，参考同类产品12000元定价远超出其心理锚点，支付意愿仅约为低端替代方案的成本价。,,"{""estimated_wtp"": 3000, ""reasoning"": ""三位受访者均为极度务实的价格敏感型用户，追求'够用就行'和确定性回报，参考同类产品12000元定价远超出其心理锚点，支付意愿仅约为低端替代方案的成本价。""}",
belief_bench_v1_2026-07-13,ToC_Cost_Child,二代接班人,C2_high,5,11714,13263,3000,success,,三位受访者均为极度务实的价格敏感型用户，核心诉求是低成本替代方案，对高价产品天然排斥，参考同类产品12000元定价，其支付意愿远低于此，估计在3000元左右。,,"{""estimated_wtp"": 3000, ""reasoning"": ""三位受访者均为极度务实的价格敏感型用户，核心诉求是低成本替代方案，对高价产品天然排斥，参考同类产品12000元定价，其支付意愿远低于此，估计在3000元左右。""}",
belief_bench_v1_2026-07-13,ToC_Cost_Child,二代接班人,C3,1,11714,13263,,EXTRACTION_MISS,anchors array is empty,,[],"{""anchors"": []}",
belief_bench_v1_2026-07-13,ToC_Cost_Child,二代接班人,C2_high,9,11714,13263,2000,success,,三位受访者均为极度价格敏感型用户，核心诉求是低成本、稳定、不添乱，对高端产品支付意愿极低，参考同类产品12000元的定价，他们能接受的上限远低于此，估计在2000元左右。,,"{""estimated_wtp"": 2000, ""reasoning"": ""三位受访者均为极度价格敏感型用户，核心诉求是低成本、稳定、不添乱，对高端产品支付意愿极低，参考同类产品12000元的定价，他们能接受的上限远低于此，估计在2000元左右。""}",
belief_bench_v1_2026-07-13,ToC_Cost_Child,二代接班人,C3,2,11714,13263,,EXTRACTION_MISS,anchors array is empty,,[],"{""anchors"": []}",
belief_bench_v1_2026-07-13,ToC_Cost_Child,二代接班人,C2_high,10,11714,13263,3000,success,,三位受访者均为极度务实的价格敏感型用户，核心诉求是低成本替代方案，对高价产品天然排斥，参考同类产品12000元的定价，他们最多愿意支付约3000元作为可接受效果的替代支出。,,"{""estimated_wtp"": 3000, ""reasoning"": ""三位受访者均为极度务实的价格敏感型用户，核心诉求是低成本替代方案，对高价产品天然排斥，参考同类产品12000元的定价，他们最多愿意支付约3000元作为可接受效果的替代支出。""}",
belief_bench_v1_2026-07-13,ToC_Cost_Child,二代接班人,C3,3,11714,13263,,EXTRACTION_MISS,anchors array is empty,,[],"{""anchors"": []}",
belief_bench_v1_2026-07-13,ToC_Cost_Child,二代接班人,C3,5,11714,13263,,EXTRACTION_MISS,anchors array is empty,,[],"{""anchors"": []}",
belief_bench_v1_2026-07-13,ToC_Cost_Child,二代接班人,C3,4,11714,13263,,EXTRACTION_MISS,anchors array is empty,,[],"{""anchors"": []}",
belief_bench_v1_2026-07-13,ToC_Cost_Child,二代接班人,C3,6,11714,13263,,EXTRACTION_MISS,anchors array is empty,,[],"{""anchors"": []}",
belief_bench_v1_2026-07-13,ToC_Cost_Child,二代接班人,C3,7,11714,13263,,EXTRACTION_MISS,anchors array is empty,,[],"{""anchors"": []}",
belief_bench_v1_2026-07-13,ToC_Cost_Child,二代接班人,C3,8,11714,13263,,EXTRACTION_MISS,anchors array is empty,,[],"{""anchors"": []}",
belief_bench_v1_2026-07-13,ToC_Cost_Child,二代接班人,C3,10,11714,13263,,EXTRACTION_MISS,anchors array is empty,,[],"{""anchors"": []}",
belief_bench_v1_2026-07-13,ToC_Cost_Child,二代接班人,C3,9,11714,13263,,EXTRACTION_MISS,anchors array is empty,,[],"{""anchors"": []}",
belief_bench_v1_2026-07-13,ToC_Cost_Child,草根老板,C0_leaked,2,11714,13263,500,success,,三位受访者均为极度务实的价格敏感型用户，核心诉求是低成本替代现有支出，对超过500元的产品会因'不值'而犹豫。,,"{""estimated_wtp"": 500, ""reasoning"": ""三位受访者均为极度务实的价格敏感型用户，核心诉求是低成本替代现有支出，对超过500元的产品会因'不值'而犹豫。""}",
belief_bench_v1_2026-07-13,ToC_Cost_Child,草根老板,C0_leaked,3,11714,13263,500,success,,三位受访者均为极度务实的价格敏感型用户，核心诉求是低成本替代方案，对功能期待低且追求确定性，支付意愿锚点远低于示例范围，500元是能触发‘够用就行’心理门槛的上限。,,"{""estimated_wtp"": 500, ""reasoning"": ""三位受访者均为极度务实的价格敏感型用户，核心诉求是低成本替代方案，对功能期待低且追求确定性，支付意愿锚点远低于示例范围，500元是能触发‘够用就行’心理门槛的上限。""}",
belief_bench_v1_2026-07-13,ToC_Cost_Child,草根老板,C0_leaked,1,11714,13263,800,success,,三位受访者均为极度务实的价格敏感型用户，核心诉求是低成本替代现有支出，对超过千元的产品普遍犹豫，结合其‘够用就行’的锚点，支付意愿估计在800元左右。,,"{""estimated_wtp"": 800, ""reasoning"": ""三位受访者均为极度务实的价格敏感型用户，核心诉求是低成本替代现有支出，对超过千元的产品普遍犹豫，结合其‘够用就行’的锚点，支付意愿估计在800元左右。""}",
belief_bench_v1_2026-07-13,ToC_Cost_Child,草根老板,C0_leaked,5,11714,13263,800,success,,三位受访者均为极度务实的价格敏感型用户，核心诉求是低成本替代现有支出，对超过千元的产品普遍犹豫，结合其'够用就行'的锚点，支付意愿集中在800元左右。,,"{""estimated_wtp"": 800, ""reasoning"": ""三位受访者均为极度务实的价格敏感型用户，核心诉求是低成本替代现有支出，对超过千元的产品普遍犹豫，结合其'够用就行'的锚点，支付意愿集中在800元左右。""}",
belief_bench_v1_2026-07-13,ToC_Cost_Child,草根老板,C0_leaked,4,11714,13263,300,success,,三位受访者均为极度务实的价格敏感型用户，核心诉求是低成本替代现有支出，对超过300元的功能性产品会反复算账并犹豫，且调研员备注中P2明确提到'超过某个金额就犹豫'，结合示例锚点区间下沿，300元是能触发购买决策的临界点。,,"{""estimated_wtp"": 300, ""reasoning"": ""三位受访者均为极度务实的价格敏感型用户，核心诉求是低成本替代现有支出，对超过300元的功能性产品会反复算账并犹豫，且调研员备注中P2明确提到'超过某个金额就犹豫'，结合示例锚点区间下沿，300元是能触发购买决策的临界点。""}",
belief_bench_v1_2026-07-13,ToC_Cost_Child,草根老板,C0_leaked,6,11714,13263,800,success,,三位受访者均极度价格敏感，强调'够用就行'、'稳定不添乱'，对玩具新鲜感衰减和复杂操作零容忍，且倾向于替代现有低成本方案，因此支付意愿远低于示例下限3000元，估计在800元左右。,,"{""estimated_wtp"": 800, ""reasoning"": ""三位受访者均极度价格敏感，强调'够用就行'、'稳定不添乱'，对玩具新鲜感衰减和复杂操作零容忍，且倾向于替代现有低成本方案，因此支付意愿远低于示例下限3000元，估计在800元左右。""}",
belief_bench_v1_2026-07-13,ToC_Cost_Child,草根老板,C0_leaked,7,11714,13263,500,success,,三位受访者均为极度务实的价格敏感型用户，核心诉求是低成本替代现有支出，对超过500元的方案普遍犹豫，且调研员备注强调‘够用就行’和‘花出去的钱值不值’，因此支付意愿上限约500元。,,"{""estimated_wtp"": 500, ""reasoning"": ""三位受访者均为极度务实的价格敏感型用户，核心诉求是低成本替代现有支出，对超过500元的方案普遍犹豫，且调研员备注强调‘够用就行’和‘花出去的钱值不值’，因此支付意愿上限约500元。""}",
belief_bench_v1_2026-07-13,ToC_Cost_Child,草根老板,C0_leaked,8,11714,13263,500,success,,三位受访者均为极度务实的价格敏感型用户，核心诉求是低成本替代现有支出，对功能期待低且对高价方案天然排斥，参考其心理锚点与算账逻辑，500元是能触发购买决策的上限。,,"{""estimated_wtp"": 500, ""reasoning"": ""三位受访者均为极度务实的价格敏感型用户，核心诉求是低成本替代现有支出，对功能期待低且对高价方案天然排斥，参考其心理锚点与算账逻辑，500元是能触发购买决策的上限。""}",
belief_bench_v1_2026-07-13,ToC_Cost_Child,草根老板,C0_leaked,9,11714,13263,800,success,,三位受访者均为极度价格敏感型用户，核心诉求是低成本替代方案，对超过千元的产品有明确排斥，结合其'够用就行'的锚点判断，支付意愿集中在800元以下。,,"{""estimated_wtp"": 800, ""reasoning"": ""三位受访者均为极度价格敏感型用户，核心诉求是低成本替代方案，对超过千元的产品有明确排斥，结合其'够用就行'的锚点判断，支付意愿集中在800元以下。""}",
belief_bench_v1_2026-07-13,ToC_Cost_Child,草根老板,C0_clean,2,11714,13263,299,success,,三位受访者均为极度务实的价格敏感型用户，核心诉求是低成本替代现有支出，对高价产品天然排斥，支付意愿锚定在300元以下的经济型价位。,,"{""estimated_wtp"": 299, ""reasoning"": ""三位受访者均为极度务实的价格敏感型用户，核心诉求是低成本替代现有支出，对高价产品天然排斥，支付意愿锚定在300元以下的经济型价位。""}",
belief_bench_v1_2026-07-13,ToC_Cost_Child,草根老板,C0_clean,1,11714,13263,299,success,,三位受访者均极度价格敏感，追求够用且便宜，支付意愿锚点低，高于300元会触发犹豫和算账心理。,,"{""estimated_wtp"": 299, ""reasoning"": ""三位受访者均极度价格敏感，追求够用且便宜，支付意愿锚点低，高于300元会触发犹豫和算账心理。""}",
belief_bench_v1_2026-07-13,ToC_Cost_Child,草根老板,C0_leaked,10,11714,13263,800,success,,三位受访者均为极度务实的价格敏感型用户，核心诉求是低成本替代现有支出（如育儿嫂、早教班），且对功能期待低、对价格锚点敏感，超过千元即触发犹豫，结合调研中‘够用就行’和‘替代思维’，合理估计支付意愿在800元左右。,,"{""estimated_wtp"": 800, ""reasoning"": ""三位受访者均为极度务实的价格敏感型用户，核心诉求是低成本替代现有支出（如育儿嫂、早教班），且对功能期待低、对价格锚点敏感，超过千元即触发犹豫，结合调研中‘够用就行’和‘替代思维’，合理估计支付意愿在800元左右。""}",
belief_bench_v1_2026-07-13,ToC_Cost_Child,草根老板,C0_clean,4,11714,13263,199,success,,三位受访者均极度价格敏感，核心诉求是低成本替代现有支出，且对功能花哨、高价产品天然排斥，支付意愿锚定在200元以内经济型价位。,,"{""estimated_wtp"": 199, ""reasoning"": ""三位受访者均极度价格敏感，核心诉求是低成本替代现有支出，且对功能花哨、高价产品天然排斥，支付意愿锚定在200元以内经济型价位。""}",
belief_bench_v1_2026-07-13,ToC_Cost_Child,草根老板,C0_clean,3,11714,13263,299,success,,三位受访者均为极度务实的价格敏感型用户，核心诉求是低成本替代现有支出，对超过300元的方案普遍犹豫，且对复杂功能零容忍。,,"{""estimated_wtp"": 299, ""reasoning"": ""三位受访者均为极度务实的价格敏感型用户，核心诉求是低成本替代现有支出，对超过300元的方案普遍犹豫，且对复杂功能零容忍。""}",
belief_bench_v1_2026-07-13,ToC_Cost_Child,草根老板,C0_clean,5,11714,13263,299,success,,三位受访者均为极度务实的价格敏感型用户，核心诉求是低成本替代现有支出，对超过300元的产品会反复算账并犹豫，结合玩具新鲜感衰减快和替代思维，支付意愿锚定在300元以下的经济价位。,,"{""estimated_wtp"": 299, ""reasoning"": ""三位受访者均为极度务实的价格敏感型用户，核心诉求是低成本替代现有支出，对超过300元的产品会反复算账并犹豫，结合玩具新鲜感衰减快和替代思维，支付意愿锚定在300元以下的经济价位。""}",
belief_bench_v1_2026-07-13,ToC_Cost_Child,草根老板,C0_clean,7,11714,13263,199,success,,三位受访者均为极度务实的价格敏感型用户，强调'够用就行'、'稳定不添乱'，对玩具新鲜感衰减和复杂操作零容忍，支付意愿锚定在200元以下的经济站位。,,"{""estimated_wtp"": 199, ""reasoning"": ""三位受访者均为极度务实的价格敏感型用户，强调'够用就行'、'稳定不添乱'，对玩具新鲜感衰减和复杂操作零容忍，支付意愿锚定在200元以下的经济站位。""}",
belief_bench_v1_2026-07-13,ToC_Cost_Child,草根老板,C0_clean,6,11714,13263,299,success,,三位受访者均为极度务实的价格敏感型用户，核心诉求是低成本替代现有支出，对超过300元的产品会反复算账并产生犹豫，299元是心理锚点内的可接受上限。,,"{""estimated_wtp"": 299, ""reasoning"": ""三位受访者均为极度务实的价格敏感型用户，核心诉求是低成本替代现有支出，对超过300元的产品会反复算账并产生犹豫，299元是心理锚点内的可接受上限。""}",
belief_bench_v1_2026-07-13,ToC_Cost_Child,草根老板,C0_clean,8,11714,13263,299,success,,客群极度务实、价格敏感，追求够用且便宜，替代现有支出，心理锚点低，超过300元会触发犹豫和算账逻辑。,,"{""estimated_wtp"": 299, ""reasoning"": ""客群极度务实、价格敏感，追求够用且便宜，替代现有支出，心理锚点低，超过300元会触发犹豫和算账逻辑。""}",
belief_bench_v1_2026-07-13,ToC_Cost_Child,草根老板,C0_clean,10,11714,13263,299,success,,三位受访者均为极度务实的价格敏感型用户，核心诉求是低成本替代现有支出，对超过300元的产品会因‘不值’而犹豫，结合其‘够用就行’和‘算清账’的决策逻辑，锚定在299元这一心理价位之下。,,"{""estimated_wtp"": 299, ""reasoning"": ""三位受访者均为极度务实的价格敏感型用户，核心诉求是低成本替代现有支出，对超过300元的产品会因‘不值’而犹豫，结合其‘够用就行’和‘算清账’的决策逻辑，锚定在299元这一心理价位之下。""}",
belief_bench_v1_2026-07-13,ToC_Cost_Child,草根老板,C0_clean,9,11714,13263,299,success,,三位受访者均为极度务实的价格敏感型用户，核心诉求是低成本替代现有支出，对超过300元的产品明显犹豫，结合玩具新鲜感衰减快和替代思维，支付意愿锚定在300元以下的经济站位。,,"{""estimated_wtp"": 299, ""reasoning"": ""三位受访者均为极度务实的价格敏感型用户，核心诉求是低成本替代现有支出，对超过300元的产品明显犹豫，结合玩具新鲜感衰减快和替代思维，支付意愿锚定在300元以下的经济站位。""}",
belief_bench_v1_2026-07-13,ToC_Cost_Child,草根老板,C1,1,11714,13263,500,success,,用户强调‘够用就行’、‘性价比’、‘单价必须低’、‘替代现有支出’，且对高价犹豫，支付意愿保守，估计在500元以内。,,"{""estimated_wtp"": 500, ""reasoning"": ""用户强调‘够用就行’、‘性价比’、‘单价必须低’、‘替代现有支出’，且对高价犹豫，支付意愿保守，估计在500元以内。""}","以下是三份报告中所有与价格、预算、支付意愿相关的句子逐字引用：

**报告 1：ToC_Cost_Child_P1**
- “能省就省”
- “够用就行”
- “不是最好的但接送方便，价格也不贵”
- “便宜的怕不好用，贵的又觉得不值”
- “就为了看一眼孩子在干嘛不太合理”
- “我走两步去厨房门口瞄一眼就行了”
- “只有真正能解放双手的方案才可能让她掏钱”
- “投入多少都打水漂”
- “多台单价降下来才划算，否则宁愿不加预算”
- “花钱之前的验证周期比金额本身更关键”
- “多久回本”
- “确定性”
- “维护成本低、无需培训的方案”
- “要是为了这个功能多花钱，我觉得不值”
- “当时觉得便宜，结果还是浪费钱”
- “够用就行”
- “可接受效果下的确定性”

**报告 2：ToC_Cost_Child_P2**
- “习惯花钱先算账，对投入和回本在意”
- “不愿增加育儿嫂这类高成本支出”
- “希望用比现有方案便宜的方式”
- “够用就行”
- “花太多钱不值”
- “够好且便宜”
- “投入多少要算清楚，超过某个金额就犹豫”
- “多久回本”
- “确定性”
- “替代现有支出”
- “节省多少”
- “买东西先看性价比，追求够好且便宜”
- “替代现有支出的方案”
- “用低成本工具替代育儿嫂或早教班”
- “追求规模效应和确定性”
- “花了钱不好用”
- “性价比不高”
- “用低成本方案替代现有支出，追求可接受效果和确定性”

**报告 3：ToC_Cost_Child_P3**
- “够用就行，没必要追新”
- “性价比低”
- “不愿为‘可能不玩’的东西多花钱”
- “单价必须低”
- “功能花哨但不确定能用多久的东西，一律不考虑”
- “功能花哨但价格高的东西一律不考虑”
- “算清账”
- “看到确定性节省”"
belief_bench_v1_2026-07-13,ToC_Cost_Child,草根老板,C1,3,11714,13263,500,success,,引文反复强调‘够用就行’、‘便宜’、‘单价必须低’、‘超过某个金额就犹豫’，且用户追求替代育儿嫂等低成本方案，支付意愿锚点极低，预估在500元以内。,,"{""estimated_wtp"": 500, ""reasoning"": ""引文反复强调‘够用就行’、‘便宜’、‘单价必须低’、‘超过某个金额就犹豫’，且用户追求替代育儿嫂等低成本方案，支付意愿锚点极低，预估在500元以内。""}","以下是三份报告中所有与价格、预算、支付意愿相关的句子逐字引用：

**报告 1：ToC_Cost_Child_P1**
- “能省就省”
- “够用就行”
- “不是最好的但接送方便，价格也不贵”
- “便宜的怕不好用，贵的又觉得不值”
- “就为了看一眼孩子在干嘛不太合理”
- “我走两步去厨房门口瞄一眼就行了”
- “只有真正能解放双手的方案才可能让她掏钱”
- “投入多少都打水漂”
- “多台单价降下来才划算，否则宁愿不加预算”
- “花钱之前的验证周期比金额本身更关键”
- “多久回本”
- “要是为了这个功能多花钱，我觉得不值”
- “当时觉得便宜，结果还是浪费钱”
- “够用就行”
- “可接受效果下的确定性”

**报告 2：ToC_Cost_Child_P2**
- “习惯花钱先算账，对投入和回本在意”
- “不愿增加育儿嫂这类高成本支出”
- “希望用比现有方案便宜的方式”
- “替代部分人力投入”
- “够用就行，外观安全可爱、抗造就好”
- “投入多少要算清楚，超过某个金额就犹豫”
- “多久回本和确定性”
- “追求够好且便宜，避免浪费”
- “接送麻烦，还要加预算”
- “替代现有支出”
- “节省多少”
- “对投入多少和多久回本有明确预期，超过心理锚点就犹豫”
- “买东西先看性价比，追求够好且便宜”
- “替代现有支出的方案”
- “用低成本工具替代育儿嫂或早教班”
- “追求可接受效果和确定性”

**报告 3：ToC_Cost_Child_P3**
- “够用就行，没必要追新”
- “不愿为‘可能不玩’的东西多花钱”
- “单价必须低”
- “功能花哨但不确定能用多久的东西，一律不考虑”
- “功能花哨但价格高的东西一律不考虑”
- “算清账，看到确定性节省”"
belief_bench_v1_2026-07-13,ToC_Cost_Child,草根老板,C1,5,11714,13263,500,success,,用户普遍追求‘够用就行’、‘便宜’、‘性价比高’，对高价敏感且强调‘回本’和‘确定性’，因此支付意愿较低，估计在500元左右。,,"{""estimated_wtp"": 500, ""reasoning"": ""用户普遍追求‘够用就行’、‘便宜’、‘性价比高’，对高价敏感且强调‘回本’和‘确定性’，因此支付意愿较低，估计在500元左右。""}","以下是三份报告中所有与价格、预算、支付意愿相关的句子，逐字引用：

**报告 1：ToC_Cost_Child_P1**
- “能省就省”
- “够用就行”
- “不是最好的但接送方便，价格也不贵”
- “便宜的怕不好用，贵的又觉得不值”
- “就为了看一眼孩子在干嘛”不太合理
- “我走两步去厨房门口瞄一眼就行了”
- “只有真正能解放双手的方案才可能让她掏钱”
- “乐高买了一套，玩两天就不碰了，又得买新的。兄弟姐妹共用还能分摊点成本，但一个孩子的话，投入多少都打水漂”
- “她算过账，认为多台单价降下来才划算，否则宁愿不加预算”
- “花钱之前的验证周期比金额本身更关键”
- “多久回本”和“确定性”
- “倾向选择维护成本低、无需培训的方案”
- “要是为了这个功能多花钱，我觉得不值”
- “当时觉得便宜，结果还是浪费钱”

**报告 2：ToC_Cost_Child_P2**
- “习惯花钱先算账，对投入和回本在意”
- “不愿增加育儿嫂这类高成本支出”
- “希望用比现有方案便宜的方式减轻老人负担”
- “够用就行，外观安全可爱、抗造就好”
- “投入多少要算清楚，超过某个金额就犹豫”
- “更看重多久回本和确定性”
- “追求够好且便宜，避免浪费”
- “接送麻烦，还要加预算”
- “用替代现有支出的方式”
- “追求节省多少”
- “买东西先看性价比，追求够好且便宜”
- “对功能期待低，核心是稳定、不添乱、抗造”
- “偏好替代现有支出的方案，如用低成本工具替代育儿嫂或早教班”
- “追求规模效应和确定性”
- “痛点集中在‘花了钱不好用’‘性价比不高’”

**报告 3：ToC_Cost_Child_P3**
- “够用就行，没必要追新”
- “不愿为‘可能不玩’的东西多花钱”
- “单价必须低”
- “功能花哨但不确定能用多久的东西，一律不考虑”
- “功能花哨但价格高的东西一律不考虑”
- “算清账，看到确定性节省”"
belief_bench_v1_2026-07-13,ToC_Cost_Child,草根老板,C1,4,11714,13263,300,success,,引文反复强调‘够用就行’‘性价比’‘低成本替代’‘单价必须低’，支付意愿极低，估计在300元以内。,,"{""estimated_wtp"": 300, ""reasoning"": ""引文反复强调‘够用就行’‘性价比’‘低成本替代’‘单价必须低’，支付意愿极低，估计在300元以内。""}","以下是三份报告中所有与价格、预算、支付意愿相关的句子逐字引用：

---

### 报告 1：ToC_Cost_Child_P1

- “能省就省”
- “够用就行”
- “不是最好的但接送方便，价格也不贵”
- “便宜的怕不好用，贵的又觉得不值”
- “就为了看一眼孩子在干嘛”不太合理
- “我走两步去厨房门口瞄一眼就行了”
- “只有真正能解放双手的方案才可能让她掏钱”
- “乐高买了一套，玩两天就不碰了，又得买新的”
- “一个孩子的话，投入多少都打水漂”
- “多台单价降下来才划算，否则宁愿不加预算”
- “花钱之前的验证周期比金额本身更关键”
- “多久回本”和“确定性”
- “倾向选择维护成本低、无需培训的方案”
- “要是为了这个功能多花钱，我觉得不值”
- “当时觉得便宜，结果还是浪费钱”
- “够用就行”
- “反复计算投入产出，追求可接受效果下的确定性”

---

### 报告 2：ToC_Cost_Child_P2

- “习惯花钱先算账，对投入和回本在意”
- “能不能有个东西帮老人看着，别让她那么累”
- “不愿增加育儿嫂这类高成本支出”
- “希望用比现有方案便宜的方式”
- “够用就行”
- “花太多钱不值，够用就行”
- “投入多少要算清楚，超过某个金额就犹豫”
- “更看重多久回本和确定性”
- “追求够好且便宜”
- “接送麻烦，还要加预算”
- “不如找个东西在家替代，省得折腾”
- “用替代现有支出的方式”
- “追求节省多少”
- “买东西先看性价比，追求够好且便宜”
- “对功能期待低，核心是稳定、不添乱、抗造”
- “偏好替代现有支出的方案，如用低成本工具替代育儿嫂或早教班”
- “追求规模效应和确定性”
- “花了钱不好用”
- “性价比不高”
- “倾向于用低成本方案替代现有支出，追求可接受效果和确定性”

---

### 报告 3：ToC_Cost_Child_P3

- “够用就行，没必要追新”
- “需要低成本、不添乱的辅助方式”
- “性价比低”
- “不愿为‘可能不玩’的东西多花钱”
- “单价必须低”
- “功能花哨但不确定能用多久的东西，一律不考虑”
- “功能花哨但价格高的东西一律不考虑”
- “特别在意‘抗造’”
- “对任何需额外学习或花钱的方案天然排斥”
- “倾向于用传统低科技产品替代高价电子设备”
- “前提是‘算清账’，看到确定性节省”"
belief_bench_v1_2026-07-13,ToC_Cost_Child,草根老板,C1,2,11714,13263,300,success,,客群普遍追求‘够用就行’、‘性价比’和‘低成本替代’，强调单价低、回本确定，心理锚点偏经济，支付意愿保守在300元左右。,,"{""estimated_wtp"": 300, ""reasoning"": ""客群普遍追求‘够用就行’、‘性价比’和‘低成本替代’，强调单价低、回本确定，心理锚点偏经济，支付意愿保守在300元左右。""}","以下是报告中所有与价格、预算、支付意愿相关的句子逐字引用：

**报告 1：ToC_Cost_Child_P1**

- “能省就省”
- “够用就行”
- “不是最好的但接送方便，价格也不贵”
- “便宜的怕不好用，贵的又觉得不值”
- “就为了看一眼孩子在干嘛”不太合理
- “我走两步去厨房门口瞄一眼就行了”
- “只有真正能解放双手的方案才可能让她掏钱”
- “乐高买了一套，玩两天就不碰了，又得买新的。兄弟姐妹共用还能分摊点成本，但一个孩子的话，投入多少都打水漂”
- “她算过账，认为多台单价降下来才划算，否则宁愿不加预算”
- “花钱之前的验证周期比金额本身更关键”
- “多久回本”和“确定性”
- “倾向选择维护成本低、无需培训的方案”
- “要是为了这个功能多花钱，我觉得不值”
- “当时觉得便宜，结果还是浪费钱”
- “核心诉求是‘在厨房做饭时获得对孩子安全的即时感知’”
- “她强调‘够用就行’”
- “她反复计算投入产出，追求可接受效果下的确定性”

**报告 2：ToC_Cost_Child_P2**

- “习惯花钱先算账，对投入和回本在意”
- “能不能有个东西帮老人看着，别让她那么累”
- “不愿增加育儿嫂这类高成本支出”
- “希望用比现有方案便宜的方式减轻老人负担，替代部分人力投入”
- “够用就行，外观安全可爱、抗造就好”
- “投入多少要算清楚，超过某个金额就犹豫”
- “更看重多久回本和确定性”
- “追求够好且便宜，避免浪费”
- “但接送麻烦，还要加预算”
- “不如找个东西在家替代，省得折腾”
- “倾向于用替代现有支出的方式”
- “强调试用期和可接受效果”
- “对投入多少和多久回本有明确预期，超过心理锚点就犹豫”
- “买东西先看性价比，追求够好且便宜”
- “偏好替代现有支出的方案，如用低成本工具替代育儿嫂或早教班”
- “追求规模效应和确定性”
- “痛点集中在‘花了钱不好用’‘性价比不高’”
- “倾向于用低成本方案替代现有支出，追求可接受效果和确定性”

**报告 3：ToC_Cost_Child_P3**

- “够用就行，没必要追新”
- “他倾向于能让孩子反复玩的东西，但不愿为‘可能不玩’的东西多花钱”
- “单价必须低”
- “对技术产品容忍度极低，必须‘老人也能轻松上手’”
- “功能花哨但不确定能用多久的东西，一律不考虑”
- “对儿童产品，他看重‘稳定、不折腾、不添乱’，功能花哨但价格高的东西一律不考虑”
- “特别在意‘抗造’”
- “他倾向于用传统低科技产品替代高价电子设备，前提是‘算清账’，看到确定性节省”"
belief_bench_v1_2026-07-13,ToC_Cost_Child,草根老板,C1,6,11714,13263,300,success,,用户反复强调‘够用就行’、‘性价比’、‘单价必须低’，且对超过心理锚点的高价犹豫，综合判断支付意愿在200-400元区间，取中值300元。,,"{""estimated_wtp"": 300, ""reasoning"": ""用户反复强调‘够用就行’、‘性价比’、‘单价必须低’，且对超过心理锚点的高价犹豫，综合判断支付意愿在200-400元区间，取中值300元。""}","以下是三份报告中所有与价格、预算、支付意愿相关的句子逐字引用：

### 报告 1：ToC_Cost_Child_P1

- “能省就省”
- “够用就行”
- “不是最好的但接送方便，价格也不贵”
- “便宜的怕不好用，贵的又觉得不值”
- “就为了看一眼孩子在干嘛”不太合理
- “我走两步去厨房门口瞄一眼就行了”
- “只有真正能解放双手的方案才可能让她掏钱”
- “乐高买了一套，玩两天就不碰了，又得买新的。兄弟姐妹共用还能分摊点成本，但一个孩子的话，投入多少都打水漂”
- “认为多台单价降下来才划算，否则宁愿不加预算”
- “花钱之前的验证周期比金额本身更关键”
- “如果孩子能主动投入、稳定坚持，那才值。不然就是白花钱”
- “多久回本”和“确定性”
- “倾向选择维护成本低、无需培训的方案”
- “要是为了这个功能多花钱，我觉得不值”
- “不愿为改善付费”
- “当时觉得便宜，结果还是浪费钱”
- “够用就行”
- “核心要求是‘稳定、不折腾、不添乱’”
- “反复计算投入产出，追求可接受效果下的确定性”

### 报告 2：ToC_Cost_Child_P2

- “习惯花钱先算账，对投入和回本在意”
- “能不能有个东西帮老人看着，别让她那么累”
- “不愿增加育儿嫂这类高成本支出”
- “希望用比现有方案便宜的方式减轻老人负担”
- “替代部分人力投入”
- “够用就行”
- “花太多钱不值，够用就行”
- “投入多少要算清楚，超过某个金额就犹豫”
- “更看重多久回本和确定性”
- “追求够好且便宜”
- “避免浪费”
- “早教班或兴趣班，但接送麻烦，还要加预算”
- “不如找个东西在家替代，省得折腾”
- “被接送麻烦和额外成本劝退”
- “倾向于用替代现有支出的方式”
- “强调节省多少和减轻老人负担”
- “对投入多少和多久回本有明确预期，超过心理锚点就犹豫”
- “买东西先看性价比，追求够好且便宜”
- “核心是稳定、不添乱、抗造”
- “偏好替代现有支出的方案，如用低成本工具替代育儿嫂或早教班”
- “追求规模效应和确定性”
- “花了钱不好用”
- “性价比不高”
- “替代思维强烈，倾向于用低成本方案替代现有支出，追求可接受效果和确定性”

### 报告 3：ToC_Cost_Child_P3

- “够用就行，没必要追新”
- “性价比低”
- “不愿为‘可能不玩’的东西多花钱”
- “单价必须低”
- “对复杂操作零容忍”
- “功能花哨但不确定能用多久的东西，一律不考虑”
- “功能花哨但价格高的东西一律不考虑”
- “特别在意‘抗造’”
- “算清账”
- “看到确定性节省”"
belief_bench_v1_2026-07-13,ToC_Cost_Child,草根老板,C2_low,1,11714,13263,300,success,,三位受访者均为极度务实的价格敏感型用户，核心诉求是低成本替代现有支出，对超过300元的产品会因‘不值’而犹豫，且同类产品800元的定价远超其心理锚点。,,"{""estimated_wtp"": 300, ""reasoning"": ""三位受访者均为极度务实的价格敏感型用户，核心诉求是低成本替代现有支出，对超过300元的产品会因‘不值’而犹豫，且同类产品800元的定价远超其心理锚点。""}",
belief_bench_v1_2026-07-13,ToC_Cost_Child,草根老板,C2_low,2,11714,13263,300,success,,三位受访者均为极度务实的价格敏感型用户，核心诉求是低成本替代现有支出，对功能期待低，且市场常见定价800元远超其心理锚点，支付意愿约300元。,,"{""estimated_wtp"": 300, ""reasoning"": ""三位受访者均为极度务实的价格敏感型用户，核心诉求是低成本替代现有支出，对功能期待低，且市场常见定价800元远超其心理锚点，支付意愿约300元。""}",
belief_bench_v1_2026-07-13,ToC_Cost_Child,草根老板,C2_low,3,11714,13263,300,success,,三位受访者均为极度务实的价格敏感型用户，核心诉求是低成本、稳定不添乱，对高价设备天然排斥，参考同类产品800元定价，其支付意愿远低于市场价，结合其‘够用就行’和‘算账逻辑’，估计可接受价格在300元左右。,,"{""estimated_wtp"": 300, ""reasoning"": ""三位受访者均为极度务实的价格敏感型用户，核心诉求是低成本、稳定不添乱，对高价设备天然排斥，参考同类产品800元定价，其支付意愿远低于市场价，结合其‘够用就行’和‘算账逻辑’，估计可接受价格在300元左右。""}",
belief_bench_v1_2026-07-13,ToC_Cost_Child,草根老板,C2_low,4,11714,13263,300,success,,三位受访者均为极度务实的价格敏感型用户，核心诉求是低成本、稳定不添乱，对高价产品天然排斥，支付意愿远低于市场常见定价800元。,,"{""estimated_wtp"": 300, ""reasoning"": ""三位受访者均为极度务实的价格敏感型用户，核心诉求是低成本、稳定不添乱，对高价产品天然排斥，支付意愿远低于市场常见定价800元。""}",
belief_bench_v1_2026-07-13,ToC_Cost_Child,草根老板,C1,8,11714,13263,500,success,,用户普遍追求‘够好且便宜’，强调性价比和确定性，支付意愿较低，锚定在500元左右的低成本替代方案。,,"{""estimated_wtp"": 500, ""reasoning"": ""用户普遍追求‘够好且便宜’，强调性价比和确定性，支付意愿较低，锚定在500元左右的低成本替代方案。""}","以下是三份报告中所有与价格、预算、支付意愿相关的句子逐字引用：

**报告 1：ToC_Cost_Child_P1**
- “能省就省”
- “够用就行”
- “不是最好的但接送方便，价格也不贵”
- “便宜的怕不好用，贵的又觉得不值”
- “就为了看一眼孩子在干嘛不太合理”
- “我走两步去厨房门口瞄一眼就行了”
- “只有真正能解放双手的方案才可能让她掏钱”
- “投入多少都打水漂”
- “多台单价降下来才划算，否则宁愿不加预算”
- “花钱之前的验证周期比金额本身更关键”
- “多久回本”
- “确定性”
- “倾向选择维护成本低、无需培训的方案”
- “要是为了这个功能多花钱，我觉得不值”
- “当时觉得便宜，结果还是浪费钱”
- “够用就行”
- “可接受效果下的确定性”

**报告 2：ToC_Cost_Child_P2**
- “习惯花钱先算账，对投入和回本在意”
- “不愿增加育儿嫂这类高成本支出”
- “希望用比现有方案便宜的方式”
- “替代部分人力投入”
- “够用就行”
- “花太多钱不值”
- “够好且便宜”
- “投入多少要算清楚，超过某个金额就犹豫”
- “多久回本”
- “确定性”
- “替代现有支出”
- “节省多少”
- “追求够好且便宜”
- “超过心理锚点就犹豫”
- “买东西先看性价比，追求够好且便宜”
- “替代现有支出的方案”
- “用低成本工具替代育儿嫂或早教班”
- “节省人力”
- “花了钱不好用”
- “性价比不高”
- “替代思维强烈”
- “追求可接受效果和确定性”

**报告 3：ToC_Cost_Child_P3**
- “够用就行，没必要追新”
- “性价比低”
- “不愿为‘可能不玩’的东西多花钱”
- “单价必须低”
- “功能花哨但不确定能用多久的东西，一律不考虑”
- “功能花哨但价格高的东西一律不考虑”
- “算清账”
- “看到确定性节省”"
belief_bench_v1_2026-07-13,ToC_Cost_Child,草根老板,C1,7,11714,13263,300,success,,引文反复强调‘够用就行’、‘性价比’、‘单价必须低’、‘避免浪费’，且用户对超过某个金额就犹豫，结合‘可接受效果下的确定性’和‘低成本替代现有支出’的倾向，支付意愿保守估计在300元左右。,,"{""estimated_wtp"": 300, ""reasoning"": ""引文反复强调‘够用就行’、‘性价比’、‘单价必须低’、‘避免浪费’，且用户对超过某个金额就犹豫，结合‘可接受效果下的确定性’和‘低成本替代现有支出’的倾向，支付意愿保守估计在300元左右。""}","以下是三份报告中所有与价格、预算、支付意愿相关的句子逐字引用：

**报告 1：ToC_Cost_Child_P1**
- “能省就省”
- “够用就行”
- “不是最好的但接送方便，价格也不贵”
- “便宜的怕不好用，贵的又觉得不值”
- “就为了看一眼孩子在干嘛”不太合理
- “我走两步去厨房门口瞄一眼就行了”
- “只有真正能解放双手的方案才可能让她掏钱”
- “乐高买了一套，玩两天就不碰了，又得买新的。兄弟姐妹共用还能分摊点成本，但一个孩子的话，投入多少都打水漂”
- “她算过账，认为多台单价降下来才划算，否则宁愿不加预算”
- “花钱之前的验证周期比金额本身更关键”
- “多久回本”和“确定性”
- “倾向选择维护成本低、无需培训的方案”
- “要是为了这个功能多花钱，我觉得不值”
- “当时觉得便宜，结果还是浪费钱”
- “够用就行”
- “可接受效果下的确定性”

**报告 2：ToC_Cost_Child_P2**
- “习惯花钱先算账，对投入和回本在意”
- “不愿增加育儿嫂这类高成本支出”
- “希望用比现有方案便宜的方式减轻老人负担”
- “够用就行，外观安全可爱、抗造就好”
- “投入多少要算清楚，超过某个金额就犹豫”
- “更看重多久回本和确定性”
- “追求够好且便宜，避免浪费”
- “接送麻烦，还要加预算”
- “用替代现有支出的方式”
- “追求节省多少”
- “买东西先看性价比，追求够好且便宜”
- “核心是稳定、不添乱、抗造”
- “偏好替代现有支出的方案，如用低成本工具替代育儿嫂或早教班”
- “追求规模效应和确定性”
- “花了钱不好用”
- “性价比不高”
- “追求可接受效果和确定性”

**报告 3：ToC_Cost_Child_P3**
- “够用就行，没必要追新”
- “性价比低”
- “不愿为‘可能不玩’的东西多花钱”
- “单价必须低”
- “功能花哨但不确定能用多久的东西，一律不考虑”
- “功能花哨但价格高的东西一律不考虑”
- “算清账，看到确定性节省”"
belief_bench_v1_2026-07-13,ToC_Cost_Child,草根老板,C2_low,5,11714,13263,300,success,,三位受访者均为极度务实的价格敏感型用户，核心诉求是低成本替代方案，对功能期待低且厌恶浪费，常见定价800元远超其心理锚点，支付意愿约300元。,,"{""estimated_wtp"": 300, ""reasoning"": ""三位受访者均为极度务实的价格敏感型用户，核心诉求是低成本替代方案，对功能期待低且厌恶浪费，常见定价800元远超其心理锚点，支付意愿约300元。""}",
belief_bench_v1_2026-07-13,ToC_Cost_Child,草根老板,C2_low,6,11714,13263,300,success,,三位受访者均为极度务实的价格敏感型用户，核心诉求是低成本替代现有支出，对功能期待低，市场常见定价800元远超其心理锚点，结合其‘够用就行’和‘算账逻辑’，支付意愿约300元。,,"{""estimated_wtp"": 300, ""reasoning"": ""三位受访者均为极度务实的价格敏感型用户，核心诉求是低成本替代现有支出，对功能期待低，市场常见定价800元远超其心理锚点，结合其‘够用就行’和‘算账逻辑’，支付意愿约300元。""}",
belief_bench_v1_2026-07-13,ToC_Cost_Child,草根老板,C2_low,7,11714,13263,300,success,,三位受访者均为极度务实的价格敏感型用户，强调‘够用就行’、‘稳定不折腾’、‘算清账’，对玩具新鲜感衰减和复杂操作零容忍，参考市场价800元远高于其心理锚点，支付意愿仅约300元。,,"{""estimated_wtp"": 300, ""reasoning"": ""三位受访者均为极度务实的价格敏感型用户，强调‘够用就行’、‘稳定不折腾’、‘算清账’，对玩具新鲜感衰减和复杂操作零容忍，参考市场价800元远高于其心理锚点，支付意愿仅约300元。""}",
belief_bench_v1_2026-07-13,ToC_Cost_Child,草根老板,C2_low,8,11714,13263,300,success,,三位受访者均为极度务实的价格敏感型用户，核心诉求是低成本替代现有支出，对功能期待低且厌恶风险，800元远超其心理锚点，300元是符合其'够用就行'且可接受效果的价格区间。,,"{""estimated_wtp"": 300, ""reasoning"": ""三位受访者均为极度务实的价格敏感型用户，核心诉求是低成本替代现有支出，对功能期待低且厌恶风险，800元远超其心理锚点，300元是符合其'够用就行'且可接受效果的价格区间。""}",
belief_bench_v1_2026-07-13,ToC_Cost_Child,草根老板,C2_low,9,11714,13263,200,success,,三位受访者均为极度务实的价格敏感型用户，核心诉求是低成本、稳定不添乱，对超过200元的方案普遍犹豫，且同类产品800元的定价远超其心理锚点。,,"{""estimated_wtp"": 200, ""reasoning"": ""三位受访者均为极度务实的价格敏感型用户，核心诉求是低成本、稳定不添乱，对超过200元的方案普遍犹豫，且同类产品800元的定价远超其心理锚点。""}",
belief_bench_v1_2026-07-13,ToC_Cost_Child,草根老板,C1,9,11714,13263,500,success,,客户普遍追求‘够用就行’、‘性价比高’，对价格敏感且强调‘单价必须低’，支付意愿锚点较低，估计在500元左右。,,"{""estimated_wtp"": 500, ""reasoning"": ""客户普遍追求‘够用就行’、‘性价比高’，对价格敏感且强调‘单价必须低’，支付意愿锚点较低，估计在500元左右。""}","以下是三份报告中与价格、预算、支付意愿相关的所有句子逐字引用：

**报告 1：ToC_Cost_Child_P1**
- “能省就省”
- “够用就行”
- “不是最好的但接送方便，价格也不贵”
- “便宜的怕不好用，贵的又觉得不值”
- “就为了看一眼孩子在干嘛”不太合理
- “我走两步去厨房门口瞄一眼就行了”
- “只有真正能解放双手的方案才可能让她掏钱”
- “花出去的钱值不值”
- “投入多少都打水漂”
- “多台单价降下来才划算，否则宁愿不加预算”
- “花钱之前的验证周期比金额本身更关键”
- “多久回本”
- “确定性”
- “倾向选择维护成本低、无需培训的方案”
- “要是为了这个功能多花钱，我觉得不值”
- “当时觉得便宜，结果还是浪费钱”
- “够用就行”
- “可接受效果下的确定性”

**报告 2：ToC_Cost_Child_P2**
- “习惯花钱先算账，对投入和回本在意”
- “不愿增加育儿嫂这类高成本支出”
- “用比现有方案便宜的方式减轻老人负担”
- “替代部分人力投入”
- “够用就行”
- “花太多钱不值”
- “够用就行，外观安全可爱、抗造就好”
- “投入多少要算清楚，超过某个金额就犹豫”
- “更看重多久回本和确定性”
- “追求够好且便宜”
- “接送麻烦，还要加预算”
- “替代现有支出”
- “追求节省多少”
- “对投入多少和多久回本有明确预期，超过心理锚点就犹豫”
- “买东西先看性价比，追求够好且便宜”
- “替代现有支出的方案”
- “用低成本工具替代育儿嫂或早教班”
- “花了钱不好用”
- “性价比不高”
- “用低成本方案替代现有支出”
- “可接受效果和确定性”

**报告 3：ToC_Cost_Child_P3**
- “够用就行，没必要追新”
- “性价比低”
- “不愿为‘可能不玩’的东西多花钱”
- “单价必须低”
- “功能花哨但不确定能用多久的东西，一律不考虑”
- “功能花哨但价格高的东西一律不考虑”
- “算清账”
- “看到确定性节省”"
belief_bench_v1_2026-07-13,ToC_Cost_Child,草根老板,C2_low,10,11714,13263,300,success,,三位受访者均为极度务实的价格敏感型用户，反复强调‘够用就行’、‘稳定不添乱’，且对玩具新鲜感衰减和复杂操作零容忍，参考市场常见定价800元，他们只愿为低成本的替代方案支付远低于此的价格，结合其算账逻辑和替代思维，估计支付意愿在300元左右。,,"{""estimated_wtp"": 300, ""reasoning"": ""三位受访者均为极度务实的价格敏感型用户，反复强调‘够用就行’、‘稳定不添乱’，且对玩具新鲜感衰减和复杂操作零容忍，参考市场常见定价800元，他们只愿为低成本的替代方案支付远低于此的价格，结合其算账逻辑和替代思维，估计支付意愿在300元左右。""}",
belief_bench_v1_2026-07-13,ToC_Cost_Child,草根老板,C2_high,2,11714,13263,3000,success,,三位受访者均为极度务实的价格敏感型用户，核心诉求是低成本替代现有支出，对高价产品天然排斥，支付意愿远低于市场常见定价12000元。,,"{""estimated_wtp"": 3000, ""reasoning"": ""三位受访者均为极度务实的价格敏感型用户，核心诉求是低成本替代现有支出，对高价产品天然排斥，支付意愿远低于市场常见定价12000元。""}",
belief_bench_v1_2026-07-13,ToC_Cost_Child,草根老板,C2_high,1,11714,13263,2000,success,,三位受访者均为极度务实的价格敏感型用户，核心诉求是低成本替代方案，对超过2000元的高价产品会因算账逻辑和风险厌恶而拒绝。,,"{""estimated_wtp"": 2000, ""reasoning"": ""三位受访者均为极度务实的价格敏感型用户，核心诉求是低成本替代方案，对超过2000元的高价产品会因算账逻辑和风险厌恶而拒绝。""}",
belief_bench_v1_2026-07-13,ToC_Cost_Child,草根老板,C1,10,11714,13263,500,success,,用户反复强调‘够用就行’‘便宜’‘性价比高’，且对高价功能排斥，支付意愿集中在低成本替代方案，参考现有低成本工具价格，估计在500元左右。,,"{""estimated_wtp"": 500, ""reasoning"": ""用户反复强调‘够用就行’‘便宜’‘性价比高’，且对高价功能排斥，支付意愿集中在低成本替代方案，参考现有低成本工具价格，估计在500元左右。""}","以下是三份报告中与价格、预算、支付意愿相关的所有句子逐字引用：

**报告 1：ToC_Cost_Child_P1**
- “能省就省”
- “够用就行”
- “不是最好的但接送方便，价格也不贵”
- “便宜的怕不好用，贵的又觉得不值”
- “就为了看一眼孩子在干嘛”不太合理
- “我走两步去厨房门口瞄一眼就行了”
- “只有真正能解放双手的方案才可能让她掏钱”
- “乐高买了一套，玩两天就不碰了，又得买新的。兄弟姐妹共用还能分摊点成本，但一个孩子的话，投入多少都打水漂”
- “多台单价降下来才划算，否则宁愿不加预算”
- “花钱之前的验证周期比金额本身更关键”
- “多久回本”和“确定性”
- “倾向选择维护成本低、无需培训的方案，且愿意参考成功案例”
- “要是为了这个功能多花钱，我觉得不值”
- “不愿为改善付费”
- “当时觉得便宜，结果还是浪费钱”
- “核心诉求是‘在厨房做饭时获得对孩子安全的即时感知’”
- “她强调‘够用就行’”
- “追求可接受效果下的确定性”

**报告 2：ToC_Cost_Child_P2**
- “习惯花钱先算账，对投入和回本在意”
- “不愿增加育儿嫂这类高成本支出”
- “希望用比现有方案便宜的方式减轻老人负担”
- “够用就行，外观安全可爱、抗造就好”
- “投入多少要算清楚，超过某个金额就犹豫”
- “更看重多久回本和确定性”
- “追求够好且便宜，避免浪费”
- “接送麻烦，还要加预算”
- “不如找个东西在家替代，省得折腾”
- “追求节省多少和减轻老人负担”
- “买东西先看性价比，追求够好且便宜”
- “对功能期待低，核心是稳定、不添乱、抗造”
- “偏好替代现有支出的方案，如用低成本工具替代育儿嫂或早教班”
- “追求规模效应和确定性”
- “痛点集中在‘花了钱不好用’‘性价比不高’”
- “倾向于用低成本方案替代现有支出，追求可接受效果和确定性”

**报告 3：ToC_Cost_Child_P3**
- “够用就行，没必要追新”
- “需要低成本、不添乱的辅助方式”
- “性价比低”
- “不愿为‘可能不玩’的东西多花钱”
- “需要能维持长期兴趣的玩具或活动，且单价必须低”
- “对任何需额外学习或花钱的方案天然排斥”
- “倾向于用传统低科技产品替代高价电子设备，前提是‘算清账’，看到确定性节省”
- “功能花哨但不确定能用多久的东西，一律不考虑”
- “功能花哨但价格高的东西一律不考虑”
- “特别在意‘抗造’”
- “日常消耗品各自买，稍大的花费‘先在家里说一声’”"
belief_bench_v1_2026-07-13,ToC_Cost_Child,草根老板,C2_high,3,11714,13263,3000,success,,三位受访者均为极度务实的价格敏感型用户，核心诉求是低成本替代现有支出，对超过500元的产品已会犹豫，12000元远超其支付意愿，估计可接受价格在2000-4000元区间，取中间值3000元。,,"{""estimated_wtp"": 3000, ""reasoning"": ""三位受访者均为极度务实的价格敏感型用户，核心诉求是低成本替代现有支出，对超过500元的产品已会犹豫，12000元远超其支付意愿，估计可接受价格在2000-4000元区间，取中间值3000元。""}",
belief_bench_v1_2026-07-13,ToC_Cost_Child,草根老板,C2_high,4,11714,13263,3000,success,,三位受访者均极度价格敏感，追求‘够用就行’，支付意愿远低于市场常见定价12000元，基于其替代现有低支出方案的算账逻辑和风险厌恶特征，估计可接受价格在3000元左右。,,"{""estimated_wtp"": 3000, ""reasoning"": ""三位受访者均极度价格敏感，追求‘够用就行’，支付意愿远低于市场常见定价12000元，基于其替代现有低支出方案的算账逻辑和风险厌恶特征，估计可接受价格在3000元左右。""}",
belief_bench_v1_2026-07-13,ToC_Cost_Child,草根老板,C2_high,5,11714,13263,2000,success,,三位受访者均为极度务实的价格敏感型用户，追求'够用就行'和确定性，对高价产品天然排斥，支付意愿远低于市场常见定价12000元，估计在2000元左右。,,"{""estimated_wtp"": 2000, ""reasoning"": ""三位受访者均为极度务实的价格敏感型用户，追求'够用就行'和确定性，对高价产品天然排斥，支付意愿远低于市场常见定价12000元，估计在2000元左右。""}",
belief_bench_v1_2026-07-13,ToC_Cost_Child,草根老板,C2_high,7,11714,13263,3000,success,,三位受访者均为极度务实的价格敏感型用户，核心诉求是低成本替代方案，对高价产品天然排斥，支付意愿远低于市场常见定价。,,"{""estimated_wtp"": 3000, ""reasoning"": ""三位受访者均为极度务实的价格敏感型用户，核心诉求是低成本替代方案，对高价产品天然排斥，支付意愿远低于市场常见定价。""}",
belief_bench_v1_2026-07-13,ToC_Cost_Child,草根老板,C2_high,6,11714,13263,3000,success,,三位受访者均为极度务实的价格敏感型用户，核心诉求是低成本替代方案，对高价产品天然排斥，支付意愿远低于市场常见定价12000元，基于其反复算账和追求‘够好且便宜’的行为，估计可接受价格在3000元左右。,,"{""estimated_wtp"": 3000, ""reasoning"": ""三位受访者均为极度务实的价格敏感型用户，核心诉求是低成本替代方案，对高价产品天然排斥，支付意愿远低于市场常见定价12000元，基于其反复算账和追求‘够好且便宜’的行为，估计可接受价格在3000元左右。""}",
belief_bench_v1_2026-07-13,ToC_Cost_Child,草根老板,C3,1,11714,13263,,EXTRACTION_MISS,anchors array is empty,,[],"{""anchors"": []}",
belief_bench_v1_2026-07-13,ToC_Cost_Child,草根老板,C3,3,11714,13263,,EXTRACTION_MISS,anchors array is empty,,[],"{""anchors"": []}",
belief_bench_v1_2026-07-13,ToC_Cost_Child,草根老板,C2_high,9,11714,13263,3000,success,,三位受访者均为极度务实的价格敏感型用户，核心诉求是低成本替代现有支出，对功能期待低且厌恶浪费，市场定价12000元远超其心理锚点，基于其‘够用且便宜’的消费逻辑，支付意愿估计在3000元左右。,,"{""estimated_wtp"": 3000, ""reasoning"": ""三位受访者均为极度务实的价格敏感型用户，核心诉求是低成本替代现有支出，对功能期待低且厌恶浪费，市场定价12000元远超其心理锚点，基于其‘够用且便宜’的消费逻辑，支付意愿估计在3000元左右。""}",
belief_bench_v1_2026-07-13,ToC_Cost_Child,草根老板,C2_high,8,11714,13263,3000,success,,三位受访者均为极度务实的价格敏感型用户，核心诉求是低成本替代现有支出，对高价产品天然排斥，支付意愿远低于市场常见定价12000元，基于其‘够用就好’和‘算账逻辑’，估计可接受价格在2000-4000元区间，取中值3000元。,,"{""estimated_wtp"": 3000, ""reasoning"": ""三位受访者均为极度务实的价格敏感型用户，核心诉求是低成本替代现有支出，对高价产品天然排斥，支付意愿远低于市场常见定价12000元，基于其‘够用就好’和‘算账逻辑’，估计可接受价格在2000-4000元区间，取中值3000元。""}",
belief_bench_v1_2026-07-13,ToC_Cost_Child,草根老板,C2_high,10,11714,13263,3000,success,,三位受访者均极度价格敏感，追求'够用就行'，对高价产品天然排斥，支付意愿远低于市场常见定价12000元，基于其替代现有低支出方案的思维和算账逻辑，估计可接受上限约3000元。,,"{""estimated_wtp"": 3000, ""reasoning"": ""三位受访者均极度价格敏感，追求'够用就行'，对高价产品天然排斥，支付意愿远低于市场常见定价12000元，基于其替代现有低支出方案的思维和算账逻辑，估计可接受上限约3000元。""}",
belief_bench_v1_2026-07-13,ToC_Cost_Child,草根老板,C3,6,11714,13263,,EXTRACTION_MISS,anchors array is empty,,[],"{""anchors"": []}",
belief_bench_v1_2026-07-13,ToC_Cost_Child,草根老板,C3,5,11714,13263,,EXTRACTION_MISS,anchors array is empty,,[],"{""anchors"": []}",
belief_bench_v1_2026-07-13,ToC_Cost_Child,草根老板,C3,4,11714,13263,,EXTRACTION_MISS,anchors array is empty,,[],"{""anchors"": []}",
belief_bench_v1_2026-07-13,ToC_Cost_Child,草根老板,C3,7,11714,13263,,EXTRACTION_MISS,anchors array is empty,,[],"{""anchors"": []}",
belief_bench_v1_2026-07-13,ToC_Cost_Child,草根老板,C3,8,11714,13263,,EXTRACTION_MISS,anchors array is empty,,[],"{""anchors"": []}",
belief_bench_v1_2026-07-13,ToC_Cost_Child,草根老板,C3,10,11714,13263,,EXTRACTION_MISS,anchors array is empty,,[],"{""anchors"": []}",
belief_bench_v1_2026-07-13,ToC_Cost_Child,职业经理人,C0_leaked,1,11714,13263,1500,success,,三位受访者均极度务实且价格敏感，核心诉求是低成本替代现有支出，对超过1000元的产品已明显犹豫，1500元是锚定高端但可接受的上限。,,"{""estimated_wtp"": 1500, ""reasoning"": ""三位受访者均极度务实且价格敏感，核心诉求是低成本替代现有支出，对超过1000元的产品已明显犹豫，1500元是锚定高端但可接受的上限。""}",
belief_bench_v1_2026-07-13,ToC_Cost_Child,职业经理人,C0_leaked,2,11714,13263,800,success,,三位受访者均为极度务实的价格敏感型用户，核心诉求是低成本替代现有支出，对超过千元的产品普遍犹豫，锚定在500-1000元区间，取中上值800元。,,"{""estimated_wtp"": 800, ""reasoning"": ""三位受访者均为极度务实的价格敏感型用户，核心诉求是低成本替代现有支出，对超过千元的产品普遍犹豫，锚定在500-1000元区间，取中上值800元。""}",
belief_bench_v1_2026-07-13,ToC_Cost_Child,草根老板,C3,9,11714,13263,414,success,,由报告锚点加权中位数及冻结 persona 变换确定性合成,"[{""quote"":""便宜的怕不好用，贵的又觉得不值"",""value_yuan"":0,""type"":""参考价""},{""quote"":""她算过账，认为多台单价降下来才划算，否则宁愿不加预算"",""value_yuan"":0,""type"":""参考价""},{""quote"":""超过某个金额就犹豫"",""value_yuan"":0,""type"":""上限""},{""quote"":""大件都是两个人一起看，一个人定的事不多"",""value_yuan"":0,""type"":""审批门槛""},{""quote"":""功能花哨但价格高的东西一律不考虑"",""value_yuan"":0,""type"":""上限""}]","{""anchors"": [{""quote"": ""便宜的怕不好用，贵的又觉得不值"", ""value_yuan"": null, ""type"": ""参考价""}, {""quote"": ""她算过账，认为多台单价降下来才划算，否则宁愿不加预算"", ""value_yuan"": null, ""type"": ""参考价""}, {""quote"": ""超过某个金额就犹豫"", ""value_yuan"": null, ""type"": ""上限""}, {""quote"": ""大件都是两个人一起看，一个人定的事不多"", ""value_yuan"": null, ""type"": ""审批门槛""}, {""quote"": ""功能花哨但价格高的东西一律不考虑"", ""value_yuan"": null, ""type"": ""上限""}]}",
belief_bench_v1_2026-07-13,ToC_Cost_Child,职业经理人,C0_leaked,3,11714,13263,800,success,,三位受访者均极度价格敏感，核心诉求是低成本替代现有支出，对超过千元的投入会反复算账并犹豫，结合报告中的'够用就行'和'单价必须低'，支付意愿上限约800元。,,"{""estimated_wtp"": 800, ""reasoning"": ""三位受访者均极度价格敏感，核心诉求是低成本替代现有支出，对超过千元的投入会反复算账并犹豫，结合报告中的'够用就行'和'单价必须低'，支付意愿上限约800元。""}",
belief_bench_v1_2026-07-13,ToC_Cost_Child,职业经理人,C0_leaked,4,11714,13263,500,success,,三位受访者均为极度务实的价格敏感型用户，核心诉求是低成本替代现有支出，对超过500元的产品会因‘不值’而犹豫，且报告中的支付意愿锚点（如兴趣班试课、玩具单价）均指向低预算区间。,,"{""estimated_wtp"": 500, ""reasoning"": ""三位受访者均为极度务实的价格敏感型用户，核心诉求是低成本替代现有支出，对超过500元的产品会因‘不值’而犹豫，且报告中的支付意愿锚点（如兴趣班试课、玩具单价）均指向低预算区间。""}",
belief_bench_v1_2026-07-13,ToC_Cost_Child,职业经理人,C0_leaked,5,11714,13263,800,success,,三位受访者均为极度务实的价格敏感型用户，核心诉求是低成本替代方案，对超过千元的投入犹豫，且对技术复杂度和安全风险容忍度低，因此支付意愿锚定在800元左右。,,"{""estimated_wtp"": 800, ""reasoning"": ""三位受访者均为极度务实的价格敏感型用户，核心诉求是低成本替代方案，对超过千元的投入犹豫，且对技术复杂度和安全风险容忍度低，因此支付意愿锚定在800元左右。""}",
belief_bench_v1_2026-07-13,ToC_Cost_Child,职业经理人,C0_leaked,6,11714,13263,1500,success,,三位受访者均为极度务实的价格敏感型用户，强调‘够用就行’、‘稳定不添乱’，且对玩具新鲜感衰减和复杂操作零容忍，支付意愿远低于报告示例下限3000元，综合判断约1500元。,,"{""estimated_wtp"": 1500, ""reasoning"": ""三位受访者均为极度务实的价格敏感型用户，强调‘够用就行’、‘稳定不添乱’，且对玩具新鲜感衰减和复杂操作零容忍，支付意愿远低于报告示例下限3000元，综合判断约1500元。""}",
belief_bench_v1_2026-07-13,ToC_Cost_Child,草根老板,C3,2,11714,13263,431,success,,由报告锚点加权中位数及冻结 persona 变换确定性合成,"[{""quote"":""给女儿报兴趣班选的是小区里最近的那家，'不是最好的但接送方便，价格也不贵'"",""value_yuan"":0,""type"":""参考价""},{""quote"":""想过装摄像头，但便宜的怕不好用，贵的又觉得不值"",""value_yuan"":0,""type"":""参考价""},{""quote"":""她算过账，认为多台单价降下来才划算，否则宁愿不加预算"",""value_yuan"":0,""type"":""参考价""},{""quote"":""她倾向选择维护成本低、无需培训的方案，且愿意参考成功案例"",""value_yuan"":0,""type"":""参考价""},{""quote"":""要是为了这个功能多花钱，我觉得不值"",""value_yuan"":0,""type"":""参考价""},{""quote"":""当时觉得便宜，结果还是浪费钱"",""value_yuan"":0,""type"":""参考价""},{""quote"":""她希望用比现有方案便宜的方式减轻老人负担"",""value_yuan"":0,""type"":""参考价""},{""quote"":""她希望有东西能让孩子非被动看屏幕，同时节省人力"",""value_yuan"":0,""type"":""参考价""},{""quote"":""我觉得花太多钱不值，够用就行"",""value_yuan"":0,""type"":""参考价""},{""quote"":""超过某个金额就犹豫"",""value_yuan"":0,""type"":""上限""},{""quote"":""倾向于兄弟姐妹共用或二胎家庭共享，追求规模效应"",""value_yuan"":0,""type"":""参考价""},{""quote"":""后来觉得不如找个东西在家替代，省得折腾"",""value_yuan"":0,""type"":""参考价""},{""quote"":""买东西先看性价比，追求够好且便宜"",""value_yuan"":0,""type"":""参考价""},{""quote"":""倾向于用低成本工具替代育儿嫂或早教班"",""value_yuan"":0,""type"":""参考价""},{""quote"":""他倾向于能让孩子反复玩的东西，但不愿为'可能不玩'的东西多花钱"",""value_yuan"":0,""type"":""参考价""},{""quote"":""功能花哨但不确定能用多久的东西，一律不考虑"",""value_yuan"":0,""type"":""参考价""},{""quote"":""对儿童产品，他看重'稳定、不折腾、不添乱'，功能花哨但价格高的东西一律不考虑"",""value_yuan"":0,""type"":""上限""},{""quote"":""大件都是两个人一起看，一个人定的事不多"",""value_yuan"":0,""type"":""审批门槛""},{""quote"":""稍大的花费'先在家里说一声'"",""value_yuan"":0,""type"":""审批门槛""}]","{""anchors"": [{""quote"": ""给女儿报兴趣班选的是小区里最近的那家，'不是最好的但接送方便，价格也不贵'"", ""value_yuan"": null, ""type"": ""参考价""}, {""quote"": ""想过装摄像头，但便宜的怕不好用，贵的又觉得不值"", ""value_yuan"": null, ""type"": ""参考价""}, {""quote"": ""她算过账，认为多台单价降下来才划算，否则宁愿不加预算"", ""value_yuan"": null, ""type"": ""参考价""}, {""quote"": ""她倾向选择维护成本低、无需培训的方案，且愿意参考成功案例"", ""value_yuan"": null, ""type"": ""参考价""}, {""quote"": ""要是为了这个功能多花钱，我觉得不值"", ""value_yuan"": null, ""type"": ""参考价""}, {""quote"": ""当时觉得便宜，结果还是浪费钱"", ""value_yuan"": null, ""type"": ""参考价""}, {""quote"": ""她希望用比现有方案便宜的方式减轻老人负担"", ""value_yuan"": null, ""type"": ""参考价""}, {""quote"": ""她希望有东西能让孩子非被动看屏幕，同时节省人力"", ""value_yuan"": null, ""type"": ""参考价""}, {""quote"": ""我觉得花太多钱不值，够用就行"", ""value_yuan"": null, ""type"": ""参考价""}, {""quote"": ""超过某个金额就犹豫"", ""value_yuan"": null, ""type"": ""上限""}, {""quote"": ""倾向于兄弟姐妹共用或二胎家庭共享，追求规模效应"", ""value_yuan"": null, ""type"": ""参考价""}, {""quote"": ""后来觉得不如找个东西在家替代，省得折腾"", ""value_yuan"": null, ""type"": ""参考价""}, {""quote"": ""买东西先看性价比，追求够好且便宜"", ""value_yuan"": null, ""type"": ""参考价""}, {""quote"": ""倾向于用低成本工具替代育儿嫂或早教班"", ""value_yuan"": null, ""type"": ""参考价""}, {""quote"": ""他倾向于能让孩子反复玩的东西，但不愿为'可能不玩'的东西多花钱"", ""value_yuan"": null, ""type"": ""参考价""}, {""quote"": ""功能花哨但不确定能用多久的东西，一律不考虑"", ""value_yuan"": null, ""type"": ""参考价""}, {""quote"": ""对儿童产品，他看重'稳定、不折腾、不添乱'，功能花哨但价格高的东西一律不考虑"", ""value_yuan"": null, ""type"": ""上限""}, {""quote"": ""大件都是两个人一起看，一个人定的事不多"", ""value_yuan"": null, ""type"": ""审批门槛""}, {""quote"": ""稍大的花费'先在家里说一声'"", ""value_yuan"": null, ""type"": ""审批门槛""}]}",
belief_bench_v1_2026-07-13,ToC_Cost_Child,职业经理人,C0_leaked,8,11714,13263,1500,success,,三位受访者均极度价格敏感且追求确定性回报，锚定报告示例区间下限，且调研显示超过1500元会触发犹豫或替代思维。,,"{""estimated_wtp"": 1500, ""reasoning"": ""三位受访者均极度价格敏感且追求确定性回报，锚定报告示例区间下限，且调研显示超过1500元会触发犹豫或替代思维。""}",
belief_bench_v1_2026-07-13,ToC_Cost_Child,职业经理人,C0_leaked,7,11714,13263,800,success,,三位受访者均极度价格敏感且追求'够好且便宜'，核心需求是低成本替代现有支出，支付意愿远低于示例锚定区间，结合其日常消费习惯和替代思维，合理估计为800元。,,"{""estimated_wtp"": 800, ""reasoning"": ""三位受访者均极度价格敏感且追求'够好且便宜'，核心需求是低成本替代现有支出，支付意愿远低于示例锚定区间，结合其日常消费习惯和替代思维，合理估计为800元。""}",
belief_bench_v1_2026-07-13,ToC_Cost_Child,职业经理人,C0_leaked,9,11714,13263,500,success,,三位受访者均为极度务实的价格敏感型用户，核心诉求是低成本替代现有支出，对超过500元的高端方案明确排斥，且锚定在低单价玩具或工具的价格区间。,,"{""estimated_wtp"": 500, ""reasoning"": ""三位受访者均为极度务实的价格敏感型用户，核心诉求是低成本替代现有支出，对超过500元的高端方案明确排斥，且锚定在低单价玩具或工具的价格区间。""}",
belief_bench_v1_2026-07-13,ToC_Cost_Child,职业经理人,C0_leaked,10,11714,13263,800,success,,三位受访者均为极度务实的价格敏感型用户，核心诉求是低成本替代现有支出，对功能期待低且对高价方案排斥，参考报告内对玩具和替代方案的算账逻辑，支付意愿上限约800元。,,"{""estimated_wtp"": 800, ""reasoning"": ""三位受访者均为极度务实的价格敏感型用户，核心诉求是低成本替代现有支出，对功能期待低且对高价方案排斥，参考报告内对玩具和替代方案的算账逻辑，支付意愿上限约800元。""}",
belief_bench_v1_2026-07-13,ToC_Cost_Child,职业经理人,C0_clean,1,11714,13263,299,success,,三位受访者均为极度务实的价格敏感型用户，核心诉求是低成本替代现有支出（如育儿嫂、早教班），对功能期待低且对前期投入容忍度极低，锚定在300元以下的心理价位。,,"{""estimated_wtp"": 299, ""reasoning"": ""三位受访者均为极度务实的价格敏感型用户，核心诉求是低成本替代现有支出（如育儿嫂、早教班），对功能期待低且对前期投入容忍度极低，锚定在300元以下的心理价位。""}",
belief_bench_v1_2026-07-13,ToC_Cost_Child,职业经理人,C0_clean,3,11714,13263,299,success,,该客群为极度务实的价格敏感型用户，核心诉求是低成本替代人力、稳定不添乱，锚定在200-300元区间，超过300元会触发算账心理和犹豫阈值。,,"{""estimated_wtp"": 299, ""reasoning"": ""该客群为极度务实的价格敏感型用户，核心诉求是低成本替代人力、稳定不添乱，锚定在200-300元区间，超过300元会触发算账心理和犹豫阈值。""}",
belief_bench_v1_2026-07-13,ToC_Cost_Child,职业经理人,C0_clean,2,11714,13263,299,success,,三位受访者均为极度务实的价格敏感型用户，核心诉求是低成本替代人力、稳定不添乱，且对超过300元的投入会反复算账犹豫，因此支付意愿锚定在300元以内。,,"{""estimated_wtp"": 299, ""reasoning"": ""三位受访者均为极度务实的价格敏感型用户，核心诉求是低成本替代人力、稳定不添乱，且对超过300元的投入会反复算账犹豫，因此支付意愿锚定在300元以内。""}",
belief_bench_v1_2026-07-13,ToC_Cost_Child,职业经理人,C0_clean,4,11714,13263,299,success,,三位受访者均为极度务实的价格敏感型用户，核心诉求是低成本替代现有支出（如育儿嫂、早教班），对超过300元的方案普遍犹豫，且对功能花哨、高研发投入的产品排斥，因此支付意愿锚定在低端价位。,,"{""estimated_wtp"": 299, ""reasoning"": ""三位受访者均为极度务实的价格敏感型用户，核心诉求是低成本替代现有支出（如育儿嫂、早教班），对超过300元的方案普遍犹豫，且对功能花哨、高研发投入的产品排斥，因此支付意愿锚定在低端价位。""}",
belief_bench_v1_2026-07-13,ToC_Cost_Child,职业经理人,C0_clean,5,11714,13263,199,success,,三位受访者均为极度务实的价格敏感型用户，核心诉求是低成本替代现有支出，对超过200元的产品会强烈犹豫，且报告中的价格锚点（如乐高、兴趣班）均指向百元级消费。,,"{""estimated_wtp"": 199, ""reasoning"": ""三位受访者均为极度务实的价格敏感型用户，核心诉求是低成本替代现有支出，对超过200元的产品会强烈犹豫，且报告中的价格锚点（如乐高、兴趣班）均指向百元级消费。""}",
belief_bench_v1_2026-07-13,ToC_Cost_Child,职业经理人,C0_clean,7,11714,13263,299,success,,三位受访者均为极度务实的成本敏感型用户，核心诉求是低成本替代现有支出，对超过300元的投入会反复算账犹豫，因此支付意愿锚定在低价位区间。,,"{""estimated_wtp"": 299, ""reasoning"": ""三位受访者均为极度务实的成本敏感型用户，核心诉求是低成本替代现有支出，对超过300元的投入会反复算账犹豫，因此支付意愿锚定在低价位区间。""}",
belief_bench_v1_2026-07-13,ToC_Cost_Child,职业经理人,C0_clean,8,11714,13263,299,success,,三位受访者均为极度务实的价格敏感型用户，核心诉求是低成本替代现有方案，对超过300元的投入会反复算账并犹豫，因此支付意愿锚定在299元这一心理门槛之下。,,"{""estimated_wtp"": 299, ""reasoning"": ""三位受访者均为极度务实的价格敏感型用户，核心诉求是低成本替代现有方案，对超过300元的投入会反复算账并犹豫，因此支付意愿锚定在299元这一心理门槛之下。""}",
belief_bench_v1_2026-07-13,ToC_Cost_Child,职业经理人,C0_clean,6,11714,13263,299,success,,三位受访者均为极度务实的价格敏感型用户，核心诉求是低成本替代现有支出，对功能期待低且对高价有明确排斥，参照报告中对玩具和替代方案的算账逻辑，300元以内是心理安全线。,,"{""estimated_wtp"": 299, ""reasoning"": ""三位受访者均为极度务实的价格敏感型用户，核心诉求是低成本替代现有支出，对功能期待低且对高价有明确排斥，参照报告中对玩具和替代方案的算账逻辑，300元以内是心理安全线。""}",
belief_bench_v1_2026-07-13,ToC_Cost_Child,职业经理人,C0_clean,9,11714,13263,299,success,,三位受访者均为极度务实的价格敏感型用户，核心诉求是低成本替代人力监护，对功能期待低，价格锚定在300元以下才可能触发购买决策。,,"{""estimated_wtp"": 299, ""reasoning"": ""三位受访者均为极度务实的价格敏感型用户，核心诉求是低成本替代人力监护，对功能期待低，价格锚定在300元以下才可能触发购买决策。""}",
belief_bench_v1_2026-07-13,ToC_Cost_Child,职业经理人,C0_clean,10,11714,13263,299,success,,三位受访者均为极度务实的价格敏感型用户，核心诉求是低成本替代现有支出，对超过300元的方案会因'不值'而犹豫，且对功能花哨、需额外学习的产品天然排斥。,,"{""estimated_wtp"": 299, ""reasoning"": ""三位受访者均为极度务实的价格敏感型用户，核心诉求是低成本替代现有支出，对超过300元的方案会因'不值'而犹豫，且对功能花哨、需额外学习的产品天然排斥。""}",
belief_bench_v1_2026-07-13,ToC_Cost_Child,职业经理人,C1,2,11714,13263,1500,success,,引文显示客群高度关注性价比、确定性回本和低成本替代，倾向于够用且便宜，支付意愿上限在1500元左右。,,"{""estimated_wtp"": 1500, ""reasoning"": ""引文显示客群高度关注性价比、确定性回本和低成本替代，倾向于够用且便宜，支付意愿上限在1500元左右。""}","根据您的要求，以下逐字引用三份报告中所有与价格、预算、支付意愿相关的句子：

**报告 1：ToC_Cost_Child_P1**
- “能省就省”
- “够用就行”
- “不是最好的但接送方便，价格也不贵”
- “便宜的怕不好用，贵的又觉得不值”
- “就为了看一眼孩子在干嘛不太合理”
- “只有真正能解放双手的方案才可能让她掏钱”
- “花出去的钱值不值”
- “投入多少都打水漂”
- “多台单价降下来才划算，否则宁愿不加预算”
- “花钱之前的验证周期比金额本身更关键”
- “多久回本”
- “确定性”
- “倾向选择维护成本低、无需培训的方案”
- “要是为了这个功能多花钱，我觉得不值”
- “不愿为改善付费”
- “当时觉得便宜，结果还是浪费钱”
- “够用就行”
- “可接受效果下的确定性”

**报告 2：ToC_Cost_Child_P2**
- “习惯花钱先算账，对投入和回本在意”
- “不愿增加育儿嫂这类高成本支出”
- “希望用比现有方案便宜的方式”
- “够用就行”
- “花太多钱不值”
- “投入多少要算清楚，超过某个金额就犹豫”
- “多久回本”
- “确定性”
- “追求够好且便宜”
- “避免浪费”
- “加预算”
- “替代现有支出”
- “节省多少”
- “买东西先看性价比，追求够好且便宜”
- “替代现有支出的方案”
- “用低成本工具替代育儿嫂或早教班”
- “花了钱不好用”
- “性价比不高”
- “用低成本方案替代现有支出”
- “可接受效果和确定性”

**报告 3：ToC_Cost_Child_P3**
- “够用就行，没必要追新”
- “不愿为‘可能不玩’的东西多花钱”
- “单价必须低”
- “功能花哨但不确定能用多久的东西，一律不考虑”
- “功能花哨但价格高的东西一律不考虑”
- “算清账”
- “看到确定性节省”"
belief_bench_v1_2026-07-13,ToC_Cost_Child,职业经理人,C1,1,11714,13263,800,success,,客户追求够用且便宜，反复强调‘回本’和‘确定性’，对高单价犹豫，支付意愿锚定在可替代人力成本的低端价位。,,"{""estimated_wtp"": 800, ""reasoning"": ""客户追求够用且便宜，反复强调‘回本’和‘确定性’，对高单价犹豫，支付意愿锚定在可替代人力成本的低端价位。""}","以下是三份报告中所有与价格、预算、支付意愿相关的句子逐字引用：

---

**报告 1：ToC_Cost_Child_P1**

- “能省就省”
- “够用就行”
- “不是最好的但接送方便，价格也不贵”
- “便宜的怕不好用，贵的又觉得不值”
- “就为了看一眼孩子在干嘛不太合理”
- “我走两步去厨房门口瞄一眼就行了”
- “只有真正能解放双手的方案才可能让她掏钱”
- “乐高买了一套，玩两天就不碰了，又得买新的。兄弟姐妹共用还能分摊点成本，但一个孩子的话，投入多少都打水漂”
- “她算过账，认为多台单价降下来才划算，否则宁愿不加预算”
- “花钱之前的验证周期比金额本身更关键”
- “如果孩子能主动投入、稳定坚持，那才值。不然就是白花钱”
- “多久回本”
- “确定性”
- “倾向选择维护成本低、无需培训的方案，且愿意参考成功案例”
- “要是为了这个功能多花钱，我觉得不值”
- “买过扫地的东西，老卡在茶几底下，我得去救它。倒尘盒时灰飞得到处都是。后来嫌麻烦，就收起来了。当时觉得便宜，结果还是浪费钱”
- “她反复计算投入产出，追求可接受效果下的确定性”

---

**报告 2：ToC_Cost_Child_P2**

- “习惯花钱先算账，对投入和回本在意”
- “能不能有个东西帮老人看着，别让她那么累”
- “不愿增加育儿嫂这类高成本支出”
- “她希望用比现有方案便宜的方式减轻老人负担，替代部分人力投入”
- “够用就行，外观安全可爱、抗造就好”
- “投入多少要算清楚，超过某个金额就犹豫”
- “多久回本”
- “确定性”
- “追求够好且便宜，避免浪费”
- “接送麻烦，还要加预算”
- “不如找个东西在家替代，省得折腾”
- “替代现有支出”
- “试用期和可接受效果”
- “追求节省多少”
- “买东西先看性价比，追求够好且便宜”
- “对功能期待低，核心是稳定、不添乱、抗造”
- “偏好替代现有支出的方案，如用低成本工具替代育儿嫂或早教班，强调节省人力”
- “倾向于兄弟姐妹共用，追求规模效应和确定性”
- “花了钱不好用”
- “性价比不高”
- “替代思维强烈，倾向于用低成本方案替代现有支出，追求可接受效果和确定性”

---

**报告 3：ToC_Cost_Child_P3**

- “够用就行，没必要追新”
- “他倾向于能让孩子反复玩的东西，但不愿为‘可能不玩’的东西多花钱”
- “单价必须低”
- “功能花哨但不确定能用多久的东西，一律不考虑”
- “对儿童产品，他看重‘稳定、不折腾、不添乱’，功能花哨但价格高的东西一律不考虑”
- “算清账”
- “看到确定性节省”"
belief_bench_v1_2026-07-13,ToC_Cost_Child,职业经理人,C1,5,11714,13263,500,success,,用户反复强调‘够用就行’‘低成本’‘性价比’和‘确定性回本’，对高价功能花哨方案排斥，支付意愿极低，约500元上限。,,"{""estimated_wtp"": 500, ""reasoning"": ""用户反复强调‘够用就行’‘低成本’‘性价比’和‘确定性回本’，对高价功能花哨方案排斥，支付意愿极低，约500元上限。""}","以下是三份报告中所有与价格、预算、支付意愿相关的句子逐字引用：

---

**报告 1：ToC_Cost_Child_P1**

- “能省就省”
- “够用就行”
- “不是最好的但接送方便，价格也不贵”
- “便宜的怕不好用，贵的又觉得不值”
- “就为了看一眼孩子在干嘛”不太合理
- “我走两步去厨房门口瞄一眼就行了”
- “只有真正能解放双手的方案才可能让她掏钱”
- “乐高买了一套，玩两天就不碰了，又得买新的。兄弟姐妹共用还能分摊点成本，但一个孩子的话，投入多少都打水漂”
- “多台单价降下来才划算，否则宁愿不加预算”
- “花钱之前的验证周期比金额本身更关键”
- “多久回本”和“确定性”
- “倾向选择维护成本低、无需培训的方案”
- “要是为了这个功能多花钱，我觉得不值”
- “当时觉得便宜，结果还是浪费钱”
- “够用就行”
- “反复计算投入产出，追求可接受效果下的确定性”

---

**报告 2：ToC_Cost_Child_P2**

- “习惯花钱先算账，对投入和回本在意”
- “不愿增加育儿嫂这类高成本支出”
- “希望用比现有方案便宜的方式减轻老人负担”
- “够用就行，外观安全可爱、抗造就好”
- “投入多少要算清楚，超过某个金额就犹豫”
- “更看重多久回本和确定性”
- “对玩具消费持ROI导向，追求够好且便宜，避免浪费”
- “早教班或兴趣班，但接送麻烦，还要加预算”
- “用替代现有支出的方式”
- “追求节省多少和减轻老人负担”
- “买东西先看性价比，追求够好且便宜”
- “对功能期待低，核心是稳定、不添乱、抗造”
- “偏好替代现有支出的方案，如用低成本工具替代育儿嫂或早教班”
- “追求规模效应和确定性”
- “痛点集中在‘花了钱不好用’‘性价比不高’”
- “倾向于用低成本方案替代现有支出，追求可接受效果和确定性”

---

**报告 3：ToC_Cost_Child_P3**

- “够用就行，没必要追新”
- “需要低成本、不添乱的辅助方式”
- “性价比低”
- “不愿为‘可能不玩’的东西多花钱”
- “需要能维持长期兴趣的玩具或活动，且单价必须低”
- “功能花哨但不确定能用多久的东西，一律不考虑”
- “对儿童产品，他看重‘稳定、不折腾、不添乱’，功能花哨但价格高的东西一律不考虑”
- “特别在意‘抗造’”
- “倾向于用传统低科技产品替代高价电子设备，前提是‘算清账’，看到确定性节省”"
belief_bench_v1_2026-07-13,ToC_Cost_Child,职业经理人,C1,4,11714,13263,800,success,,三位受访者均强调‘够用就行’、‘性价比’、‘算清账’和‘低成本替代’，对高价功能排斥，支付意愿集中在低单价且能快速回本的区间，预估约800元。,,"{""estimated_wtp"": 800, ""reasoning"": ""三位受访者均强调‘够用就行’、‘性价比’、‘算清账’和‘低成本替代’，对高价功能排斥，支付意愿集中在低单价且能快速回本的区间，预估约800元。""}","以下是三份报告中所有与价格、预算、支付意愿相关的句子逐字引用：

---

### 报告 1：ToC_Cost_Child_P1

- “能省就省”
- “够用就行”
- “不是最好的但接送方便，价格也不贵”
- “便宜的怕不好用，贵的又觉得不值”
- “就为了看一眼孩子在干嘛”不太合理
- “我走两步去厨房门口瞄一眼就行了”
- “只有真正能解放双手的方案才可能让她掏钱”
- “乐高买了一套，玩两天就不碰了，又得买新的。兄弟姐妹共用还能分摊点成本，但一个孩子的话，投入多少都打水漂”
- “她算过账，认为多台单价降下来才划算，否则宁愿不加预算”
- “花钱之前的验证周期比金额本身更关键”
- “多久回本”和“确定性”
- “倾向选择维护成本低、无需培训的方案”
- “要是为了这个功能多花钱，我觉得不值”
- “当时觉得便宜，结果还是浪费钱”
- “核心诉求是‘在厨房做饭时获得对孩子安全的即时感知’”
- “她强调‘够用就行’”
- “她反复计算投入产出，追求可接受效果下的确定性”

---

### 报告 2：ToC_Cost_Child_P2

- “习惯花钱先算账，对投入和回本在意”
- “能不能有个东西帮老人看着，别让她那么累”
- “不愿增加育儿嫂这类高成本支出”
- “她希望用比现有方案便宜的方式减轻老人负担”
- “够用就行，外观安全可爱、抗造就好”
- “投入多少要算清楚，超过某个金额就犹豫”
- “更看重多久回本和确定性”
- “追求够好且便宜，避免浪费”
- “想过报早教班或兴趣班，但接送麻烦，还要加预算”
- “后来觉得不如找个东西在家替代，省得折腾”
- “倾向于用替代现有支出的方式”
- “强调试用期和可接受效果”
- “追求节省多少和减轻老人负担”
- “买东西先看性价比，追求够好且便宜”
- “对功能期待低，核心是稳定、不添乱、抗造”
- “偏好替代现有支出的方案，如用低成本工具替代育儿嫂或早教班”
- “追求规模效应和确定性”
- “痛点集中在‘花了钱不好用’‘性价比不高’”
- “倾向于用低成本方案替代现有支出，追求可接受效果和确定性”

---

### 报告 3：ToC_Cost_Child_P3

- “够用就行，没必要追新”
- “他倾向于能让孩子反复玩的东西，但不愿为‘可能不玩’的东西多花钱”
- “单价必须低”
- “功能花哨但不确定能用多久的东西，一律不考虑”
- “对儿童产品，他看重‘稳定、不折腾、不添乱’，功能花哨但价格高的东西一律不考虑”
- “特别在意‘抗造’”
- “前提是‘算清账’，看到确定性节省”"
belief_bench_v1_2026-07-13,ToC_Cost_Child,职业经理人,C1,3,11714,13263,800,success,,客群普遍追求‘够用就行’和‘性价比’，强调低成本替代现有支出，对高价犹豫且要求确定性回本，因此支付意愿较低，约800元。,,"{""estimated_wtp"": 800, ""reasoning"": ""客群普遍追求‘够用就行’和‘性价比’，强调低成本替代现有支出，对高价犹豫且要求确定性回本，因此支付意愿较低，约800元。""}","以下是三份报告中与**价格、预算、支付意愿**直接相关的句子逐字引用：

---

### 报告 1：ToC_Cost_Child_P1

- “能省就省”
- “够用就行”
- “不是最好的但接送方便，价格也不贵”
- “便宜的怕不好用，贵的又觉得不值”
- “就为了看一眼孩子在干嘛”不太合理
- “我走两步去厨房门口瞄一眼就行了”
- “只有真正能解放双手的方案才可能让她掏钱”
- “乐高买了一套，玩两天就不碰了，又得买新的。兄弟姐妹共用还能分摊点成本，但一个孩子的话，投入多少都打水漂”
- “认为多台单价降下来才划算，否则宁愿不加预算”
- “花钱之前的验证周期比金额本身更关键”
- “多久回本”和“确定性”
- “倾向选择维护成本低、无需培训的方案”
- “要是为了这个功能多花钱，我觉得不值”
- “当时觉得便宜，结果还是浪费钱”
- “核心诉求是‘在厨房做饭时获得对孩子安全的即时感知’”
- “她强调‘够用就行’”
- “她反复计算投入产出，追求可接受效果下的确定性”

---

### 报告 2：ToC_Cost_Child_P2

- “习惯花钱先算账，对投入和回本在意”
- “不愿增加育儿嫂这类高成本支出”
- “希望用比现有方案便宜的方式减轻老人负担”
- “够用就行，外观安全可爱、抗造就好”
- “投入多少要算清楚，超过某个金额就犹豫”
- “更看重多久回本和确定性”
- “追求够好且便宜，避免浪费”
- “接送麻烦，还要加预算”
- “不如找个东西在家替代，省得折腾”
- “追求节省多少和减轻老人负担”
- “买东西先看性价比，追求够好且便宜”
- “对功能期待低，核心是稳定、不添乱、抗造”
- “偏好替代现有支出的方案，如用低成本工具替代育儿嫂或早教班”
- “追求规模效应和确定性”
- “痛点集中在‘花了钱不好用’‘性价比不高’”
- “倾向于用低成本方案替代现有支出，追求可接受效果和确定性”

---

### 报告 3：ToC_Cost_Child_P3

- “够用就行，没必要追新”
- “性价比低”
- “不愿为‘可能不玩’的东西多花钱”
- “单价必须低”
- “功能花哨但不确定能用多久的东西，一律不考虑”
- “对儿童产品，他看重‘稳定、不折腾、不添乱’，功能花哨但价格高的东西一律不考虑”
- “特别在意‘抗造’”
- “倾向于用传统低科技产品替代高价电子设备，前提是‘算清账’，看到确定性节省”"
belief_bench_v1_2026-07-13,ToC_Cost_Child,职业经理人,C1,6,11714,13263,800,success,,三份报告均强调‘够用就行’‘性价比’‘低成本替代’，支付意愿锚定在低端，且对高价犹豫，结合‘多台单价降下来才划算’和‘超过心理锚点就犹豫’，估计可接受价格上限约800元。,,"{""estimated_wtp"": 800, ""reasoning"": ""三份报告均强调‘够用就行’‘性价比’‘低成本替代’，支付意愿锚定在低端，且对高价犹豫，结合‘多台单价降下来才划算’和‘超过心理锚点就犹豫’，估计可接受价格上限约800元。""}","以下是三份报告中与价格、预算、支付意愿相关的所有句子逐字引用：

---

### 报告 1：ToC_Cost_Child_P1

- “能省就省”
- “够用就行”
- “不是最好的但接送方便，价格也不贵”
- “便宜的怕不好用，贵的又觉得不值”
- “就为了看一眼孩子在干嘛”不太合理
- “我走两步去厨房门口瞄一眼就行了”
- “只有真正能解放双手的方案才可能让她掏钱”
- “乐高买了一套，玩两天就不碰了，又得买新的。兄弟姐妹共用还能分摊点成本，但一个孩子的话，投入多少都打水漂”
- “她算过账，认为多台单价降下来才划算，否则宁愿不加预算”
- “花钱之前的验证周期比金额本身更关键”
- “多久回本”和“确定性”
- “倾向选择维护成本低、无需培训的方案”
- “要是为了这个功能多花钱，我觉得不值”
- “当时觉得便宜，结果还是浪费钱”
- “核心诉求是‘在厨房做饭时获得对孩子安全的即时感知’”
- “她强调‘够用就行’”
- “追求可接受效果下的确定性”

---

### 报告 2：ToC_Cost_Child_P2

- “习惯花钱先算账，对投入和回本在意”
- “能不能有个东西帮老人看着，别让她那么累”
- “不愿增加育儿嫂这类高成本支出”
- “希望用比现有方案便宜的方式减轻老人负担”
- “够用就行，外观安全可爱、抗造就好”
- “投入多少要算清楚，超过某个金额就犹豫”
- “更看重多久回本和确定性”
- “追求够好且便宜，避免浪费”
- “接送麻烦，还要加预算”
- “不如找个东西在家替代，省得折腾”
- “倾向于用替代现有支出的方式”
- “强调试用期和可接受效果”
- “追求节省多少和减轻老人负担”
- “买东西先看性价比，追求够好且便宜”
- “超过心理锚点就犹豫”
- “偏好替代现有支出的方案，如用低成本工具替代育儿嫂或早教班”
- “追求规模效应和确定性”
- “痛点集中在‘花了钱不好用’‘性价比不高’”
- “倾向于用低成本方案替代现有支出，追求可接受效果和确定性”

---

### 报告 3：ToC_Cost_Child_P3

- “够用就行，没必要追新”
- “需要低成本、不添乱的辅助方式”
- “性价比低”
- “不愿为‘可能不玩’的东西多花钱”
- “需要能维持长期兴趣的玩具或活动，且单价必须低”
- “功能花哨但不确定能用多久的东西，一律不考虑”
- “功能花哨但价格高的东西一律不考虑”
- “特别在意‘抗造’”
- “对任何需额外学习或花钱的方案天然排斥”
- “倾向于用传统低科技产品替代高价电子设备”
- “前提是‘算清账’，看到确定性节省”"
belief_bench_v1_2026-07-13,ToC_Cost_Child,职业经理人,C2_low,1,11714,13263,300,success,,三位受访者均为极度务实的价格敏感型用户，核心诉求是低成本、稳定、不添乱的替代方案，对超过300元的投入会因新鲜感衰减和算账逻辑而犹豫，且市场常见定价800元远高于其心理锚点。,,"{""estimated_wtp"": 300, ""reasoning"": ""三位受访者均为极度务实的价格敏感型用户，核心诉求是低成本、稳定、不添乱的替代方案，对超过300元的投入会因新鲜感衰减和算账逻辑而犹豫，且市场常见定价800元远高于其心理锚点。""}",
belief_bench_v1_2026-07-13,ToC_Cost_Child,职业经理人,C2_low,2,11714,13263,400,success,,三位受访者均为极度务实的价格敏感型用户，核心诉求是低成本、稳定不添乱，对高价产品天然排斥，参考市场常见定价800元，他们能接受的支付意愿约在400元左右。,,"{""estimated_wtp"": 400, ""reasoning"": ""三位受访者均为极度务实的价格敏感型用户，核心诉求是低成本、稳定不添乱，对高价产品天然排斥，参考市场常见定价800元，他们能接受的支付意愿约在400元左右。""}",
belief_bench_v1_2026-07-13,ToC_Cost_Child,职业经理人,C2_low,3,11714,13263,300,success,,三位受访者均为极度价格敏感型用户，核心诉求是低成本替代方案，对超过300元的投入会反复算账并犹豫，且市场常见定价800元远超其心理锚点。,,"{""estimated_wtp"": 300, ""reasoning"": ""三位受访者均为极度价格敏感型用户，核心诉求是低成本替代方案，对超过300元的投入会反复算账并犹豫，且市场常见定价800元远超其心理锚点。""}",
belief_bench_v1_2026-07-13,ToC_Cost_Child,职业经理人,C2_low,4,11714,13263,400,success,,三位受访者均为极度务实的价格敏感型用户，核心诉求是低成本替代方案，对超过500元的投入会反复算账，锚定在400元以下才能触发购买意愿。,,"{""estimated_wtp"": 400, ""reasoning"": ""三位受访者均为极度务实的价格敏感型用户，核心诉求是低成本替代方案，对超过500元的投入会反复算账，锚定在400元以下才能触发购买意愿。""}",
belief_bench_v1_2026-07-13,ToC_Cost_Child,职业经理人,C1,7,11714,13263,500,success,,客户群普遍追求‘够用就行’、‘性价比高’、‘价格不贵’，对高价和花哨功能排斥，支付意愿较低，估计在500元左右。,,"{""estimated_wtp"": 500, ""reasoning"": ""客户群普遍追求‘够用就行’、‘性价比高’、‘价格不贵’，对高价和花哨功能排斥，支付意愿较低，估计在500元左右。""}","以下是三份报告中所有与价格、预算、支付意愿相关的句子，逐字引用：

**报告 1：ToC_Cost_Child_P1**

- “能省就省”
- “够用就行”
- “不是最好的但接送方便，价格也不贵”
- “便宜的怕不好用，贵的又觉得不值”
- “就为了看一眼孩子在干嘛”不太合理
- “我走两步去厨房门口瞄一眼就行了”
- “只有真正能解放双手的方案才可能让她掏钱”
- “乐高买了一套，玩两天就不碰了，又得买新的。兄弟姐妹共用还能分摊点成本，但一个孩子的话，投入多少都打水漂”
- “她算过账，认为多台单价降下来才划算，否则宁愿不加预算”
- “花钱之前的验证周期比金额本身更关键”
- “多久回本”和“确定性”
- “倾向选择维护成本低、无需培训的方案”
- “要是为了这个功能多花钱，我觉得不值”
- “当时觉得便宜，结果还是浪费钱”
- “核心诉求是‘在厨房做饭时获得对孩子安全的即时感知’”
- “她强调‘够用就行’”
- “追求可接受效果下的确定性”

**报告 2：ToC_Cost_Child_P2**

- “习惯花钱先算账，对投入和回本在意”
- “不愿增加育儿嫂这类高成本支出”
- “希望用比现有方案便宜的方式减轻老人负担”
- “够用就行”
- “花太多钱不值”
- “够好且便宜”
- “投入多少要算清楚，超过某个金额就犹豫”
- “更看重多久回本和确定性”
- “追求够好且便宜，避免浪费”
- “被接送麻烦和额外成本劝退”
- “倾向于用替代现有支出的方式”
- “追求节省多少”
- “买东西先看性价比，追求够好且便宜”
- “对功能期待低，核心是稳定、不添乱、抗造”
- “偏好替代现有支出的方案，如用低成本工具替代育儿嫂或早教班”
- “追求规模效应和确定性”
- “痛点集中在‘花了钱不好用’‘性价比不高’”
- “追求可接受效果和确定性”

**报告 3：ToC_Cost_Child_P3**

- “够用就行，没必要追新”
- “性价比低”
- “不愿为‘可能不玩’的东西多花钱”
- “单价必须低”
- “功能花哨但不确定能用多久的东西，一律不考虑”
- “功能花哨但价格高的东西一律不考虑”
- “特别在意‘抗造’”
- “前提是‘算清账’，看到确定性节省”"
belief_bench_v1_2026-07-13,ToC_Cost_Child,职业经理人,C2_low,5,11714,13263,300,success,,三位受访者均为极度务实的价格敏感型用户，核心诉求是低成本、稳定、不添乱，对高价产品天然排斥，且市场参考价800元远超其心理锚点。,,"{""estimated_wtp"": 300, ""reasoning"": ""三位受访者均为极度务实的价格敏感型用户，核心诉求是低成本、稳定、不添乱，对高价产品天然排斥，且市场参考价800元远超其心理锚点。""}",
belief_bench_v1_2026-07-13,ToC_Cost_Child,职业经理人,C2_low,6,11714,13263,300,success,,三位受访者均为极度务实的价格敏感型用户，核心诉求是低成本替代方案，对超过300元的产品会因性价比低而犹豫，且市场定价800元远超其心理锚点。,,"{""estimated_wtp"": 300, ""reasoning"": ""三位受访者均为极度务实的价格敏感型用户，核心诉求是低成本替代方案，对超过300元的产品会因性价比低而犹豫，且市场定价800元远超其心理锚点。""}",
belief_bench_v1_2026-07-13,ToC_Cost_Child,职业经理人,C2_low,7,11714,13263,400,success,,三位受访者均为极度价格敏感型用户，核心诉求是低成本替代方案，对超过心理锚点（如市场价800元）的投入犹豫，且对功能花哨、不确定能用多久的东西一律不考虑，结合他们反复计算投入产出和追求'够好且便宜'的行为，支付意愿远低于市场价，估计在400元左右。,,"{""estimated_wtp"": 400, ""reasoning"": ""三位受访者均为极度价格敏感型用户，核心诉求是低成本替代方案，对超过心理锚点（如市场价800元）的投入犹豫，且对功能花哨、不确定能用多久的东西一律不考虑，结合他们反复计算投入产出和追求'够好且便宜'的行为，支付意愿远低于市场价，估计在400元左右。""}",
belief_bench_v1_2026-07-13,ToC_Cost_Child,职业经理人,C1,8,11714,13263,1500,success,,引文反复强调‘够用就行’、‘性价比’、‘算清账’、‘确定性’、‘替代现有支出’，表明客户对高价敏感且追求低成本替代，支付意愿锚定在替代育儿嫂或早教班等现有支出的节省上限，约1500元是心理可接受的高端价格。,,"{""estimated_wtp"": 1500, ""reasoning"": ""引文反复强调‘够用就行’、‘性价比’、‘算清账’、‘确定性’、‘替代现有支出’，表明客户对高价敏感且追求低成本替代，支付意愿锚定在替代育儿嫂或早教班等现有支出的节省上限，约1500元是心理可接受的高端价格。""}","以下是三份报告中所有与价格、预算、支付意愿相关的句子逐字引用：

**报告 1：ToC_Cost_Child_P1**
- “能省就省”
- “够用就行”
- “不是最好的但接送方便，价格也不贵”
- “便宜的怕不好用，贵的又觉得不值”
- “就为了看一眼孩子在干嘛不太合理”
- “只有真正能解放双手的方案才可能让她掏钱”
- “投入多少都打水漂”
- “多台单价降下来才划算，否则宁愿不加预算”
- “花钱之前的验证周期比金额本身更关键”
- “多久回本”
- “确定性”
- “倾向选择维护成本低、无需培训的方案”
- “要是为了这个功能多花钱，我觉得不值”
- “当时觉得便宜，结果还是浪费钱”
- “够用就行”
- “可接受效果下的确定性”

**报告 2：ToC_Cost_Child_P2**
- “习惯花钱先算账，对投入和回本在意”
- “不愿增加育儿嫂这类高成本支出”
- “希望用比现有方案便宜的方式”
- “替代部分人力投入”
- “够用就行”
- “花太多钱不值”
- “够好且便宜”
- “投入多少要算清楚，超过某个金额就犹豫”
- “多久回本”
- “确定性”
- “追求够好且便宜，避免浪费”
- “被接送麻烦和额外成本劝退”
- “倾向于用替代现有支出的方式”
- “追求节省多少”
- “对投入多少和多久回本有明确预期，超过心理锚点就犹豫”
- “追求够好且便宜”
- “替代现有支出的方案”
- “用低成本工具替代育儿嫂或早教班”
- “追求规模效应和确定性”
- “花了钱不好用”
- “性价比不高”
- “用低成本方案替代现有支出”
- “可接受效果和确定性”

**报告 3：ToC_Cost_Child_P3**
- “够用就行，没必要追新”
- “性价比低”
- “不愿为‘可能不玩’的东西多花钱”
- “单价必须低”
- “功能花哨但价格高的东西一律不考虑”
- “算清账”
- “确定性节省”
- “功能花哨但不确定能用多久的东西，一律不考虑”"
belief_bench_v1_2026-07-13,ToC_Cost_Child,职业经理人,C2_low,8,11714,13263,300,success,,三位受访者均为极度务实的价格敏感型用户，核心诉求是低成本、稳定不添乱的替代方案，对功能花哨或高价产品天然排斥，且对800元市场价明确抵触，支付意愿显著低于该水平。,,"{""estimated_wtp"": 300, ""reasoning"": ""三位受访者均为极度务实的价格敏感型用户，核心诉求是低成本、稳定不添乱的替代方案，对功能花哨或高价产品天然排斥，且对800元市场价明确抵触，支付意愿显著低于该水平。""}",
belief_bench_v1_2026-07-13,ToC_Cost_Child,职业经理人,C2_low,9,11714,13263,300,success,,三位受访者均为极度务实的价格敏感型用户，核心诉求是低成本替代方案，对超过300元的投入会反复算账并犹豫，且对800元市场定价明确排斥。,,"{""estimated_wtp"": 300, ""reasoning"": ""三位受访者均为极度务实的价格敏感型用户，核心诉求是低成本替代方案，对超过300元的投入会反复算账并犹豫，且对800元市场定价明确排斥。""}",
belief_bench_v1_2026-07-13,ToC_Cost_Child,职业经理人,C1,9,11714,13263,800,success,,引文反复强调‘够用就行’‘性价比’‘单价必须低’‘不愿多花钱’，且多次提及‘替代现有支出’和‘算清账’，表明支付意愿极低，参考同类低成本替代品价格，估计约800元。,,"{""estimated_wtp"": 800, ""reasoning"": ""引文反复强调‘够用就行’‘性价比’‘单价必须低’‘不愿多花钱’，且多次提及‘替代现有支出’和‘算清账’，表明支付意愿极低，参考同类低成本替代品价格，估计约800元。""}","根据您的要求，以下是从三份报告中逐字引用的所有与价格、预算、支付意愿相关的句子：

**报告 1：ToC_Cost_Child_P1**
- “能省就省”
- “够用就行”
- “不是最好的但接送方便，价格也不贵”
- “便宜的怕不好用，贵的又觉得不值”
- “就为了看一眼孩子在干嘛”不太合理
- “我走两步去厨房门口瞄一眼就行了”
- “只有真正能解放双手的方案才可能让她掏钱”
- “乐高买了一套，玩两天就不碰了，又得买新的。兄弟姐妹共用还能分摊点成本，但一个孩子的话，投入多少都打水漂”
- “她算过账，认为多台单价降下来才划算，否则宁愿不加预算”
- “花钱之前的验证周期比金额本身更关键”
- “多久回本”和“确定性”
- “倾向选择维护成本低、无需培训的方案”
- “要是为了这个功能多花钱，我觉得不值”
- “当时觉得便宜，结果还是浪费钱”
- “够用就行”
- “反复计算投入产出，追求可接受效果下的确定性”

**报告 2：ToC_Cost_Child_P2**
- “习惯花钱先算账，对投入和回本在意”
- “不愿增加育儿嫂这类高成本支出”
- “希望用比现有方案便宜的方式减轻老人负担”
- “够用就行”
- “花太多钱不值，够用就行”
- “投入多少要算清楚，超过某个金额就犹豫”
- “更看重多久回本和确定性”
- “追求够好且便宜”
- “接送麻烦，还要加预算”
- “用替代现有支出的方式”
- “追求节省多少”
- “买东西先看性价比，追求够好且便宜”
- “替代现有支出的方案，如用低成本工具替代育儿嫂或早教班”
- “花了钱不好用”
- “性价比不高”
- “追求可接受效果和确定性”

**报告 3：ToC_Cost_Child_P3**
- “够用就行，没必要追新”
- “性价比低”
- “不愿为‘可能不玩’的东西多花钱”
- “单价必须低”
- “功能花哨但不确定能用多久的东西，一律不考虑”
- “功能花哨但价格高的东西一律不考虑”
- “算清账”
- “看到确定性节省”"
belief_bench_v1_2026-07-13,ToC_Cost_Child,职业经理人,C1,10,11714,13263,500,success,,用户反复强调'够用就行'、'性价比'、'低成本替代'、'单价必须低'，且对超过心理锚点就犹豫，结合'多台单价降下来才划算'，单台支付意愿极低，约500元以内。,,"{""estimated_wtp"": 500, ""reasoning"": ""用户反复强调'够用就行'、'性价比'、'低成本替代'、'单价必须低'，且对超过心理锚点就犹豫，结合'多台单价降下来才划算'，单台支付意愿极低，约500元以内。""}","以下是三份报告中与价格、预算、支付意愿相关的所有句子的逐字引用：

**报告 1：ToC_Cost_Child_P1**

1. “能省就省”
2. “够用就行”
3. “不是最好的但接送方便，价格也不贵”
4. “便宜的怕不好用，贵的又觉得不值”
5. “就为了看一眼孩子在干嘛”不太合理
6. “我走两步去厨房门口瞄一眼就行了”
7. “只有真正能解放双手的方案才可能让她掏钱”
8. “乐高买了一套，玩两天就不碰了，又得买新的。兄弟姐妹共用还能分摊点成本，但一个孩子的话，投入多少都打水漂”
9. “她算过账，认为多台单价降下来才划算，否则宁愿不加预算”
10. “花钱之前的验证周期比金额本身更关键”
11. “多久回本”和“确定性”
12. “倾向选择维护成本低、无需培训的方案，且愿意参考成功案例”
13. “要是为了这个功能多花钱，我觉得不值”
14. “当时觉得便宜，结果还是浪费钱”
15. “够用就行”
16. “追求可接受效果下的确定性”

**报告 2：ToC_Cost_Child_P2**

1. “习惯花钱先算账，对投入和回本在意”
2. “不愿增加育儿嫂这类高成本支出”
3. “希望用比现有方案便宜的方式减轻老人负担”
4. “替代部分人力投入”
5. “够用就行”
6. “花太多钱不值，够用就行”
7. “投入多少要算清楚，超过某个金额就犹豫”
8. “更看重多久回本和确定性”
9. “追求够好且便宜，避免浪费”
10. “早教班或兴趣班，但接送麻烦，还要加预算”
11. “不如找个东西在家替代，省得折腾”
12. “替代现有支出的方式”
13. “强调试用期和可接受效果”
14. “追求节省多少和减轻老人负担”
15. “对投入多少和多久回本有明确预期，超过心理锚点就犹豫”
16. “买东西先看性价比，追求够好且便宜”
17. “偏好替代现有支出的方案，如用低成本工具替代育儿嫂或早教班”
18. “追求规模效应和确定性”
19. “花了钱不好用”
20. “性价比不高”
21. “倾向于用低成本方案替代现有支出，追求可接受效果和确定性”

**报告 3：ToC_Cost_Child_P3**

1. “够用就行，没必要追新”
2. “性价比低”
3. “不愿为‘可能不玩’的东西多花钱”
4. “单价必须低”
5. “功能花哨但不确定能用多久的东西，一律不考虑”
6. “功能花哨但价格高的东西一律不考虑”
7. “算清账”
8. “看到确定性节省”"
belief_bench_v1_2026-07-13,ToC_Cost_Child,职业经理人,C2_low,10,11714,13263,400,success,,三位受访者均为极度务实的价格敏感型用户，核心诉求是低成本替代方案，对超过400元的产品会因新鲜感衰减和投入产出比低而强烈犹豫，且市场参考价800元远超其心理锚点。,,"{""estimated_wtp"": 400, ""reasoning"": ""三位受访者均为极度务实的价格敏感型用户，核心诉求是低成本替代方案，对超过400元的产品会因新鲜感衰减和投入产出比低而强烈犹豫，且市场参考价800元远超其心理锚点。""}",
belief_bench_v1_2026-07-13,ToC_Cost_Child,职业经理人,C2_high,1,11714,13263,3000,success,,三位受访者均为极度价格敏感型用户，核心诉求是低成本替代方案，对高价产品天然排斥，支付意愿远低于市场常见定价12000元，基于其算账逻辑和替代思维，估计可接受上限在3000元左右。,,"{""estimated_wtp"": 3000, ""reasoning"": ""三位受访者均为极度价格敏感型用户，核心诉求是低成本替代方案，对高价产品天然排斥，支付意愿远低于市场常见定价12000元，基于其算账逻辑和替代思维，估计可接受上限在3000元左右。""}",
belief_bench_v1_2026-07-13,ToC_Cost_Child,职业经理人,C2_high,2,11714,13263,3000,success,,三位受访者均为极度务实的价格敏感型用户，核心诉求是低成本、稳定不添乱的替代方案，对高价产品天然排斥，支付意愿远低于市场常见定价12000元，锚定在可接受效果下的最低投入区间。,,"{""estimated_wtp"": 3000, ""reasoning"": ""三位受访者均为极度务实的价格敏感型用户，核心诉求是低成本、稳定不添乱的替代方案，对高价产品天然排斥，支付意愿远低于市场常见定价12000元，锚定在可接受效果下的最低投入区间。""}",
belief_bench_v1_2026-07-13,ToC_Cost_Child,职业经理人,C2_high,3,11714,13263,2000,success,,三位受访者均为极度务实的价格敏感型用户，核心诉求是低成本替代现有支出，对超过2000元的高价产品会因性价比低而拒绝。,,"{""estimated_wtp"": 2000, ""reasoning"": ""三位受访者均为极度务实的价格敏感型用户，核心诉求是低成本替代现有支出，对超过2000元的高价产品会因性价比低而拒绝。""}",
belief_bench_v1_2026-07-13,ToC_Cost_Child,职业经理人,C2_high,5,11714,13263,3000,success,,三位受访者均为价格敏感型用户，核心诉求是低成本替代方案，对超过3000元的投入会反复算账并触发犹豫，12000元的市场价远超其心理锚点。,,"{""estimated_wtp"": 3000, ""reasoning"": ""三位受访者均为价格敏感型用户，核心诉求是低成本替代方案，对超过3000元的投入会反复算账并触发犹豫，12000元的市场价远超其心理锚点。""}",
belief_bench_v1_2026-07-13,ToC_Cost_Child,职业经理人,C2_high,4,11714,13263,3000,success,,三位受访者均极度价格敏感，核心诉求是低成本替代方案，对高价产品天然排斥，支付意愿远低于市场均价12000元，结合其'够好且便宜'的锚定逻辑，估计约3000元。,,"{""estimated_wtp"": 3000, ""reasoning"": ""三位受访者均极度价格敏感，核心诉求是低成本替代方案，对高价产品天然排斥，支付意愿远低于市场均价12000元，结合其'够好且便宜'的锚定逻辑，估计约3000元。""}",
belief_bench_v1_2026-07-13,ToC_Cost_Child,职业经理人,C2_high,6,11714,13263,3000,success,,三位受访者均为极度务实的价格敏感型用户，核心诉求是低成本替代现有支出，对高价产品天然排斥，支付意愿远低于市场定价12000元，估计锚定在3000元左右的可接受范围。,,"{""estimated_wtp"": 3000, ""reasoning"": ""三位受访者均为极度务实的价格敏感型用户，核心诉求是低成本替代现有支出，对高价产品天然排斥，支付意愿远低于市场定价12000元，估计锚定在3000元左右的可接受范围。""}",
belief_bench_v1_2026-07-13,ToC_Cost_Child,职业经理人,C3,1,11714,13263,,EXTRACTION_MISS,anchors array is empty,,[],"{""anchors"": []}",
belief_bench_v1_2026-07-13,ToC_Cost_Child,职业经理人,C2_high,7,11714,13263,3000,success,,三位受访者均极度价格敏感，核心诉求是低成本替代方案，对高价产品天然排斥，市场定价12000元远超其心理锚点，支付意愿约在3000元以内。,,"{""estimated_wtp"": 3000, ""reasoning"": ""三位受访者均极度价格敏感，核心诉求是低成本替代方案，对高价产品天然排斥，市场定价12000元远超其心理锚点，支付意愿约在3000元以内。""}",
belief_bench_v1_2026-07-13,ToC_Cost_Child,职业经理人,C2_high,9,11714,13263,3000,success,,该客群为极度务实的价格敏感型用户，核心诉求是低成本替代方案，对高价产品天然排斥，支付意愿远低于市场定价12000元，锚定在可接受效果下的最低投入区间。,,"{""estimated_wtp"": 3000, ""reasoning"": ""该客群为极度务实的价格敏感型用户，核心诉求是低成本替代方案，对高价产品天然排斥，支付意愿远低于市场定价12000元，锚定在可接受效果下的最低投入区间。""}",
belief_bench_v1_2026-07-13,ToC_Cost_Child,职业经理人,C2_high,8,11714,13263,3000,success,,三位受访者均为极度务实的价格敏感型用户，核心诉求是低成本替代现有支出，对超过3000元的高端产品支付意愿极低，且对技术复杂性和安全风险容忍度低。,,"{""estimated_wtp"": 3000, ""reasoning"": ""三位受访者均为极度务实的价格敏感型用户，核心诉求是低成本替代现有支出，对超过3000元的高端产品支付意愿极低，且对技术复杂性和安全风险容忍度低。""}",
belief_bench_v1_2026-07-13,ToC_Cost_Child,职业经理人,C3,3,11714,13263,,EXTRACTION_MISS,anchors array is empty,,[],"{""anchors"": []}",
belief_bench_v1_2026-07-13,ToC_Cost_Child,职业经理人,C3,2,11714,13263,,EXTRACTION_MISS,anchors array is empty,,[],"{""anchors"": []}",
belief_bench_v1_2026-07-13,ToC_Cost_Child,职业经理人,C2_high,10,11714,13263,3000,success,,三位受访者均为极度价格敏感型用户，核心诉求是低成本替代方案，对高价产品天然排斥，市场参考价12000元远超出其心理锚点，基于其'够用就行'和ROI导向的算账逻辑，支付意愿约为参考价的1/4。,,"{""estimated_wtp"": 3000, ""reasoning"": ""三位受访者均为极度价格敏感型用户，核心诉求是低成本替代方案，对高价产品天然排斥，市场参考价12000元远超出其心理锚点，基于其'够用就行'和ROI导向的算账逻辑，支付意愿约为参考价的1/4。""}",
belief_bench_v1_2026-07-13,ToC_Cost_Child,职业经理人,C3,5,11714,13263,,EXTRACTION_MISS,anchors array is empty,,[],"{""anchors"": []}",
belief_bench_v1_2026-07-13,ToC_Cost_Child,职业经理人,C3,6,11714,13263,,EXTRACTION_MISS,anchors array is empty,,[],"{""anchors"": []}",
belief_bench_v1_2026-07-13,ToC_Cost_Child,职业经理人,C3,7,11714,13263,,EXTRACTION_MISS,anchors array is empty,,[],"{""anchors"": []}",
belief_bench_v1_2026-07-13,ToC_Cost_Child,职业经理人,C3,8,11714,13263,,EXTRACTION_MISS,anchors array is empty,,[],"{""anchors"": []}",
belief_bench_v1_2026-07-13,ToC_Cost_Child,职业经理人,C3,4,11714,13263,0,success,,由报告锚点加权中位数及冻结 persona 变换确定性合成,"[{""quote"":""便宜的怕不好用，贵的又觉得不值"",""value_yuan"":0,""type"":""参考价""},{""quote"":""她算过账，认为多台单价降下来才划算，否则宁愿不加预算"",""value_yuan"":0,""type"":""参考价""},{""quote"":""超过某个金额就犹豫"",""value_yuan"":0,""type"":""上限""},{""quote"":""大件都是两个人一起看"",""value_yuan"":0,""type"":""审批门槛""}]","{""anchors"": [{""quote"": ""便宜的怕不好用，贵的又觉得不值"", ""value_yuan"": null, ""type"": ""参考价""}, {""quote"": ""她算过账，认为多台单价降下来才划算，否则宁愿不加预算"", ""value_yuan"": null, ""type"": ""参考价""}, {""quote"": ""超过某个金额就犹豫"", ""value_yuan"": null, ""type"": ""上限""}, {""quote"": ""大件都是两个人一起看"", ""value_yuan"": null, ""type"": ""审批门槛""}]}",
belief_bench_v1_2026-07-13,ToC_Cost_Child,职业经理人,C3,9,11714,13263,,EXTRACTION_MISS,anchors array is empty,,[],"{""anchors"": []}",
belief_bench_v1_2026-07-13,ToC_Cost_Child,职业经理人,C3,10,11714,13263,,EXTRACTION_MISS,anchors array is empty,,[],"{""anchors"": []}",
belief_bench_v1_2026-07-13,ToC_Differentiation_Adult,二代接班人,C0_leaked,3,17120,19846,4500,success,,三位受访者均强调愿为差异化、主动互动与陪伴感支付溢价，且消费决策锚定在高端同类产品，结合模板示例区间，估计支付意愿居中偏上。,,"{""estimated_wtp"": 4500, ""reasoning"": ""三位受访者均强调愿为差异化、主动互动与陪伴感支付溢价，且消费决策锚定在高端同类产品，结合模板示例区间，估计支付意愿居中偏上。""}",
belief_bench_v1_2026-07-13,ToC_Differentiation_Adult,二代接班人,C0_leaked,2,17120,19846,4500,success,,客群为高收入独居白领，愿为差异化陪伴体验支付溢价，参考高端潮玩与智能家居定价，且调研中提及800元喂食器与犹豫两周的落地灯，表明其支付意愿在3000-5000元区间内偏高端。,,"{""estimated_wtp"": 4500, ""reasoning"": ""客群为高收入独居白领，愿为差异化陪伴体验支付溢价，参考高端潮玩与智能家居定价，且调研中提及800元喂食器与犹豫两周的落地灯，表明其支付意愿在3000-5000元区间内偏高端。""}",
belief_bench_v1_2026-07-13,ToC_Differentiation_Adult,二代接班人,C0_leaked,6,17120,19846,4500,success,,三位受访者均愿为差异化体验支付溢价，且参考高端潮玩、设计师家居等同类产品价格，结合其品质导向与独特性诉求，估计支付意愿落在高端区间。,,"{""estimated_wtp"": 4500, ""reasoning"": ""三位受访者均愿为差异化体验支付溢价，且参考高端潮玩、设计师家居等同类产品价格，结合其品质导向与独特性诉求，估计支付意愿落在高端区间。""}",
belief_bench_v1_2026-07-13,ToC_Differentiation_Adult,二代接班人,C0_leaked,4,17120,19846,3000,success,,客群对独特性与陪伴感有强烈需求且愿付溢价，但参考高端潮玩及智能家居定价，结合其价格敏感度较低但非无限，3000元为合理锚点。,,"{""estimated_wtp"": 3000, ""reasoning"": ""客群对独特性与陪伴感有强烈需求且愿付溢价，但参考高端潮玩及智能家居定价，结合其价格敏感度较低但非无限，3000元为合理锚点。""}",
belief_bench_v1_2026-07-13,ToC_Differentiation_Adult,二代接班人,C0_leaked,1,17120,19846,4500,success,,三位受访者均表现出对差异化体验、主动互动和陪伴感的强烈需求，且愿为独特性支付溢价，参考高端潮玩、设计师家居及自动喂食器（800元）的消费锚点，结合原模板高端站位，估计支付意愿在4000-5000元区间取中值。,,"{""estimated_wtp"": 4500, ""reasoning"": ""三位受访者均表现出对差异化体验、主动互动和陪伴感的强烈需求，且愿为独特性支付溢价，参考高端潮玩、设计师家居及自动喂食器（800元）的消费锚点，结合原模板高端站位，估计支付意愿在4000-5000元区间取中值。""}",
belief_bench_v1_2026-07-13,ToC_Differentiation_Adult,二代接班人,C0_leaked,5,17120,19846,4500,success,,客群愿为差异化体验支付溢价，参考高端潮玩和设计师家居的定价，且对价格不敏感，但需匹配可感知的独特价值。,,"{""estimated_wtp"": 4500, ""reasoning"": ""客群愿为差异化体验支付溢价，参考高端潮玩和设计师家居的定价，且对价格不敏感，但需匹配可感知的独特价值。""}",
belief_bench_v1_2026-07-13,ToC_Differentiation_Adult,二代接班人,C0_leaked,7,17120,19846,4500,success,,客群对差异化体验和主动陪伴感有强烈需求，愿为独特性支付溢价，参考高端潮玩和设计师家居的消费习惯，支付意愿接近高端同类产品价格区间中上沿。,,"{""estimated_wtp"": 4500, ""reasoning"": ""客群对差异化体验和主动陪伴感有强烈需求，愿为独特性支付溢价，参考高端潮玩和设计师家居的消费习惯，支付意愿接近高端同类产品价格区间中上沿。""}",
belief_bench_v1_2026-07-13,ToC_Differentiation_Adult,二代接班人,C0_leaked,8,17120,19846,4000,success,,客群愿为差异化体验支付溢价，高端同类产品参考价3000-5000，核心需求覆盖低但可接受高毛利，故取中位值。,,"{""estimated_wtp"": 4000, ""reasoning"": ""客群愿为差异化体验支付溢价，高端同类产品参考价3000-5000，核心需求覆盖低但可接受高毛利，故取中位值。""}",
belief_bench_v1_2026-07-13,ToC_Differentiation_Adult,二代接班人,C0_leaked,10,17120,19846,4500,success,,客群愿为独特性、品质感和主动陪伴体验支付溢价，参考其购买800元自动喂食器不犹豫、种草落地灯犹豫两周才下单的行为，以及高端同类产品价格区间，估计支付意愿在4000-5000元区间取中值。,,"{""estimated_wtp"": 4500, ""reasoning"": ""客群愿为独特性、品质感和主动陪伴体验支付溢价，参考其购买800元自动喂食器不犹豫、种草落地灯犹豫两周才下单的行为，以及高端同类产品价格区间，估计支付意愿在4000-5000元区间取中值。""}",
belief_bench_v1_2026-07-13,ToC_Differentiation_Adult,二代接班人,C0_leaked,9,17120,19846,4500,success,,用户对独特体验和主动陪伴的支付意愿高，参考高端潮玩和设计师家居的消费习惯，结合调研中提及的800元喂食器与犹豫两周的落地灯，估计支付意愿在高端区间。,,"{""estimated_wtp"": 4500, ""reasoning"": ""用户对独特体验和主动陪伴的支付意愿高，参考高端潮玩和设计师家居的消费习惯，结合调研中提及的800元喂食器与犹豫两周的落地灯，估计支付意愿在高端区间。""}",
belief_bench_v1_2026-07-13,ToC_Differentiation_Adult,二代接班人,C0_clean,1,17120,19846,2500,success,,目标客群为愿意为差异化体验支付高溢价的品质导向消费者，参考其购买高端潮玩、自动喂食器（800元未犹豫）及品牌咖啡机的消费行为，结合对主动互动和陪伴感的强烈需求，估计支付意愿在2000-3000元区间，取中值2500元。,,"{""estimated_wtp"": 2500, ""reasoning"": ""目标客群为愿意为差异化体验支付高溢价的品质导向消费者，参考其购买高端潮玩、自动喂食器（800元未犹豫）及品牌咖啡机的消费行为，结合对主动互动和陪伴感的强烈需求，估计支付意愿在2000-3000元区间，取中值2500元。""}",
belief_bench_v1_2026-07-13,ToC_Differentiation_Adult,二代接班人,C0_clean,2,17120,19846,2500,success,,用户愿为差异化体验付溢价，参考高端潮玩和自动喂食器价格，结合独特性、主动互动和品质感需求，估计支付意愿在2000-3000元区间，取中值2500元。,,"{""estimated_wtp"": 2500, ""reasoning"": ""用户愿为差异化体验付溢价，参考高端潮玩和自动喂食器价格，结合独特性、主动互动和品质感需求，估计支付意愿在2000-3000元区间，取中值2500元。""}",
belief_bench_v1_2026-07-13,ToC_Differentiation_Adult,二代接班人,C0_clean,3,17120,19846,3500,success,,客群愿为差异化体验支付高溢价，参考高端潮玩和设计师家居定价，且对成本不敏感，但需避免超过同类高端产品天花板。,,"{""estimated_wtp"": 3500, ""reasoning"": ""客群愿为差异化体验支付高溢价，参考高端潮玩和设计师家居定价，且对成本不敏感，但需避免超过同类高端产品天花板。""}",
belief_bench_v1_2026-07-13,ToC_Differentiation_Adult,二代接班人,C0_clean,4,17120,19846,2500,success,,用户愿意为差异化体验支付溢价，参考高端潮玩和设计师家居的价格区间，结合独特性、主动互动和陪伴感的价值，估计支付意愿在2000-3000元，取中值2500元。,,"{""estimated_wtp"": 2500, ""reasoning"": ""用户愿意为差异化体验支付溢价，参考高端潮玩和设计师家居的价格区间，结合独特性、主动互动和陪伴感的价值，估计支付意愿在2000-3000元，取中值2500元。""}",
belief_bench_v1_2026-07-13,ToC_Differentiation_Adult,二代接班人,C0_clean,6,17120,19846,3000,success,,客群愿为差异化陪伴体验支付高溢价，参考潮玩、高端智能设备及养宠替代品，支付意愿在2000-4000元区间，取中值3000元。,,"{""estimated_wtp"": 3000, ""reasoning"": ""客群愿为差异化陪伴体验支付高溢价，参考潮玩、高端智能设备及养宠替代品，支付意愿在2000-4000元区间，取中值3000元。""}",
belief_bench_v1_2026-07-13,ToC_Differentiation_Adult,二代接班人,C0_clean,7,17120,19846,2500,success,,用户对差异化体验和主动陪伴的支付意愿高，参考潮玩、设计师家居和高端消费习惯，定价可对标高端智能音箱或潮玩价位。,,"{""estimated_wtp"": 2500, ""reasoning"": ""用户对差异化体验和主动陪伴的支付意愿高，参考潮玩、设计师家居和高端消费习惯，定价可对标高端智能音箱或潮玩价位。""}",
belief_bench_v1_2026-07-13,ToC_Differentiation_Adult,二代接班人,C0_clean,5,17120,19846,3000,success,,目标客群为高收入、品质导向的独居白领，愿为独特性和主动陪伴体验支付溢价，参考其购买潮玩、高端喂食器（800元）及犹豫落地灯（约2000-3000元）的消费行为，结合高端定位和低价格敏感度，3000元符合其可接受的高端价位。,,"{""estimated_wtp"": 3000, ""reasoning"": ""目标客群为高收入、品质导向的独居白领，愿为独特性和主动陪伴体验支付溢价，参考其购买潮玩、高端喂食器（800元）及犹豫落地灯（约2000-3000元）的消费行为，结合高端定位和低价格敏感度，3000元符合其可接受的高端价位。""}",
belief_bench_v1_2026-07-13,ToC_Differentiation_Adult,二代接班人,C0_clean,8,17120,19846,3500,success,,客群为高收入品质导向用户，愿为差异化体验支付溢价，参考高端潮玩和自动喂食器消费行为，且调研显示愿为主动互动和陪伴感支付显著溢价。,,"{""estimated_wtp"": 3500, ""reasoning"": ""客群为高收入品质导向用户，愿为差异化体验支付溢价，参考高端潮玩和自动喂食器消费行为，且调研显示愿为主动互动和陪伴感支付显著溢价。""}",
belief_bench_v1_2026-07-13,ToC_Differentiation_Adult,二代接班人,C0_clean,9,17120,19846,3000,success,,客群愿为差异化体验支付溢价，参考高端潮玩和设计师家居的定价，3000元是合理锚点。,,"{""estimated_wtp"": 3000, ""reasoning"": ""客群愿为差异化体验支付溢价，参考高端潮玩和设计师家居的定价，3000元是合理锚点。""}",
belief_bench_v1_2026-07-13,ToC_Differentiation_Adult,二代接班人,C0_clean,10,17120,19846,2500,success,,客群为高收入品质导向的独居白领，愿为差异化体验支付溢价，参考同类高端潮玩与智能家居产品定价，且调研显示对千元以上产品无价格敏感。,,"{""estimated_wtp"": 2500, ""reasoning"": ""客群为高收入品质导向的独居白领，愿为差异化体验支付溢价，参考同类高端潮玩与智能家居产品定价，且调研显示对千元以上产品无价格敏感。""}",
belief_bench_v1_2026-07-13,ToC_Differentiation_Adult,二代接班人,C1,1,17120,19846,3000,success,,用户愿为差异化体验支付溢价，且参考高端同类产品（如品牌咖啡机、设计师家居），支付意愿较高。,,"{""estimated_wtp"": 3000, ""reasoning"": ""用户愿为差异化体验支付溢价，且参考高端同类产品（如品牌咖啡机、设计师家居），支付意愿较高。""}","根据您的要求，以下是三份报告中所有与价格、预算、支付意愿相关的句子逐字引用：

**报告 1：ToC_Diff_Adult_P1**
- “我买潮玩不是因为便宜，而是因为做工和质感，别人没有的我才想要。”
- “她买潮玩不看价格，但最近种草的那款落地灯犹豫了两周才下单；给猫买了八百多的自动喂食器倒是没犹豫。”
- “购买驱动力是‘值得’，需要说清独特在哪，产品本身要有故事可讲。”
- “用户消费决策锚定在‘独特性’和‘品质感’上，愿为差异化体验支付更高价格，替代品比较心理驱动她追求‘别人没有’的产品。”
- “东西得有用，还得让我觉得舒服贴心。如果体验差，我宁愿多花点钱。”
- “如果体验差，我宁愿多花点钱换个好的”
- “但愿为差异化体验付溢价。”

**报告 2：ToC_Diff_Adult_P2**
- “用户消费决策基于具体维度上的明显差异，愿意为差异化体验支付溢价。”
- “购买驱动力值得，体验可感知”
- “用户愿意为差异化体验支付溢价，核心诉求是‘不一样’和‘别人没有’。”
- “她不是价格敏感型，而是追求‘不一样’和‘别人没有’。核心诉求是‘体验可感知’和‘主动互动’，对材质、细节、生命感有高期待，愿意为独特性付溢价。”

**报告 3：ToC_Diff_Adult_P3**
- “中高收入，追求品质，愿为差异化体验支付溢价。”
- “她愿为这种‘不要关系负担’的陪伴支付溢价。”
- “用户对‘陪伴’需求不是功能性任务，而是缓解情绪压力的存在，在固定时间尤为突出，愿为‘不解决物理空旷但提供心理慰藉’的体验付费。”
- “她愿为‘不一样’的体验支付溢价。”
- “她对个人消费的态度是‘值得就花’，最近买了一台品牌咖啡机，也收藏了好几个设计师家居品牌。”"
belief_bench_v1_2026-07-13,ToC_Differentiation_Adult,二代接班人,C1,2,17120,19846,3500,success,,用户愿为差异化体验支付高溢价，且参考高端产品定价，结合其购买力与品质追求，估计支付意愿在3000-4000元区间，取中值3500元。,,"{""estimated_wtp"": 3500, ""reasoning"": ""用户愿为差异化体验支付高溢价，且参考高端产品定价，结合其购买力与品质追求，估计支付意愿在3000-4000元区间，取中值3500元。""}","根据您的要求，以下是三份报告中所有与价格、预算、支付意愿相关的句子逐字引用：

**报告 1：ToC_Diff_Adult_P1**
- “注重生活品质，愿为独特性付溢价。”
- “我买潮玩不是因为便宜，而是因为做工和质感，别人没有的我才想要。”
- “受访者强调不是价格对比驱动，而是追求更独特的体验。”
- “她买潮玩不看价格，但最近种草的那款落地灯犹豫了两周才下单；给猫买了八百多的自动喂食器倒是没犹豫。”
- “购买驱动力是‘值得’，需要说清独特在哪，产品本身要有故事可讲。”
- “用户消费决策锚定在‘独特性’和‘品质感’上，愿为差异化体验支付更高价格，替代品比较心理驱动她追求‘别人没有’的产品。”
- “东西得有用，还得让我觉得舒服贴心。如果体验差，我宁愿多花点钱。”
- “如果体验差，我宁愿多花点钱换个好的”
- “但愿为差异化体验付溢价。”

**报告 2：ToC_Diff_Adult_P2**
- “用户消费决策基于具体维度上的明显差异，愿意为差异化体验支付溢价。”
- “购买驱动力值得，体验可感知”
- “受访者消费态度是‘自己买自己用’，愿意为独特性付溢价。”
- “她认为好东西值得花钱，用得久比便宜重要。”
- “用户愿意为差异化体验支付溢价，核心诉求是‘不一样’和‘别人没有’。”
- “她不是价格敏感型，而是追求‘不一样’和‘别人没有’。”
- “愿意为独特性付溢价。”

**报告 3：ToC_Diff_Adult_P3**
- “中高收入，追求品质，愿为差异化体验支付溢价。”
- “她愿为这种‘不要关系负担’的陪伴支付溢价。”
- “她愿为‘不解决物理空旷但提供心理慰藉’的体验付费。”
- “她愿为‘不一样’的体验支付溢价。”
- “她对个人消费的态度是‘值得就花’，最近买了一台品牌咖啡机，也收藏了好几个设计师家居品牌。”
- “这是一个愿为更贴合自己生活体验的差异化价值付费、但前提是不能破坏边界感的个人用户。”"
belief_bench_v1_2026-07-13,ToC_Differentiation_Adult,二代接班人,C1,4,17120,19846,3000,success,,用户愿为差异化体验支付溢价，且参考高端同类产品，但需平衡心理慰藉价值与价格锚点。,,"{""estimated_wtp"": 3000, ""reasoning"": ""用户愿为差异化体验支付溢价，且参考高端同类产品，但需平衡心理慰藉价值与价格锚点。""}","根据您的要求，以下是三份报告中所有与价格、预算、支付意愿相关的句子逐字引用：

**报告 1：ToC_Diff_Adult_P1**
- “我买潮玩不是因为便宜，而是因为做工和质感，别人没有的我才想要。”
- “她买潮玩不看价格，但最近种草的那款落地灯犹豫了两周才下单；给猫买了八百多的自动喂食器倒是没犹豫。”
- “购买驱动力是‘值得’，需要说清独特在哪，产品本身要有故事可讲。”
- “用户消费决策锚定在‘独特性’和‘品质感’上，愿为差异化体验支付更高价格，替代品比较心理驱动她追求‘别人没有’的产品。”
- “东西得有用，还得让我觉得舒服贴心。如果体验差，我宁愿多花点钱。”
- “如果体验差，我宁愿多花点钱换个好的”
- “但愿为差异化体验付溢价。”

**报告 2：ToC_Diff_Adult_P2**
- “用户消费决策基于具体维度上的明显差异，愿意为差异化体验支付溢价。”
- “购买驱动力值得，体验可感知”
- “她消费态度是‘自己买自己用’，愿意为独特性付溢价。”
- “她认为好东西值得花钱，用得久比便宜重要。”
- “用户愿意为差异化体验支付溢价，核心诉求是‘不一样’和‘别人没有’。”
- “她不是价格敏感型，而是追求‘不一样’和‘别人没有’。”
- “愿意为独特性付溢价。”

**报告 3：ToC_Diff_Adult_P3**
- “中高收入，追求品质，愿为差异化体验支付溢价。”
- “她愿为这种‘不要关系负担’的陪伴支付溢价。”
- “愿为‘不解决物理空旷但提供心理慰藉’的体验付费。”
- “她愿为‘不一样’的体验支付溢价。”
- “她对个人消费的态度是‘值得就花’，最近买了一台品牌咖啡机，也收藏了好几个设计师家居品牌。”
- “这是一个愿为更贴合自己生活体验的差异化价值付费、但前提是不能破坏边界感的个人用户。”"
belief_bench_v1_2026-07-13,ToC_Differentiation_Adult,二代接班人,C1,3,17120,19846,3000,success,,用户愿为差异化体验支付溢价，参考高端同类产品，且对价格不敏感，可接受较高价位。,,"{""estimated_wtp"": 3000, ""reasoning"": ""用户愿为差异化体验支付溢价，参考高端同类产品，且对价格不敏感，可接受较高价位。""}","根据您的要求，以下是三份报告中所有与价格、预算、支付意愿相关的句子的逐字引用：

**报告 1：ToC_Diff_Adult_P1**
- “我买潮玩不是因为便宜，而是因为做工和质感，别人没有的我才想要。”
- “她买潮玩不看价格，但最近种草的那款落地灯犹豫了两周才下单；给猫买了八百多的自动喂食器倒是没犹豫。”
- “购买驱动力是‘值得’，需要说清独特在哪，产品本身要有故事可讲。”
- “用户消费决策锚定在‘独特性’和‘品质感’上，愿为差异化体验支付更高价格，替代品比较心理驱动她追求‘别人没有’的产品。”
- “东西得有用，还得让我觉得舒服贴心。如果体验差，我宁愿多花点钱。”
- “如果体验差，我宁愿多花点钱换个好的”
- “但愿为差异化体验付溢价。”

**报告 2：ToC_Diff_Adult_P2**
- “用户消费决策基于具体维度上的明显差异，愿意为差异化体验支付溢价。”
- “购买驱动力值得，体验可感知”
- “好东西值得花钱，用得久比便宜重要。”
- “用户愿意为差异化体验支付溢价，核心诉求是‘不一样’和‘别人没有’。”
- “她不是价格敏感型，而是追求‘不一样’和‘别人没有’。核心诉求是‘体验可感知’和‘主动互动’，对材质、细节、生命感有高期待，愿意为独特性付溢价。”

**报告 3：ToC_Diff_Adult_P3**
- “愿为差异化体验支付溢价。”
- “她愿为这种‘不要关系负担’的陪伴支付溢价。”
- “愿为‘不解决物理空旷但提供心理慰藉’的体验付费。”
- “她愿为‘不一样’的体验支付溢价。”
- “她对个人消费的态度是'值得就花'，最近买了一台品牌咖啡机，也收藏了好几个设计师家居品牌。”
- “这是一个愿为更贴合自己生活体验的差异化价值付费、但前提是不能破坏边界感的个人用户。”"
belief_bench_v1_2026-07-13,ToC_Differentiation_Adult,二代接班人,C1,6,17120,19846,3500,success,,用户愿为差异化体验支付溢价，且对标高端同类产品如品牌咖啡机，支付意愿较高。,,"{""estimated_wtp"": 3500, ""reasoning"": ""用户愿为差异化体验支付溢价，且对标高端同类产品如品牌咖啡机，支付意愿较高。""}","根据您的要求，以下是三份报告中与价格、预算、支付意愿相关的所有句子的逐字引用：

**报告 1：ToC_Diff_Adult_P1**
- “我买潮玩不是因为便宜，而是因为做工和质感，别人没有的我才想要。”
- “她买潮玩不看价格，但最近种草的那款落地灯犹豫了两周才下单；给猫买了八百多的自动喂食器倒是没犹豫。”
- “购买驱动力是‘值得’，需要说清独特在哪，产品本身要有故事可讲。”
- “用户消费决策锚定在‘独特性’和‘品质感’上，愿为差异化体验支付更高价格，替代品比较心理驱动她追求‘别人没有’的产品。”
- “东西得有用，还得让我觉得舒服贴心。如果体验差，我宁愿多花点钱。”
- “如果体验差，我宁愿多花点钱换个好的”
- “但愿为差异化体验付溢价。”

**报告 2：ToC_Diff_Adult_P2**
- “用户消费决策基于具体维度上的明显差异，愿意为差异化体验支付溢价。”
- “购买驱动力值得，体验可感知”
- “用户愿意为差异化体验支付溢价，核心诉求是‘不一样’和‘别人没有’。”
- “她不是价格敏感型，而是追求‘不一样’和‘别人没有’。核心诉求是‘体验可感知’和‘主动互动’，对材质、细节、生命感有高期待，愿意为独特性付溢价。”

**报告 3：ToC_Diff_Adult_P3**
- “愿为差异化体验支付溢价。”
- “她愿为这种‘不要关系负担’的陪伴支付溢价。”
- “她愿为‘不解决物理空旷但提供心理慰藉’的体验付费。”
- “她愿为‘不一样’的体验支付溢价。”
- “她对个人消费的态度是‘值得就花’，最近买了一台品牌咖啡机，也收藏了好几个设计师家居品牌。”
- “这是一个愿为更贴合自己生活体验的差异化价值付费、但前提是不能破坏边界感的个人用户。”"
belief_bench_v1_2026-07-13,ToC_Differentiation_Adult,二代接班人,C1,5,17120,19846,5000,success,,用户明确表示愿为差异化体验支付溢价，且对标高端产品如品牌咖啡机和设计师家居，支付意愿较高。,,"{""estimated_wtp"": 5000, ""reasoning"": ""用户明确表示愿为差异化体验支付溢价，且对标高端产品如品牌咖啡机和设计师家居，支付意愿较高。""}","根据您的要求，以下是三份报告中所有与价格、预算、支付意愿相关的句子逐字引用：

**报告 1：ToC_Diff_Adult_P1**
- “我买潮玩不是因为便宜，而是因为做工和质感，别人没有的我才想要。”
- “她买潮玩不看价格，但最近种草的那款落地灯犹豫了两周才下单；给猫买了八百多的自动喂食器倒是没犹豫。”
- “购买驱动力是‘值得’，需要说清独特在哪，产品本身要有故事可讲。”
- “用户消费决策锚定在‘独特性’和‘品质感’上，愿为差异化体验支付更高价格，替代品比较心理驱动她追求‘别人没有’的产品。”
- “东西得有用，还得让我觉得舒服贴心。如果体验差，我宁愿多花点钱。”
- “如果体验差，我宁愿多花点钱换个好的”
- “但愿为差异化体验付溢价。”

**报告 2：ToC_Diff_Adult_P2**
- “用户消费决策基于具体维度上的明显差异，愿意为差异化体验支付溢价。”
- “购买驱动力值得，体验可感知”
- “她消费态度是‘自己买自己用’，愿意为独特性付溢价。”
- “她认为好东西值得花钱，用得久比便宜重要。”
- “用户愿意为差异化体验支付溢价，核心诉求是‘不一样’和‘别人没有’。”
- “她不是价格敏感型，而是追求‘不一样’和‘别人没有’。核心诉求是‘体验可感知’和‘主动互动’，对材质、细节、生命感有高期待，愿意为独特性付溢价。”

**报告 3：ToC_Diff_Adult_P3**
- “中高收入，追求品质，愿为差异化体验支付溢价。”
- “用户对宠物替代需求核心是‘有陪伴感但无负担’……她愿为这种‘不要关系负担’的陪伴支付溢价。”
- “用户对‘陪伴’需求不是功能性任务，而是缓解情绪压力的存在……愿为‘不解决物理空旷但提供心理慰藉’的体验付费。”
- “用户对‘差异化’期待是产品有颜值、有质感、有故事，而非参数堆砌，她愿为‘不一样’的体验支付溢价。”
- “她对个人消费的态度是‘值得就花’，最近买了一台品牌咖啡机，也收藏了好几个设计师家居品牌。”
- “这是一个愿为更贴合自己生活体验的差异化价值付费、但前提是不能破坏边界感的个人用户。”"
belief_bench_v1_2026-07-13,ToC_Differentiation_Adult,二代接班人,C2_low,1,17120,19846,1500,success,,用户对独特性、品质感和主动互动有高支付意愿，参考高端同类产品定价并考虑溢价空间。,,"{""estimated_wtp"": 1500, ""reasoning"": ""用户对独特性、品质感和主动互动有高支付意愿，参考高端同类产品定价并考虑溢价空间。""}",
belief_bench_v1_2026-07-13,ToC_Differentiation_Adult,二代接班人,C2_low,2,17120,19846,1800,success,,三位受访者均强调愿为差异化体验支付溢价，且参考高端潮玩与自动喂食器（800元）的定价，结合用户对主动互动、陪伴感的强烈需求，支付意愿可上探至1800元。,,"{""estimated_wtp"": 1800, ""reasoning"": ""三位受访者均强调愿为差异化体验支付溢价，且参考高端潮玩与自动喂食器（800元）的定价，结合用户对主动互动、陪伴感的强烈需求，支付意愿可上探至1800元。""}",
belief_bench_v1_2026-07-13,ToC_Differentiation_Adult,二代接班人,C2_low,3,17120,19846,2500,success,,用户对差异化、主动互动和品质感有高支付意愿，愿为高端体验付溢价，参考高端潮玩和自动喂食器定价。,,"{""estimated_wtp"": 2500, ""reasoning"": ""用户对差异化、主动互动和品质感有高支付意愿，愿为高端体验付溢价，参考高端潮玩和自动喂食器定价。""}",
belief_bench_v1_2026-07-13,ToC_Differentiation_Adult,二代接班人,C2_low,4,17120,19846,1500,success,,用户愿为差异化体验、主动互动和陪伴感支付高溢价，参考高端同类定价800元，结合品质导向和独特性需求，估计支付意愿约1500元。,,"{""estimated_wtp"": 1500, ""reasoning"": ""用户愿为差异化体验、主动互动和陪伴感支付高溢价，参考高端同类定价800元，结合品质导向和独特性需求，估计支付意愿约1500元。""}",
belief_bench_v1_2026-07-13,ToC_Differentiation_Adult,二代接班人,C2_low,5,17120,19846,1500,success,,用户愿意为差异化体验支付溢价，参考高端同类产品定价800元，结合其高敏感、追求独特性和主动互动的需求，支付意愿可上浮至1500元。,,"{""estimated_wtp"": 1500, ""reasoning"": ""用户愿意为差异化体验支付溢价，参考高端同类产品定价800元，结合其高敏感、追求独特性和主动互动的需求，支付意愿可上浮至1500元。""}",
belief_bench_v1_2026-07-13,ToC_Differentiation_Adult,二代接班人,C1,8,17120,19846,5000,success,,用户愿为差异化体验支付溢价，且参考高端同类产品（如品牌咖啡机），可接受高价位。,,"{""estimated_wtp"": 5000, ""reasoning"": ""用户愿为差异化体验支付溢价，且参考高端同类产品（如品牌咖啡机），可接受高价位。""}","根据您的要求，以下是三份报告中所有与价格、预算、支付意愿相关的句子逐字引用：

**报告 1：ToC_Diff_Adult_P1**
- “我买潮玩不是因为便宜，而是因为做工和质感，别人没有的我才想要。”
- “她买潮玩不看价格，但最近种草的那款落地灯犹豫了两周才下单；给猫买了八百多的自动喂食器倒是没犹豫。”
- “购买驱动力是‘值得’，需要说清独特在哪，产品本身要有故事可讲。”
- “用户消费决策锚定在‘独特性’和‘品质感’上，愿为差异化体验支付更高价格，替代品比较心理驱动她追求‘别人没有’的产品。”
- “东西得有用，还得让我觉得舒服贴心。如果体验差，我宁愿多花点钱。”
- “如果体验差，我宁愿多花点钱换个好的”
- “但愿为差异化体验付溢价。”

**报告 2：ToC_Diff_Adult_P2**
- “她愿意为差异化体验支付溢价，核心诉求是‘不一样’和‘别人没有’。”
- “购买驱动力值得，体验可感知”
- “她认为好东西值得花钱，用得久比便宜重要。”
- “用户愿意为差异化体验支付溢价，核心诉求是‘不一样’和‘别人没有’。”
- “她不是价格敏感型，而是追求‘不一样’和‘别人没有’。”
- “愿意为独特性付溢价。”

**报告 3：ToC_Diff_Adult_P3**
- “愿为差异化体验支付溢价。”
- “她愿为这种‘不要关系负担’的陪伴支付溢价。”
- “她愿为‘不解决物理空旷但提供心理慰藉’的体验付费。”
- “她愿为‘不一样’的体验支付溢价。”
- “她对个人消费的态度是‘值得就花’，最近买了一台品牌咖啡机，也收藏了好几个设计师家居品牌。”
- “这是一个愿为更贴合自己生活体验的差异化价值付费、但前提是不能破坏边界感的个人用户。”"
belief_bench_v1_2026-07-13,ToC_Differentiation_Adult,二代接班人,C1,10,17120,19846,3500,success,,用户普遍愿为差异化体验和独特性支付高溢价，参考高端潮玩和千元级宠物用品定价，且对价格不敏感。,,"{""estimated_wtp"": 3500, ""reasoning"": ""用户普遍愿为差异化体验和独特性支付高溢价，参考高端潮玩和千元级宠物用品定价，且对价格不敏感。""}","根据您的要求，以下是三份报告中所有与价格、预算、支付意愿相关的句子逐字引用：

**报告 1：ToC_Diff_Adult_P1**
- “我买潮玩不是因为便宜，而是因为做工和质感，别人没有的我才想要。”
- “她买潮玩不看价格，但最近种草的那款落地灯犹豫了两周才下单；给猫买了八百多的自动喂食器倒是没犹豫。”
- “购买驱动力是‘值得’。”
- “愿为独特性付溢价。”
- “如果体验差，我宁愿多花点钱。”
- “如果体验差，我宁愿多花点钱换个好的。”
- “但愿为差异化体验付溢价。”

**报告 2：ToC_Diff_Adult_P2**
- “愿意为差异化体验支付溢价。”
- “购买驱动力值得，体验可感知。”
- “愿意为独特性付溢价。”
- “好东西值得花钱，用得久比便宜重要。”
- “用户愿意为差异化体验支付溢价。”
- “愿意为差异化体验付溢价。”
- “愿意为独特性付溢价。”

**报告 3：ToC_Diff_Adult_P3**
- “中高收入，追求品质，愿为差异化体验支付溢价。”
- “她愿为这种‘不要关系负担’的陪伴支付溢价。”
- “愿为‘不解决物理空旷但提供心理慰藉’的体验付费。”
- “愿为‘不一样’的体验支付溢价。”
- “她对个人消费的态度是‘值得就花’。”
- “这是一个愿为更贴合自己生活体验的差异化价值付费、但前提是不能破坏边界感的个人用户。”"
belief_bench_v1_2026-07-13,ToC_Differentiation_Adult,二代接班人,C1,9,17120,19846,3000,success,,用户愿为差异化体验支付溢价，且参照高端产品（如品牌咖啡机、设计师家居），支付意愿较高。,,"{""estimated_wtp"": 3000, ""reasoning"": ""用户愿为差异化体验支付溢价，且参照高端产品（如品牌咖啡机、设计师家居），支付意愿较高。""}","根据您的要求，以下是三份报告中所有与价格、预算、支付意愿相关的句子逐字引用：

**报告 1：ToC_Diff_Adult_P1**
- “我买潮玩不是因为便宜，而是因为做工和质感，别人没有的我才想要。”
- “她买潮玩不看价格，但最近种草的那款落地灯犹豫了两周才下单；给猫买了八百多的自动喂食器倒是没犹豫。”
- “购买驱动力是‘值得’，需要说清独特在哪，产品本身要有故事可讲。”
- “用户消费决策锚定在‘独特性’和‘品质感’上，愿为差异化体验支付更高价格，替代品比较心理驱动她追求‘别人没有’的产品。”
- “东西得有用，还得让我觉得舒服贴心。如果体验差，我宁愿多花点钱。”
- “如果体验差，我宁愿多花点钱换个好的”
- “但愿为差异化体验付溢价。”

**报告 2：ToC_Diff_Adult_P2**
- “用户消费决策基于具体维度上的明显差异，愿意为差异化体验支付溢价。”
- “购买驱动力值得，体验可感知”
- “她消费态度是‘自己买自己用’，愿意为独特性付溢价。”
- “她认为好东西值得花钱，用得久比便宜重要。”
- “用户愿意为差异化体验支付溢价，核心诉求是‘不一样’和‘别人没有’。”
- “她不是价格敏感型，而是追求‘不一样’和‘别人没有’。”
- “愿意为独特性付溢价。”

**报告 3：ToC_Diff_Adult_P3**
- “愿为差异化体验支付溢价。”
- “她愿为这种‘不要关系负担’的陪伴支付溢价。”
- “愿为‘不解决物理空旷但提供心理慰藉’的体验付费。”
- “她愿为‘不一样’的体验支付溢价。”
- “她对个人消费的态度是‘值得就花’，最近买了一台品牌咖啡机，也收藏了好几个设计师家居品牌。”
- “这是一个愿为更贴合自己生活体验的差异化价值付费、但前提是不能破坏边界感的个人用户。”"
belief_bench_v1_2026-07-13,ToC_Differentiation_Adult,二代接班人,C1,7,17120,19846,5000,success,,用户愿为差异化体验和独特性支付溢价，参考高端同类产品定价，结合其非价格敏感且追求品质的特征，估计支付意愿在5000元左右。,,"{""estimated_wtp"": 5000, ""reasoning"": ""用户愿为差异化体验和独特性支付溢价，参考高端同类产品定价，结合其非价格敏感且追求品质的特征，估计支付意愿在5000元左右。""}","根据您的要求，以下是三份报告中所有与价格、预算、支付意愿相关的句子逐字引用：

**报告 1：ToC_Diff_Adult_P1**
- “我买潮玩不是因为便宜，而是因为做工和质感，别人没有的我才想要。”
- “她买潮玩不看价格，但最近种草的那款落地灯犹豫了两周才下单；给猫买了八百多的自动喂食器倒是没犹豫。”
- “购买驱动力是‘值得’，需要说清独特在哪，产品本身要有故事可讲。”
- “用户消费决策锚定在‘独特性’和‘品质感’上，愿为差异化体验支付更高价格，替代品比较心理驱动她追求‘别人没有’的产品。”
- “东西得有用，还得让我觉得舒服贴心。如果体验差，我宁愿多花点钱。”
- “如果体验差，我宁愿多花点钱换个好的”
- “但愿为差异化体验付溢价。”

**报告 2：ToC_Diff_Adult_P2**
- “用户消费决策基于具体维度上的明显差异，愿意为差异化体验支付溢价。”
- “购买驱动力值得，体验可感知”
- “不能只是参数上好，要看具体维度上有明显差异。”
- “受访者消费态度是‘自己买自己用’，愿意为独特性付溢价。”
- “她认为好东西值得花钱，用得久比便宜重要。”
- “用户愿意为差异化体验支付溢价，核心诉求是‘不一样’和‘别人没有’。”
- “她不是价格敏感型，而是追求‘不一样’和‘别人没有’。”
- “愿意为独特性付溢价。”

**报告 3：ToC_Diff_Adult_P3**
- “中高收入，追求品质，愿为差异化体验支付溢价。”
- “她愿为这种‘不要关系负担’的陪伴支付溢价。”
- “愿为‘不解决物理空旷但提供心理慰藉’的体验付费。”
- “她愿为‘不一样’的体验支付溢价。”
- “她对个人消费的态度是‘值得就花’，最近买了一台品牌咖啡机，也收藏了好几个设计师家居品牌。”
- “这是一个愿为更贴合自己生活体验的差异化价值付费、但前提是不能破坏边界感的个人用户。”"
belief_bench_v1_2026-07-13,ToC_Differentiation_Adult,二代接班人,C2_low,6,17120,19846,2500,success,,高端定位、差异化体验和主动互动价值显著，用户愿为独特性与品质感支付高溢价，参考高端同类产品定价上浮。,,"{""estimated_wtp"": 2500, ""reasoning"": ""高端定位、差异化体验和主动互动价值显著，用户愿为独特性与品质感支付高溢价，参考高端同类产品定价上浮。""}",
belief_bench_v1_2026-07-13,ToC_Differentiation_Adult,二代接班人,C2_low,8,17120,19846,1500,success,,用户愿意为差异化体验、主动互动和陪伴感支付高溢价，参考高端同类产品定价并高于市场常见800元。,,"{""estimated_wtp"": 1500, ""reasoning"": ""用户愿意为差异化体验、主动互动和陪伴感支付高溢价，参考高端同类产品定价并高于市场常见800元。""}",
belief_bench_v1_2026-07-13,ToC_Differentiation_Adult,二代接班人,C2_low,7,17120,19846,2500,success,,用户愿意为独特性、品质感和主动互动体验支付高溢价，参考高端潮玩和自动喂食器的购买行为，支付意愿显著高于市场均价。,,"{""estimated_wtp"": 2500, ""reasoning"": ""用户愿意为独特性、品质感和主动互动体验支付高溢价，参考高端潮玩和自动喂食器的购买行为，支付意愿显著高于市场均价。""}",
belief_bench_v1_2026-07-13,ToC_Differentiation_Adult,二代接班人,C2_low,9,17120,19846,1500,success,,用户愿为差异化体验、主动互动和陪伴感支付溢价，参考高端潮玩和智能设备定价，且对800元基准不敏感。,,"{""estimated_wtp"": 1500, ""reasoning"": ""用户愿为差异化体验、主动互动和陪伴感支付溢价，参考高端潮玩和智能设备定价，且对800元基准不敏感。""}",
belief_bench_v1_2026-07-13,ToC_Differentiation_Adult,二代接班人,C2_high,1,17120,19846,15000,success,,用户愿意为差异化体验和主动陪伴感支付溢价，参考高端同类产品定价12000元，结合品质导向和独特性需求，估计支付意愿为15000元。,,"{""estimated_wtp"": 15000, ""reasoning"": ""用户愿意为差异化体验和主动陪伴感支付溢价，参考高端同类产品定价12000元，结合品质导向和独特性需求，估计支付意愿为15000元。""}",
belief_bench_v1_2026-07-13,ToC_Differentiation_Adult,二代接班人,C2_low,10,17120,19846,1500,success,,用户愿为差异化体验支付溢价，高端同类产品定价约800元，且三位受访者均强调愿为独特性、品质感和主动互动付更高价格，参考其消费行为（如八百多的自动喂食器不犹豫）及对标高端定位，支付意愿可上浮至1500元。,,"{""estimated_wtp"": 1500, ""reasoning"": ""用户愿为差异化体验支付溢价，高端同类产品定价约800元，且三位受访者均强调愿为独特性、品质感和主动互动付更高价格，参考其消费行为（如八百多的自动喂食器不犹豫）及对标高端定位，支付意愿可上浮至1500元。""}",
belief_bench_v1_2026-07-13,ToC_Differentiation_Adult,二代接班人,C2_high,3,17120,19846,15000,success,,客户愿意为差异化体验支付溢价，参考高端同类定价12000元，结合其高支付意愿和品质导向，估计支付意愿为15000元。,,"{""estimated_wtp"": 15000, ""reasoning"": ""客户愿意为差异化体验支付溢价，参考高端同类定价12000元，结合其高支付意愿和品质导向，估计支付意愿为15000元。""}",
belief_bench_v1_2026-07-13,ToC_Differentiation_Adult,二代接班人,C2_high,2,17120,19846,15000,success,,用户愿为差异化体验、主动互动和品质感支付溢价，参考高端同类产品定价12000元，结合高敏感独居白领的强需求和高自信判断，估计支付意愿上浮至15000元。,,"{""estimated_wtp"": 15000, ""reasoning"": ""用户愿为差异化体验、主动互动和品质感支付溢价，参考高端同类产品定价12000元，结合高敏感独居白领的强需求和高自信判断，估计支付意愿上浮至15000元。""}",
belief_bench_v1_2026-07-13,ToC_Differentiation_Adult,二代接班人,C2_high,4,17120,19846,15000,success,,用户对差异化体验支付意愿高，愿为主动互动、生命感、陪伴感付溢价，参考高端同类定价12000元，结合高敏感独居白领愿付更高溢价的调研结论，估计为15000元。,,"{""estimated_wtp"": 15000, ""reasoning"": ""用户对差异化体验支付意愿高，愿为主动互动、生命感、陪伴感付溢价，参考高端同类定价12000元，结合高敏感独居白领愿付更高溢价的调研结论，估计为15000元。""}",
belief_bench_v1_2026-07-13,ToC_Differentiation_Adult,二代接班人,C2_high,5,17120,19846,15000,success,,用户对差异化体验和陪伴感有强烈需求，愿为独特性支付溢价，参考高端同类产品定价12000元，结合高敏感客群对品质和主动互动的偏好，估计支付意愿上浮至15000元。,,"{""estimated_wtp"": 15000, ""reasoning"": ""用户对差异化体验和陪伴感有强烈需求，愿为独特性支付溢价，参考高端同类产品定价12000元，结合高敏感客群对品质和主动互动的偏好，估计支付意愿上浮至15000元。""}",
belief_bench_v1_2026-07-13,ToC_Differentiation_Adult,二代接班人,C2_high,6,17120,19846,15000,success,,目标客群愿为差异化体验支付溢价，参考高端同类产品定价12000元，结合其高支付意愿和独特性追求，估计支付意愿上浮至15000元。,,"{""estimated_wtp"": 15000, ""reasoning"": ""目标客群愿为差异化体验支付溢价，参考高端同类产品定价12000元，结合其高支付意愿和独特性追求，估计支付意愿上浮至15000元。""}",
belief_bench_v1_2026-07-13,ToC_Differentiation_Adult,二代接班人,C2_high,7,17120,19846,15000,success,,用户愿为独特性、品质感和主动互动支付溢价，参考高端同类产品定价12000元，结合其高支付意愿和差异化需求，估计支付意愿为15000元。,,"{""estimated_wtp"": 15000, ""reasoning"": ""用户愿为独特性、品质感和主动互动支付溢价，参考高端同类产品定价12000元，结合其高支付意愿和差异化需求，估计支付意愿为15000元。""}",
belief_bench_v1_2026-07-13,ToC_Differentiation_Adult,二代接班人,C2_high,8,17120,19846,18000,success,,用户对差异化体验和主动陪伴有高支付意愿，愿为独特性付溢价，参考高端潮玩和同类产品定价，可上浮50%。,,"{""estimated_wtp"": 18000, ""reasoning"": ""用户对差异化体验和主动陪伴有高支付意愿，愿为独特性付溢价，参考高端潮玩和同类产品定价，可上浮50%。""}",
belief_bench_v1_2026-07-13,ToC_Differentiation_Adult,二代接班人,C2_high,9,17120,19846,15000,success,,用户愿为差异化体验、主动互动和陪伴感支付溢价，参考高端同类产品定价12000元，结合高敏感独居白领对品质和独特性的高支付意愿，估计可达15000元。,,"{""estimated_wtp"": 15000, ""reasoning"": ""用户愿为差异化体验、主动互动和陪伴感支付溢价，参考高端同类产品定价12000元，结合高敏感独居白领对品质和独特性的高支付意愿，估计可达15000元。""}",
belief_bench_v1_2026-07-13,ToC_Differentiation_Adult,二代接班人,C2_high,10,17120,19846,15000,success,,用户愿为高端差异化体验支付溢价，参考高端同类定价12000元，结合其高支付意愿和独特性需求，估计支付意愿上浮至15000元。,,"{""estimated_wtp"": 15000, ""reasoning"": ""用户愿为高端差异化体验支付溢价，参考高端同类定价12000元，结合其高支付意愿和独特性需求，估计支付意愿上浮至15000元。""}",
belief_bench_v1_2026-07-13,ToC_Differentiation_Adult,二代接班人,C3,1,17120,19846,0,success,,由报告锚点加权中位数及冻结 persona 变换确定性合成,"[{""quote"":""给猫买了八百多的自动喂食器倒是没犹豫"",""value_yuan"":800,""type"":""参考价""},{""quote"":""我买那个潮玩，就是因为它的设计有故事，做工有质感，不是参数好就行"",""value_yuan"":0,""type"":""参考价""}]","{""anchors"": [{""quote"": ""给猫买了八百多的自动喂食器倒是没犹豫"", ""value_yuan"": 800, ""type"": ""参考价""}, {""quote"": ""我买那个潮玩，就是因为它的设计有故事，做工有质感，不是参数好就行"", ""value_yuan"": 0, ""type"": ""参考价""}]}",
belief_bench_v1_2026-07-13,ToC_Differentiation_Adult,二代接班人,C3,2,17120,19846,0,success,,由报告锚点加权中位数及冻结 persona 变换确定性合成,"[{""quote"":""给猫买了八百多的自动喂食器倒是没犹豫"",""value_yuan"":800,""type"":""参考价""},{""quote"":""买了一台品牌咖啡机"",""value_yuan"":0,""type"":""参考价""}]","{""anchors"": [{""quote"": ""给猫买了八百多的自动喂食器倒是没犹豫"", ""value_yuan"": 800, ""type"": ""参考价""}, {""quote"": ""买了一台品牌咖啡机"", ""value_yuan"": 0, ""type"": ""参考价""}]}",
belief_bench_v1_2026-07-13,ToC_Differentiation_Adult,二代接班人,C3,4,17120,19846,,EXTRACTION_MISS,anchors array is empty,,[],"{""anchors"": []}",
belief_bench_v1_2026-07-13,ToC_Differentiation_Adult,二代接班人,C3,3,17120,19846,0,success,,由报告锚点加权中位数及冻结 persona 变换确定性合成,"[{""quote"":""给猫买了八百多的自动喂食器倒是没犹豫"",""value_yuan"":800,""type"":""参考价""},{""quote"":""最近买了一台品牌咖啡机"",""value_yuan"":0,""type"":""参考价""}]","{""anchors"": [{""quote"": ""给猫买了八百多的自动喂食器倒是没犹豫"", ""value_yuan"": 800, ""type"": ""参考价""}, {""quote"": ""最近买了一台品牌咖啡机"", ""value_yuan"": null, ""type"": ""参考价""}]}",
belief_bench_v1_2026-07-13,ToC_Differentiation_Adult,二代接班人,C3,6,17120,19846,0,success,,由报告锚点加权中位数及冻结 persona 变换确定性合成,"[{""quote"":""给猫买了八百多的自动喂食器倒是没犹豫"",""value_yuan"":800,""type"":""参考价""},{""quote"":""买了一台品牌咖啡机"",""value_yuan"":0,""type"":""参考价""}]","{""anchors"": [{""quote"": ""给猫买了八百多的自动喂食器倒是没犹豫"", ""value_yuan"": 800, ""type"": ""参考价""}, {""quote"": ""买了一台品牌咖啡机"", ""value_yuan"": null, ""type"": ""参考价""}]}",
belief_bench_v1_2026-07-13,ToC_Differentiation_Adult,二代接班人,C3,7,17120,19846,0,success,,由报告锚点加权中位数及冻结 persona 变换确定性合成,"[{""quote"":""给猫买了八百多的自动喂食器倒是没犹豫"",""value_yuan"":800,""type"":""参考价""},{""quote"":""最近买了一台品牌咖啡机"",""value_yuan"":0,""type"":""参考价""}]","{""anchors"": [{""quote"": ""给猫买了八百多的自动喂食器倒是没犹豫"", ""value_yuan"": 800, ""type"": ""参考价""}, {""quote"": ""最近买了一台品牌咖啡机"", ""value_yuan"": 0, ""type"": ""参考价""}]}",
belief_bench_v1_2026-07-13,ToC_Differentiation_Adult,二代接班人,C3,5,17120,19846,0,success,,由报告锚点加权中位数及冻结 persona 变换确定性合成,"[{""quote"":""给猫买了八百多的自动喂食器倒是没犹豫"",""value_yuan"":800,""type"":""参考价""},{""quote"":""我买那个潮玩，就是因为它的设计有故事，做工有质感，不是参数好就行"",""value_yuan"":0,""type"":""参考价""}]","{""anchors"": [{""quote"": ""给猫买了八百多的自动喂食器倒是没犹豫"", ""value_yuan"": 800, ""type"": ""参考价""}, {""quote"": ""我买那个潮玩，就是因为它的设计有故事，做工有质感，不是参数好就行"", ""value_yuan"": null, ""type"": ""参考价""}]}",
belief_bench_v1_2026-07-13,ToC_Differentiation_Adult,二代接班人,C3,8,17120,19846,0,success,,由报告锚点加权中位数及冻结 persona 变换确定性合成,"[{""quote"":""给猫买了八百多的自动喂食器倒是没犹豫"",""value_yuan"":800,""type"":""参考价""},{""quote"":""最近买了一台品牌咖啡机"",""value_yuan"":0,""type"":""参考价""}]","{""anchors"": [{""quote"": ""给猫买了八百多的自动喂食器倒是没犹豫"", ""value_yuan"": 800, ""type"": ""参考价""}, {""quote"": ""最近买了一台品牌咖啡机"", ""value_yuan"": null, ""type"": ""参考价""}]}",
belief_bench_v1_2026-07-13,ToC_Differentiation_Adult,二代接班人,C3,9,17120,19846,0,success,,由报告锚点加权中位数及冻结 persona 变换确定性合成,"[{""quote"":""给猫买了八百多的自动喂食器倒是没犹豫"",""value_yuan"":800,""type"":""参考价""},{""quote"":""买了一台品牌咖啡机，也收藏了好几个设计师家居品牌"",""value_yuan"":0,""type"":""参考价""}]","{""anchors"": [{""quote"": ""给猫买了八百多的自动喂食器倒是没犹豫"", ""value_yuan"": 800, ""type"": ""参考价""}, {""quote"": ""买了一台品牌咖啡机，也收藏了好几个设计师家居品牌"", ""value_yuan"": 0, ""type"": ""参考价""}]}",
belief_bench_v1_2026-07-13,ToC_Differentiation_Adult,二代接班人,C3,10,17120,19846,0,success,,由报告锚点加权中位数及冻结 persona 变换确定性合成,"[{""quote"":""给猫买了八百多的自动喂食器倒是没犹豫"",""value_yuan"":800,""type"":""参考价""},{""quote"":""最近买了一台品牌咖啡机"",""value_yuan"":0,""type"":""参考价""}]","{""anchors"": [{""quote"": ""给猫买了八百多的自动喂食器倒是没犹豫"", ""value_yuan"": 800, ""type"": ""参考价""}, {""quote"": ""最近买了一台品牌咖啡机"", ""value_yuan"": null, ""type"": ""参考价""}]}",
belief_bench_v1_2026-07-13,ToC_Differentiation_Adult,草根老板,C0_leaked,2,17120,19846,3500,success,,三位受访者均愿为差异化体验支付溢价，但价格锚点受潮玩、咖啡机等品质消费影响，且对技术介入有警惕，故取原模板区间中位值。,,"{""estimated_wtp"": 3500, ""reasoning"": ""三位受访者均愿为差异化体验支付溢价，但价格锚点受潮玩、咖啡机等品质消费影响，且对技术介入有警惕，故取原模板区间中位值。""}",
belief_bench_v1_2026-07-13,ToC_Differentiation_Adult,草根老板,C0_leaked,1,17120,19846,3500,success,,"三位受访者均愿为差异化体验支付溢价，且P1明确提及'八百多的自动喂食器没犹豫'，P2和P3强调'值得就花'，结合原模板锚点区间[3000,5000]及产品需满足'主动互动+无负担陪伴'的独特价值，取中位偏下值3500元以平衡经济站位与感知价值。",,"{""estimated_wtp"": 3500, ""reasoning"": ""三位受访者均愿为差异化体验支付溢价，且P1明确提及'八百多的自动喂食器没犹豫'，P2和P3强调'值得就花'，结合原模板锚点区间[3000,5000]及产品需满足'主动互动+无负担陪伴'的独特价值，取中位偏下值3500元以平衡经济站位与感知价值。""}",
belief_bench_v1_2026-07-13,ToC_Differentiation_Adult,草根老板,C0_leaked,4,17120,19846,3500,success,,三位受访者均愿为差异化体验支付溢价，且价格锚点参考了潮玩、设计师家居等非刚需消费品类，结合原模板示例区间，取中位值3500元。,,"{""estimated_wtp"": 3500, ""reasoning"": ""三位受访者均愿为差异化体验支付溢价，且价格锚点参考了潮玩、设计师家居等非刚需消费品类，结合原模板示例区间，取中位值3500元。""}",
belief_bench_v1_2026-07-13,ToC_Differentiation_Adult,草根老板,C0_leaked,5,17120,19846,3500,success,,三位受访者均愿为差异化体验支付溢价，但价格锚点受限于替代品（潮玩、智能音箱）和实际消费行为（犹豫两周才下单落地灯），结合原始模板区间取中值偏下。,,"{""estimated_wtp"": 3500, ""reasoning"": ""三位受访者均愿为差异化体验支付溢价，但价格锚点受限于替代品（潮玩、智能音箱）和实际消费行为（犹豫两周才下单落地灯），结合原始模板区间取中值偏下。""}",
belief_bench_v1_2026-07-13,ToC_Differentiation_Adult,草根老板,C0_leaked,6,17120,19846,3500,success,,三位受访者均愿为差异化体验支付溢价，但价格锚点受潮玩、咖啡机等非刚需消费品影响，结合原模板示例，取中位数3500元。,,"{""estimated_wtp"": 3500, ""reasoning"": ""三位受访者均愿为差异化体验支付溢价，但价格锚点受潮玩、咖啡机等非刚需消费品影响，结合原模板示例，取中位数3500元。""}",
belief_bench_v1_2026-07-13,ToC_Differentiation_Adult,草根老板,C0_leaked,3,17120,19846,3500,success,,三位受访者均愿为差异化体验支付溢价，但价格锚点受潮玩、设计师家居等非刚需消费品影响，结合原模板锚点区间取中值。,,"{""estimated_wtp"": 3500, ""reasoning"": ""三位受访者均愿为差异化体验支付溢价，但价格锚点受潮玩、设计师家居等非刚需消费品影响，结合原模板锚点区间取中值。""}",
belief_bench_v1_2026-07-13,ToC_Differentiation_Adult,草根老板,C0_leaked,7,17120,19846,3500,success,,三位受访者均愿为差异化陪伴体验支付溢价，但价格锚点受潮玩、家居单品等替代品影响，且对技术不确定性容忍低，故取原模板区间中值偏下。,,"{""estimated_wtp"": 3500, ""reasoning"": ""三位受访者均愿为差异化陪伴体验支付溢价，但价格锚点受潮玩、家居单品等替代品影响，且对技术不确定性容忍低，故取原模板区间中值偏下。""}",
belief_bench_v1_2026-07-13,ToC_Differentiation_Adult,草根老板,C0_leaked,8,17120,19846,3500,success,,三位受访者均愿为差异化体验支付溢价，且对独特性、品质感和主动互动有高期待，结合原模板锚点区间与消费力判断，支付意愿中位偏上。,,"{""estimated_wtp"": 3500, ""reasoning"": ""三位受访者均愿为差异化体验支付溢价，且对独特性、品质感和主动互动有高期待，结合原模板锚点区间与消费力判断，支付意愿中位偏上。""}",
belief_bench_v1_2026-07-13,ToC_Differentiation_Adult,草根老板,C0_leaked,10,17120,19846,3500,success,,三位受访者均愿为差异化体验支付溢价，且提及潮玩、落地灯、咖啡机等3000-5000元价位产品，结合其品质导向和独特性需求，取区间中值3500元作为合理锚点。,,"{""estimated_wtp"": 3500, ""reasoning"": ""三位受访者均愿为差异化体验支付溢价，且提及潮玩、落地灯、咖啡机等3000-5000元价位产品，结合其品质导向和独特性需求，取区间中值3500元作为合理锚点。""}",
belief_bench_v1_2026-07-13,ToC_Differentiation_Adult,草根老板,C0_leaked,9,17120,19846,4500,success,,"三位受访者均愿为独特性、品质感与主动陪伴体验支付溢价，且锚定区间与示例[3000,5000]的中上段一致，取4500元作为合理估计。",,"{""estimated_wtp"": 4500, ""reasoning"": ""三位受访者均愿为独特性、品质感与主动陪伴体验支付溢价，且锚定区间与示例[3000,5000]的中上段一致，取4500元作为合理估计。""}",
belief_bench_v1_2026-07-13,ToC_Differentiation_Adult,草根老板,C0_clean,2,17120,19846,1500,success,,客群愿为差异化体验支付溢价，但价格锚点受潮玩、设计师家居等非刚需消费品影响，结合800元自动喂食器犹豫两周的行为，合理估计在1500元左右。,,"{""estimated_wtp"": 1500, ""reasoning"": ""客群愿为差异化体验支付溢价，但价格锚点受潮玩、设计师家居等非刚需消费品影响，结合800元自动喂食器犹豫两周的行为，合理估计在1500元左右。""}",
belief_bench_v1_2026-07-13,ToC_Differentiation_Adult,草根老板,C0_clean,1,17120,19846,1200,success,,客群愿为独特性、品质感和主动陪伴体验支付溢价，参考其购买潮玩、设计师家居的决策锚点，结合经济型价格站位，估计支付意愿在1000-1500元区间。,,"{""estimated_wtp"": 1200, ""reasoning"": ""客群愿为独特性、品质感和主动陪伴体验支付溢价，参考其购买潮玩、设计师家居的决策锚点，结合经济型价格站位，估计支付意愿在1000-1500元区间。""}",
belief_bench_v1_2026-07-13,ToC_Differentiation_Adult,草根老板,C0_clean,3,17120,19846,1500,success,,客群愿为差异化体验支付溢价，但价格锚点需低于高端潮玩（2000+）且高于品质小家电（800-1200），综合判断为1500元。,,"{""estimated_wtp"": 1500, ""reasoning"": ""客群愿为差异化体验支付溢价，但价格锚点需低于高端潮玩（2000+）且高于品质小家电（800-1200），综合判断为1500元。""}",
belief_bench_v1_2026-07-13,ToC_Differentiation_Adult,草根老板,C0_clean,4,17120,19846,1500,success,,客群愿为差异化体验支付溢价，但需平衡独特性与实用价值，参考潮玩和设计师家居的消费区间，1500元是经济站位下的合理锚点。,,"{""estimated_wtp"": 1500, ""reasoning"": ""客群愿为差异化体验支付溢价，但需平衡独特性与实用价值，参考潮玩和设计师家居的消费区间，1500元是经济站位下的合理锚点。""}",
belief_bench_v1_2026-07-13,ToC_Differentiation_Adult,草根老板,C0_clean,5,17120,19846,1500,success,,客户对差异化体验支付意愿高，但经济站位和核心需求覆盖低的标准下，结合可接受毛利高，预估价格在1500元左右。,,"{""estimated_wtp"": 1500, ""reasoning"": ""客户对差异化体验支付意愿高，但经济站位和核心需求覆盖低的标准下，结合可接受毛利高，预估价格在1500元左右。""}",
belief_bench_v1_2026-07-13,ToC_Differentiation_Adult,草根老板,C0_clean,6,17120,19846,1200,success,,客群愿为差异化体验支付溢价，但价格锚点受潮玩、设计师家居等非刚需消费品影响，结合800元自动喂食器无犹豫和2000元以内冲动决策区间，估计WTP为1200元。,,"{""estimated_wtp"": 1200, ""reasoning"": ""客群愿为差异化体验支付溢价，但价格锚点受潮玩、设计师家居等非刚需消费品影响，结合800元自动喂食器无犹豫和2000元以内冲动决策区间，估计WTP为1200元。""}",
belief_bench_v1_2026-07-13,ToC_Differentiation_Adult,草根老板,C0_clean,8,17120,19846,2500,success,,用户对差异化体验和主动互动有高支付意愿，但经济站位和核心需求覆盖低即可的决策标准限制了价格上限。,,"{""estimated_wtp"": 2500, ""reasoning"": ""用户对差异化体验和主动互动有高支付意愿，但经济站位和核心需求覆盖低即可的决策标准限制了价格上限。""}",
belief_bench_v1_2026-07-13,ToC_Differentiation_Adult,草根老板,C0_clean,7,17120,19846,1200,success,,客户对差异化体验和陪伴感有强烈需求，愿为独特性付溢价，但价格锚点受潮玩和设计师家居影响，经济站位下可接受价位在千元级。,,"{""estimated_wtp"": 1200, ""reasoning"": ""客户对差异化体验和陪伴感有强烈需求，愿为独特性付溢价，但价格锚点受潮玩和设计师家居影响，经济站位下可接受价位在千元级。""}",
belief_bench_v1_2026-07-13,ToC_Differentiation_Adult,草根老板,C0_clean,9,17120,19846,3500,success,,客群愿为差异化体验支付溢价，且三位受访者均表现出对高品质陪伴感的强烈需求，参考其购买潮玩、咖啡机等非刚需产品时的高价位决策，结合经济型价格站位，估计支付意愿在3000-4000元区间。,,"{""estimated_wtp"": 3500, ""reasoning"": ""客群愿为差异化体验支付溢价，且三位受访者均表现出对高品质陪伴感的强烈需求，参考其购买潮玩、咖啡机等非刚需产品时的高价位决策，结合经济型价格站位，估计支付意愿在3000-4000元区间。""}",
belief_bench_v1_2026-07-13,ToC_Differentiation_Adult,草根老板,C0_clean,10,17120,19846,1200,success,,目标客群愿为差异化体验支付溢价，参考潮玩、设计师家居等非刚需消费品价格锚点，结合独特性与陪伴感价值，合理区间为800-1500元，取中上值1200元。,,"{""estimated_wtp"": 1200, ""reasoning"": ""目标客群愿为差异化体验支付溢价，参考潮玩、设计师家居等非刚需消费品价格锚点，结合独特性与陪伴感价值，合理区间为800-1500元，取中上值1200元。""}",
belief_bench_v1_2026-07-13,ToC_Differentiation_Adult,草根老板,C1,3,17120,19846,3000,success,,用户愿为差异化体验和独特性支付溢价，且对高价值物品（如800元喂食器）决策快，暗示可接受较高价格，但需平衡经济站位定位。,,"{""estimated_wtp"": 3000, ""reasoning"": ""用户愿为差异化体验和独特性支付溢价，且对高价值物品（如800元喂食器）决策快，暗示可接受较高价格，但需平衡经济站位定位。""}","根据您的要求，以下是三份报告中所有与价格、预算、支付意愿相关的句子的逐字引用：

**报告 1：ToC_Diff_Adult_P1**
- “我买潮玩不是因为便宜，而是因为做工和质感，别人没有的我才想要。”
- “她买潮玩不看价格，但最近种草的那款落地灯犹豫了两周才下单；给猫买了八百多的自动喂食器倒是没犹豫。”
- “购买驱动力是‘值得’”
- “愿为独特性付溢价”
- “东西得有用，还得让我觉得舒服贴心。如果体验差，我宁愿多花点钱。”
- “如果体验差，我宁愿多花点钱换个好的”
- “但愿为差异化体验付溢价。”

**报告 2：ToC_Diff_Adult_P2**
- “愿意为差异化体验支付溢价”
- “购买驱动力值得”
- “愿意为独特性付溢价”
- “好东西值得花钱，用得久比便宜重要”
- “用户愿意为差异化体验支付溢价”
- “愿意为差异化体验付溢价”
- “愿意为独特性付溢价”

**报告 3：ToC_Diff_Adult_P3**
- “愿为差异化体验支付溢价”
- “她愿为这种‘不要关系负担’的陪伴支付溢价”
- “愿为‘不解决物理空旷但提供心理慰藉’的体验付费”
- “她愿为‘不一样’的体验支付溢价”
- “值得就花”"
belief_bench_v1_2026-07-13,ToC_Differentiation_Adult,草根老板,C1,2,17120,19846,3000,success,,用户愿为差异化体验支付溢价，且非价格敏感，参考其购买八百元猫喂食器不犹豫及收藏设计师品牌的行为，推测可接受较高价格。,,"{""estimated_wtp"": 3000, ""reasoning"": ""用户愿为差异化体验支付溢价，且非价格敏感，参考其购买八百元猫喂食器不犹豫及收藏设计师品牌的行为，推测可接受较高价格。""}","根据您的要求，以下是三份报告中所有与价格、预算、支付意愿相关的句子逐字引用：

**报告 1：ToC_Diff_Adult_P1**
- “我买潮玩不是因为便宜，而是因为做工和质感，别人没有的我才想要。”
- “她买潮玩不看价格，但最近种草的那款落地灯犹豫了两周才下单；给猫买了八百多的自动喂食器倒是没犹豫。”
- “购买驱动力是‘值得’，需要说清独特在哪，产品本身要有故事可讲。”
- “用户消费决策锚定在‘独特性’和‘品质感’上，愿为差异化体验支付更高价格，替代品比较心理驱动她追求‘别人没有’的产品。”
- “东西得有用，还得让我觉得舒服贴心。如果体验差，我宁愿多花点钱。”
- “如果体验差，我宁愿多花点钱换个好的”
- “但愿为差异化体验付溢价。”

**报告 2：ToC_Diff_Adult_P2**
- “用户消费决策基于具体维度上的明显差异，愿意为差异化体验支付溢价。”
- “购买驱动力值得，体验可感知”
- “她认为好东西值得花钱，用得久比便宜重要。”
- “用户愿意为差异化体验支付溢价，核心诉求是‘不一样’和‘别人没有’。”
- “她不是价格敏感型，而是追求‘不一样’和‘别人没有’。核心诉求是‘体验可感知’和‘主动互动’，对材质、细节、生命感有高期待，愿意为独特性付溢价。”

**报告 3：ToC_Diff_Adult_P3**
- “中高收入，追求品质，愿为差异化体验支付溢价。”
- “她愿为这种‘不要关系负担’的陪伴支付溢价。”
- “愿为‘不解决物理空旷但提供心理慰藉’的体验付费。”
- “她愿为‘不一样’的体验支付溢价。”
- “她对个人消费的态度是‘值得就花’，最近买了一台品牌咖啡机，也收藏了好几个设计师家居品牌。”
- “这是一个愿为更贴合自己生活体验的差异化价值付费、但前提是不能破坏边界感的个人用户。”"
belief_bench_v1_2026-07-13,ToC_Differentiation_Adult,草根老板,C1,1,17120,19846,3000,success,,用户愿为差异化体验支付溢价，且对品质和独特性敏感，参考其购买800元猫喂食器不犹豫、收藏设计师品牌的行为，可接受中高端价位。,,"{""estimated_wtp"": 3000, ""reasoning"": ""用户愿为差异化体验支付溢价，且对品质和独特性敏感，参考其购买800元猫喂食器不犹豫、收藏设计师品牌的行为，可接受中高端价位。""}","根据您的要求，以下是三份报告中所有与价格、预算、支付意愿相关的句子逐字引用：

**报告 1：ToC_Diff_Adult_P1**
- “我买潮玩不是因为便宜，而是因为做工和质感，别人没有的我才想要。”
- “她买潮玩不看价格，但最近种草的那款落地灯犹豫了两周才下单；给猫买了八百多的自动喂食器倒是没犹豫。”
- “购买驱动力是‘值得’，需要说清独特在哪，产品本身要有故事可讲。”
- “用户消费决策锚定在‘独特性’和‘品质感’上，愿为差异化体验支付更高价格，替代品比较心理驱动她追求‘别人没有’的产品。”
- “东西得有用，还得让我觉得舒服贴心。如果体验差，我宁愿多花点钱。”
- “如果体验差，我宁愿多花点钱换个好的”
- “但愿为差异化体验付溢价。”

**报告 2：ToC_Diff_Adult_P2**
- “用户消费决策基于具体维度上的明显差异，愿意为差异化体验支付溢价。”
- “购买驱动力值得，体验可感知”
- “用户愿意为差异化体验支付溢价，核心诉求是‘不一样’和‘别人没有’。”
- “她愿意为独特性付溢价。”
- “好东西值得花钱，用得久比便宜重要。”
- “受访者是典型的品质/体验导向消费者，愿意为差异化体验付溢价。她不是价格敏感型，而是追求‘不一样’和‘别人没有’。核心诉求是‘体验可感知’和‘主动互动’，对材质、细节、生命感有高期待，愿意为独特性付溢价。”

**报告 3：ToC_Diff_Adult_P3**
- “中高收入，追求品质，愿为差异化体验支付溢价。”
- “她愿为这种‘不要关系负担’的陪伴支付溢价。”
- “她愿为‘不解决物理空旷但提供心理慰藉’的体验付费。”
- “她愿为‘不一样’的体验支付溢价。”
- “她对个人消费的态度是‘值得就花’，最近买了一台品牌咖啡机，也收藏了好几个设计师家居品牌。”
- “这是一个愿为更贴合自己生活体验的差异化价值付费、但前提是不能破坏边界感的个人用户。”"
belief_bench_v1_2026-07-13,ToC_Differentiation_Adult,草根老板,C1,6,17120,19846,1500,success,,用户愿为差异化体验和独特性支付溢价，但核心需求覆盖低即可，且倾向经济站位，故估计中等偏高价位。,,"{""estimated_wtp"": 1500, ""reasoning"": ""用户愿为差异化体验和独特性支付溢价，但核心需求覆盖低即可，且倾向经济站位，故估计中等偏高价位。""}","根据您的要求，以下是三份报告中所有与价格、预算、支付意愿相关的句子逐字引用：

**报告 1：ToC_Diff_Adult_P1**
- “我买潮玩不是因为便宜，而是因为做工和质感，别人没有的我才想要。”
- “她买潮玩不看价格，但最近种草的那款落地灯犹豫了两周才下单；给猫买了八百多的自动喂食器倒是没犹豫。”
- “购买驱动力是‘值得’，需要说清独特在哪，产品本身要有故事可讲。”
- “用户消费决策锚定在‘独特性’和‘品质感’上，愿为差异化体验支付更高价格，替代品比较心理驱动她追求‘别人没有’的产品。”
- “东西得有用，还得让我觉得舒服贴心。如果体验差，我宁愿多花点钱。”
- “如果体验差，我宁愿多花点钱换个好的”
- “但愿为差异化体验付溢价。”

**报告 2：ToC_Diff_Adult_P2**
- “用户消费决策基于具体维度上的明显差异，愿意为差异化体验支付溢价。”
- “购买驱动力值得，体验可感知”
- “用户愿意为差异化体验支付溢价，核心诉求是‘不一样’和‘别人没有’。”
- “她愿意为独特性付溢价。”
- “她不是价格敏感型，而是追求‘不一样’和‘别人没有’。”
- “愿意为独特性付溢价。”

**报告 3：ToC_Diff_Adult_P3**
- “中高收入，追求品质，愿为差异化体验支付溢价。”
- “她愿为这种‘不要关系负担’的陪伴支付溢价。”
- “她愿为‘不解决物理空旷但提供心理慰藉’的体验付费。”
- “她愿为‘不一样’的体验支付溢价。”
- “她对个人消费的态度是‘值得就花’，最近买了一台品牌咖啡机，也收藏了好几个设计师家居品牌。”
- “这是一个愿为更贴合自己生活体验的差异化价值付费、但前提是不能破坏边界感的个人用户。”"
belief_bench_v1_2026-07-13,ToC_Differentiation_Adult,草根老板,C1,4,17120,19846,2500,success,,用户愿为差异化体验支付溢价，且对品质和独特性敏感，参考其购买咖啡机、设计师家居等行为，估计支付意愿在2000-3000元区间。,,"{""estimated_wtp"": 2500, ""reasoning"": ""用户愿为差异化体验支付溢价，且对品质和独特性敏感，参考其购买咖啡机、设计师家居等行为，估计支付意愿在2000-3000元区间。""}","根据您的要求，以下是三份报告中所有与价格、预算、支付意愿相关的句子逐字引用：

**报告 1：ToC_Diff_Adult_P1**
- “我买潮玩不是因为便宜，而是因为做工和质感，别人没有的我才想要。”
- “她买潮玩不看价格，但最近种草的那款落地灯犹豫了两周才下单；给猫买了八百多的自动喂食器倒是没犹豫。”
- “购买驱动力是‘值得’，需要说清独特在哪，产品本身要有故事可讲。”
- “用户消费决策锚定在‘独特性’和‘品质感’上，愿为差异化体验支付更高价格，替代品比较心理驱动她追求‘别人没有’的产品。”
- “东西得有用，还得让我觉得舒服贴心。如果体验差，我宁愿多花点钱。”
- “如果体验差，我宁愿多花点钱换个好的”
- “但愿为差异化体验付溢价。”

**报告 2：ToC_Diff_Adult_P2**
- “购买驱动力值得，体验可感知”
- “用户消费决策基于具体维度上的明显差异，愿意为差异化体验支付溢价。”
- “用户愿意为差异化体验支付溢价，核心诉求是‘不一样’和‘别人没有’。”
- “她不是价格敏感型，而是追求‘不一样’和‘别人没有’。核心诉求是‘体验可感知’和‘主动互动’，对材质、细节、生命感有高期待，愿意为独特性付溢价。”
- “好东西值得花钱，用得久比便宜重要。”

**报告 3：ToC_Diff_Adult_P3**
- “中高收入，追求品质，愿为差异化体验支付溢价。”
- “她愿为这种‘不要关系负担’的陪伴支付溢价。”
- “用户对‘陪伴’需求不是功能性任务，而是缓解情绪压力的存在，在固定时间尤为突出，愿为‘不解决物理空旷但提供心理慰藉’的体验付费。”
- “她愿为‘不一样’的体验支付溢价。”
- “她对个人消费的态度是‘值得就花’，最近买了一台品牌咖啡机，也收藏了好几个设计师家居品牌。”
- “这是一个愿为更贴合自己生活体验的差异化价值付费、但前提是不能破坏边界感的个人用户。”"
belief_bench_v1_2026-07-13,ToC_Differentiation_Adult,草根老板,C1,5,17120,19846,3000,success,,用户愿为差异化体验支付溢价，且对品质和独特性有高要求，参考其购买咖啡机、设计师家居等行为，可接受中高价位。,,"{""estimated_wtp"": 3000, ""reasoning"": ""用户愿为差异化体验支付溢价，且对品质和独特性有高要求，参考其购买咖啡机、设计师家居等行为，可接受中高价位。""}","根据您的要求，以下是三份报告中所有与价格、预算、支付意愿相关的句子的逐字引用：

**报告 1：ToC_Diff_Adult_P1**
- “我买潮玩不是因为便宜，而是因为做工和质感，别人没有的我才想要。”
- “她买潮玩不看价格，但最近种草的那款落地灯犹豫了两周才下单；给猫买了八百多的自动喂食器倒是没犹豫。”
- “购买驱动力是‘值得’，需要说清独特在哪，产品本身要有故事可讲。”
- “用户消费决策锚定在‘独特性’和‘品质感’上，愿为差异化体验支付更高价格，替代品比较心理驱动她追求‘别人没有’的产品。”
- “东西得有用，还得让我觉得舒服贴心。如果体验差，我宁愿多花点钱。”
- “如果体验差，我宁愿多花点钱换个好的”
- “但愿为差异化体验付溢价。”

**报告 2：ToC_Diff_Adult_P2**
- “用户消费决策基于具体维度上的明显差异，愿意为差异化体验支付溢价。”
- “购买驱动力值得，体验可感知”
- “用户愿意为差异化体验支付溢价，核心诉求是‘不一样’和‘别人没有’。”
- “她不是价格敏感型，而是追求‘不一样’和‘别人没有’。核心诉求是‘体验可感知’和‘主动互动’，对材质、细节、生命感有高期待，愿意为独特性付溢价。”
- “她认为好东西值得花钱，用得久比便宜重要。”

**报告 3：ToC_Diff_Adult_P3**
- “中高收入，追求品质，愿为差异化体验支付溢价。”
- “她愿为这种‘不要关系负担’的陪伴支付溢价。”
- “她愿为‘不解决物理空旷但提供心理慰藉’的体验付费。”
- “她愿为‘不一样’的体验支付溢价。”
- “她对个人消费的态度是‘值得就花’，最近买了一台品牌咖啡机，也收藏了好几个设计师家居品牌。”
- “这是一个愿为更贴合自己生活体验的差异化价值付费、但前提是不能破坏边界感的个人用户。”"
belief_bench_v1_2026-07-13,ToC_Differentiation_Adult,草根老板,C2_low,2,17120,19846,1200,success,,客户追求独特性与品质感，愿为差异化体验支付溢价，且同类产品定价800元，结合其高敏感陪伴需求与主动互动期待，可接受溢价至1200元。,,"{""estimated_wtp"": 1200, ""reasoning"": ""客户追求独特性与品质感，愿为差异化体验支付溢价，且同类产品定价800元，结合其高敏感陪伴需求与主动互动期待，可接受溢价至1200元。""}",
belief_bench_v1_2026-07-13,ToC_Differentiation_Adult,草根老板,C2_low,1,17120,19846,1200,success,,用户愿为差异化体验和主动陪伴感支付溢价，且调研显示其消费决策锚定在独特性与品质感上，高于市场常见定价800元。,,"{""estimated_wtp"": 1200, ""reasoning"": ""用户愿为差异化体验和主动陪伴感支付溢价，且调研显示其消费决策锚定在独特性与品质感上，高于市场常见定价800元。""}",
belief_bench_v1_2026-07-13,ToC_Differentiation_Adult,草根老板,C2_low,3,17120,19846,1200,success,,目标客群愿为差异化体验支付溢价，核心需求是主动互动与陪伴感，参考同类产品定价800元，结合高敏感独居白领的支付意愿，估计可接受1200元。,,"{""estimated_wtp"": 1200, ""reasoning"": ""目标客群愿为差异化体验支付溢价，核心需求是主动互动与陪伴感，参考同类产品定价800元，结合高敏感独居白领的支付意愿，估计可接受1200元。""}",
belief_bench_v1_2026-07-13,ToC_Differentiation_Adult,草根老板,C2_low,4,17120,19846,1200,success,,客户愿为差异化体验支付溢价，且核心需求是主动互动和陪伴感，参考同类产品定价800元，结合高敏感独居白领的支付意愿，可上浮50%至1200元。,,"{""estimated_wtp"": 1200, ""reasoning"": ""客户愿为差异化体验支付溢价，且核心需求是主动互动和陪伴感，参考同类产品定价800元，结合高敏感独居白领的支付意愿，可上浮50%至1200元。""}",
belief_bench_v1_2026-07-13,ToC_Differentiation_Adult,草根老板,C1,7,17120,19846,1500,success,,用户愿为差异化体验和独特性支付溢价，且对‘值得’的体验有高容忍度，参考落地灯犹豫两周但自动喂食器未犹豫，推测心理价位在千元以上，结合经济站位倾向，取1500元为合理锚点。,,"{""estimated_wtp"": 1500, ""reasoning"": ""用户愿为差异化体验和独特性支付溢价，且对‘值得’的体验有高容忍度，参考落地灯犹豫两周但自动喂食器未犹豫，推测心理价位在千元以上，结合经济站位倾向，取1500元为合理锚点。""}","根据您的要求，以下是三份报告中所有与价格、预算、支付意愿相关的句子逐字引用：

**报告 1：ToC_Diff_Adult_P1**
- “我买潮玩不是因为便宜，而是因为做工和质感，别人没有的我才想要。”
- “她买潮玩不看价格，但最近种草的那款落地灯犹豫了两周才下单；给猫买了八百多的自动喂食器倒是没犹豫。”
- “购买驱动力是‘值得’，需要说清独特在哪，产品本身要有故事可讲。”
- “用户消费决策锚定在‘独特性’和‘品质感’上，愿为差异化体验支付更高价格，替代品比较心理驱动她追求‘别人没有’的产品。”
- “东西得有用，还得让我觉得舒服贴心。如果体验差，我宁愿多花点钱。”
- “如果体验差，我宁愿多花点钱换个好的”
- “但愿为差异化体验付溢价。”

**报告 2：ToC_Diff_Adult_P2**
- “用户消费决策基于具体维度上的明显差异，愿意为差异化体验支付溢价。”
- “购买驱动力值得，体验可感知”
- “不能只是参数上好，要看具体维度上有明显差异。”
- “受访者消费态度是‘自己买自己用’，愿意为独特性付溢价。她认为好东西值得花钱，用得久比便宜重要。”
- “用户愿意为差异化体验支付溢价，核心诉求是‘不一样’和‘别人没有’。”
- “她不是价格敏感型，而是追求‘不一样’和‘别人没有’。”
- “愿意为独特性付溢价。”

**报告 3：ToC_Diff_Adult_P3**
- “愿为差异化体验支付溢价。”
- “她愿为这种‘不要关系负担’的陪伴支付溢价。”
- “愿为‘不解决物理空旷但提供心理慰藉’的体验付费。”
- “她愿为‘不一样’的体验支付溢价。”
- “她对个人消费的态度是'值得就花'”
- “这是一个愿为更贴合自己生活体验的差异化价值付费、但前提是不能破坏边界感的个人用户。”"
belief_bench_v1_2026-07-13,ToC_Differentiation_Adult,草根老板,C2_low,5,17120,19846,1200,success,,三位受访者均强调愿为差异化体验支付溢价，且对独特性、品质感和主动互动有高需求，参考市场定价800元，结合其消费行为可上浮50%至1200元。,,"{""estimated_wtp"": 1200, ""reasoning"": ""三位受访者均强调愿为差异化体验支付溢价，且对独特性、品质感和主动互动有高需求，参考市场定价800元，结合其消费行为可上浮50%至1200元。""}",
belief_bench_v1_2026-07-13,ToC_Differentiation_Adult,草根老板,C2_low,6,17120,19846,1200,success,,该客群愿为差异化体验支付溢价，核心需求是主动互动与陪伴感，且对品质和独特性敏感，参考市场定价800元，结合其高支付意愿，估计WTP为1200元。,,"{""estimated_wtp"": 1200, ""reasoning"": ""该客群愿为差异化体验支付溢价，核心需求是主动互动与陪伴感，且对品质和独特性敏感，参考市场定价800元，结合其高支付意愿，估计WTP为1200元。""}",
belief_bench_v1_2026-07-13,ToC_Differentiation_Adult,草根老板,C1,9,17120,19846,3000,success,,用户愿为差异化体验付溢价，但需具体独特价值支撑，参考其愿为猫喂食器花800元且犹豫落地灯，结合中高收入定位，估计可接受3000元档位。,,"{""estimated_wtp"": 3000, ""reasoning"": ""用户愿为差异化体验付溢价，但需具体独特价值支撑，参考其愿为猫喂食器花800元且犹豫落地灯，结合中高收入定位，估计可接受3000元档位。""}","根据您的要求，以下是三份报告中所有与价格、预算、支付意愿相关的句子逐字引用：

**报告 1：ToC_Diff_Adult_P1**
- “我买潮玩不是因为便宜，而是因为做工和质感，别人没有的我才想要。”
- “她买潮玩不看价格，但最近种草的那款落地灯犹豫了两周才下单；给猫买了八百多的自动喂食器倒是没犹豫。”
- “购买驱动力是‘值得’，需要说清独特在哪，产品本身要有故事可讲。”
- “用户消费决策锚定在‘独特性’和‘品质感’上，愿为差异化体验支付更高价格，替代品比较心理驱动她追求‘别人没有’的产品。”
- “东西得有用，还得让我觉得舒服贴心。如果体验差，我宁愿多花点钱。”
- “如果体验差，我宁愿多花点钱换个好的”
- “但愿为差异化体验付溢价。”

**报告 2：ToC_Diff_Adult_P2**
- “用户消费决策基于具体维度上的明显差异，愿意为差异化体验支付溢价。”
- “购买驱动力值得，体验可感知”
- “她消费态度是‘自己买自己用’，愿意为独特性付溢价。”
- “她认为好东西值得花钱，用得久比便宜重要。”
- “用户愿意为差异化体验支付溢价，核心诉求是‘不一样’和‘别人没有’。”
- “她不是价格敏感型，而是追求‘不一样’和‘别人没有’。”
- “愿意为独特性付溢价。”

**报告 3：ToC_Diff_Adult_P3**
- “中高收入，追求品质，愿为差异化体验支付溢价。”
- “她愿为这种‘不要关系负担’的陪伴支付溢价。”
- “她愿为‘不解决物理空旷但提供心理慰藉’的体验付费。”
- “她愿为‘不一样’的体验支付溢价。”
- “她对个人消费的态度是‘值得就花’，最近买了一台品牌咖啡机，也收藏了好几个设计师家居品牌。”
- “这是一个愿为更贴合自己生活体验的差异化价值付费、但前提是不能破坏边界感的个人用户。”"
belief_bench_v1_2026-07-13,ToC_Differentiation_Adult,草根老板,C1,8,17120,19846,3500,success,,用户愿为差异化体验和品质感支付溢价，但存在价格犹豫（如落地灯犹豫两周），结合中高收入与‘值得就花’态度，估计支付意愿在3000-4000元区间取中值3500元。,,"{""estimated_wtp"": 3500, ""reasoning"": ""用户愿为差异化体验和品质感支付溢价，但存在价格犹豫（如落地灯犹豫两周），结合中高收入与‘值得就花’态度，估计支付意愿在3000-4000元区间取中值3500元。""}","根据您的要求，以下是三份报告中所有与价格、预算、支付意愿相关的句子逐字引用：

**报告 1：ToC_Diff_Adult_P1**
- “独居都市白领，25-30岁，互联网公司产品经理，出差多、社交圈有限，注重生活品质，愿为独特性付溢价。”
- “我买潮玩不是因为便宜，而是因为做工和质感，别人没有的我才想要。”
- “她买潮玩不看价格，但最近种草的那款落地灯犹豫了两周才下单；给猫买了八百多的自动喂食器倒是没犹豫。”
- “购买驱动力是‘值得’，需要说清独特在哪，产品本身要有故事可讲。”
- “用户消费决策锚定在‘独特性’和‘品质感’上，愿为差异化体验支付更高价格，替代品比较心理驱动她追求‘别人没有’的产品。”
- “东西得有用，还得让我觉得舒服贴心。如果体验差，我宁愿多花点钱。”
- “如果体验差，我宁愿多花点钱换个好的”
- “但愿为差异化体验付溢价。”

**报告 2：ToC_Diff_Adult_P2**
- “用户消费决策基于具体维度上的明显差异，愿意为差异化体验支付溢价。”
- “购买驱动力值得，体验可感知”
- “用户���意为差异化体验支付溢价，核心诉求是‘不一样’和‘别人没有’。”
- “她不是价格敏感型，而是追求‘不一样’和‘别人没有’。核心诉求是‘体验可感知’和‘主动互动’，对材质、细节、生命感有高期待，愿意为独特性付溢价。”

**报告 3：ToC_Diff_Adult_P3**
- “上海上班族，住浦东一室户，中高收入，追求品质，愿为差异化体验支付溢价。”
- “她愿为这种‘不要关系负担’的陪伴支付溢价。”
- “她愿为‘不解决物理空旷但提供心理慰藉’的体验付费。”
- “她愿为‘不一样’的体验支付溢价。”
- “她对个人消费的态度是‘值得就花’，最近买了一台品牌咖啡机，也收藏了好几个设计师家居品牌。”
- “这是一个愿为更贴合自己生活体验的差异化价值付费、但前提是不能破坏边界感的个人用户。”"
belief_bench_v1_2026-07-13,ToC_Differentiation_Adult,草根老板,C1,10,17120,19846,1500,success,,用户愿意为独特性、品质感和差异化体验支付溢价，且对高价产品（如800元猫喂食器）不犹豫，结合中高收入定位，估计支付意愿在1500元左右。,,"{""estimated_wtp"": 1500, ""reasoning"": ""用户愿意为独特性、品质感和差异化体验支付溢价，且对高价产品（如800元猫喂食器）不犹豫，结合中高收入定位，估计支付意愿在1500元左右。""}","根据您的要求，以下是三份报告中与价格、预算、支付意愿相关的所有句子的逐字引用：

**报告 1：ToC_Diff_Adult_P1**
- “独居都市白领，25-30岁，互联网公司产品经理，出差多、社交圈有限，注重生活品质，愿为独特性付溢价。”
- “她买潮玩不看价格，但最近种草的那款落地灯犹豫了两周才下单；给猫买了八百多的自动喂食器倒是没犹豫。”
- “购买驱动力是‘值得’，需要说清独特在哪，产品本身要有故事可讲。”
- “用户消费决策锚定在‘独特性’和‘品质感’上，愿为差异化体验支付更高价格，替代品比较心理驱动她追求‘别人没有’的产品。”
- “东西得有用，还得让我觉得舒服贴心。如果体验差，我宁愿多花点钱。”
- “如果体验差，我宁愿多花点钱换个好的”
- “但愿为差异化体验付溢价。”

**报告 2：ToC_Diff_Adult_P2**
- “用户消费决策基于具体维度上的明显差异，愿意为差异化体验支付溢价。”
- “购买驱动力值得，体验可感知”
- “消费态度是‘自己买自己用’，愿意为独特性付溢价。”
- “好东西值得花钱，用得久比便宜重要。”
- “用户愿意为差异化体验支付溢价，核心诉求是‘不一样’和‘别人没有’。”
- “她不是价格敏感型，而是追求‘不一样’和‘别人没有’。”
- “愿意为独特性付溢价。”

**报告 3：ToC_Diff_Adult_P3**
- “中高收入，追求品质，愿为差异化体验支付溢价。”
- “她愿为这种‘不要关系负担’的陪伴支付溢价。”
- “愿为‘不解决物理空旷但提供心理慰藉’的体验付费。”
- “她愿为‘不一样’的体验支付溢价。”
- “她对个人消费的态度是‘值得就花’”"
belief_bench_v1_2026-07-13,ToC_Differentiation_Adult,草根老板,C2_low,8,17120,19846,1200,success,,用户愿为差异化体验和陪伴感支付溢价，结合800元市场均价和品质导向，估计支付意愿在1200元左右。,,"{""estimated_wtp"": 1200, ""reasoning"": ""用户愿为差异化体验和陪伴感支付溢价，结合800元市场均价和品质导向，估计支付意愿在1200元左右。""}",
belief_bench_v1_2026-07-13,ToC_Differentiation_Adult,草根老板,C2_low,7,17120,19846,1200,success,,用户愿为差异化体验支付溢价，且同类产品定价800元，结合其品质导向和独特性需求，支付意愿上浮至1200元。,,"{""estimated_wtp"": 1200, ""reasoning"": ""用户愿为差异化体验支付溢价，且同类产品定价800元，结合其品质导向和独特性需求，支付意愿上浮至1200元。""}",
belief_bench_v1_2026-07-13,ToC_Differentiation_Adult,草根老板,C2_low,9,17120,19846,1200,success,,用户愿为差异化体验支付溢价，且同类产品定价800元，但报告明确显示用户愿为独特性、品质感和主动互动支付更高价格，故上浮50%至1200元。,,"{""estimated_wtp"": 1200, ""reasoning"": ""用户愿为差异化体验支付溢价，且同类产品定价800元，但报告明确显示用户愿为独特性、品质感和主动互动支付更高价格，故上浮50%至1200元。""}",
belief_bench_v1_2026-07-13,ToC_Differentiation_Adult,草根老板,C2_low,10,17120,19846,1200,success,,客群愿为差异化体验支付溢价，且同类产品定价800元，结合其高敏感、品质导向及对主动互动的高需求，支付意愿可提升至1200元。,,"{""estimated_wtp"": 1200, ""reasoning"": ""客群愿为差异化体验支付溢价，且同类产品定价800元，结合其高敏感、品质导向及对主动互动的高需求，支付意愿可提升至1200元。""}",
belief_bench_v1_2026-07-13,ToC_Differentiation_Adult,草根老板,C2_high,2,17120,19846,15000,success,,客群愿为独特性、主动互动和陪伴感支付溢价，且对前期投入容忍度高，故在12000元基础上上浮25%至15000元。,,"{""estimated_wtp"": 15000, ""reasoning"": ""客群愿为独特性、主动互动和陪伴感支付溢价，且对前期投入容忍度高，故在12000元基础上上浮25%至15000元。""}",
belief_bench_v1_2026-07-13,ToC_Differentiation_Adult,草根老板,C2_high,1,17120,19846,15000,success,,客群愿为差异化体验支付溢价，且对独特性、品质感、主动互动有高需求，故支付意愿高于市场常见定价12000元。,,"{""estimated_wtp"": 15000, ""reasoning"": ""客群愿为差异化体验支付溢价，且对独特性、品质感、主动互动有高需求，故支付意愿高于市场常见定价12000元。""}",
belief_bench_v1_2026-07-13,ToC_Differentiation_Adult,草根老板,C2_high,3,17120,19846,15000,success,,客群愿为差异化体验支付溢价，且同类产品定价12000元，结合其高敏感、高品质需求，支付意愿可上浮至15000元。,,"{""estimated_wtp"": 15000, ""reasoning"": ""客群愿为差异化体验支付溢价，且同类产品定价12000元，结合其高敏感、高品质需求，支付意愿可上浮至15000元。""}",
belief_bench_v1_2026-07-13,ToC_Differentiation_Adult,草根老板,C2_high,5,17120,19846,15000,success,,客户愿意为差异化体验支付溢价，且对独特性、品质感、主动互动和陪伴感有强烈需求，支付意愿高于市场常见定价。,,"{""estimated_wtp"": 15000, ""reasoning"": ""客户愿意为差异化体验支付溢价，且对独特性、品质感、主动互动和陪伴感有强烈需求，支付意愿高于市场常见定价。""}",
belief_bench_v1_2026-07-13,ToC_Differentiation_Adult,草根老板,C2_high,4,17120,19846,15000,success,,客群愿为差异化体验支付溢价，且同类产品定价12000元，结合其高敏感、高品质需求及对主动互动的强烈渴望，支付意愿可上浮至15000元。,,"{""estimated_wtp"": 15000, ""reasoning"": ""客群愿为差异化体验支付溢价，且同类产品定价12000元，结合其高敏感、高品质需求及对主动互动的强烈渴望，支付意愿可上浮至15000元。""}",
belief_bench_v1_2026-07-13,ToC_Differentiation_Adult,草根老板,C2_high,6,17120,19846,15000,success,,用户愿为差异化体验、主动互动和陪伴感支付高溢价，且参考市场定价12000元，结合其品质导向和独特性追求，支付意愿可上浮至15000元。,,"{""estimated_wtp"": 15000, ""reasoning"": ""用户愿为差异化体验、主动互动和陪伴感支付高溢价，且参考市场定价12000元，结合其品质导向和独特性追求，支付意愿可上浮至15000元。""}",
belief_bench_v1_2026-07-13,ToC_Differentiation_Adult,草根老板,C2_high,8,17120,19846,15000,success,,客户愿为差异化体验支付溢价，且同类产品定价12000元，但报告显示客户对独特性和主动互动的需求强烈，可接受更高价格。,,"{""estimated_wtp"": 15000, ""reasoning"": ""客户愿为差异化体验支付溢价，且同类产品定价12000元，但报告显示客户对独特性和主动互动的需求强烈，可接受更高价格。""}",
belief_bench_v1_2026-07-13,ToC_Differentiation_Adult,草根老板,C2_high,9,17120,19846,15000,success,,用户愿为差异化体验支付溢价，且对独特性、品质感和主动陪伴有高需求，参考市场定价12000元，上调至15000元符合其支付意愿锚点。,,"{""estimated_wtp"": 15000, ""reasoning"": ""用户愿为差异化体验支付溢价，且对独特性、品质感和主动陪伴有高需求，参考市场定价12000元，上调至15000元符合其支付意愿锚点。""}",
belief_bench_v1_2026-07-13,ToC_Differentiation_Adult,草根老板,C2_high,7,17120,19846,15000,success,,客群愿为差异化体验支付溢价，且对独特性、品质感和主动互动有高需求，参考定价12000元，结合其高支付意愿和品质导向，估计支付意愿上浮至15000元。,,"{""estimated_wtp"": 15000, ""reasoning"": ""客群愿为差异化体验支付溢价，且对独特性、品质感和主动互动有高需求，参考定价12000元，结合其高支付意愿和品质导向，估计支付意愿上浮至15000元。""}",
belief_bench_v1_2026-07-13,ToC_Differentiation_Adult,草根老板,C2_high,10,17120,19846,15000,success,,客户对差异化体验和主动陪伴的支付意愿高，愿为独特性付溢价，且同类产品定价12000元，结合其品质导向和溢价接受度，估计支付意愿高于市场价。,,"{""estimated_wtp"": 15000, ""reasoning"": ""客户对差异化体验和主动陪伴的支付意愿高，愿为独特性付溢价，且同类产品定价12000元，结合其品质导向和溢价接受度，估计支付意愿高于市场价。""}",
belief_bench_v1_2026-07-13,ToC_Differentiation_Adult,草根老板,C3,1,17120,19846,403,success,,由报告锚点加权中位数及冻结 persona 变换确定性合成,"[{""quote"":""给猫买了八百多的自动喂食器倒是没犹豫"",""value_yuan"":800,""type"":""参考价""},{""quote"":""买了一台品牌咖啡机"",""value_yuan"":0,""type"":""参考价""}]","{""anchors"": [{""quote"": ""给猫买了八百多的自动喂食器倒是没犹豫"", ""value_yuan"": 800, ""type"": ""参考价""}, {""quote"": ""买了一台品牌咖啡机"", ""value_yuan"": null, ""type"": ""参考价""}]}",
belief_bench_v1_2026-07-13,ToC_Differentiation_Adult,草根老板,C3,3,17120,19846,,EXTRACTION_MISS,anchors array is empty,,[],"{""anchors"": []}",
belief_bench_v1_2026-07-13,ToC_Differentiation_Adult,草根老板,C3,2,17120,19846,814,success,,由报告锚点加权中位数及冻结 persona 变换确定性合成,"[{""quote"":""她买潮玩不看价格，但最近种草的那款落地灯犹豫了两周才下单；给猫买了八百多的自动喂食器倒是没犹豫"",""value_yuan"":800,""type"":""参考价""}]","{""anchors"": [{""quote"": ""她买潮玩不看价格，但最近种草的那款落地灯犹豫了两周才下单；给猫买了八百多的自动喂食器倒是没犹豫"", ""value_yuan"": 800, ""type"": ""参考价""}]}",
belief_bench_v1_2026-07-13,ToC_Differentiation_Adult,草根老板,C3,4,17120,19846,435,success,,由报告锚点加权中位数及冻结 persona 变换确定性合成,"[{""quote"":""给猫买了八百多的自动喂食器倒是没犹豫"",""value_yuan"":800,""type"":""参考价""},{""quote"":""买了一台品牌咖啡机"",""value_yuan"":0,""type"":""参考价""}]","{""anchors"": [{""quote"": ""给猫买了八百多的自动喂食器倒是没犹豫"", ""value_yuan"": 800, ""type"": ""参考价""}, {""quote"": ""买了一台品牌咖啡机"", ""value_yuan"": null, ""type"": ""参考价""}]}",
belief_bench_v1_2026-07-13,ToC_Differentiation_Adult,草根老板,C3,5,17120,19846,411,success,,由报告锚点加权中位数及冻结 persona 变换确定性合成,"[{""quote"":""给猫买了八百多的自动喂食器倒是没犹豫"",""value_yuan"":800,""type"":""参考价""},{""quote"":""买了一台品牌咖啡机"",""value_yuan"":0,""type"":""参考价""}]","{""anchors"": [{""quote"": ""给猫买了八百多的自动喂食器倒是没犹豫"", ""value_yuan"": 800, ""type"": ""参考价""}, {""quote"": ""买了一台品牌咖啡机"", ""value_yuan"": null, ""type"": ""参考价""}]}",
belief_bench_v1_2026-07-13,ToC_Differentiation_Adult,草根老板,C3,6,17120,19846,457,success,,由报告锚点加权中位数及冻结 persona 变换确定性合成,"[{""quote"":""给猫买了八百多的自动喂食器倒是没犹豫"",""value_yuan"":800,""type"":""参考价""},{""quote"":""买了一台品牌咖啡机"",""value_yuan"":0,""type"":""参考价""}]","{""anchors"": [{""quote"": ""给猫买了八百多的自动喂食器倒是没犹豫"", ""value_yuan"": 800, ""type"": ""参考价""}, {""quote"": ""买了一台品牌咖啡机"", ""value_yuan"": null, ""type"": ""参考价""}]}",
belief_bench_v1_2026-07-13,ToC_Differentiation_Adult,草根老板,C3,8,17120,19846,,EXTRACTION_MISS,anchors array is empty,,[],"{""anchors"": []}",
belief_bench_v1_2026-07-13,ToC_Differentiation_Adult,草根老板,C3,7,17120,19846,752,success,,由报告锚点加权中位数及冻结 persona 变换确定性合成,"[{""quote"":""她买潮玩不看价格，但最近种草的那款落地灯犹豫了两周才下单；给猫买了八百多的自动喂食器倒是没犹豫。"",""value_yuan"":800,""type"":""参考价""}]","{""anchors"": [{""quote"": ""她买潮玩不看价格，但最近种草的那款落地灯犹豫了两周才下单；给猫买了八百多的自动喂食器倒是没犹豫。"", ""value_yuan"": 800, ""type"": ""参考价""}]}",
belief_bench_v1_2026-07-13,ToC_Differentiation_Adult,草根老板,C3,9,17120,19846,392,success,,由报告锚点加权中位数及冻结 persona 变换确定性合成,"[{""quote"":""给猫买了八百多的自动喂食器倒是没犹豫"",""value_yuan"":800,""type"":""参考价""},{""quote"":""最近买了一台品牌咖啡机"",""value_yuan"":0,""type"":""参考价""}]","{""anchors"": [{""quote"": ""给猫买了八百多的自动喂食器倒是没犹豫"", ""value_yuan"": 800, ""type"": ""参考价""}, {""quote"": ""最近买了一台品牌咖啡机"", ""value_yuan"": 0, ""type"": ""参考价""}]}",
belief_bench_v1_2026-07-13,ToC_Differentiation_Adult,草根老板,C3,10,17120,19846,369,success,,由报告锚点加权中位数及冻结 persona 变换确定性合成,"[{""quote"":""给猫买了八百多的自动喂食器倒是没犹豫"",""value_yuan"":800,""type"":""参考价""},{""quote"":""买了一台品牌咖啡机"",""value_yuan"":0,""type"":""参考价""}]","{""anchors"": [{""quote"": ""给猫买了八百多的自动喂食器倒是没犹豫"", ""value_yuan"": 800, ""type"": ""参考价""}, {""quote"": ""买了一台品牌咖啡机"", ""value_yuan"": null, ""type"": ""参考价""}]}",
belief_bench_v1_2026-07-13,ToC_Differentiation_Adult,职业经理人,C0_leaked,1,17120,19846,4500,success,,三位受访者均愿为差异化体验支付高溢价，且锚定报告示例区间上限，但考虑偷听焦虑和功能不确定性，取区间中上值。,,"{""estimated_wtp"": 4500, ""reasoning"": ""三位受访者均愿为差异化体验支付高溢价，且锚定报告示例区间上限，但考虑偷听焦虑和功能不确定性，取区间中上值。""}",
belief_bench_v1_2026-07-13,ToC_Differentiation_Adult,职业经理人,C0_leaked,3,17120,19846,4500,success,,三位受访者均愿为差异化体验支付溢价，且锚定高端品质，结合报告示例区间取中高位。,,"{""estimated_wtp"": 4500, ""reasoning"": ""三位受访者均愿为差异化体验支付溢价，且锚定高端品质，结合报告示例区间取中高位。""}",
belief_bench_v1_2026-07-13,ToC_Differentiation_Adult,职业经理人,C0_leaked,2,17120,19846,4500,success,,"三位受访者均愿为差异化体验支付溢价，且锚定报告示例区间[3000,5000]的高端，但需平衡高端定价与可感知价值。",,"{""estimated_wtp"": 4500, ""reasoning"": ""三位受访者均愿为差异化体验支付溢价，且锚定报告示例区间[3000,5000]的高端，但需平衡高端定价与可感知价值。""}",
belief_bench_v1_2026-07-13,ToC_Differentiation_Adult,职业经理人,C0_leaked,5,17120,19846,4500,success,,三位受访者均愿意为差异化体验支付溢价，且锚定报告示例范围，取中高端值以匹配其品质导向和独特性诉求。,,"{""estimated_wtp"": 4500, ""reasoning"": ""三位受访者均愿意为差异化体验支付溢价，且锚定报告示例范围，取中高端值以匹配其品质导向和独特性诉求。""}",
belief_bench_v1_2026-07-13,ToC_Differentiation_Adult,职业经理人,C0_leaked,4,17120,19846,4500,success,,三位受访者均愿为差异化体验支付溢价，锚定报告示例区间上限附近，且品质导向和独特性需求支撑高端定价。,,"{""estimated_wtp"": 4500, ""reasoning"": ""三位受访者均愿为差异化体验支付溢价，锚定报告示例区间上限附近，且品质导向和独特性需求支撑高端定价。""}",
belief_bench_v1_2026-07-13,ToC_Differentiation_Adult,职业经理人,C0_leaked,6,17120,19846,4500,success,,"三位受访者均愿为差异化体验支付溢价，锚定报告示例区间[3000,5000]且偏向高端，综合独特性、主动互动和陪伴需求取中上值4500。",,"{""estimated_wtp"": 4500, ""reasoning"": ""三位受访者均愿为差异化体验支付溢价，锚定报告示例区间[3000,5000]且偏向高端，综合独特性、主动互动和陪伴需求取中上值4500。""}",
belief_bench_v1_2026-07-13,ToC_Differentiation_Adult,职业经理人,C0_leaked,7,17120,19846,4500,success,,"三位受访者均愿为差异化体验支付溢价，且锚定高端品质与独特性，参考报告示例区间[3000,5000]及用户对‘值得’的高容忍度，取中上值4500元。",,"{""estimated_wtp"": 4500, ""reasoning"": ""三位受访者均愿为差异化体验支付溢价，且锚定高端品质与独特性，参考报告示例区间[3000,5000]及用户对‘值得’的高容忍度，取中上值4500元。""}",
belief_bench_v1_2026-07-13,ToC_Differentiation_Adult,职业经理人,C0_leaked,9,17120,19846,4500,success,,三位受访者均愿为差异化体验支付溢价且锚定高端品质，结合报告示例范围与高端站位倾向，取中上值4500元。,,"{""estimated_wtp"": 4500, ""reasoning"": ""三位受访者均愿为差异化体验支付溢价且锚定高端品质，结合报告示例范围与高端站位倾向，取中上值4500元。""}",
belief_bench_v1_2026-07-13,ToC_Differentiation_Adult,职业经理人,C0_leaked,10,17120,19846,4500,success,,三位受访者均愿为差异化体验支付溢价，且锚定报告示例范围，取中高端值以匹配其品质导向与独特性诉求。,,"{""estimated_wtp"": 4500, ""reasoning"": ""三位受访者均愿为差异化体验支付溢价，且锚定报告示例范围，取中高端值以匹配其品质导向与独特性诉求。""}",
belief_bench_v1_2026-07-13,ToC_Differentiation_Adult,职业经理人,C0_leaked,8,17120,19846,4500,success,,三位受访者均愿为差异化体验支付溢价，且锚定高端品质，结合报告示例区间与高端站位，取中上值4500元。,,"{""estimated_wtp"": 4500, ""reasoning"": ""三位受访者均愿为差异化体验支付溢价，且锚定高端品质，结合报告示例区间与高端站位，取中上值4500元。""}",
belief_bench_v1_2026-07-13,ToC_Differentiation_Adult,职业经理人,C0_clean,1,17120,19846,2500,success,,客户愿意为差异化体验支付溢价，锚定高端潮玩和品质家居，但需平衡独特性与可感知价值，避免过高价格抑制冲动决策。,,"{""estimated_wtp"": 2500, ""reasoning"": ""客户愿意为差异化体验支付溢价，锚定高端潮玩和品质家居，但需平衡独特性与可感知价值，避免过高价格抑制冲动决策。""}",
belief_bench_v1_2026-07-13,ToC_Differentiation_Adult,职业经理人,C0_clean,5,17120,19846,2500,success,,综合三份报告，客户愿为差异化、有生命感、主动互动的陪伴体验支付溢价，锚定高端潮玩和品质家居消费区间，但受限于技术信任和研发投入容忍度，合理定价在2000-3000元，取中值2500元。,,"{""estimated_wtp"": 2500, ""reasoning"": ""综合三份报告，客户愿为差异化、有生命感、主动互动的陪伴体验支付溢价，锚定高端潮玩和品质家居消费区间，但受限于技术信任和研发投入容忍度，合理定价在2000-3000元，取中值2500元。""}",
belief_bench_v1_2026-07-13,ToC_Differentiation_Adult,职业经理人,C0_clean,3,17120,19846,2500,success,,客群愿为差异化体验支付溢价，锚定高端潮玩与品质家居价位，但需平衡其价格敏感度与对主动互动、生命感的核心需求。,,"{""estimated_wtp"": 2500, ""reasoning"": ""客群愿为差异化体验支付溢价，锚定高端潮玩与品质家居价位，但需平衡其价格敏感度与对主动互动、生命感的核心需求。""}",
belief_bench_v1_2026-07-13,ToC_Differentiation_Adult,职业经理人,C0_clean,2,17120,19846,2500,success,,三位受访者均愿为差异化体验支付溢价，锚定报告中的潮玩、落地灯、咖啡机等高价消费，但需克服对技术的不信任和被动回应的反感，综合判断合理价位在2000-3000元区间，取中值2500元。,,"{""estimated_wtp"": 2500, ""reasoning"": ""三位受访者均愿为差异化体验支付溢价，锚定报告中的潮玩、落地灯、咖啡机等高价消费，但需克服对技术的不信任和被动回应的反感，综合判断合理价位在2000-3000元区间，取中值2500元。""}",
belief_bench_v1_2026-07-13,ToC_Differentiation_Adult,职业经理人,C0_clean,4,17120,19846,1500,success,,客群为追求品质与独特性的高收入白领，愿为差异化体验支付溢价，但需平衡其高期望与对技术不信任的风险，锚定高端潮玩与智能家居价格区间。,,"{""estimated_wtp"": 1500, ""reasoning"": ""客群为追求品质与独特性的高收入白领，愿为差异化体验支付溢价，但需平衡其高期望与对技术不信任的风险，锚定高端潮玩与智能家居价格区间。""}",
belief_bench_v1_2026-07-13,ToC_Differentiation_Adult,职业经理人,C0_clean,7,17120,19846,2500,success,,三位受访者均愿为差异化体验支付溢价，锚定高端潮玩与品质家居价格区间，结合其对主动互动和陪伴感的高价值感知，估计支付意愿在2000-3000元之间，取中值2500元。,,"{""estimated_wtp"": 2500, ""reasoning"": ""三位受访者均愿为差异化体验支付溢价，锚定高端潮玩与品质家居价格区间，结合其对主动互动和陪伴感的高价值感知，估计支付意愿在2000-3000元之间，取中值2500元。""}",
belief_bench_v1_2026-07-13,ToC_Differentiation_Adult,职业经理人,C0_clean,6,17120,19846,3500,success,,综合三位受访者愿为差异化体验支付溢价、品质导向且价格敏感度低，锚定高端潮玩和设计师家居价位，但考虑产品概念新且需降低信任门槛，取中高端区间。,,"{""estimated_wtp"": 3500, ""reasoning"": ""综合三位受访者愿为差异化体验支付溢价、品质导向且价格敏感度低，锚定高端潮玩和设计师家居价位，但考虑产品概念新且需降低信任门槛，取中高端区间。""}",
belief_bench_v1_2026-07-13,ToC_Differentiation_Adult,职业经理人,C0_clean,8,17120,19846,2500,success,,客户愿意为差异化体验支付溢价，锚定报告中的潮玩和品质消费数字，高端定位下可接受毛利高，但前期研发投入容忍度低，故设定在2500元。,,"{""estimated_wtp"": 2500, ""reasoning"": ""客户愿意为差异化体验支付溢价，锚定报告中的潮玩和品质消费数字，高端定位下可接受毛利高，但前期研发投入容忍度低，故设定在2500元。""}",
belief_bench_v1_2026-07-13,ToC_Differentiation_Adult,职业经理人,C0_clean,9,17120,19846,2500,success,,客群为高收入品质导向，愿为独特性、主动互动和陪伴感支付溢价，锚定报告中的潮玩和咖啡机消费水平，但技术信任度低限制了更高定价。,,"{""estimated_wtp"": 2500, ""reasoning"": ""客群为高收入品质导向，愿为独特性、主动互动和陪伴感支付溢价，锚定报告中的潮玩和咖啡机消费水平，但技术信任度低限制了更高定价。""}",
belief_bench_v1_2026-07-13,ToC_Differentiation_Adult,职业经理人,C0_clean,10,17120,19846,2500,success,,综合三位受访者愿为差异化体验支付溢价、对品质感和独特性的高期待，以及锚定报告中高端价格站位，估计支付意愿在2000-3000元区间，取中值2500元。,,"{""estimated_wtp"": 2500, ""reasoning"": ""综合三位受访者愿为差异化体验支付溢价、对品质感和独特性的高期待，以及锚定报告中高端价格站位，估计支付意愿在2000-3000元区间，取中值2500元。""}",
belief_bench_v1_2026-07-13,ToC_Differentiation_Adult,职业经理人,C1,3,17120,19846,1500,success,,用户愿为差异化体验支付溢价，但引文未提供具体数字，参考高端潮玩和设计师品牌价位，保守估计为1500元。,,"{""estimated_wtp"": 1500, ""reasoning"": ""用户愿为差异化体验支付溢价，但引文未提供具体数字，参考高端潮玩和设计师品牌价位，保守估计为1500元。""}","根据您的要求，以下是三份报告中所有与价格、预算、支付意愿相关的句子逐字引用：

**报告 1：ToC_Diff_Adult_P1**
- “我买潮玩不是因为便宜，而是因为做工和质感，别人没有的我才想要。”
- “她买潮玩不看价格，但最近种草的那款落地灯犹豫了两周才下单；给猫买了八百多的自动喂食器倒是没犹豫。”
- “购买驱动力是‘值得’，需要说清独特在哪，产品本身要有故事可讲。”
- “用户消费决策锚定在‘独特性’和‘品质感’上，愿为差异化体验支付更高价格，替代品比较心理驱动她追求‘别人没有’的产品。”
- “东西得有用，还得让我觉得舒服贴心。如果体验差，我宁愿多花点钱。”
- “如果体验差，我宁愿多花点钱换个好的”
- “但愿为差异化体验付溢价。”

**报告 2：ToC_Diff_Adult_P2**
- “愿意为差异化体验支付溢价。”
- “购买驱动力值得，体验可感知”
- “用户愿意为差异化体验支付溢价，核心诉求是‘不一样’和‘别人没有’。”
- “她不是价格敏感型，而是追求‘不一样’和‘别人没有’。核心诉求是‘体验可感知’和‘主动互动’，对材质、细节、生命感有高期待，愿意为独特性付溢价。”

**报告 3：ToC_Diff_Adult_P3**
- “中高收入，追求品质，愿为差异化体验支付溢价。”
- “她愿为这种‘不要关系负担’的陪伴支付溢价。”
- “她愿为‘不解决物理空旷但提供心理慰藉’的体验付费。”
- “她愿为‘不一样’的体验支付溢价。”
- “她对个人消费的态度是‘值得就花’，最近买了一台品牌咖啡机，也收藏了好几个设计师家居品牌。”
- “这是一个愿为更贴合自己生活体验的差异化价值付费、但前提是不能破坏边界感的个人用户。”"
belief_bench_v1_2026-07-13,ToC_Differentiation_Adult,职业经理人,C1,2,17120,19846,1500,success,,用户愿为差异化体验和品质感支付溢价，且对‘值得’的体验有较高预算弹性，参考报告中对高价产品（如八百多喂食器）的犹豫但最终购买行为，估计支付意愿在1500元左右。,,"{""estimated_wtp"": 1500, ""reasoning"": ""用户愿为差异化体验和品质感支付溢价，且对‘值得’的体验有较高预算弹性，参考报告中对高价产品（如八百多喂食器）的犹豫但最终购买行为，估计支付意愿在1500元左右。""}","根据您的要求，以下是三份报告中所有与价格、预算、支付意愿相关的句子逐字引用：

**报告 1：ToC_Diff_Adult_P1**
- “我买潮玩不是因为便宜，而是因为做工和质感，别人没有的我才想要。”
- “她买潮玩不看价格，但最近种草的那款落地灯犹豫了两周才下单；给猫买了八百多的自动喂食器倒是没犹豫。”
- “购买驱动力是‘值得’，需要说清独特在哪，产品本身要有故事可讲。”
- “用户消费决策锚定在‘独特性’和‘品质感’上，愿为差异化体验支付更高价格，替代品比较心理驱动她追求‘别人没有’的产品。”
- “东西得有用，还得让我觉得舒服贴心。如果体验差，我宁愿多花点钱。”
- “如果体验差，我宁愿多花点钱换个好的”
- “但愿为差异化体验付溢价。”

**报告 2：ToC_Diff_Adult_P2**
- “用户消费决策基于具体维度上的明显差异，愿意为差异化体验支付溢价。”
- “购买驱动力值得，体验可感知”
- “用户愿意为差异化体验支付溢价，核心诉求是‘不一样’和‘别人没有’。”
- “她愿意为独特性付溢价。”
- “她不是价格敏感型，而是追求‘不一样’和‘别人没有’。”
- “愿意为独特性付溢价。”

**报告 3：ToC_Diff_Adult_P3**
- “愿为差异化体验支付溢价。”
- “她愿为这种‘不要关系负担’的陪伴支付溢价。”
- “她愿为‘不解决物理空旷但提供心理慰藉’的体验付费。”
- “她愿为‘不一样’的体验支付溢价。”
- “她对个人消费的态度是'值得就花'”"
belief_bench_v1_2026-07-13,ToC_Differentiation_Adult,职业经理人,C1,1,17120,19846,5000,success,,用户愿为差异化体验支付溢价且非价格敏感，参考其购买800元喂食器不犹豫及收藏设计师品牌的行为，估计支付意愿较高。,,"{""estimated_wtp"": 5000, ""reasoning"": ""用户愿为差异化体验支付溢价且非价格敏感，参考其购买800元喂食器不犹豫及收藏设计师品牌的行为，估计支付意愿较高。""}","根据您的要求，以下是三份报告中所有与价格、预算、支付意愿相关的句子逐字引用：

**报告 1：ToC_Diff_Adult_P1**
- “我买潮玩不是因为便宜，而是因为做工和质感，别人没有的我才想要。”
- “她买潮玩不看价格，但最近种草的那款落地灯犹豫了两周才下单；给猫买了八百多的自动喂食器倒是没犹豫。”
- “购买驱动力是‘值得’，需要说清独特在哪，产品本身要有故事可讲。”
- “用户消费决策锚定在‘独特性’和‘品质感’上，愿为差异化体验支付更高价格，替代品比较心理驱动她追求‘别人没有’的产品。”
- “东西得有用，还得让我觉得舒服贴心。如果体验差，我宁愿多花点钱。”
- “如果体验差，我宁愿多花点钱换个好的”
- “但愿为差异化体验付溢价。”

**报告 2：ToC_Diff_Adult_P2**
- “用户消费决策基于具体维度上的明显差异，愿意为差异化体验支付溢价。”
- “购买驱动力值得，体验可感知”
- “用户愿意为差异化体验支付溢价，核心诉求是‘不一样’和‘别人没有’。”
- “她不是价格敏感型，而是追求‘不一样’和‘别人没有’。核心诉求是‘体验可感知’和‘主动互动’，对材质、细节、生命感有高期待，愿意为独特性付溢价。”

**报告 3：ToC_Diff_Adult_P3**
- “中高收入，追求品质，愿为差异化体验支付溢价。”
- “她愿为这种‘不要关系负担’的陪伴支付溢价。”
- “愿为‘不解决物理空旷但提供心理慰藉’的体验付费。”
- “她愿为‘不一样’的体验支付溢价。”
- “她对个人消费的态度是‘值得就花’，最近买了一台品牌咖啡机，也收藏了好几个设计师家居品牌。”
- “这是一个愿为更贴合自己生活体验的差异化价值付费、但前提是不能破坏边界感的个人用户。”"
belief_bench_v1_2026-07-13,ToC_Differentiation_Adult,职业经理人,C1,5,17120,19846,1500,success,,用户普遍愿为差异化体验和独特性支付溢价，且存在‘值得就花’和‘用得久比便宜重要’的倾向，结合高端定位，估计支付意愿在1500元左右。,,"{""estimated_wtp"": 1500, ""reasoning"": ""用户普遍愿为差异化体验和独特性支付溢价，且存在‘值得就花’和‘用得久比便宜重要’的倾向，结合高端定位，估计支付意愿在1500元左右。""}","根据您的要求，以下是三份报告中所有与价格、预算、支付意愿相关的句子逐字引用：

**报告 1：ToC_Diff_Adult_P1**
- “我买潮玩不是因为便宜，而是因为做工和质感，别人没有的我才想要。”
- “她买潮玩不看价格，但最近种草的那款落地灯犹豫了两周才下单；给猫买了八百多的自动喂食器倒是没犹豫。”
- “购买驱动力是‘值得’”
- “愿为独特性付溢价”
- “愿为差异化体验支付更高价格”
- “东西得有用，还得让我觉得舒服贴心。如果体验差，我宁愿多花点钱。”
- “如果体验差，我宁愿多花点钱换个好的”
- “但愿为差异化体验付溢价”

**报告 2：ToC_Diff_Adult_P2**
- “愿意为差异化体验支付溢价”
- “购买驱动力值得”
- “愿意为独特性付溢价”
- “好东西值得花钱，用得久比便宜重要”
- “用户愿意为差异化体验支付溢价”
- “愿意为差异化体验付溢价”
- “愿意为独特性付溢价”

**报告 3：ToC_Diff_Adult_P3**
- “愿为差异化体验支付溢价”
- “愿为有温度的互动”
- “她愿为这种‘不要关系负担’的陪伴支付溢价”
- “愿为‘不解决物理空旷但提供心理慰藉’的体验付费”
- “愿为‘不一样’的体验支付溢价”
- “值得就花”
- “愿为更贴合自己生活体验的差异化价值付费”"
belief_bench_v1_2026-07-13,ToC_Differentiation_Adult,职业经理人,C1,4,17120,19846,5000,success,,用户愿为差异化体验付溢价且非价格敏感，但高端定位下可接受毛利高，参考高端潮玩和设计师家居价位，估计支付意愿为5000元。,,"{""estimated_wtp"": 5000, ""reasoning"": ""用户愿为差异化体验付溢价且非价格敏感，但高端定位下可接受毛利高，参考高端潮玩和设计师家居价位，估计支付意愿为5000元。""}","根据您的要求，以下是三份报告中所有与价格、预算、支付意愿相关的句子的逐字引用：

**报告 1：ToC_Diff_Adult_P1**
- “我买潮玩不是因为便宜，而是因为做工和质感，别人没有的我才想要。”
- “她买潮玩不看价格，但最近种草的那款落地灯犹豫了两周才下单；给猫买了八百多的自动喂食器倒是没犹豫。”
- “购买驱动力是‘值得’，需要说清独特在哪，产品本身要有故事可讲。”
- “用户消费决策锚定在‘独特性’和‘品质感’上，愿为差异化体验支付更高价格，替代品比较心理驱动她追求‘别人没有’的产品。”
- “东西得有用，还得让我觉得舒服贴心。如果体验差，我宁愿多花点钱。”
- “如果体验差，我宁愿多花点钱换个好的”
- “但愿为差异化体验付溢价。”

**报告 2：ToC_Diff_Adult_P2**
- “用户消费决策基于具体维度上的明显差异，愿意为差异化体验支付溢价。”
- “购买驱动力值得，体验可感知”
- “不能只是参数上好，要看具体维度上有明显差异。”
- “受访者消费态度是‘自己买自己用’，愿意为独特性付溢价。”
- “她认为好东西值得花钱，用得久比便宜重要。”
- “用户愿意为差异化体验支付溢价，核心诉求是‘不一样’和‘别人没有’。”
- “受访者是典型的品质/体验导向消费者，愿意为差异化体验付溢价。”
- “她不是价格敏感型，而是追求‘不一样’和‘别人没有’。”
- “核心诉求是‘体验可感知’和‘主动互动’，对材质、细节、生命感有高期待，愿意为独特性付溢价。”

**报告 3：ToC_Diff_Adult_P3**
- “中高收入，追求品质，愿为差异化体验支付溢价。”
- “她愿为这种‘不要关系负担’的陪伴支付溢价。”
- “愿为‘不解决物理空旷但提供心理慰藉’的体验付费。”
- “她愿为‘不一样’的体验支付溢价。”
- “她对个人消费的态度是‘值得就花’，最近买了一台品牌咖啡机，也收藏了好几个设计师家居品牌。”
- “这是一个愿为更贴合自己生活体验的差异化价值付费、但前提是不能破坏边界感的个人用户。”"
belief_bench_v1_2026-07-13,ToC_Differentiation_Adult,职业经理人,C1,6,17120,19846,1500,success,,用户愿为差异化体验支付溢价，且对高价决策犹豫但为‘值得’可接受高价位，参考落地灯犹豫两周但最终购买，估计支付意愿在1000-2000元区间，取中上值1500元。,,"{""estimated_wtp"": 1500, ""reasoning"": ""用户愿为差异化体验支付溢价，且对高价决策犹豫但为‘值得’可接受高价位，参考落地灯犹豫两周但最终购买，估计支付意愿在1000-2000元区间，取中上值1500元。""}","根据您的要求，以下是三份报告中所有与价格、预算、支付意愿相关的句子逐字引用：

**报告 1：ToC_Diff_Adult_P1**
- “我买潮玩不是因为便宜，而是因为做工和质感，别人没有的我才想要。”
- “她买潮玩不看价格，但最近种草的那款落地灯犹豫了两周才下单；给猫买了八百多的自动喂食器倒是没犹豫。”
- “购买驱动力是‘值得’，需要说清独特在哪，产品本身要有故事可讲。”
- “用户消费决策锚定在‘独特性’和‘品质感’上，愿为差异化体验支付更高价格，替代品比较心理驱动她追求‘别人没有’的产品。”
- “东西得有用，还得让我觉得舒服贴心。如果体验差，我宁愿多花点钱。”
- “如果体验差，我宁愿多花点钱换个好的”
- “但愿为差异化体验付溢价。”

**报告 2：ToC_Diff_Adult_P2**
- “用户消费决策基于具体维度上的明显差异，愿意为差异化体验支付溢价。”
- “购买驱动力值得，体验可感知”
- “用户愿意为差异化体验支付溢价，核心诉求是‘不一样’和‘别人没有’。”
- “她不是价格敏感型，而是追求‘不一样’和‘别人没有’。核心诉求是‘体验可感知’和‘主动互动’，对材质、细节、生命感有高期待，愿意为独特性付溢价。”

**报告 3：ToC_Diff_Adult_P3**
- “愿为差异化体验支付溢价。”
- “她愿为这种‘不要关系负担’的陪伴支付溢价。”
- “用户对‘陪伴’需求不是功能性任务，而是缓解情绪压力的存在，在固定时间尤为突出，愿为‘不解决物理空旷但提供心理慰藉’的体验付费。”
- “用户对‘差异化’期待是产品有颜值、有质感、有故事，而非参数堆砌，她愿为‘不一样’的体验支付溢价。”
- “她对个人消费的态度是'值得就花'”"
belief_bench_v1_2026-07-13,ToC_Differentiation_Adult,职业经理人,C2_low,1,17120,19846,1200,success,,客群愿为差异化体验支付溢价，锚定高端价格站位，且报告显示用户对800元同类产品无价格敏感，但需高于此价以体现独特性。,,"{""estimated_wtp"": 1200, ""reasoning"": ""客群愿为差异化体验支付溢价，锚定高端价格站位，且报告显示用户对800元同类产品无价格敏感，但需高于此价以体现独特性。""}",
belief_bench_v1_2026-07-13,ToC_Differentiation_Adult,职业经理人,C2_low,2,17120,19846,1200,success,,客群愿为差异化体验支付溢价，报告显示其购买决策锚定在独特性与品质感，且对800元同类产品无价格敏感，结合高端定位和利润优先目标，可接受更高定价。,,"{""estimated_wtp"": 1200, ""reasoning"": ""客群愿为差异化体验支付溢价，报告显示其购买决策锚定在独特性与品质感，且对800元同类产品无价格敏感，结合高端定位和利润优先目标，可接受更高定价。""}",
belief_bench_v1_2026-07-13,ToC_Differentiation_Adult,职业经理人,C2_low,3,17120,19846,1500,success,,综合三位受访者愿为差异化体验、品质感和主动互动支付溢价的倾向，以及市场参考价800元，估计支付意愿为1500元。,,"{""estimated_wtp"": 1500, ""reasoning"": ""综合三位受访者愿为差异化体验、品质感和主动互动支付溢价的倾向，以及市场参考价800元，估计支付意愿为1500元。""}",
belief_bench_v1_2026-07-13,ToC_Differentiation_Adult,职业经理人,C2_low,4,17120,19846,1200,success,,客群愿为差异化体验支付溢价，且调研显示对800元同类产品无价格敏感，故锚定高端定位，估计支付意愿高于市场均价。,,"{""estimated_wtp"": 1200, ""reasoning"": ""客群愿为差异化体验支付溢价，且调研显示对800元同类产品无价格敏感，故锚定高端定位，估计支付意愿高于市场均价。""}",
belief_bench_v1_2026-07-13,ToC_Differentiation_Adult,职业经理人,C1,7,17120,19846,3500,success,,用户愿为差异化体验和品质支付溢价，且中高收入、追求‘值得’消费，参考其购买800元喂食器不犹豫及咖啡机等行为，推断可接受3000-4000元区间。,,"{""estimated_wtp"": 3500, ""reasoning"": ""用户愿为差异化体验和品质支付溢价，且中高收入、追求‘值得’消费，参考其购买800元喂食器不犹豫及咖啡机等行为，推断可接受3000-4000元区间。""}","根据您的要求，以下是三份报告中所有与价格、预算、支付意愿相关的句子逐字引用：

**报告 1：ToC_Diff_Adult_P1**
- “我买潮玩不是因为便宜，而是因为做工和质感，别人没有的我才想要。”
- “她买潮玩不看价格，但最近种草的那款落地灯犹豫了两周才下单；给猫买了八百多的自动喂食器倒是没犹豫。”
- “购买驱动力是‘值得’，需要说清独特在哪，产品本身要有故事可讲。”
- “用户消费决策锚定在‘独特性’和‘品质感’上，愿为差异化体验支付更高价格，替代品比较心理驱动她追求‘别人没有’的产品。”
- “东西得有用，还得让我觉得舒服贴心。如果体验差，我宁愿多花点钱。”
- “如果体验差，我宁愿多花点钱换个好的”
- “但愿为差异化体验付溢价。”

**报告 2：ToC_Diff_Adult_P2**
- “用户消费决策基于具体维度上的明显差异，愿意为差异化体验支付溢价。”
- “购买驱动力值得，体验可感知”
- “她消费态度是‘自己买自己用’，愿意为独特性付溢价。”
- “她认为好东西值得花钱，用得久比便宜重要。”
- “��户愿意为差异化体验支付溢价，核心诉求是‘不一样’和‘别人没有’。”
- “她不是价格敏感型，而是追求‘不一样’和‘别人没有’。”
- “愿意为独特性付溢价。”

**报告 3：ToC_Diff_Adult_P3**
- “中高收入，追求品质，愿为差异化体验支付溢价。”
- “她愿为这种‘不要关系负担’的陪伴支付溢价。”
- “她愿为‘不解决物理空旷但提供心理慰藉’的体验付费。”
- “她愿为‘不一样’的体验支付溢价。”
- “她对个人消费的态度是‘值得就花’，最近买了一台品牌咖啡机，也收藏了好几个设计师家居品牌。”
- “这是一个愿为更贴合自己生活体验的差异化价值付费、但前提是不能破坏边界感的个人用户。”"
belief_bench_v1_2026-07-13,ToC_Differentiation_Adult,职业经理人,C2_low,5,17120,19846,1200,success,,客户愿意为差异化体验支付溢价，且报告显示其购买决策锚定在独特性与品质感上，高于市场常见定价800元。,,"{""estimated_wtp"": 1200, ""reasoning"": ""客户愿意为差异化体验支付溢价，且报告显示其购买决策锚定在独特性与品质感上，高于市场常见定价800元。""}",
belief_bench_v1_2026-07-13,ToC_Differentiation_Adult,职业经理人,C1,9,17120,19846,3500,success,,用户愿为差异化体验支付溢价且非价格敏感，但需平衡高端定位与低研发投入容忍度，锚定高端价格带中位值。,,"{""estimated_wtp"": 3500, ""reasoning"": ""用户愿为差异化体验支付溢价且非价格敏感，但需平衡高端定位与低研发投入容忍度，锚定高端价格带中位值。""}","根据您的要求，以下是三份报告中所有与价格、预算、支付意愿相关的句子逐字引用：

**报告 1：ToC_Diff_Adult_P1**
- “我买潮玩不是因为便宜，而是因为做工和质感，别人没有的我才想要。”
- “她买潮玩不看价格，但最近种草的那款落地灯犹豫了两周才下单；给猫买了八百多的自动喂食器倒是没犹豫。”
- “购买驱动力是‘值得’，需要说清独特在哪，产品本身要有故事可讲。”
- “用户消费决策锚定在‘独特性’和‘品质感’上，愿为差异化体验支付更高价格，替代品比较心理驱动她追求‘别人没有’的产品。”
- “东西得有用，还得让我觉得舒服贴心。如果体验差，我宁愿多花点钱。”
- “如果体验差，我宁愿多花点钱换个好的”
- “但愿为差异化体验付溢价。”

**报告 2：ToC_Diff_Adult_P2**
- “用户消费决策基于具体维度上的明显差异，愿意为差异化体验支付溢价。”
- “购买驱动力值得，体验可感知”
- “不能只是参数上好，要看具体维度上有明显差异。”
- “受访者消费态度是‘自己买自己用’，愿意为独特性付溢价。她认为好东西值得花钱，用得久比便宜重要。”
- “用户愿意为差异化体验支付溢价，核心诉求是‘不一样’和‘别人没有’。”
- “她不是价格敏感型，而是追求‘不一样’和‘别人没有’。核心诉求是‘体验可感知’和‘主动互动’，对材质、细节、生命感有高期待，愿意为独特性付溢价。”

**报告 3：ToC_Diff_Adult_P3**
- “中高收入，追求品质，愿为差异化体验支付溢价。”
- “她愿为这种‘不要关系负担’的陪伴支付溢价。”
- “愿为‘不解决物理空旷但提供心理慰藉’的体验付费。”
- “她愿为‘不一样’的体验支付溢价。”
- “她对个人消费的态度是‘值得就花’，最近买了一台品牌咖啡机，也收藏了好几个设计师家居品牌。”
- “这是一个愿为更贴合自己生活体验的差异化价值付费、但前提是不能破坏边界感的个人用户。”"
belief_bench_v1_2026-07-13,ToC_Differentiation_Adult,职业经理人,C1,10,17120,19846,1500,success,,用户多次强调愿为差异化体验支付溢价，且对高品质、独特性有高容忍度，参考其购买八百元喂食器不犹豫的行为，估计支付意愿在1500元左右。,,"{""estimated_wtp"": 1500, ""reasoning"": ""用户多次强调愿为差异化体验支付溢价，且对高品质、独特性有高容忍度，参考其购买八百元喂食器不犹豫的行为，估计支付意愿在1500元左右。""}","以下是报告中所有与价格、预算、支付意愿相关的句子逐字引用：

**报告 1：ToC_Diff_Adult_P1**
- “我买潮玩不是因为便宜，而是因为做工和质感，别人没有的我才想要。”
- “她买潮玩不看价格，但最近种草的那款落地灯犹豫了两周才下单；给猫买了八百多的自动喂食器倒是没犹豫。”
- “购买驱动力是‘值得’，需要说清独特在哪，产品本身要有故事可讲。”
- “用户消费决策锚定在‘独特性’和‘品质感’上，愿为差异化体验支付更高价格”
- “如果体验差，我宁愿多花点钱。”
- “如果体验差，我宁愿多花点钱换个好的”
- “但愿为差异化体验付溢价。”

**报告 2：ToC_Diff_Adult_P2**
- “愿意为差异化体验支付溢价。”
- “购买驱动力值得，体验可感知”
- “愿意为独特性付溢价。”
- “好东西值得花钱，用得久比便宜重要。”
- “用户愿意为差异化体验支付溢价”
- “愿意为差异化体验付溢价。”
- “愿意为独特性付溢价。”

**报告 3：ToC_Diff_Adult_P3**
- “愿为差异化体验支付溢价。”
- “愿为有温度的互动。”
- “她愿为这种‘不要关系负担’的陪伴支付溢价。”
- “愿为‘不解决物理空旷但提供心理慰藉’的体验付费。”
- “愿为‘不一样’的体验支付溢价。”
- “她对个人消费的态度是‘值得就花’”
- “这是一个愿为更贴合自己生活体验的差异化价值付费”"
belief_bench_v1_2026-07-13,ToC_Differentiation_Adult,职业经理人,C1,8,17120,19846,3000,success,,用户愿为差异化体验和独特性支付溢价，且对品质和体验有高要求，参考其购买咖啡机和设计师家居的消费习惯，定价可对标高端消费品。,,"{""estimated_wtp"": 3000, ""reasoning"": ""用户愿为差异化体验和独特性支付溢价，且对品质和体验有高要求，参考其购买咖啡机和设计师家居的消费习惯，定价可对标高端消费品。""}","根据您的要求，以下是三份报告中所有与价格、预算、支付意愿相关的句子逐字引用：

**报告 1：ToC_Diff_Adult_P1**
- “我买潮玩不是因为便宜，而是因为做工和质感，别人没有的我才想要。”
- “她买潮玩不看价格，但最近种草的那款落地灯犹豫了两周才下单；给猫买了八百多的自动喂食器倒是没犹豫。”
- “购买驱动力是‘值得’，需要说清独特在哪，产品本身要有故事可讲。”
- “用户消费决策锚定在‘独特性’和‘品质感’上，愿为差异化体验支付更高价格，替代品比较心理驱动她追求‘别人没有’的产品。”
- “东西得有用，还得让我觉得舒服贴心。如果体验差，我宁愿多花点钱。”
- “如果体验差，我宁愿多花点钱换个好的”
- “但愿为差异化体验付溢价。”

**报告 2：ToC_Diff_Adult_P2**
- “用户消费决策基于具体维度上的明显差异，愿意为差异化体验支付溢价。”
- “购买驱动力值得，体验可感知”
- “不能只是参数上好，要看具体维度上有明显差异。”
- “受访者消费态度是‘自己买自己用’，愿意为独特性付溢价。她认为好东西值得花钱，用得久比便宜重要。”
- “用户愿意为差异化体验支付溢价，核心诉求是‘不一样’和‘别人没有’。”
- “她不是价格敏感型，而是追求‘不一样’和‘别人没有’。核心诉求是‘体验可感知’和‘主动互动’，对材质、细节、生命感有高期待，愿意为独特性付溢价。”

**报告 3：ToC_Diff_Adult_P3**
- “愿为差异化体验支付溢价。”
- “她愿为这种‘不要关系负担’的陪伴支付溢价。”
- “愿为‘不解决物理空旷但提供心理慰藉’的体验付费。”
- “她愿为‘不一样’的体验支付溢价。”
- “她对个人消费的态度是‘值得就花’，最近买了一台品牌咖啡机，也收藏了好几个设计师家居品牌。”
- “这是一个愿为更贴合自己生活体验的差异化价值付费、但前提是不能破坏边界感的个人用户。”"
belief_bench_v1_2026-07-13,ToC_Differentiation_Adult,职业经理人,C2_low,6,17120,19846,1200,success,,客群愿意为差异化体验支付溢价，且市场常见定价800元，结合高端定位和高毛利容忍度，估计支付意愿为1200元。,,"{""estimated_wtp"": 1200, ""reasoning"": ""客群愿意为差异化体验支付溢价，且市场常见定价800元，结合高端定位和高毛利容忍度，估计支付意愿为1200元。""}",
belief_bench_v1_2026-07-13,ToC_Differentiation_Adult,职业经理人,C2_low,7,17120,19846,1200,success,,综合三位受访者愿为差异化体验支付溢价的倾向，以及市场定价800元作为锚点，估计该客群支付意愿在1200元左右。,,"{""estimated_wtp"": 1200, ""reasoning"": ""综合三位受访者愿为差异化体验支付溢价的倾向，以及市场定价800元作为锚点，估计该客群支付意愿在1200元左右。""}",
belief_bench_v1_2026-07-13,ToC_Differentiation_Adult,职业经理人,C2_low,8,17120,19846,1500,success,,三位受访者均愿为差异化体验支付溢价，且市场参考价800元偏低，结合其品质导向和高端站位倾向，估计支付意愿约1500元。,,"{""estimated_wtp"": 1500, ""reasoning"": ""三位受访者均愿为差异化体验支付溢价，且市场参考价800元偏低，结合其品质导向和高端站位倾向，估计支付意愿约1500元。""}",
belief_bench_v1_2026-07-13,ToC_Differentiation_Adult,职业经理人,C2_low,9,17120,19846,1200,success,,客户愿意为独特性、品质感和主动互动支付溢价，且调研显示其消费决策锚定在差异化体验上，高于市场常见定价800元。,,"{""estimated_wtp"": 1200, ""reasoning"": ""客户愿意为独特性、品质感和主动互动支付溢价，且调研显示其消费决策锚定在差异化体验上，高于市场常见定价800元。""}",
belief_bench_v1_2026-07-13,ToC_Differentiation_Adult,职业经理人,C2_low,10,17120,19846,1500,success,,三位受访者均愿为差异化体验支付溢价，且对品质和独特性要求高，参考其消费行为（如八百元喂食器不犹豫、潮玩收藏）及市场常见定价800元，可支撑1500元定价。,,"{""estimated_wtp"": 1500, ""reasoning"": ""三位受访者均愿为差异化体验支付溢价，且对品质和独特性要求高，参考其消费行为（如八百元喂食器不犹豫、潮玩收藏）及市场常见定价800元，可支撑1500元定价。""}",
belief_bench_v1_2026-07-13,ToC_Differentiation_Adult,职业经理人,C2_high,1,17120,19846,15000,success,,客群愿为差异化体验支付高溢价，且调研显示其购买决策锚定在独特性与品质感上，参考同类产品定价12000元，结合高端定位策略，可上浮至15000元。,,"{""estimated_wtp"": 15000, ""reasoning"": ""客群愿为差异化体验支付高溢价，且调研显示其购买决策锚定在独特性与品质感上，参考同类产品定价12000元，结合高端定位策略，可上浮至15000元。""}",
belief_bench_v1_2026-07-13,ToC_Differentiation_Adult,职业经理人,C2_high,2,17120,19846,15000,success,,客群愿为差异化体验支付溢价，且参考同类产品定价12000元，结合高支付意愿和高端定位，估计支付意愿为15000元。,,"{""estimated_wtp"": 15000, ""reasoning"": ""客群愿为差异化体验支付溢价，且参考同类产品定价12000元，结合高支付意愿和高端定位，估计支付意愿为15000元。""}",
belief_bench_v1_2026-07-13,ToC_Differentiation_Adult,职业经理人,C2_high,5,17120,19846,15000,success,,目标客群愿为差异化体验支付溢价，且报告显示其支付意愿高于市场常见定价的12000元。,,"{""estimated_wtp"": 15000, ""reasoning"": ""目标客群愿为差异化体验支付溢价，且报告显示其支付意愿高于市场常见定价的12000元。""}",
belief_bench_v1_2026-07-13,ToC_Differentiation_Adult,职业经理人,C2_high,3,17120,19846,15000,success,,基于客户愿意为差异化体验支付溢价、锚定高端价格站位，且市场同类产品定价12000元，结合高价值感知可上浮20%-30%至15000元。,,"{""estimated_wtp"": 15000, ""reasoning"": ""基于客户愿意为差异化体验支付溢价、锚定高端价格站位，且市场同类产品定价12000元，结合高价值感知可上浮20%-30%至15000元。""}",
belief_bench_v1_2026-07-13,ToC_Differentiation_Adult,职业经理人,C2_high,6,17120,19846,15000,success,,客户愿为差异化体验支付溢价，且高端定位可支撑高于市场均价的价格。,,"{""estimated_wtp"": 15000, ""reasoning"": ""客户愿为差异化体验支付溢价，且高端定位可支撑高于市场均价的价格。""}",
belief_bench_v1_2026-07-13,ToC_Differentiation_Adult,职业经理人,C2_high,4,17120,19846,15000,success,,客群愿为差异化体验支付溢价，锚定高端价格站位，参考同类市场定价12000元，结合高敏感独居白领等典型用户对独特性和品质感的支付意愿，可接受溢价约25%至15000元。,,"{""estimated_wtp"": 15000, ""reasoning"": ""客群愿为差异化体验支付溢价，锚定高端价格站位，参考同类市场定价12000元，结合高敏感独居白领等典型用户对独特性和品质感的支付意愿，可接受溢价约25%至15000元。""}",
belief_bench_v1_2026-07-13,ToC_Differentiation_Adult,职业经理人,C2_high,8,17120,19846,15000,success,,客群愿为差异化体验支付溢价，且高端定位可支撑高于市场均价的价格。,,"{""estimated_wtp"": 15000, ""reasoning"": ""客群愿为差异化体验支付溢价，且高端定位可支撑高于市场均价的价格。""}",
belief_bench_v1_2026-07-13,ToC_Differentiation_Adult,职业经理人,C2_high,7,17120,19846,15000,success,,目标客群愿为差异化体验支付溢价，且参考市场定价12000元，但客户对独特性和主动互动的高要求支撑更高定价。,,"{""estimated_wtp"": 15000, ""reasoning"": ""目标客群愿为差异化体验支付溢价，且参考市场定价12000元，但客户对独特性和主动互动的高要求支撑更高定价。""}",
belief_bench_v1_2026-07-13,ToC_Differentiation_Adult,职业经理人,C2_high,9,17120,19846,15000,success,,客户群体高度关注独特性与品质感，愿为差异化体验支付溢价，且调研显示其消费决策锚定在‘值得’而非价格对比，因此支付意愿可高于市场常见定价12000元。,,"{""estimated_wtp"": 15000, ""reasoning"": ""客户群体高度关注独特性与品质感，愿为差异化体验支付溢价，且调研显示其消费决策锚定在‘值得’而非价格对比，因此支付意愿可高于市场常见定价12000元。""}",
belief_bench_v1_2026-07-13,ToC_Differentiation_Adult,职业经理人,C3,2,17120,19846,0,success,,由报告锚点加权中位数及冻结 persona 变换确定性合成,"[{""quote"":""给猫买了八百多的自动喂食器倒是没犹豫"",""value_yuan"":800,""type"":""参考价""},{""quote"":""买了一台品牌咖啡机"",""value_yuan"":0,""type"":""参考价""}]","{""anchors"": [{""quote"": ""给猫买了八百多的自动喂食器倒是没犹豫"", ""value_yuan"": 800, ""type"": ""参考价""}, {""quote"": ""买了一台品牌咖啡机"", ""value_yuan"": null, ""type"": ""参考价""}]}",
belief_bench_v1_2026-07-13,ToC_Differentiation_Adult,职业经理人,C2_high,10,17120,19846,15000,success,,客群愿为差异化体验支付溢价，且锚定高端定位，参考市场价12000元，结合高敏感独居白领对主动互动和品质感的强烈需求，可接受溢价至15000元。,,"{""estimated_wtp"": 15000, ""reasoning"": ""客群愿为差异化体验支付溢价，且锚定高端定位，参考市场价12000元，结合高敏感独居白领对主动互动和品质感的强烈需求，可接受溢价至15000元。""}",
belief_bench_v1_2026-07-13,ToC_Differentiation_Adult,职业经理人,C3,4,17120,19846,0,success,,由报告锚点加权中位数及冻结 persona 变换确定性合成,"[{""quote"":""给猫买了八百多的自动喂食器倒是没犹豫"",""value_yuan"":800,""type"":""参考价""},{""quote"":""最近买了一台品牌咖啡机"",""value_yuan"":0,""type"":""参考价""}]","{""anchors"": [{""quote"": ""给猫买了八百多的自动喂食器倒是没犹豫"", ""value_yuan"": 800, ""type"": ""参考价""}, {""quote"": ""最近买了一台品牌咖啡机"", ""value_yuan"": 0, ""type"": ""参考价""}]}",
belief_bench_v1_2026-07-13,ToC_Differentiation_Adult,职业经理人,C3,1,17120,19846,800,success,,由报告锚点加权中位数及冻结 persona 变换确定性合成,"[{""quote"":""我买潮玩不是因为便宜，而是因为做工和质感，别人没有的我才想要。"",""value_yuan"":800,""type"":""参考价""},{""quote"":""给猫买了八百多的自动喂食器倒是没犹豫。"",""value_yuan"":800,""type"":""参考价""},{""quote"":""如果体验差，我宁愿多花点钱换个好的"",""value_yuan"":0,""type"":""参考价""}]","{""anchors"": [{""quote"": ""我买潮玩不是因为便宜，而是因为做工和质感，别人没有的我才想要。"", ""value_yuan"": 800, ""type"": ""参考价""}, {""quote"": ""给猫买了八百多的自动喂食器倒是没犹豫。"", ""value_yuan"": 800, ""type"": ""参考价""}, {""quote"": ""如果体验差，我宁愿多花点钱换个好的"", ""value_yuan"": 0, ""type"": ""参考价""}]}",
belief_bench_v1_2026-07-13,ToC_Differentiation_Adult,职业经理人,C3,3,17120,19846,0,success,,由报告锚点加权中位数及冻结 persona 变换确定性合成,"[{""quote"":""给猫买了八百多的自动喂食器倒是没犹豫"",""value_yuan"":800,""type"":""参考价""},{""quote"":""最近买了一台品牌咖啡机"",""value_yuan"":0,""type"":""参考价""}]","{""anchors"": [{""quote"": ""给猫买了八百多的自动喂食器倒是没犹豫"", ""value_yuan"": 800, ""type"": ""参考价""}, {""quote"": ""最近买了一台品牌咖啡机"", ""value_yuan"": null, ""type"": ""参考价""}]}",
belief_bench_v1_2026-07-13,ToC_Differentiation_Adult,职业经理人,C3,6,17120,19846,800,success,,由报告锚点加权中位数及冻结 persona 变换确定性合成,"[{""quote"":""她买潮玩不看价格，但最近种草的那款落地灯犹豫了两周才下单；给猫买了八百多的自动喂食器倒是没犹豫。"",""value_yuan"":800,""type"":""参考价""},{""quote"":""给猫买了八百多的自动喂食器倒是没犹豫。"",""value_yuan"":800,""type"":""参考价""}]","{""anchors"": [{""quote"": ""她买潮玩不看价格，但最近种草的那款落地灯犹豫了两周才下单；给猫买了八百多的自动喂食器倒是没犹豫。"", ""value_yuan"": 800, ""type"": ""参考价""}, {""quote"": ""给猫买了八百多的自动喂食器倒是没犹豫。"", ""value_yuan"": 800, ""type"": ""参考价""}]}",
belief_bench_v1_2026-07-13,ToC_Differentiation_Adult,职业经理人,C3,7,17120,19846,0,success,,由报告锚点加权中位数及冻结 persona 变换确定性合成,"[{""quote"":""给猫买了八百多的自动喂食器倒是没犹豫"",""value_yuan"":800,""type"":""参考价""},{""quote"":""最近买了一台品牌咖啡机"",""value_yuan"":0,""type"":""参考价""}]","{""anchors"": [{""quote"": ""给猫买了八百多的自动喂食器倒是没犹豫"", ""value_yuan"": 800, ""type"": ""参考价""}, {""quote"": ""最近买了一台品牌咖啡机"", ""value_yuan"": 0, ""type"": ""参考价""}]}",
belief_bench_v1_2026-07-13,ToC_Differentiation_Adult,职业经理人,C3,5,17120,19846,0,success,,由报告锚点加权中位数及冻结 persona 变换确定性合成,"[{""quote"":""她买潮玩不看价格，但最近种草的那款落地灯犹豫了两周才下单；给猫买了八百多的自动喂食器倒是没犹豫。"",""value_yuan"":800,""type"":""参考价""},{""quote"":""最近买了一台品牌咖啡机，也收藏了好几个设计师家居品牌。"",""value_yuan"":0,""type"":""参考价""}]","{""anchors"": [{""quote"": ""她买潮玩不看价格，但最近种草的那款落地灯犹豫了两周才下单；给猫买了八百多的自动喂食器倒是没犹豫。"", ""value_yuan"": 800, ""type"": ""参考价""}, {""quote"": ""最近买了一台品牌咖啡机，也收藏了好几个设计师家居品牌。"", ""value_yuan"": null, ""type"": ""参考价""}]}",
belief_bench_v1_2026-07-13,ToC_Differentiation_Adult,职业经理人,C3,9,17120,19846,0,success,,由报告锚点加权中位数及冻结 persona 变换确定性合成,"[{""quote"":""给猫买了八百多的自动喂食器倒是没犹豫"",""value_yuan"":800,""type"":""参考价""},{""quote"":""买了一台品牌咖啡机"",""value_yuan"":0,""type"":""参考价""}]","{""anchors"": [{""quote"": ""给猫买了八百多的自动喂食器倒是没犹豫"", ""value_yuan"": 800, ""type"": ""参考价""}, {""quote"": ""买了一台品牌咖啡机"", ""value_yuan"": null, ""type"": ""参考价""}]}",
belief_bench_v1_2026-07-13,ToC_Differentiation_Adult,职业经理人,C3,10,17120,19846,0,success,,由报告锚点加权中位数及冻结 persona 变换确定性合成,"[{""quote"":""给猫买了八百多的自动喂食器倒是没犹豫"",""value_yuan"":800,""type"":""参考价""},{""quote"":""最近买了一台品牌咖啡机，也收藏了好几个设计师家居品牌"",""value_yuan"":0,""type"":""参考价""}]","{""anchors"": [{""quote"": ""给猫买了八百多的自动喂食器倒是没犹豫"", ""value_yuan"": 800, ""type"": ""参考价""}, {""quote"": ""最近买了一台品牌咖啡机，也收藏了好几个设计师家居品牌"", ""value_yuan"": 0, ""type"": ""参考价""}]}",
belief_bench_v1_2026-07-13,ToC_Differentiation_Adult,职业经理人,C3,8,17120,19846,0,success,,由报告锚点加权中位数及冻结 persona 变换确定性合成,"[{""quote"":""她买潮玩不看价格，但最近种草的那款落地灯犹豫了两周才下单；给猫买了八百多的自动喂食器倒是没犹豫。"",""value_yuan"":800,""type"":""参考价""},{""quote"":""最近买了一台品牌咖啡机，也收藏了好几个设计师家居品牌。"",""value_yuan"":0,""type"":""参考价""}]","{""anchors"": [{""quote"": ""她买潮玩不看价格，但最近种草的那款落地灯犹豫了两周才下单；给猫买了八百多的自动喂食器倒是没犹豫。"", ""value_yuan"": 800, ""type"": ""参考价""}, {""quote"": ""最近买了一台品牌咖啡机，也收藏了好几个设计师家居品牌。"", ""value_yuan"": 0, ""type"": ""参考价""}]}",
belief_bench_v1_2026-07-13,ToB_Cost_Adult,二代接班人,C0_leaked,5,15445,18460,3000,success,,三位受访者均极度务实，核心诉求是'省人力、算回本'，对功能期待低且追求够好便宜，参考高端同类产品的支付意愿上限为3000元。,,"{""estimated_wtp"": 3000, ""reasoning"": ""三位受访者均极度务实，核心诉求是'省人力、算回本'，对功能期待低且追求够好便宜，参考高端同类产品的支付意愿上限为3000元。""}",
belief_bench_v1_2026-07-13,ToB_Cost_Adult,二代接班人,C0_leaked,2,15445,18460,3000,success,,客群极度务实且价格敏感，追求够好且便宜，核心是算清回本周期替代人力，参考高端同类产品但实际支付意愿接近区间下限。,,"{""estimated_wtp"": 3000, ""reasoning"": ""客群极度务实且价格敏感，追求够好且便宜，核心是算清回本周期替代人力，参考高端同类产品但实际支付意愿接近区间下限。""}",
belief_bench_v1_2026-07-13,ToB_Cost_Adult,二代接班人,C0_leaked,1,15445,18460,3000,success,,客群极度务实且价格敏感，追求'够好且便宜'，支付意愿参考高端同类产品下限3000元，但需通过省人力回本故事来支撑。,,"{""estimated_wtp"": 3000, ""reasoning"": ""客群极度务实且价格敏感，追求'够好且便宜'，支付意愿参考高端同类产品下限3000元，但需通过省人力回本故事来支撑。""}",
belief_bench_v1_2026-07-13,ToB_Cost_Adult,二代接班人,C0_leaked,4,15445,18460,3000,success,,客群极度务实、价格敏感，追求够好且便宜，参考高端同类产品支付意愿范围下限3000元，且需能算清回本周期。,,"{""estimated_wtp"": 3000, ""reasoning"": ""客群极度务实、价格敏感，追求够好且便宜，参考高端同类产品支付意愿范围下限3000元，且需能算清回本周期。""}",
belief_bench_v1_2026-07-13,ToB_Cost_Adult,二代接班人,C0_leaked,3,15445,18460,3000,success,,三位受访者均极度务实、价格敏感，追求'够好且便宜'，核心是替代人力并快速回本，高端定位与他们的成本控制逻辑冲突，因此支付意愿落在调研示例的下限附近。,,"{""estimated_wtp"": 3000, ""reasoning"": ""三位受访者均极度务实、价格敏感，追求'够好且便宜'，核心是替代人力并快速回本，高端定位与他们的成本控制逻辑冲突，因此支付意愿落在调研示例的下限附近。""}",
belief_bench_v1_2026-07-13,ToB_Cost_Adult,二代接班人,C0_leaked,6,15445,18460,2000,success,,客群极度务实、价格敏感，追求够好且便宜，核心参照是替代人力成本，但高端定位与低需求覆盖导致支付意愿低于示例下限。,,"{""estimated_wtp"": 2000, ""reasoning"": ""客群极度务实、价格敏感，追求够好且便宜，核心参照是替代人力成本，但高端定位与低需求覆盖导致支付意愿低于示例下限。""}",
belief_bench_v1_2026-07-13,ToB_Cost_Adult,二代接班人,C0_leaked,9,15445,18460,3000,success,,客群极度务实且价格敏感，决策逻辑围绕'替代人力'和'回本周期'，参考高端同类产品的高端站位与低核心需求覆盖，取示例范围下限3000元作为可接受的入门价位。,,"{""estimated_wtp"": 3000, ""reasoning"": ""客群极度务实且价格敏感，决策逻辑围绕'替代人力'和'回本周期'，参考高端同类产品的高端站位与低核心需求覆盖，取示例范围下限3000元作为可接受的入门价位。""}",
belief_bench_v1_2026-07-13,ToB_Cost_Adult,二代接班人,C0_leaked,8,15445,18460,3000,success,,客群极度务实且价格敏感，追求‘够好且便宜’，支付意愿锚定在替代人力成本的回本周期上，参考高端同类产品的高端站位与低核心需求覆盖，取调研示例下限3000元。,,"{""estimated_wtp"": 3000, ""reasoning"": ""客群极度务实且价格敏感，追求‘够好且便宜’，支付意愿锚定在替代人力成本的回本周期上，参考高端同类产品的高端站位与低核心需求覆盖，取调研示例下限3000元。""}",
belief_bench_v1_2026-07-13,ToB_Cost_Adult,二代接班人,C0_leaked,10,15445,18460,3000,success,,三位受访者均强调'够好且便宜'、'比现有方案便宜多少'是核心对比维度，且对功能期待低、追求稳定不添乱，因此支付意愿应落在示例范围的下限附近。,,"{""estimated_wtp"": 3000, ""reasoning"": ""三位受访者均强调'够好且便宜'、'比现有方案便宜多少'是核心对比维度，且对功能期待低、追求稳定不添乱，因此支付意愿应落在示例范围的下限附近。""}",
belief_bench_v1_2026-07-13,ToB_Cost_Adult,二代接班人,C0_leaked,7,15445,18460,2000,success,,三位受访者均极度价格敏感，反复强调'够用且便宜'、'比现有方案便宜多少'，且核心替代对象是人力成本（一台设备省一个人力），参考其对比的清洁耗材、节能热水器等低价采购习惯，高端定位（3000-5000）难以被接受，2000元是能触发'算得过来'心理的可行上限。,,"{""estimated_wtp"": 2000, ""reasoning"": ""三位受访者均极度价格敏感，反复强调'够用且便宜'、'比现有方案便宜多少'，且核心替代对象是人力成本（一台设备省一个人力），参考其对比的清洁耗材、节能热水器等低价采购习惯，高端定位（3000-5000）难以被接受，2000元是能触发'算得过来'心理的可行上限。""}",
belief_bench_v1_2026-07-13,ToB_Cost_Adult,二代接班人,C0_clean,1,15445,18460,8000,success,,客户极度务实，核心逻辑是'一台设备省一个人力'，参考人力成本约5000元/月，结合回本周期和'够好且便宜'的偏好，高端定位需控制在8000元左右以匹配其投入产出比计算。,,"{""estimated_wtp"": 8000, ""reasoning"": ""客户极度务实，核心逻辑是'一台设备省一个人力'，参考人力成本约5000元/月，结合回本周期和'够好且便宜'的偏好，高端定位需控制在8000元左右以匹配其投入产出比计算。""}",
belief_bench_v1_2026-07-13,ToB_Cost_Adult,二代接班人,C0_clean,2,15445,18460,5000,success,,三位受访者均强调‘一台设备省一个人力’的ROI逻辑，参考临时工日增200元、月省约6000元人力成本，结合‘够用且便宜’的务实态度和高端定位，支付意愿约5000元。,,"{""estimated_wtp"": 5000, ""reasoning"": ""三位受访者均强调‘一台设备省一个人力’的ROI逻辑，参考临时工日增200元、月省约6000元人力成本，结合‘够用且便宜’的务实态度和高端定位，支付意愿约5000元。""}",
belief_bench_v1_2026-07-13,ToB_Cost_Adult,二代接班人,C0_clean,4,15445,18460,5000,success,,客群极度务实，以替代人力为购买驱动力，按一台设备省一人力、一年省5-6万人力成本估算，回本周期需在1-2年内，且追求够好便宜，故支付意愿约5000元。,,"{""estimated_wtp"": 5000, ""reasoning"": ""客群极度务实，以替代人力为购买驱动力，按一台设备省一人力、一年省5-6万人力成本估算，回本周期需在1-2年内，且追求够好便宜，故支付意愿约5000元。""}",
belief_bench_v1_2026-07-13,ToB_Cost_Adult,二代接班人,C0_clean,6,15445,18460,8000,success,,三位受访者均以'替代一个人力'为核心计算逻辑，一台设备若能省下一名护理员年人力成本约8万，他们愿意接受约10%即8000元作为回本周期合理的采购价。,,"{""estimated_wtp"": 8000, ""reasoning"": ""三位受访者均以'替代一个人力'为核心计算逻辑，一台设备若能省下一名护理员年人力成本约8万，他们愿意接受约10%即8000元作为回本周期合理的采购价。""}",
belief_bench_v1_2026-07-13,ToB_Cost_Adult,二代接班人,C0_clean,5,15445,18460,5000,success,,三位受访者均以'替代一个人力'为决策锚点，参考临时工日薪200元、年省7万，但受限于'够用且便宜'和审批流程，支付意愿约为年节省的7%-10%，即5000元左右。,,"{""estimated_wtp"": 5000, ""reasoning"": ""三位受访者均以'替代一个人力'为决策锚点，参考临时工日薪200元、年省7万，但受限于'够用且便宜'和审批流程，支付意愿约为年节省的7%-10%，即5000元左右。""}",
belief_bench_v1_2026-07-13,ToB_Cost_Adult,二代接班人,C0_clean,8,15445,18460,2000,success,,客群极度务实，以替代人力成本为决策核心，参考高端同类产品但要求低成本，综合其'够用且便宜'和'一台设备省一个人力'的算法，支付意愿约为2000元。,,"{""estimated_wtp"": 2000, ""reasoning"": ""客群极度务实，以替代人力成本为决策核心，参考高端同类产品但要求低成本，综合其'够用且便宜'和'一台设备省一个人力'的算法，支付意愿约为2000元。""}",
belief_bench_v1_2026-07-13,ToB_Cost_Adult,二代接班人,C0_clean,7,15445,18460,1500,success,,客户极度务实，追求'够好且便宜'，核心是替代人力成本，一台设备省一个人力（年省约数万）但需快速回本，参考其'比现有方案便宜'和'够用就行'的决策逻辑，高端定位需下调至1500元才能触发采购意愿。,,"{""estimated_wtp"": 1500, ""reasoning"": ""客户极度务实，追求'够好且便宜'，核心是替代人力成本，一台设备省一个人力（年省约数万）但需快速回本，参考其'比现有方案便宜'和'够用就行'的决策逻辑，高端定位需下调至1500元才能触发采购意愿。""}",
belief_bench_v1_2026-07-13,ToB_Cost_Adult,二代接班人,C0_clean,3,15445,18460,2000,success,,客户极度务实，以‘省人力’为购买驱动力，一台设备省一人力（年成本约5万）且回本周期短，参考其‘够用且便宜’的决策逻辑，高端定位需控制在2000元以内才能通过审批。,,"{""estimated_wtp"": 2000, ""reasoning"": ""客户极度务实，以‘省人力’为购买驱动力，一台设备省一人力（年成本约5万）且回本周期短，参考其‘够用且便宜’的决策逻辑，高端定位需控制在2000元以内才能通过审批。""}",
belief_bench_v1_2026-07-13,ToB_Cost_Adult,二代接班人,C0_clean,9,15445,18460,3000,success,,三位受访者均极度务实，以'替代人力'和'回本周期'为决策核心，参考高端产品定价但要求够用且便宜，估计一台设备能替代月薪5000元护工的部分工作，按半年回本逻辑得出3000元。,,"{""estimated_wtp"": 3000, ""reasoning"": ""三位受访者均极度务实，以'替代人力'和'回本周期'为决策核心，参考高端产品定价但要求够用且便宜，估计一台设备能替代月薪5000元护工的部分工作，按半年回本逻辑得出3000元。""}",
belief_bench_v1_2026-07-13,ToB_Cost_Adult,二代接班人,C0_clean,10,15445,18460,2500,success,,三位受访者均强调'一个设备能省一个人力'，以临时工日薪200元、年工作250天计算，年省5万元，但要求'够好且便宜'且需快速回本，综合其成本敏感与高端定位矛盾，取半年回本周期即约2500元。,,"{""estimated_wtp"": 2500, ""reasoning"": ""三位受访者均强调'一个设备能省一个人力'，以临时工日薪200元、年工作250天计算，年省5万元，但要求'够好且便宜'且需快速回本，综合其成本敏感与高端定位矛盾，取半年回本周期即约2500元。""}",
belief_bench_v1_2026-07-13,ToB_Cost_Adult,二代接班人,C1,2,15445,18460,20000,success,,客户以替代人力成本为核心算账逻辑，一台设备省一个人力年支出约5-6万，按回本周期1-2年估算，支付意愿约2万元。,,"{""estimated_wtp"": 20000, ""reasoning"": ""客户以替代人力成本为核心算账逻辑，一台设备省一个人力年支出约5-6万，按回本周期1-2年估算，支付意愿约2万元。""}","以下是三份报告中与价格、预算、支付意愿相关的所有逐字引用：

**报告 1：ToB_Cost_Adult_P1**
- “我买东西先算账，看多久回本。一台设备省一个人力——他反复提这个算法。”
- “帮我省多少人力，多久回本，才能向上汇报。”
- “不追求最好，够用就行，别添乱。”
- “比现有方案便宜多少”是核心对比维度。
- “请乐队成本极高”“增加前台人力成本上涨”。
- “效果能量化，方便汇报。”

**报告 2：ToB_Cost_Adult_P2**
- “一个临时工一天就多花两百。”
- “帮我省多少人力。”
- “花了两千多修了个废铁。”
- “后续维护低”才值得采购。
- “够用就行。”
- “一个设备能省一个人力，一年能省出的人力成本，我心里有数。”
- “值不值，我就看它能不能替掉一个岗位。”
- “一台设备能省一个人力，投入产出比就划算。”

**报告 3：ToB_Cost_Adult_P3**
- “修一次两千，换一台两万，算下来不如早换。”
- “培训一次就要搭半天人力，太贵了。”
- “我得算清楚多久能回本，比现有方案便宜多少，才能向上汇报。”
- “买了用不上、堆仓库。”
- “请乐队成本极高，也不可持续。”
- “我算账很细，一个东西能用几年、每年省多少，我都会算。”
- “一台设备如果能省一个人力，他觉得‘算得过来就值得上报’。”
- “增加前台人力成本太高。”
- “维护成本低，还能算清账，我就愿意试。”
- “买多台单价能降的话，更好。”
- “多久回本”“比现有方案便宜多少”。
- “够好且便宜。”"
belief_bench_v1_2026-07-13,ToB_Cost_Adult,二代接班人,C1,1,15445,18460,20000,success,,客户以人力成本节省为核心决策逻辑，一台设备替代一个岗位（年人力成本约10万），按1-2年回本周期估算，支付意愿约2万元。,,"{""estimated_wtp"": 20000, ""reasoning"": ""客户以人力成本节省为核心决策逻辑，一台设备替代一个岗位（年人力成本约10万），按1-2年回本周期估算，支付意愿约2万元。""}","以下是三份报告中所有与价格、预算、支付意愿相关的句子逐字引用：

**报告 1：ToB_Cost_Adult_P1**

- “我买东西先算账，看多久回本。一台设备省一个人力——他反复提这个算法。”
- “有些东西我签个字就买了，有些得跟总部走流程，取决于金额和类别。”
- “帮我省多少人力，多久回本，才能向上汇报。”
- “不追求最好，够用就行，别添乱。”
- “比现有方案便宜多少”是核心对比维度。
- “请乐队成本极高”“增加前台人力成本上涨”。
- “效果能量化，方便汇报。”

**报告 2：ToB_Cost_Adult_P2**

- “一个临时工一天就多花两百。”
- “帮我省多少人力。”
- “花了两千多修了个废铁。”
- “后续维护低”才值得采购。
- “一个设备能省一个人力，一年能省出的人力成本，我心里有数。”
- “去年买过一套考勤终端，院长直接签了；后来要换中央空调控制系统，‘报告打到集团去了，等了两个月’。”
- “值不值，我就看它能不能替掉一个岗位。”
- “一台设备能省一个人力，投入产出比就划算。”

**报告 3：ToB_Cost_Adult_P3**

- “修一次两千，换一台两万，算下来不如早换。”
- “培训一次就要搭半天人力，太贵了。”
- “只要涉及系统级采购就得走总部审批流程，万一用不好就白花钱了。”
- “我得算清楚多久能回本，比现有方案便宜多少，才能向上汇报。”
- “买了用不上、堆仓库。”
- “请乐队成本极高，也不可持续。”
- “我算账很细，一个东西能用几年、每年省多少，我都会算。”
- “一台设备如果能省一个人力，他觉得‘算得过来就值得上报’。”
- “关键是能算清账、有成功案例。”
- “增加前台人力成本太高。”
- “维护成本低，还能算清账，我就愿意试。”
- “买多台单价能降的话，更好。”
- “多久回本”“比现有方案便宜多少”。
- “满意度量化”有明确要求，以便向上汇报。"
belief_bench_v1_2026-07-13,ToB_Cost_Adult,二代接班人,C1,3,15445,18460,2000,success,,客户以人力成本节省（年省一人力约5万）和回本周期为核心决策逻辑，且对高价系统级采购需总部审批，参考‘修一次两千，换一台两万’的对比，支付意愿上限约2000元，需低于人力月成本且能快速回本。,,"{""estimated_wtp"": 2000, ""reasoning"": ""客户以人力成本节省（年省一人力约5万）和回本周期为核心决策逻辑，且对高价系统级采购需总部审批，参考‘修一次两千，换一台两万’的对比，支付意愿上限约2000元，需低于人力月成本且能快速回本。""}","以下是从三份报告中逐字引用的、与价格、预算、支付意愿相关的所有句子：

**报告 1：ToB_Cost_Adult_P1**
- “我买东西先算账，看多久回本。一台设备省一个人力——他反复提这个算法。”
- “有些东西我签个字就买了，有些得跟总部走流程，取决于金额和类别。”
- “帮我省多少人力，多久回本，才能向上汇报。”
- “不追求最好，够用就行，别添乱。”
- “比现有方案便宜多少”是核心对比维度。
- “请乐队成本极高”“增加前台人力成本上涨”。
- “效果能量化，方便汇报。”

**报告 2：ToB_Cost_Adult_P2**
- “一个临时工一天就多花两百。”
- “帮我省多少人力。”
- “花了两千多修了个废铁。”
- “后续维护低才值得采购。”
- “一个设备能省一个人力，一年能省出的人力成本，我心里有数。”
- “去年买过一套考勤终端，院长直接签了；后来要换中央空调控制系统，‘报告打到集团去了，等了两个月’。”
- “值不值，我就看它能不能替掉一个岗位。”
- “一台设备能省一个人力，投入产出比就划算。”
- “需要成功案例。”

**报告 3：ToB_Cost_Adult_P3**
- “修一次两千，换一台两万，算下来不如早换。”
- “培训一次就要搭半天人力，太贵了。”
- “只要涉及系统级采购就得走总部审批流程，万一用不好就白花钱了。”
- “我得算清楚多久能回本，比现有方案便宜多少，才能向上汇报。”
- “买了用不上、堆仓库。”
- “请乐队成本极高，也不可持续。”
- “一台设备如果能省一个人力，我觉得‘算得过来就值得上报’。”
- “买多台单价能降的话，更好。”
- “多久回本”“比现有方案便宜多少”。
- “需要成功案例。”"
belief_bench_v1_2026-07-13,ToB_Cost_Adult,二代接班人,C1,5,15445,18460,20000,success,,客户以‘省一个人力’为核心计算回本，一台设备省一人力年成本约2万，且对前期投入容忍度高，参考高端定位，支付意愿约2万元。,,"{""estimated_wtp"": 20000, ""reasoning"": ""客户以‘省一个人力’为核心计算回本，一台设备省一人力年成本约2万，且对前期投入容忍度高，参考高端定位，支付意愿约2万元。""}","以下是三份报告中所有与价格、预算、支付意愿相关的逐字引用：

**报告 1：ToB_Cost_Adult_P1**

- “我买东西先算账，看多久回本。一台设备省一个人力——他反复提这个算法。”
- “帮我省多少人力，多久回本，才能向上汇报。”
- “不追求最好，够用就行，别添乱。”
- “后续维护低”
- “比现有方案便宜多少”
- “请乐队成本极高”
- “增加前台人力成本上涨”

**报告 2：ToB_Cost_Adult_P2**

- “太贵了，一个临时工一天就多花两百。”
- “核心是‘帮我省多少人力’”
- “花了两千多修了个废铁”
- “后续维护低”
- “一个设备能省一个人力，一年能省出的人力成本，我心里有数。”
- “值不值，我就看它能不能替掉一个岗位”
- “一台设备能省一个人力，投入产出比就划算”
- “需要成功案例”

**报告 3：ToB_Cost_Adult_P3**

- “修一次两千，换一台两万，算下来不如早换。”
- “培训一次就要搭半天人力，太贵了。”
- “只要涉及系统级采购就得走总部审批流程，万一用不好就白花钱了。”
- “我得算清楚多久能回本，比现有方案便宜多少，才能向上汇报。”
- “买了用不上、堆仓库”
- “请乐队成本极高，也不可持续”
- “我算账很细，一个东西能用几年、每年省多少，我都会算。”
- “一台设备如果能省一个人力，他觉得‘算得过来就值得上报’”
- “关键是能算清账、有成功案例”
- “增加前台人力成本太高”
- “维护成本低，还能算清账，我就愿意试”
- “买多台单价能降的话，更好”
- “多久回本”
- “比现有方案便宜多少”"
belief_bench_v1_2026-07-13,ToB_Cost_Adult,二代接班人,C1,4,15445,18460,2000,success,,客户核心逻辑是‘一台设备省一个人力’且‘回本周期’是决策关键，参考临时工日增200元、年人力成本约7万，设备需在一年内回本，同时客户对高端定位接受度低、追求‘够用就行’，因此支付意愿约2000元。,,"{""estimated_wtp"": 2000, ""reasoning"": ""客户核心逻辑是‘一台设备省一个人力’且‘回本周期’是决策关键，参考临时工日增200元、年人力成本约7万，设备需在一年内回本，同时客户对高端定位接受度低、追求‘够用就行’，因此支付意愿约2000元。""}","以下是从三份报告中逐字引用的、与价格、预算、支付意愿相关的所有句子：

**报告 1：ToB_Cost_Adult_P1**

- “我买东西先算账，看多久回本。一台设备省一个人力——他反复提这个算法。”
- “有些东西我签个字就买了，有些得跟总部走流程，取决于金额和类别。”
- “帮我省多少人力，多久回本，才能向上汇报。”
- “不追求最好，够用就行，别添乱。”
- “比现有方案便宜多少”是核心对比维度。
- “请乐队成本极高”“增加前台人力成本上涨”。
- “效果能量化，方便汇报。”
- “他反复强调‘算账’‘回本’‘替代人力’。”

**报告 2：ToB_Cost_Adult_P2**

- “一个临时工一天就多花两百。”
- “帮我省多少人力。”
- “花了两千多修了个废铁。”
- “后续维护低”才值得采购。
- “一个设备能省一个人力，一年能省出的人力成本，我心里有数。”
- “去年买过一套考勤终端，院长直接签了；后来要换中央空调控制系统，‘报告打到集团去了，等了两个月’。”
- “值不值，我就看它能不能替掉一个岗位。”
- “一台设备能省一个人力，投入产出比就划算。”
- “决策逻辑围绕‘帮我省多少人力’，一切采购先过‘回本周期’这一关。”
- “需要成功案例。”

**报告 3：ToB_Cost_Adult_P3**

- “修一次两千，换一台两万，算下来不如早换。”
- “培训一次就要搭半天人力，太贵了。”
- “只要涉及系统级采购就得走总部审批流程，万一用不好就白花钱了。”
- “我得算清楚多久能回本，比现有方案便宜多少，才能向上汇报。”
- “买了用不上、堆仓库。”
- “请乐队成本极高，也不可持续。”
- “一台设备如果能省一个人力，他觉得‘算得过来就值得上报’。”
- “关键是能算清账、有成功案例。”
- “增加前台人力成本太高。”
- “维护成本低，还能算清账，我就愿意试。”
- “买多台单价能降的话，更好。”
- “多久回本”“比现有方案便宜多少”。
- “需要‘能被看到’的增量价值。”"
belief_bench_v1_2026-07-13,ToB_Cost_Adult,二代接班人,C1,6,15445,18460,20000,success,,客群以人力成本节省为核心，一台设备省一人力（年成本约5-10万），设备寿命内回本逻辑支撑高端定价，参考高端同类产品定位。,,"{""estimated_wtp"": 20000, ""reasoning"": ""客群以人力成本节省为核心，一台设备省一人力（年成本约5-10万），设备寿命内回本逻辑支撑高端定价，参考高端同类产品定位。""}","以下是三份报告中与**价格、预算、支付意愿**相关的所有逐字引用：

**报告 1：ToB_Cost_Adult_P1**
- “我买东西先算账，看多久回本。一台设备省一个人力——他反复提这个算法。”
- “有些东西我签个字就买了，有些得跟总部走流程，取决于金额和类别。”
- “帮我省多少人力，多久回本，才能向上汇报。”
- “不追求最好，够用就行，别添乱。”
- “比现有方案便宜多少”是核心对比维度。
- “请乐队成本极高”“增加前台人力成本上涨”。
- “效果能量化，方便汇报。”

**报告 2：ToB_Cost_Adult_P2**
- “太贵了，一个临时工一天就多花两百。”
- “帮我省多少人力。”
- “花了两千多修了个废铁。”
- “后续维护低”才值得采购。
- “别折腾、别添乱。”
- “够用就行。”
- “一个设备能省一个人力，一年能省出的人力成本，我心里有数。”
- “去年买过一套考勤终端，院长直接签了；后来要换中央空调控制系统，‘报告打到集团去了，等了两个月’。”
- “值不值，我就看它能不能替掉一个岗位。”
- “一台设备能省一个人力，投入产出比就划算。”
- “需要成功案例。”

**报告 3：ToB_Cost_Adult_P3**
- “修一次两千，换一台两万，算下来不如早换。”
- “培训一次就要搭半天人力，太贵了。”
- “只要涉及系统级采购就得走总部审批流程，万一用不好就白花钱了。”
- “买了用不上、堆仓库。”
- “我得算清楚多久能回本，比现有方案便宜多少，才能向上汇报。”
- “请乐队成本极高，也不可持续。”
- “不是加预算买新东西。”
- “我算账很细，一个东西能用几年、每年省多少，我都会算。”
- “一台设备如果能省一个人力，他觉得‘算得过来就值得上报’。”
- “关键是能算清账、有成功案例。”
- “增加前台人力成本太高。”
- “维护成本低，还能算清账，我就愿意试。”
- “买多台单价能降的话，更好。”
- “多久回本”“比现有方案便宜多少”。"
belief_bench_v1_2026-07-13,ToB_Cost_Adult,二代接班人,C2_low,2,15445,18460,600,success,,客户极度成本敏感，追求'够好且便宜'，核心逻辑是'一台设备省一个人力'，参考同类产品800元定价，需低于此价并匹配其回本周期预期。,,"{""estimated_wtp"": 600, ""reasoning"": ""客户极度成本敏感，追求'够好且便宜'，核心逻辑是'一台设备省一个人力'，参考同类产品800元定价，需低于此价并匹配其回本周期预期。""}",
belief_bench_v1_2026-07-13,ToB_Cost_Adult,二代接班人,C2_low,1,15445,18460,2000,success,,客户高度关注可感知价值和品牌信号，参考高端同类产品定价，且对前期投入容忍度高，但核心需求覆盖低即可，因此支付意愿高于市场常见定价800元，但需提供明确的投入产出比故事。,,"{""estimated_wtp"": 2000, ""reasoning"": ""客户高度关注可感知价值和品牌信号，参考高端同类产品定价，且对前期投入容忍度高，但核心需求覆盖低即可，因此支付意愿高于市场常见定价800元，但需提供明确的投入产出比故事。""}",
belief_bench_v1_2026-07-13,ToB_Cost_Adult,二代接班人,C2_low,4,15445,18460,600,success,,客户极度务实且价格敏感，反复强调'够用且便宜'、'比现有方案便宜多少'，参考同类产品800元，需显著低于此价才能触发采购决策。,,"{""estimated_wtp"": 600, ""reasoning"": ""客户极度务实且价格敏感，反复强调'够用且便宜'、'比现有方案便宜多少'，参考同类产品800元，需显著低于此价才能触发采购决策。""}",
belief_bench_v1_2026-07-13,ToB_Cost_Adult,二代接班人,C2_low,3,15445,18460,300,success,,三位受访者均极度务实、成本敏感，核心诉求是'够用且便宜'以替代人力，参考同类产品800元定价，结合其'比现有方案便宜多少'的对比逻辑和低功能期待，支付意愿显著低于市场均价。,,"{""estimated_wtp"": 300, ""reasoning"": ""三位受访者均极度务实、成本敏感，核心诉求是'够用且便宜'以替代人力，参考同类产品800元定价，结合其'比现有方案便宜多少'的对比逻辑和低功能期待，支付意愿显著低于市场均价。""}",
belief_bench_v1_2026-07-13,ToB_Cost_Adult,二代接班人,C1,8,15445,18460,2000,success,,客户以回本周期为决策核心，一台设备替代一个人力，按临时工日薪200元计算，约10个工作日回本，对应价格约2000元。,,"{""estimated_wtp"": 2000, ""reasoning"": ""客户以回本周期为决策核心，一台设备替代一个人力，按临时工日薪200元计算，约10个工作日回本，对应价格约2000元。""}","以下是从三份报告中逐字引用的所有与价格、预算、支付意愿相关的句子：

**报告 1：ToB_Cost_Adult_P1**
- “我买东西先算账，看多久回本。一台设备省一个人力——他反复提这个算法。”
- “帮我省多少人力，多久回本，才能向上汇报。”
- “不追求最好，够用就行，别添乱。”
- “比现有方案便宜多少”是核心对比维度。
- “他最近一次自行采购的是一批清洁耗材，走总部审批的是一套门禁升级方案。”
- “他常对比‘请乐队成本极高’‘增加前台人力成本上涨’。”
- “他反复强调‘算账’‘回本’‘替代人力’。”

**报告 2：ToB_Cost_Adult_P2**
- “一个临时工一天就多花两百。”
- “帮我省多少人力。”
- “花了两千多修了个废铁。”
- “后续维护低”才值得采购。
- “够用就行。”
- “一个设备能省一个人力，一年能省出的人力成本，我心里有数。”
- “去年买过一套考勤终端，院长直接签了；后来要换中央空调控制系统，‘报告打到集团去了，等了两个月’。”
- “值不值，我就看它能不能替掉一个岗位。”
- “一台设备能省一个人力，投入产出比就划算。”
- “一切采购先过‘回本周期’这一关。”

**报告 3：ToB_Cost_Adult_P3**
- “修一次两千，换一台两万，算下来不如早换。”
- “培训一次就要搭半天人力，太贵了。”
- “只要涉及系统级采购就得走总部审批流程，万一用不好就白花钱了。”
- “我得算清楚多久能回本，比现有方案便宜多少，才能向上汇报。”
- “买了用不上、堆仓库。”
- “请乐队成本极高，也不可持续。”
- “一台设备如果能省一个人力，他觉得‘算得过来就值得上报’。”
- “买多台单价能降的话，更好。”
- “多久回本”“比现有方案便宜多少”。
- “够好且便宜。”"
belief_bench_v1_2026-07-13,ToB_Cost_Adult,二代接班人,C1,7,15445,18460,20000,success,,客户反复强调‘一台设备省一个人力’和‘多久回本’，以年人力成本约10万元计，设备能替代一个岗位且回本周期在1-2年内，支付意愿可达2万元左右。,,"{""estimated_wtp"": 20000, ""reasoning"": ""客户反复强调‘一台设备省一个人力’和‘多久回本’，以年人力成本约10万元计，设备能替代一个岗位且回本周期在1-2年内，支付意愿可达2万元左右。""}","以下是三份报告中与价格、预算、支付意愿相关的所有逐字引用：

**报告 1：ToB_Cost_Adult_P1**
- “我买东西先算账，看多久回本。一台设备省一个人力——他反复提这个算法。”
- “帮我省多少人力，多久回本，才能向上汇报。”
- “不追求最好，够用就行，别添乱。”
- “比现有方案便宜多少”是核心对比维度。
- “请乐队成本极高”“增加前台人力成本上涨”。
- “效果能量化，方便汇报。”

**报告 2：ToB_Cost_Adult_P2**
- “太贵了，一个临时工一天就多花两百。”
- “帮我省多少人力。”
- “花了两千多修了个废铁。”
- “后续维护低”才值得采购。
- “一台设备能省一个人力，一年能省出的人力成本，我心里有数。”
- “值不值，我就看它能不能替掉一个岗位。”
- “一台设备能省一个人力，投入产出比就划算。”
- “需要成功案例。”

**报告 3：ToB_Cost_Adult_P3**
- “修一次两千，换一台两万，算下来不如早换。”
- “培训一次就要搭半天人力，太贵了。”
- “我得算清楚多久能回本，比现有方案便宜多少，才能向上汇报。”
- “买了用不上、堆仓库。”
- “请乐队成本极高，也不可持续。”
- “我算账很细，一个东西能用几年、每年省多少，我都会算。”
- “一台设备如果能省一个人力，他觉得‘算得过来就值得上报’。”
- “关键是能算清账、有成功案例。”
- “增加前台人力成本太高。”
- “维护成本低，还能算清账，我就愿意试。”
- “买多台单价能降的话，更好。”
- “多久回本”“比现有方案便宜多少”。"
belief_bench_v1_2026-07-13,ToB_Cost_Adult,二代接班人,C2_low,5,15445,18460,600,success,,客户极度务实，追求够用且便宜，核心逻辑是替代人力并快速回本，参考同类产品800元定价，但需低于此价并提供明确ROI故事。,,"{""estimated_wtp"": 600, ""reasoning"": ""客户极度务实，追求够用且便宜，核心逻辑是替代人力并快速回本，参考同类产品800元定价，但需低于此价并提供明确ROI故事。""}",
belief_bench_v1_2026-07-13,ToB_Cost_Adult,二代接班人,C2_low,6,15445,18460,300,success,,客户极度务实，追求够用且便宜，核心是替代人力成本，参考同类产品800元定价，结合其成本敏感和回本周期逻辑，支付意愿显著低于市场价。,,"{""estimated_wtp"": 300, ""reasoning"": ""客户极度务实，追求够用且便宜，核心是替代人力成本，参考同类产品800元定价，结合其成本敏感和回本周期逻辑，支付意愿显著低于市场价。""}",
belief_bench_v1_2026-07-13,ToB_Cost_Adult,二代接班人,C1,10,15445,18460,2000,success,,客户核心关注'省一个人力'和'多久回本'，一台设备省一个人力年省约2万，按回本周期1-2月估算，支付意愿约2000元。,,"{""estimated_wtp"": 2000, ""reasoning"": ""客户核心关注'省一个人力'和'多久回本'，一台设备省一个人力年省约2万，按回本周期1-2月估算，支付意愿约2000元。""}","以下是三份报告中所有与价格、预算、支付意愿相关的句子逐字引用：

**报告 1：ToB_Cost_Adult_P1**

- “我买东西先算账，看多久回本。一台设备省一个人力——他反复提这个算法。”
- “有些东西我签个字就买了，有些得跟总部走流程，取决于金额和类别。”
- “帮我省多少人力，多久回本，才能向上汇报。”
- “不追求最好，够用就行，别添乱。”
- “比现有方案便宜多少”是核心对比维度。
- “请乐队成本极高”“增加前台人力成本上涨”。
- “效果能量化，方便汇报。”

**报告 2：ToB_Cost_Adult_P2**

- “太贵了，一个临时工一天就多花两百。”
- “帮我省多少人力。”
- “花了两千多修了个废铁。”
- “后续维护低”才值得采购。
- “一个设备能省一个人力，一年能省出的人力成本，我心里有数。”
- “去年买过一套考勤终端，院长直接签了；后来要换中央空调控制系统，‘报告打到集团去了，等了两个月’。”
- “值不值，我就看它能不能替掉一个岗位。”
- “一台设备能省一个人力，投入产出比就划算。”

**报告 3：ToB_Cost_Adult_P3**

- “修一次两千，换一台两万，算下来不如早换。”
- “培训一次就要搭半天人力，太贵了。”
- “只要涉及系统级采购就得走总部审批流程，万一用不好就白花钱了。”
- “我得算清楚多久能回本，比现有方案便宜多少，才能向上汇报。”
- “买了用不上、堆仓库。”
- “请乐队成本极高，也不可持续。”
- “一台设备如果能省一个人力，他觉得‘算得过来就值得上报’。”
- “增加前台人力成本太高。”
- “买多台单价能降的话，更好。”
- “多久回本”“比现有方案便宜多少”。"
belief_bench_v1_2026-07-13,ToB_Cost_Adult,二代接班人,C2_low,8,15445,18460,500,success,,客户极度务实，追求够好且便宜，核心是替代人力成本，参考同类产品800元定价，但客户对价格敏感且需快速回本，估计支付意愿低于市场价。,,"{""estimated_wtp"": 500, ""reasoning"": ""客户极度务实，追求够好且便宜，核心是替代人力成本，参考同类产品800元定价，但客户对价格敏感且需快速回本，估计支付意愿低于市场价。""}",
belief_bench_v1_2026-07-13,ToB_Cost_Adult,二代接班人,C2_low,7,15445,18460,600,success,,客户极度务实、成本导向，追求'够好且便宜'，核心是替代人力并快速回本，参考同类产品定价800元，但客户对价格敏感且要求低于现有方案，因此估计支付意愿低于市场均价。,,"{""estimated_wtp"": 600, ""reasoning"": ""客户极度务实、成本导向，追求'够好且便宜'，核心是替代人力并快速回本，参考同类产品定价800元，但客户对价格敏感且要求低于现有方案，因此估计支付意愿低于市场均价。""}",
belief_bench_v1_2026-07-13,ToB_Cost_Adult,二代接班人,C1,9,15445,18460,8000,success,,客户以‘省人力’和‘回本周期’为核心决策逻辑，一台设备替代一个岗位年省约4-5万，愿意支付半年回本上限约2万，但‘够用就行’和低维护成本偏好压低支付意愿至8000元。,,"{""estimated_wtp"": 8000, ""reasoning"": ""客户以‘省人力’和‘回本周期’为核心决策逻辑，一台设备替代一个岗位年省约4-5万，愿意支付半年回本上限约2万，但‘够用就行’和低维护成本偏好压低支付意愿至8000元。""}","以下是从三份报告中逐字引用的所有与价格、预算、支付意愿相关的句子：

**报告 1：ToB_Cost_Adult_P1**
- “我买东西先算账，看多久回本。一台设备省一个人力——他反复提这个算法。”
- “有些东西我签个字就买了，有些得跟总部走流程，取决于金额和类别。”
- “帮我省多少人力，多久回本，才能向上汇报。”
- “不追求最好，够用就行，别添乱。”
- “比现有方案便宜多少”是核心对比维度。
- “请乐队成本极高”“增加前台人力成本上涨”。
- “算账”“回本”“替代人力”。

**报告 2：ToB_Cost_Adult_P2**
- “一个临时工一天就多花两百。”
- “帮我省多少人力。”
- “前后折腾了半个月，最后干脆不用了，现在护理员就靠喊，成本更高，花了两千多修了个废铁。”
- “后续维护低”才值得采购。
- “够用就行。”
- “一个设备能省一个人力，一年能省出的人力成本，我心里有数。”
- “去年买过一套考勤终端，院长直接签了；后来要换中央空调控制系统，‘报告打到集团去了，等了两个月’。”
- “值不值，我就看它能不能替掉一个岗位。”
- “一台设备能省一个人力，投入产出比就划算。”
- “帮我省多少人力。”

**报告 3：ToB_Cost_Adult_P3**
- “空调用了六年，年年修，今年修完明年还得坏，但一时半会又找不到替代方案。修一次两千，换一台两万，算下来不如早换。”
- “培训一次就要搭半天人力，太贵了。”
- “只要涉及系统级采购就得走总部审批流程，万一用不好就白花钱了。”
- “买了用不上、堆仓库。”
- “我得算清楚多久能回本，比现有方案便宜多少，才能向上汇报。”
- “请乐队成本极高，也不可持续。”
- “我算账很细，一个东西能用几年、每年省多少，我都会算。”
- “买了一台节能热水器，算清楚了用电差价才下的决心。”
- “金额小的他自己能定，大一点的要跟院长商量，再大的得走集团采购流程。”
- “一台设备如果能省一个人力，他觉得‘算得过来就值得上报’。”
- “增加前台人力成本太高。”
- “维护成本低，还能算清账，我就愿意试。买多台单价能降的话，更好。”
- “多久回本”“比现有方案便宜多少”。"
belief_bench_v1_2026-07-13,ToB_Cost_Adult,二代接班人,C2_low,9,15445,18460,2000,success,,客户高度关注可感知的降本效果和ROI，一台设备省一个人力是核心算法，参考同类高端产品定价并考虑其替代人力价值，支付意愿高于常见800元定价。,,"{""estimated_wtp"": 2000, ""reasoning"": ""客户高度关注可感知的降本效果和ROI，一台设备省一个人力是核心算法，参考同类高端产品定价并考虑其替代人力价值，支付意愿高于常见800元定价。""}",
belief_bench_v1_2026-07-13,ToB_Cost_Adult,二代接班人,C2_low,10,15445,18460,2000,success,,客户高度关注省人力和ROI，一台设备若能替代一个临时工（日薪200元），10天回本即可接受，定价参考高端同类但需提供明确量化回报。,,"{""estimated_wtp"": 2000, ""reasoning"": ""客户高度关注省人力和ROI，一台设备若能替代一个临时工（日薪200元），10天回本即可接受，定价参考高端同类但需提供明确量化回报。""}",
belief_bench_v1_2026-07-13,ToB_Cost_Adult,二代接班人,C2_high,2,15445,18460,8000,success,,客户极度务实，追求够好且便宜，核心逻辑是算人力替代账，参考同类高端定价12000元但客户只接受能快速回本的低价方案。,,"{""estimated_wtp"": 8000, ""reasoning"": ""客户极度务实，追求够好且便宜，核心逻辑是算人力替代账，参考同类高端定价12000元但客户只接受能快速回本的低价方案。""}",
belief_bench_v1_2026-07-13,ToB_Cost_Adult,二代接班人,C2_high,1,15445,18460,8000,success,,客户极度务实，追求够好且便宜，以人力替代和回本周期为核心决策逻辑，参考同类产品定价12000元，但客户对价格敏感且需量化回报，故估计支付意愿低于市场价。,,"{""estimated_wtp"": 8000, ""reasoning"": ""客户极度务实，追求够好且便宜，以人力替代和回本周期为核心决策逻辑，参考同类产品定价12000元，但客户对价格敏感且需量化回报，故估计支付意愿低于市场价。""}",
belief_bench_v1_2026-07-13,ToB_Cost_Adult,二代接班人,C2_high,3,15445,18460,8000,success,,客群极度务实，以'省人力'和'回本周期'为核心决策逻辑，参考同类产品定价12000元，但客户要求'够好且便宜'，且需提供明确ROI故事，因此支付意愿低于市场价，约8000元。,,"{""estimated_wtp"": 8000, ""reasoning"": ""客群极度务实，以'省人力'和'回本周期'为核心决策逻辑，参考同类产品定价12000元，但客户要求'够好且便宜'，且需提供明确ROI故事，因此支付意愿低于市场价，约8000元。""}",
belief_bench_v1_2026-07-13,ToB_Cost_Adult,二代接班人,C2_high,5,15445,18460,8000,success,,该客群极度务实，追求'够用且便宜'，核心决策逻辑是'多久回本'，参考同类产品定价12000元但客户要求比现有方案便宜，且一台设备需能替代一个人力成本，故估计支付意愿约为8000元。,,"{""estimated_wtp"": 8000, ""reasoning"": ""该客群极度务实，追求'够用且便宜'，核心决策逻辑是'多久回本'，参考同类产品定价12000元但客户要求比现有方案便宜，且一台设备需能替代一个人力成本，故估计支付意愿约为8000元。""}",
belief_bench_v1_2026-07-13,ToB_Cost_Adult,二代接班人,C2_high,6,15445,18460,8000,success,,客群极度务实，以'省人力、算回本'为核心决策逻辑，参考同类产品定价12000元，但需低于其预期回本周期，且满足'够好且便宜'，故估计支付意愿为8000元。,,"{""estimated_wtp"": 8000, ""reasoning"": ""客群极度务实，以'省人力、算回本'为核心决策逻辑，参考同类产品定价12000元，但需低于其预期回本周期，且满足'够好且便宜'，故估计支付意愿为8000元。""}",
belief_bench_v1_2026-07-13,ToB_Cost_Adult,二代接班人,C2_high,4,15445,18460,8000,success,,客户极度务实，追求‘够好且便宜’，以‘替代一个人力’为回本核心，参考同类产品12000元定价，结合其成本敏感和‘够用就行’的决策逻辑，支付意愿约为高端同类产品的2/3。,,"{""estimated_wtp"": 8000, ""reasoning"": ""客户极度务实，追求‘够好且便宜’，以‘替代一个人力’为回本核心，参考同类产品12000元定价，结合其成本敏感和‘够用就行’的决策逻辑，支付意愿约为高端同类产品的2/3。""}",
belief_bench_v1_2026-07-13,ToB_Cost_Adult,二代接班人,C2_high,7,15445,18460,8000,success,,客群极度务实，以'替代人力'和'回本周期'为购买驱动力，参考同类产品定价12000元，但客户追求'够好且便宜'，且需提供明确ROI故事，因此支付意愿低于市场价。,,"{""estimated_wtp"": 8000, ""reasoning"": ""客群极度务实，以'替代人力'和'回本周期'为购买驱动力，参考同类产品定价12000元，但客户追求'够好且便宜'，且需提供明确ROI故事，因此支付意愿低于市场价。""}",
belief_bench_v1_2026-07-13,ToB_Cost_Adult,二代接班人,C2_high,9,15445,18460,8000,success,,客户极度务实，追求够好且便宜，核心是省人力、回本快，参考同类产品12000元定价，但客户要求比现有方案便宜且能算清账，因此估计支付意愿低于市场价，约8000元。,,"{""estimated_wtp"": 8000, ""reasoning"": ""客户极度务实，追求够好且便宜，核心是省人力、回本快，参考同类产品12000元定价，但客户要求比现有方案便宜且能算清账，因此估计支付意愿低于市场价，约8000元。""}",
belief_bench_v1_2026-07-13,ToB_Cost_Adult,二代接班人,C2_high,8,15445,18460,8000,success,,客群极度务实，核心逻辑是'一台设备省一个人力'，人力成本约200元/天，年省约7.3万，但客户追求'够好且便宜'，参考同类产品定价12000元，结合其'比现有方案便宜'和'回本周期'要求，支付意愿约8000元。,,"{""estimated_wtp"": 8000, ""reasoning"": ""客群极度务实，核心逻辑是'一台设备省一个人力'，人力成本约200元/天，年省约7.3万，但客户追求'够好且便宜'，参考同类产品定价12000元，结合其'比现有方案便宜'和'回本周期'要求，支付意愿约8000元。""}",
belief_bench_v1_2026-07-13,ToB_Cost_Adult,二代接班人,C2_high,10,15445,18460,8000,success,,客户极度务实，追求'够好且便宜'，核心是'替代人力'和'回本周期'，参考同类产品12000元定价，需降至8000元才能匹配其'一台设备省一个人力'的投入产出比和审批焦虑。,,"{""estimated_wtp"": 8000, ""reasoning"": ""客户极度务实，追求'够好且便宜'，核心是'替代人力'和'回本周期'，参考同类产品12000元定价，需降至8000元才能匹配其'一台设备省一个人力'的投入产出比和审批焦虑。""}",
belief_bench_v1_2026-07-13,ToB_Cost_Adult,二代接班人,C3,1,15445,18460,0,success,,由报告锚点加权中位数及冻结 persona 变换确定性合成,"[{""quote"":""一台设备省一个人力——他反复提这个算法"",""value_yuan"":0,""type"":""参考价""},{""quote"":""一个临时工一天就多花两百"",""value_yuan"":200,""type"":""参考价""},{""quote"":""花了两千多修了个废铁"",""value_yuan"":2000,""type"":""参考价""},{""quote"":""修一次两千，换一台两万"",""value_yuan"":2000,""type"":""参考价""},{""quote"":""换一台两万"",""value_yuan"":20000,""type"":""参考价""},{""quote"":""买了用不上、堆仓库"",""value_yuan"":0,""type"":""参考价""},{""quote"":""请乐队成本极高"",""value_yuan"":0,""type"":""参考价""},{""quote"":""一台节能热水器，算清楚了用电差价才下的决心"",""value_yuan"":0,""type"":""参考价""},{""quote"":""金额小的他自己能定，大一点的要跟院长商量，再大的得走集团采购流程"",""value_yuan"":0,""type"":""审批门槛""}]","{""anchors"": [{""quote"": ""一台设备省一个人力——他反复提这个算法"", ""value_yuan"": null, ""type"": ""参考价""}, {""quote"": ""一个临时工一天就多花两百"", ""value_yuan"": 200, ""type"": ""参考价""}, {""quote"": ""花了两千多修了个废铁"", ""value_yuan"": 2000, ""type"": ""参考价""}, {""quote"": ""修一次两千，换一台两万"", ""value_yuan"": 2000, ""type"": ""参考价""}, {""quote"": ""换一台两万"", ""value_yuan"": 20000, ""type"": ""参考价""}, {""quote"": ""买了用不上、堆仓库"", ""value_yuan"": null, ""type"": ""参考价""}, {""quote"": ""请乐队成本极高"", ""value_yuan"": null, ""type"": ""参考价""}, {""quote"": ""一台节能热水器，算清楚了用电差价才下的决心"", ""value_yuan"": null, ""type"": ""参考价""}, {""quote"": ""金额小的他自己能定，大一点的要跟院长商量，再大的得走集团采购流程"", ""value_yuan"": null, ""type"": ""审批门槛""}]}",
belief_bench_v1_2026-07-13,ToB_Cost_Adult,二代接班人,C3,2,15445,18460,0,success,,由报告锚点加权中位数及冻结 persona 变换确定性合成,"[{""quote"":""一台设备省一个人力"",""value_yuan"":0,""type"":""参考价""},{""quote"":""一个临时工一天就多花两百"",""value_yuan"":200,""type"":""参考价""},{""quote"":""修一次两千，换一台两万"",""value_yuan"":2000,""type"":""参考价""},{""quote"":""修一次两千，换一台两万"",""value_yuan"":20000,""type"":""参考价""},{""quote"":""花了两千多修了个废铁"",""value_yuan"":2000,""type"":""参考价""},{""quote"":""请乐队成本极高"",""value_yuan"":0,""type"":""参考价""},{""quote"":""增加前台人力成本上涨"",""value_yuan"":0,""type"":""参考价""},{""quote"":""比现有方案便宜多少"",""value_yuan"":0,""type"":""参考价""},{""quote"":""一台设备能省一个人力，一年能省出的人力成本"",""value_yuan"":0,""type"":""参考价""},{""quote"":""金额小的他自己能定，大一点的要跟院长商量，再大的得走集团采购流程"",""value_yuan"":0,""type"":""审批门槛""},{""quote"":""有些东西我签个字就买了，有些得跟总部走流程，取决于金额和类别"",""value_yuan"":0,""type"":""审批门槛""},{""quote"":""一台设备如果能省一个人力，他觉得算得过来就值得上报"",""value_yuan"":0,""type"":""参考价""}]","{""anchors"": [{""quote"": ""一台设备省一个人力"", ""value_yuan"": null, ""type"": ""参考价""}, {""quote"": ""一个临时工一天就多花两百"", ""value_yuan"": 200, ""type"": ""参考价""}, {""quote"": ""修一次两千，换一台两万"", ""value_yuan"": 2000, ""type"": ""参考价""}, {""quote"": ""修一次两千，换一台两万"", ""value_yuan"": 20000, ""type"": ""参考价""}, {""quote"": ""花了两千多修了个废铁"", ""value_yuan"": 2000, ""type"": ""参考价""}, {""quote"": ""请乐队成本极高"", ""value_yuan"": null, ""type"": ""参考价""}, {""quote"": ""增加前台人力成本上涨"", ""value_yuan"": null, ""type"": ""参考价""}, {""quote"": ""比现有方案便宜多少"", ""value_yuan"": null, ""type"": ""参考价""}, {""quote"": ""一台设备能省一个人力，一年能省出的人力成本"", ""value_yuan"": null, ""type"": ""参考价""}, {""quote"": ""金额小的他自己能定，大一点的要跟院长商量，再大的得走集团采购流程"", ""value_yuan"": null, ""type"": ""审批门槛""}, {""quote"": ""有些东西我签个字就买了，有些得跟总部走流程，取决于金额和类别"", ""value_yuan"": null, ""type"": ""审批门槛""}, {""quote"": ""一台设备如果能省一个人力，他觉得算得过来就值得上报"", ""value_yuan"": null, ""type"": ""参考价""}]}",
belief_bench_v1_2026-07-13,ToB_Cost_Adult,二代接班人,C3,3,15445,18460,260,success,,由报告锚点加权中位数及冻结 persona 变换确定性合成,"[{""quote"":""一台设备省一个人力——他反复提这个算法"",""value_yuan"":0,""type"":""参考价""},{""quote"":""一个临时工一天就多花两百"",""value_yuan"":200,""type"":""参考价""},{""quote"":""修一次两千，换一台两万"",""value_yuan"":2000,""type"":""下限""},{""quote"":""修一次两千，换一台两万"",""value_yuan"":20000,""type"":""上限""},{""quote"":""花了两千多修了个废铁"",""value_yuan"":2000,""type"":""参考价""},{""quote"":""一台设备能省一个人力，一年能省出的人力成本"",""value_yuan"":0,""type"":""参考价""},{""quote"":""一台设备如果能省一个人力，他觉得算得过来就值得上报"",""value_yuan"":0,""type"":""参考价""},{""quote"":""请乐队成本极高"",""value_yuan"":0,""type"":""参考价""},{""quote"":""比现有方案便宜多少"",""value_yuan"":0,""type"":""参考价""}]","{""anchors"": [{""quote"": ""一台设备省一个人力——他反复提这个算法"", ""value_yuan"": null, ""type"": ""参考价""}, {""quote"": ""一个临时工一天就多花两百"", ""value_yuan"": 200, ""type"": ""参考价""}, {""quote"": ""修一次两千，换一台两万"", ""value_yuan"": 2000, ""type"": ""下限""}, {""quote"": ""修一次两千，换一台两万"", ""value_yuan"": 20000, ""type"": ""上限""}, {""quote"": ""花了两千多修了个废铁"", ""value_yuan"": 2000, ""type"": ""参考价""}, {""quote"": ""一台设备能省一个人力，一年能省出的人力成本"", ""value_yuan"": null, ""type"": ""参考价""}, {""quote"": ""一台设备如果能省一个人力，他觉得算得过来就值得上报"", ""value_yuan"": null, ""type"": ""参考价""}, {""quote"": ""请乐队成本极高"", ""value_yuan"": null, ""type"": ""参考价""}, {""quote"": ""比现有方案便宜多少"", ""value_yuan"": null, ""type"": ""参考价""}]}",
belief_bench_v1_2026-07-13,ToB_Cost_Adult,二代接班人,C3,4,15445,18460,260,success,,由报告锚点加权中位数及冻结 persona 变换确定性合成,"[{""quote"":""一台设备省一个人力——他反复提这个算法"",""value_yuan"":0,""type"":""参考价""},{""quote"":""一个临时工一天就多花两百"",""value_yuan"":200,""type"":""参考价""},{""quote"":""修一次两千，换一台两万"",""value_yuan"":2000,""type"":""参考价""},{""quote"":""修一次两千，换一台两万"",""value_yuan"":20000,""type"":""参考价""},{""quote"":""花了两千多修了个废铁"",""value_yuan"":2000,""type"":""参考价""},{""quote"":""一台设备能省一个人力，一年能省出的人力成本"",""value_yuan"":0,""type"":""参考价""},{""quote"":""比现有方案便宜多少"",""value_yuan"":0,""type"":""参考价""}]","{""anchors"": [{""quote"": ""一台设备省一个人力——他反复提这个算法"", ""value_yuan"": null, ""type"": ""参考价""}, {""quote"": ""一个临时工一天就多花两百"", ""value_yuan"": 200, ""type"": ""参考价""}, {""quote"": ""修一次两千，换一台两万"", ""value_yuan"": 2000, ""type"": ""参考价""}, {""quote"": ""修一次两千，换一台两万"", ""value_yuan"": 20000, ""type"": ""参考价""}, {""quote"": ""花了两千多修了个废铁"", ""value_yuan"": 2000, ""type"": ""参考价""}, {""quote"": ""一台设备能省一个人力，一年能省出的人力成本"", ""value_yuan"": null, ""type"": ""参考价""}, {""quote"": ""比现有方案便宜多少"", ""value_yuan"": null, ""type"": ""参考价""}]}",
belief_bench_v1_2026-07-13,ToB_Cost_Adult,二代接班人,C3,5,15445,18460,0,success,,由报告锚点加权中位数及冻结 persona 变换确定性合成,"[{""quote"":""一个临时工一天就多花两百"",""value_yuan"":200,""type"":""参考价""},{""quote"":""花了两千多修了个废铁"",""value_yuan"":2000,""type"":""参考价""},{""quote"":""修一次两千，换一台两万"",""value_yuan"":2000,""type"":""参考价""},{""quote"":""修一次两千，换一台两万"",""value_yuan"":20000,""type"":""参考价""},{""quote"":""一台设备能省一个人力，一年能省出的人力成本"",""value_yuan"":0,""type"":""参考价""},{""quote"":""一台设备如果能省一个人力，他觉得算得过来就值得上报"",""value_yuan"":0,""type"":""参考价""},{""quote"":""金额小的他自己能定，大一点的要跟院长商量，再大的得走集团采购流程"",""value_yuan"":0,""type"":""审批门槛""}]","{""anchors"": [{""quote"": ""一个临时工一天就多花两百"", ""value_yuan"": 200, ""type"": ""参考价""}, {""quote"": ""花了两千多修了个废铁"", ""value_yuan"": 2000, ""type"": ""参考价""}, {""quote"": ""修一次两千，换一台两万"", ""value_yuan"": 2000, ""type"": ""参考价""}, {""quote"": ""修一次两千，换一台两万"", ""value_yuan"": 20000, ""type"": ""参考价""}, {""quote"": ""一台设备能省一个人力，一年能省出的人力成本"", ""value_yuan"": null, ""type"": ""参考价""}, {""quote"": ""一台设备如果能省一个人力，他觉得算得过来就值得上报"", ""value_yuan"": null, ""type"": ""参考价""}, {""quote"": ""金额小的他自己能定，大一点的要跟院长商量，再大的得走集团采购流程"", ""value_yuan"": null, ""type"": ""审批门槛""}]}",
belief_bench_v1_2026-07-13,ToB_Cost_Adult,二代接班人,C3,6,15445,18460,260,success,,由报告锚点加权中位数及冻结 persona 变换确定性合成,"[{""quote"":""一台设备省一个人力——他反复提这个算法"",""value_yuan"":0,""type"":""参考价""},{""quote"":""一个临时工一天就多花两百"",""value_yuan"":200,""type"":""参考价""},{""quote"":""修一次两千，换一台两万"",""value_yuan"":2000,""type"":""参考价""},{""quote"":""修一次两千，换一台两万"",""value_yuan"":20000,""type"":""参考价""},{""quote"":""一台设备如果能省一个人力，他觉得'算得过来就值得上报'"",""value_yuan"":0,""type"":""参考价""}]","{""anchors"": [{""quote"": ""一台设备省一个人力——他反复提这个算法"", ""value_yuan"": null, ""type"": ""参考价""}, {""quote"": ""一个临时工一天就多花两百"", ""value_yuan"": 200, ""type"": ""参考价""}, {""quote"": ""修一次两千，换一台两万"", ""value_yuan"": 2000, ""type"": ""参考价""}, {""quote"": ""修一次两千，换一台两万"", ""value_yuan"": 20000, ""type"": ""参考价""}, {""quote"": ""一台设备如果能省一个人力，他觉得'算得过来就值得上报'"", ""value_yuan"": null, ""type"": ""参考价""}]}",
belief_bench_v1_2026-07-13,ToB_Cost_Adult,二代接班人,C3,7,15445,18460,260,success,,由报告锚点加权中位数及冻结 persona 变换确定性合成,"[{""quote"":""一台设备省一个人力——他反复提这个算法"",""value_yuan"":0,""type"":""参考价""},{""quote"":""一个临时工一天就多花两百"",""value_yuan"":200,""type"":""参考价""},{""quote"":""花了两千多修了个废铁"",""value_yuan"":2000,""type"":""参考价""},{""quote"":""修一次两千，换一台两万"",""value_yuan"":2000,""type"":""参考价""},{""quote"":""修一次两千，换一台两万"",""value_yuan"":20000,""type"":""参考价""},{""quote"":""一台设备能省一个人力，一年能省出的人力成本"",""value_yuan"":0,""type"":""参考价""},{""quote"":""一台设备如果能省一个人力，他觉得'算得过来就值得上报'"",""value_yuan"":0,""type"":""参考价""}]","{""anchors"": [{""quote"": ""一台设备省一个人力——他反复提这个算法"", ""value_yuan"": null, ""type"": ""参考价""}, {""quote"": ""一个临时工一天就多花两百"", ""value_yuan"": 200, ""type"": ""参考价""}, {""quote"": ""花了两千多修了个废铁"", ""value_yuan"": 2000, ""type"": ""参考价""}, {""quote"": ""修一次两千，换一台两万"", ""value_yuan"": 2000, ""type"": ""参考价""}, {""quote"": ""修一次两千，换一台两万"", ""value_yuan"": 20000, ""type"": ""参考价""}, {""quote"": ""一台设备能省一个人力，一年能省出的人力成本"", ""value_yuan"": null, ""type"": ""参考价""}, {""quote"": ""一台设备如果能省一个人力，他觉得'算得过来就值得上报'"", ""value_yuan"": null, ""type"": ""参考价""}]}",
belief_bench_v1_2026-07-13,ToB_Cost_Adult,二代接班人,C3,8,15445,18460,260,success,,由报告锚点加权中位数及冻结 persona 变换确定性合成,"[{""quote"":""一个临时工一天就多花两百"",""value_yuan"":200,""type"":""参考价""},{""quote"":""花了两千多修了个废铁"",""value_yuan"":2000,""type"":""参考价""},{""quote"":""修一次两千，换一台两万"",""value_yuan"":2000,""type"":""参考价""},{""quote"":""修一次两千，换一台两万"",""value_yuan"":20000,""type"":""参考价""},{""quote"":""一台设备能省一个人力，一年能省出的人力成本"",""value_yuan"":0,""type"":""参考价""},{""quote"":""金额小的他自己能定，大一点的要跟院长商量，再大的得走集团采购流程"",""value_yuan"":0,""type"":""审批门槛""}]","{""anchors"": [{""quote"": ""一个临时工一天就多花两百"", ""value_yuan"": 200, ""type"": ""参考价""}, {""quote"": ""花了两千多修了个废铁"", ""value_yuan"": 2000, ""type"": ""参考价""}, {""quote"": ""修一次两千，换一台两万"", ""value_yuan"": 2000, ""type"": ""参考价""}, {""quote"": ""修一次两千，换一台两万"", ""value_yuan"": 20000, ""type"": ""参考价""}, {""quote"": ""一台设备能省一个人力，一年能省出的人力成本"", ""value_yuan"": null, ""type"": ""参考价""}, {""quote"": ""金额小的他自己能定，大一点的要跟院长商量，再大的得走集团采购流程"", ""value_yuan"": null, ""type"": ""审批门槛""}]}",
belief_bench_v1_2026-07-13,ToB_Cost_Adult,二代接班人,C3,10,15445,18460,0,success,,由报告锚点加权中位数及冻结 persona 变换确定性合成,"[{""quote"":""一个临时工一天就多花两百"",""value_yuan"":200,""type"":""参考价""},{""quote"":""修一次两千，换一台两万"",""value_yuan"":2000,""type"":""参考价""},{""quote"":""修一次两千，换一台两万"",""value_yuan"":20000,""type"":""参考价""},{""quote"":""一台设备省一个人力"",""value_yuan"":0,""type"":""参考价""},{""quote"":""有些东西我签个字就买了，有些得跟总部走流程，取决于金额和类别"",""value_yuan"":0,""type"":""审批门槛""},{""quote"":""金额小的他自己能定，大一点的要跟院长商量，再大的得走集团采购流程"",""value_yuan"":0,""type"":""审批门槛""}]","{""anchors"": [{""quote"": ""一个临时工一天就多花两百"", ""value_yuan"": 200, ""type"": ""参考价""}, {""quote"": ""修一次两千，换一台两万"", ""value_yuan"": 2000, ""type"": ""参考价""}, {""quote"": ""修一次两千，换一台两万"", ""value_yuan"": 20000, ""type"": ""参考价""}, {""quote"": ""一台设备省一个人力"", ""value_yuan"": null, ""type"": ""参考价""}, {""quote"": ""有些东西我签个字就买了，有些得跟总部走流程，取决于金额和类别"", ""value_yuan"": null, ""type"": ""审批门槛""}, {""quote"": ""金额小的他自己能定，大一点的要跟院长商量，再大的得走集团采购流程"", ""value_yuan"": null, ""type"": ""审批门槛""}]}",
belief_bench_v1_2026-07-13,ToB_Cost_Adult,草根老板,C0_leaked,2,15445,18460,2000,success,,三位受访者均极度务实、价格敏感，追求'够用且便宜'，以'替代一个人力'为回本基准，结合成人场景人力成本约3000-5000元/月，设备需在3-6个月内回本，且对标经济型站位，故支付意愿锚定在2000元。,,"{""estimated_wtp"": 2000, ""reasoning"": ""三位受访者均极度务实、价格敏感，追求'够用且便宜'，以'替代一个人力'为回本基准，结合成人场景人力成本约3000-5000元/月，设备需在3-6个月内回本，且对标经济型站位，故支付意愿锚定在2000元。""}",
belief_bench_v1_2026-07-13,ToB_Cost_Adult,草根老板,C0_leaked,1,15445,18460,2000,success,,三位受访者均高度成本敏感，反复强调‘够用且便宜’‘多久回本’‘比现有方案便宜多少’，且采购审批严格，支付意愿接近成本底线，低于原模板示例下限3000元。,,"{""estimated_wtp"": 2000, ""reasoning"": ""三位受访者均高度成本敏感，反复强调‘够用且便宜’‘多久回本’‘比现有方案便宜多少’，且采购审批严格，支付意愿接近成本底线，低于原模板示例下限3000元。""}",
belief_bench_v1_2026-07-13,ToB_Cost_Adult,二代接班人,C3,9,15445,18460,0,success,,由报告锚点加权中位数及冻结 persona 变换确定性合成,"[{""quote"":""一台设备省一个人力——他反复提这个算法"",""value_yuan"":0,""type"":""参考价""},{""quote"":""一个临时工一天就多花两百"",""value_yuan"":200,""type"":""参考价""},{""quote"":""修一次两千，换一台两万"",""value_yuan"":2000,""type"":""参考价""},{""quote"":""修一次两千，换一台两万"",""value_yuan"":20000,""type"":""参考价""},{""quote"":""一台设备如果能省一个人力，他觉得'算得过来就值得上报'"",""value_yuan"":0,""type"":""参考价""},{""quote"":""金额小的他自己能定，大一点的要跟院长商量，再大的得走集团采购流程"",""value_yuan"":0,""type"":""审批门槛""},{""quote"":""有些东西我签个字就买了，有些得跟总部走流程，取决于金额和类别"",""value_yuan"":0,""type"":""审批门槛""},{""quote"":""去年买过一套考勤终端，院长直接签了；后来要换中央空调控制系统，'报告打到集团去了，等了两个月'"",""value_yuan"":0,""type"":""审批门槛""}]","{""anchors"": [{""quote"": ""一台设备省一个人力——他反复提这个算法"", ""value_yuan"": null, ""type"": ""参考价""}, {""quote"": ""一个临时工一天就多花两百"", ""value_yuan"": 200, ""type"": ""参考价""}, {""quote"": ""修一次两千，换一台两万"", ""value_yuan"": 2000, ""type"": ""参考价""}, {""quote"": ""修一次两千，换一台两万"", ""value_yuan"": 20000, ""type"": ""参考价""}, {""quote"": ""一台设备如果能省一个人力，他觉得'算得过来就值得上报'"", ""value_yuan"": null, ""type"": ""参考价""}, {""quote"": ""金额小的他自己能定，大一点的要跟院长商量，再大的得走集团采购流程"", ""value_yuan"": null, ""type"": ""审批门槛""}, {""quote"": ""有些东西我签个字就买了，有些得跟总部走流程，取决于金额和类别"", ""value_yuan"": null, ""type"": ""审批门槛""}, {""quote"": ""去年买过一套考勤终端，院长直接签了；后来要换中央空调控制系统，'报告打到集团去了，等了两个月'"", ""value_yuan"": null, ""type"": ""审批门槛""}]}",
belief_bench_v1_2026-07-13,ToB_Cost_Adult,草根老板,C0_leaked,3,15445,18460,3000,success,,"三位受访者均极度务实、价格敏感，反复强调'够用且便宜'、'回本周期'和'替代人力'，结合原主观状态模板的[3000, 5000]区间，取下限3000元更符合其低溢价、高性价比的支付意愿。",,"{""estimated_wtp"": 3000, ""reasoning"": ""三位受访者均极度务实、价格敏感，反复强调'够用且便宜'、'回本周期'和'替代人力'，结合原主观状态模板的[3000, 5000]区间，取下限3000元更符合其低溢价、高性价比的支付意愿。""}",
belief_bench_v1_2026-07-13,ToB_Cost_Adult,草根老板,C0_leaked,4,15445,18460,3000,success,,三位受访者均极度务实、价格敏感，反复强调‘够用就行’、‘多久回本’、‘比现有方案便宜’，且支付意愿锚点受人力替代成本（约3000-5000元）和审批门槛压制，故取区间下限3000元。,,"{""estimated_wtp"": 3000, ""reasoning"": ""三位受访者均极度务实、价格敏感，反复强调‘够用就行’、‘多久回本’、‘比现有方案便宜’，且支付意愿锚点受人力替代成本（约3000-5000元）和审批门槛压制，故取区间下限3000元。""}",
belief_bench_v1_2026-07-13,ToB_Cost_Adult,草根老板,C0_leaked,7,15445,18460,3000,success,,三位受访者均极度务实，以'替代人力'和'回本周期'为核心决策逻辑，结合调研中'够用且便宜'的定位及行业成本对标，支付意愿锚定在低端区间。,,"{""estimated_wtp"": 3000, ""reasoning"": ""三位受访者均极度务实，以'替代人力'和'回本周期'为核心决策逻辑，结合调研中'够用且便宜'的定位及行业成本对标，支付意愿锚定在低端区间。""}",
belief_bench_v1_2026-07-13,ToB_Cost_Adult,草根老板,C0_leaked,6,15445,18460,2000,success,,三位受访者均极度成本敏感，反复强调‘够用且便宜’、‘多久回本’、‘比现有方案便宜’，且采购决策受总部审批约束，支付意愿接近最低可行锚点，低于原主观模板下限3000元。,,"{""estimated_wtp"": 2000, ""reasoning"": ""三位受访者均极度成本敏感，反复强调‘够用且便宜’、‘多久回本’、‘比现有方案便宜’，且采购决策受总部审批约束，支付意愿接近最低可行锚点，低于原主观模板下限3000元。""}",
belief_bench_v1_2026-07-13,ToB_Cost_Adult,草根老板,C0_leaked,5,15445,18460,2000,success,,三位受访者均极度务实、价格敏感，反复强调‘够用且便宜’、‘多久回本’、‘比现有方案便宜多少’，且核心需求是替代人力（省一个护理员年成本约5-6万），但机构采购对单价容忍度低，结合其‘经济’站位和‘够好’标准，2000元是既能体现替代价值又符合其低单价预期的锚点。,,"{""estimated_wtp"": 2000, ""reasoning"": ""三位受访者均极度务实、价格敏感，反复强调‘够用且便宜’、‘多久回本’、‘比现有方案便宜多少’，且核心需求是替代人力（省一个护理员年成本约5-6万），但机构采购对单价容忍度低，结合其‘经济’站位和‘够好’标准，2000元是既能体现替代价值又符合其低单价预期的锚点。""}",
belief_bench_v1_2026-07-13,ToB_Cost_Adult,草根老板,C0_leaked,9,15445,18460,2000,success,,三位受访者均极度务实、价格敏感，反复强调'够用且便宜'、'多久回本'、'比现有方案便宜'，且支付意愿锚点低于示例下限3000元，故估计为2000元。,,"{""estimated_wtp"": 2000, ""reasoning"": ""三位受访者均极度务实、价格敏感，反复强调'够用且便宜'、'多久回本'、'比现有方案便宜'，且支付意愿锚点低于示例下限3000元，故估计为2000元。""}",
belief_bench_v1_2026-07-13,ToB_Cost_Adult,草根老板,C0_leaked,8,15445,18460,2000,success,,三位受访者均极度务实、价格敏感，反复强调'够用且便宜'、'多久回本'、'比现有方案便宜多少'，且锚点来自替代人力成本，因此支付意愿应低于示例下限3000元，2000元是经济站位下可被接受的价格。,,"{""estimated_wtp"": 2000, ""reasoning"": ""三位受访者均极度务实、价格敏感，反复强调'够用且便宜'、'多久回本'、'比现有方案便宜多少'，且锚点来自替代人力成本，因此支付意愿应低于示例下限3000元，2000元是经济站位下可被接受的价格。""}",
belief_bench_v1_2026-07-13,ToB_Cost_Adult,草根老板,C0_leaked,10,15445,18460,2000,success,,三位受访者均极度务实、价格敏感，反复强调‘够用且便宜’、‘多久回本’、‘比现有方案便宜多少’，且采购决策受总部审批约束，支付意愿远低于示例锚点下限3000元，2000元是符合其成本替代逻辑的合理估算。,,"{""estimated_wtp"": 2000, ""reasoning"": ""三位受访者均极度务实、价格敏感，反复强调‘够用且便宜’、‘多久回本’、‘比现有方案便宜多少’，且采购决策受总部审批约束，支付意愿远低于示例锚点下限3000元，2000元是符合其成本替代逻辑的合理估算。""}",
belief_bench_v1_2026-07-13,ToB_Cost_Adult,草根老板,C0_clean,2,15445,18460,1500,success,,客群极度务实、成本敏感，以‘替代人力’和‘回本周期’为核心决策逻辑，参考临时工日成本200元和一台设备省一个人力的算法，支付意愿上限约1500元，对应约7.5天人力成本，符合‘够好且便宜’的定位。,,"{""estimated_wtp"": 1500, ""reasoning"": ""客群极度务实、成本敏感，以‘替代人力’和‘回本周期’为核心决策逻辑，参考临时工日成本200元和一台设备省一个人力的算法，支付意愿上限约1500元，对应约7.5天人力成本，符合‘够好且便宜’的定位。""}",
belief_bench_v1_2026-07-13,ToB_Cost_Adult,草根老板,C0_clean,4,15445,18460,3000,success,,客户极度务实，以'回本周期'为核心决策逻辑，一台设备需替代一个人力（年成本约6万），按1年回本且够用即止，价格上限约3000元。,,"{""estimated_wtp"": 3000, ""reasoning"": ""客户极度务实，以'回本周期'为核心决策逻辑，一台设备需替代一个人力（年成本约6万），按1年回本且够用即止，价格上限约3000元。""}",
belief_bench_v1_2026-07-13,ToB_Cost_Adult,草根老板,C0_clean,1,15445,18460,3000,success,,客户极度务实，以'省人力'和'回本周期'为决策核心，认为一台设备替代一个人力年成本约5万，但要求'够好且便宜'且单价需低于现有方案（如请乐队或增加前台），结合其经济型定位和批量采购折扣预期，心理价位在2000-4000元区间，取中值3000元。,,"{""estimated_wtp"": 3000, ""reasoning"": ""客户极度务实，以'省人力'和'回本周期'为决策核心，认为一台设备替代一个人力年成本约5万，但要求'够好且便宜'且单价需低于现有方案（如请乐队或增加前台），结合其经济型定位和批量采购折扣预期，心理价位在2000-4000元区间，取中值3000元。""}",
belief_bench_v1_2026-07-13,ToB_Cost_Adult,草根老板,C0_clean,5,15445,18460,3000,success,,三位受访者均极度务实，以'省人力'和'回本周期'为核心决策逻辑，一台设备若能替代一个护理员（月薪约3000-4000元），按半年回本估算，支付意愿约3000元，且需低于现有替代方案（如临时工日薪200元）的成本。,,"{""estimated_wtp"": 3000, ""reasoning"": ""三位受访者均极度务实，以'省人力'和'回本周期'为核心决策逻辑，一台设备若能替代一个护理员（月薪约3000-4000元），按半年回本估算，支付意愿约3000元，且需低于现有替代方案（如临时工日薪200元）的成本。""}",
belief_bench_v1_2026-07-13,ToB_Cost_Adult,草根老板,C0_clean,6,15445,18460,8000,success,,客户极度务实，以'替代人力'为购买驱动力，一台设备省一个人力，按临时工日薪200元、40天回本计算，支付意愿约8000元。,,"{""estimated_wtp"": 8000, ""reasoning"": ""客户极度务实，以'替代人力'为购买驱动力，一台设备省一个人力，按临时工日薪200元、40天回本计算，支付意愿约8000元。""}",
belief_bench_v1_2026-07-13,ToB_Cost_Adult,草根老板,C0_clean,3,15445,18460,1500,success,,客群极度务实，以'替代人力'为购买驱动力，一台设备省一个人力（年成本约6万）的ROI故事中，他们只愿为'够好且便宜'的即插即用方案支付远低于人力年成本的一次性费用，参考其'比现有方案便宜'的对比逻辑和低维护要求，1500元是符合其经济站位和'回本周期'直觉的锚点。,,"{""estimated_wtp"": 1500, ""reasoning"": ""客群极度务实，以'替代人力'为购买驱动力，一台设备省一个人力（年成本约6万）的ROI故事中，他们只愿为'够好且便宜'的即插即用方案支付远低于人力年成本的一次性费用，参考其'比现有方案便宜'的对比逻辑和低维护要求，1500元是符合其经济站位和'回本周期'直觉的锚点。""}",
belief_bench_v1_2026-07-13,ToB_Cost_Adult,草根老板,C0_clean,7,15445,18460,3000,success,,客群极度务实，以'省一个人力'为ROI核心，参考临时工日增200元成本，设备需在半年内回本，且要求够好、便宜、维护低，故支付意愿约3000元。,,"{""estimated_wtp"": 3000, ""reasoning"": ""客群极度务实，以'省一个人力'为ROI核心，参考临时工日增200元成本，设备需在半年内回本，且要求够好、便宜、维护低，故支付意愿约3000元。""}",
belief_bench_v1_2026-07-13,ToB_Cost_Adult,草根老板,C0_clean,9,15445,18460,1500,success,,客群极度务实，以'替代一个人力'为核心算账逻辑，一台设备省一年人力成本约2-3万，但要求够好且便宜、维护低、有成功案例，因此支付意愿锚定在远低于人力成本但高于常见小家电的1500元区间。,,"{""estimated_wtp"": 1500, ""reasoning"": ""客群极度务实，以'替代一个人力'为核心算账逻辑，一台设备省一年人力成本约2-3万，但要求够好且便宜、维护低、有成功案例，因此支付意愿锚定在远低于人力成本但高于常见小家电的1500元区间。""}",
belief_bench_v1_2026-07-13,ToB_Cost_Adult,草根老板,C0_clean,10,15445,18460,1500,success,,该客群极度务实，以'替代人力'和'回本周期'为核心决策逻辑，一台设备省一个人力（年成本约5-6万），但追求'够好且便宜'，参考其对比的清洁耗材、考勤终端等小额采购习惯，支付意愿在1000-2000元区间，取中间值1500元。,,"{""estimated_wtp"": 1500, ""reasoning"": ""该客群极度务实，以'替代人力'和'回本周期'为核心决策逻辑，一台设备省一个人力（年成本约5-6万），但追求'够好且便宜'，参考其对比的清洁耗材、考勤终端等小额采购习惯，支付意愿在1000-2000元区间，取中间值1500元。""}",
belief_bench_v1_2026-07-13,ToB_Cost_Adult,草根老板,C0_clean,8,15445,18460,3000,success,,客群高度务实且价格敏感，以'替代人力'和'回本周期'为核心决策逻辑，一台设备若能省一个人力（年成本约5-6万），按半年回本估算约2.5-3万，但客户追求'够好且便宜'且对技术不确定性容忍低，实际支付意愿会远低于理论值，结合其'经济'价格站位和低端替代品对比，估计约3000元。,,"{""estimated_wtp"": 3000, ""reasoning"": ""客群高度务实且价格敏感，以'替代人力'和'回本周期'为核心决策逻辑，一台设备若能省一个人力（年成本约5-6万），按半年回本估算约2.5-3万，但客户追求'够好且便宜'且对技术不确定性容忍低，实际支付意愿会远低于理论值，结合其'经济'价格站位和低端替代品对比，估计约3000元。""}",
belief_bench_v1_2026-07-13,ToB_Cost_Adult,草根老板,C1,2,15445,18460,5000,success,,客群核心逻辑是设备能替代一名人力（年人力成本约5-6万），按一年回本估算，支付意愿约5000元。,,"{""estimated_wtp"": 5000, ""reasoning"": ""客群核心逻辑是设备能替代一名人力（年人力成本约5-6万），按一年回本估算，支付意愿约5000元。""}","以下是三份报告中所有与价格、预算、支付意愿相关的逐字引用：

**报告 1：ToB_Cost_Adult_P1**
- “我买东西先算账，看多久回本。一台设备省一个人力——他反复提这个算法。”
- “帮我省多少人力，多久回本，才能向上汇报。”
- “不追求最好，够用就行，别添乱。”
- “后续维护低”
- “比现有方案便宜多少”
- “请乐队成本极高”
- “增加前台人力成本上涨”

**报告 2：ToB_Cost_Adult_P2**
- “太贵了，一个临时工一天就多花两百。”
- “帮我省多少人力”
- “花了两千多修了个废铁”
- “后续维护低”
- “一个设备能省一个人力，一年能省出的人力成本，我心里有数。”
- “值不值，我就看它能不能替掉一个岗位”
- “一台设备能省一个人力，投入产出比就划算”
- “帮我省多少人力”

**报告 3：ToB_Cost_Adult_P3**
- “修一次两千，换一台两万，算下来不如早换。”
- “培训一次就要搭半天人力，太贵了。”
- “得算清楚多久能回本，比现有方案便宜多少，才能向上汇报。”
- “买了用不上、堆仓库”
- “请乐队成本极高，也不可持续”
- “一台设备如果能省一个人力，他觉得‘算得过来就值得上报’”
- “增加前台人力成本太高”
- “买多台单价能降的话，更好”
- “多久回本”
- “比现有方案便宜多少”"
belief_bench_v1_2026-07-13,ToB_Cost_Adult,草根老板,C1,1,15445,18460,2000,success,,客群以回本周期为核心决策逻辑，一台设备替代一个人力（年成本约2-4万），按半年回本估算上限约2万，但引文强调‘够用就行’‘比现有方案便宜’，且对高价敏感（‘太贵了’），故支付意愿偏低，约2000元。,,"{""estimated_wtp"": 2000, ""reasoning"": ""客群以回本周期为核心决策逻辑，一台设备替代一个人力（年成本约2-4万），按半年回本估算上限约2万，但引文强调‘够用就行’‘比现有方案便宜’，且对高价敏感（‘太贵了’），故支付意愿偏低，约2000元。""}","以下是从三份报告中逐字引用的所有与价格、预算、支付意愿相关的句子：

**报告 1：ToB_Cost_Adult_P1**

- “我买东西先算账，看多久回本。一台设备省一个人力——他反复提这个算法。”
- “帮我省多少人力，多久回本，才能向上汇报。”
- “不追求最好，够用就行，别添乱。”
- “比现有方案便宜多少”是核心对比维度。
- “请乐队成本极高”“增加前台人力成本上涨”。
- “他反复强调‘算账’‘回本’‘替代人力’。”

**报告 2：ToB_Cost_Adult_P2**

- “太贵了，一个临时工一天就多花两百。”
- “核心是‘帮我省多少人力’。”
- “花了两千多修了个废铁。”
- “后续维护低”才值得采购。
- “一台设备能省一个人力，一年能省出的人力成本，我心里有数。”
- “去年买过一套考勤终端，院长直接签了；后来要换中央空调控制系统，‘报告打到集团去了，等了两个月’。”
- “值不值，我就看它能不能替掉一个岗位。”
- “一台设备能省一个人力，投入产出比就划算。”
- “决策逻辑围绕‘帮我省多少人力’，一切采购���过‘回本周期’这一关。”

**报告 3：ToB_Cost_Adult_P3**

- “修一次两千，换一台两万，算下来不如早换。”
- “培训一次就要搭半天人力，太贵了。”
- “我得算清楚多久能回本，比现有方案便宜多少，才能向上汇报。”
- “买了用不上、堆仓库。”
- “请乐队成本极高，也不可持续。”
- “一台设备如果能省一个人力，他觉得‘算得过来就值得上报’。”
- “买多台单价能降的话，更好。”
- “多久回本”“比现有方案便宜多少”。
- “够好且便宜。”"
belief_bench_v1_2026-07-13,ToB_Cost_Adult,草根老板,C1,3,15445,18460,12000,success,,客户反复以'一台设备省一个人力'和'一年回本'为决策锚点，临时工日增200元，年人力成本约7.2万，按回本逻辑设备价值约1.2万，且强调'够用且便宜'，故支付意愿上限约1.2万元。,,"{""estimated_wtp"": 12000, ""reasoning"": ""客户反复以'一台设备省一个人力'和'一年回本'为决策锚点，临时工日增200元，年人力成本约7.2万，按回本逻辑设备价值约1.2万，且强调'够用且便宜'，故支付意愿上限约1.2万元。""}","以下是三份报告中与价格、预算、支付意愿相关的所有逐字引用：

**报告 1：ToB_Cost_Adult_P1**
- “我买东西先算账，看多久回本。一台设备省一个人力——他反复提这个算法。”
- “有些东西我签个字就买了，有些得跟总部走流程，取决于金额和类别。”
- “帮我省多少人力，多久回本，才能向上汇报。”
- “不追求最好，够用就行，别添乱。”
- “比现有方案便宜多少”是核心对比维度。
- “请乐队成本极高”
- “增加前台人力成本上涨”
- “够用且便宜”

**报告 2：ToB_Cost_Adult_P2**
- “一个临时工一天就多花两百”
- “花了两千多修了个废铁”
- “一台设备能省一个人力，一年能省出的人力成本，我心里有数。”
- “去年买过一套考勤终端，院长直接签了；后来要换中央空调控制系统，‘报告打到集团去了，等了两个月’。”
- “值不值，我就看它能不能替掉一个岗位”
- “一台设备能省一个人力，投入产出比就划算”
- “够用且便宜”

**报告 3：ToB_Cost_Adult_P3**
- “修一次两千，换一台两万，算下来不如早换。”
- “培训一次就要搭半天人力，太贵了。”
- “只要涉及系统级采购就得走总部审批流程，万一用不好就白花钱了。”
- “我得算清楚多久能回本，比现有方案便宜多少，才能向上汇报。”
- “请乐队成本极高，也不可持续”
- “一台设备如果能省一个人力，他觉得‘算得过来就值得上报’”
- “增加前台人力成本太高”
- “买多台单价能降的话，更好”
- “够好且便宜”
- “多久回本”“比现有方案便宜多少”"
belief_bench_v1_2026-07-13,ToB_Cost_Adult,草根老板,C1,5,15445,18460,2000,success,,客户以回本周期为核心，一台设备省一人力（年人力成本约2万），按一年回本逻辑，支付意愿约2000元。,,"{""estimated_wtp"": 2000, ""reasoning"": ""客户以回本周期为核心，一台设备省一人力（年人力成本约2万），按一年回本逻辑，支付意愿约2000元。""}","以下是从三份报告中逐字引用的所有与价格、预算、支付意愿相关的句子：

**报告 1：ToB_Cost_Adult_P1**

- “我买东西先算账，看多久回本。一台设备省一个人力——他反复提这个算法。”
- “帮我省多少人力，多久回本，才能向上汇报。”
- “不追求最好，够用就行，别添乱。”
- “比现有方案便宜多少”是核心对比维度。
- “请乐队成本极高”“增加前台人力成本上涨”。
- “效果能量化，方便汇报。”

**报告 2：ToB_Cost_Adult_P2**

- “太贵了，一个临时工一天就多花两百。”
- “核心是‘帮我省多少人力’。”
- “花了两千多修了个废铁。”
- “后续维护低”才值得采购。
- “一个设备能省一个人力，一年能省出的人力成本，我心里有数。”
- “值不值，我就看它能不能替掉一个岗位。”
- “一台设备能省一个人力，投入产出比就划算。”
- “决策逻辑围绕‘帮我省多少人力’，一切采购先过‘回本周期’这一关。”

**报告 3：ToB_Cost_Adult_P3**

- “修一次两千，换一台两万，算下来不如早换。”
- “培训一次就要搭半天人力，太贵了。”
- “我得算清楚多久能回本，比现有方案便宜多少，才能向上汇报。”
- “买了用不上、堆仓库。”
- “请乐队成本极高，也不可持续。”
- “一台设备如果能省一个人力，他觉得‘算得过来就值得上报’。”
- “买多台单价能降的话，更好。”
- “多久回本”“比现有方案便宜多少”。
- “够好且便宜”。"
belief_bench_v1_2026-07-13,ToB_Cost_Adult,草根老板,C1,4,15445,18460,1500,success,,客户极度务实，核心逻辑是‘一台设备省一个人力’，按年人力成本约5万计算，回本周期需短于1年，且接受‘够用就行’，因此支付意愿在1500元左右，对应替代临时工或低端岗位的投入产出比。,,"{""estimated_wtp"": 1500, ""reasoning"": ""客户极度务实，核心逻辑是‘一台设备省一个人力’，按年人力成本约5万计算，回本周期需短于1年，且接受‘够用就行’，因此支付意愿在1500元左右，对应替代临时工或低端岗位的投入产出比。""}","根据您的要求，以下是三份报告中所有与价格、预算、支付意愿相关的句子逐字引用：

### 报告 1：ToB_Cost_Adult_P1

- “我买东西先算账，看多久回本。一台设备省一个人力——他反复提这个算法。问到采购流程时说‘有些东西我签个字就买了，有些得跟总部走流程，取决于金额和类别’。”
- “帮我省多少人力，多久回本，才能向上汇报”
- “不追求最好，够用就行，别添乱。”
- “后续维护低”
- “比现有方案便宜多少”
- “机构采购优先考虑‘帮我省多少人力’。他提到最近一次自行采购的是一批清洁耗材，走总部审批的是一套门禁升级方案。他常对比‘请乐队成本极高’‘增加前台人力成本上涨’。”
- “受访者是极度务实的价格敏感型采购者，机构运营视角贯穿始终。他反复强调‘算账’‘回本’‘替代人力’”

### 报告 2：ToB_Cost_Adult_P2

- “太贵了，一个临时工一天就多花两百。”
- “核心是‘帮我省多少人力’”
- “花了两千多修了个废铁”
- “后续维护低”
- “够用就行”
- “不追求最好，够用且不添乱”
- “我一般先看同类机构用没用，然后算账，‘一个设备能省一个人力，一年能省出的人力成本，我心里有数。’他举了个例子：去年买过一套考勤终端，院长直接签了；后来要换中央空调控制系统，‘报告打到集团去了，等了两个月’。”
- “值不值，我就看它能不能替掉一个岗位”
- “一台设备能省一个人力，投入产出比就划算”
- “决策逻辑围绕‘帮我省多少人力’，一切采购先过‘回本周期’这一关”

### 报告 3：ToB_Cost_Adult_P3

- “修一次两千，换一台两万，算下来不如早换。”
- “培训一次就要搭半天人力，太贵了。”
- “只要涉及系统级采购就得走总部审批流程，万一用不好就白花钱了。”
- “我得算清楚多久能回本，比现有方案便宜多少，才能向上汇报。”
- “请乐队成本极高，也不可持续”
- “不是加预算买新东西”
- “我算账很细，一个东西能用几年、每年省多少，我都会算。他举例说之前买了一台节能热水器，算清楚了用电差价才下的决心。金额小的他自己能定，大一点的要跟院长商量，再大的得走集团采购流程”
- “一台设备如果能省一个人力，他觉得‘算得过来就值得上报’”
- “增加前台人力成本太高”
- “维护成本低，还能算清账，我就愿意试。买多台单价能降的话，更好。”
- “核心是‘稳定、不折腾、不添乱’。典型务实采购者，反复强调‘多久回本’‘比现有方案便宜多少’”"
belief_bench_v1_2026-07-13,ToB_Cost_Adult,草根老板,C1,6,15445,18460,2000,success,,客户以回本周期为核心决策逻辑，一台设备替代一个人力，按临时工日薪200元算，约10天回本，且客户对2000元级采购有自主决策权。,,"{""estimated_wtp"": 2000, ""reasoning"": ""客户以回本周期为核心决策逻辑，一台设备替代一个人力，按临时工日薪200元算，约10天回本，且客户对2000元级采购有自主决策权。""}","以下是三份报告中与价格、预算、支付意愿相关的所有逐字引用：

**报告 1：ToB_Cost_Adult_P1**
- “我买东西先算账，看多久回本。一台设备省一个人力——他反复提这个算法。”
- “有些东西我签个字就买了，有些得跟总部走流程，取决于金额和类别。”
- “帮我省多少人力，多久回本，才能向上汇报。”
- “不追求最好，够用就行，别添乱。”
- “后续维护低”
- “比现有方案便宜多少”
- “机构采购优先考虑'帮我省多少人力'。”
- “他提到最近一次自行采购的是一批清洁耗材，走总部审批的是一套门禁升级方案。”
- “他常对比‘请乐队成本极高’‘增加前台人力成本上涨’。”
- “他反复强调‘算账’‘回本’‘替代人力’。”

**报告 2：ToB_Cost_Adult_P2**
- “太贵了，一个临时工一天就多花两百。”
- “核心是‘帮我省多少人力’。”
- “花了两千多修了个废铁。”
- “后续维护低”
- “不追求最好，够用且不添乱”
- “一个设备能省一个人力，一年能省出的人力成本，我心里有数。”
- “去年买过一套考勤终端，院长直接签了；后来要换中央空调控制系统，‘报告打到集团去了，等了两个月’。”
- “值不值，我就看它能不能替掉一个岗位”
- “一台设备能省一个人力，投入产出比就划算。”
- “决策逻辑围绕‘帮我省多少人力’，一切采购先过‘回本周期’这一关。”

**报告 3：ToB_Cost_Adult_P3**
- “修一次两千，换一台两万，算下来不如早换。”
- “培训一次就要搭半天人力，太贵了。”
- “只要涉及系统级采购就得走总部审批流程，万一用不好就白花钱了。”
- “我得算清楚多久能回本，比现有方案便宜多少，才能向上汇报。”
- “买了用不上、堆仓库”
- “请乐队成本极高，也不可持续”
- “不是加预算买新东西”
- “我算账很细，一个东西能用几年、每年省多少，我都会算。”
- “他举例说之前买了一台节能热水器，算清楚了用电差价才下的决心。”
- “金额小的他自己能定，大一点的要跟院长商量，再大的得走集团采购流程”
- “一台设备如果能省一个人力，他觉得‘算得过来就值得上报’”
- “关键是能算清账、有成功案例”
- “增加前台人力成本太高”
- “维护成本低，还能算清账，我就愿意试”
- “买多台单价能降的话，更好”
- “典型务实采购者，反复��调‘多久回本’‘比现有方案便宜多少’”"
belief_bench_v1_2026-07-13,ToB_Cost_Adult,草根老板,C1,7,15445,18460,2000,success,,客户反复以‘省一个人力’和‘多久回本’为锚点，一台设备省一人力对应年人力成本约2-3万，按一年回本逻辑，支付意愿约2000元。,,"{""estimated_wtp"": 2000, ""reasoning"": ""客户反复以‘省一个人力’和‘多久回本’为锚点，一台设备省一人力对应年人力成本约2-3万，按一年回本逻辑，支付意愿约2000元。""}","以下是三份报告中与价格、预算、支付意愿相关的所有逐字引用：

**报告 1：ToB_Cost_Adult_P1**

- “我买东西先算账，看多久回本。一台设备省一个人力——他反复提这个算法。”
- “有些东西我签个字就买了，有些得跟总部走流程，取决于金额和类别。”
- “帮我省多少人力，多久回本，才能向上汇报。”
- “不追求最好，够用就行，别添乱。”
- “后续维护低”
- “比现有方案便宜多少”
- “请乐队成本极高”
- “增加前台人力成本上涨”

**报告 2：ToB_Cost_Adult_P2**

- “太贵了，一个临时工一天就多花两百。”
- “帮我省多少人力”
- “花了两千多修了个废铁”
- “后续维护低”
- “一个设备能省一个人力，一年能省出的人力成本，我心里有数。”
- “去年买过一套考勤终端，院长直接签了；后来要换中央空调控制系统，‘报告打到集团去了，等了两个月’。”
- “值不值，我就看它能不能替掉一个岗位”
- “一台设备能省一个人力，投入产出比就划算”
- “需要成功案例”

**报告 3：ToB_Cost_Adult_P3**

- “修一次两千，换一台两万，算下来不如早换。”
- “培训一次就要搭半天人力，太贵了。”
- “只要涉及系统级采购就得走总部审批流程，万一用不好就白花钱了。”
- “买了用不上、堆仓库”
- “我得算清楚多久能回本，比现有方案便宜多少，才能向上汇报。”
- “请乐队成本极高，也不可持续”
- “不是加预算买新东西”
- “我算账很细，一个东西能用几年、每年省多少，我都会算。”
- “买了一台节能热水器，算清楚了用电差价才下的决心。”
- “金额小的他自己能定，大一点的要跟院长商量，再大的得走集团采购流程”
- “一台设备如果能省一个人力，他觉得‘算得过来就值得上报’”
- “关键是能算清账、有成功案例”
- “增加前台人力成本太高”
- “不用培训，维护成本低，还能算清账，我就愿意试”
- “买多台单价能降的话，更好”
- “多久回本”
- “比现有方案便宜多少”"
belief_bench_v1_2026-07-13,ToB_Cost_Adult,草根老板,C2_low,1,15445,18460,600,success,,客群极度务实，追求够好且便宜，以回本周期为决策核心，参考800元市场价，需低于此价并匹配其替代人力成本逻辑。,,"{""estimated_wtp"": 600, ""reasoning"": ""客群极度务实，追求够好且便宜，以回本周期为决策核心，参考800元市场价，需低于此价并匹配其替代人力成本逻辑。""}",
belief_bench_v1_2026-07-13,ToB_Cost_Adult,草根老板,C2_low,2,15445,18460,400,success,,三位受访者均极度务实、价格敏感，追求'够好且便宜'，反复强调'比现有方案便宜'和'回本周期'，市场定价800元远高于其心理锚点，结合其成本替代逻辑和低功能期待，支付意愿约为市场价的一半。,,"{""estimated_wtp"": 400, ""reasoning"": ""三位受访者均极度务实、价格敏感，追求'够好且便宜'，反复强调'比现有方案便宜'和'回本周期'，市场定价800元远高于其心理锚点，结合其成本替代逻辑和低功能期待，支付意愿约为市场价的一半。""}",
belief_bench_v1_2026-07-13,ToB_Cost_Adult,草根老板,C2_low,3,15445,18460,500,success,,客群极度务实且价格敏感，追求‘够好且便宜’，支付意愿锚定在‘替代一个人力’的投入产出比上，参考市场价800元，但客户可接受毛利高且倾向经济站位，因此估计为500元。,,"{""estimated_wtp"": 500, ""reasoning"": ""客群极度务实且价格敏感，追求‘够好且便宜’，支付意愿锚定在‘替代一个人力’的投入产出比上，参考市场价800元，但客户可接受毛利高且倾向经济站位，因此估计为500元。""}",
belief_bench_v1_2026-07-13,ToB_Cost_Adult,草根老板,C2_low,4,15445,18460,600,success,,客户高度价格敏感且追求'够好且便宜'，支付意愿锚定在低于同类产品市场均价（800元）且能快速回本（替代人力成本）的区间，600元符合其经济站位和成本结构偏好。,,"{""estimated_wtp"": 600, ""reasoning"": ""客户高度价格敏感且追求'够好且便宜'，支付意愿锚定在低于同类产品市场均价（800元）且能快速回本（替代人力成本）的区间，600元符合其经济站位和成本结构偏好。""}",
belief_bench_v1_2026-07-13,ToB_Cost_Adult,草根老板,C1,9,15445,18460,2000,success,,客户反复强调一台设备省一个人力、多久回本、比现有方案便宜多少，且对金额敏感、有审批门槛，基于人力成本替代逻辑估算支付意愿约2000元。,,"{""estimated_wtp"": 2000, ""reasoning"": ""客户反复强调一台设备省一个人力、多久回本、比现有方案便宜多少，且对金额敏感、有审批门槛，基于人力成本替代逻辑估算支付意愿约2000元。""}","以下是三份报告中与价格、预算、支付意愿相关的所有逐字引用：

**报告 1：ToB_Cost_Adult_P1**
- “我买东西先算账，看多久回本。一台设备省一个人力——他反复提这个算法。”
- “有些东西我签个字就买了，有些得跟总部走流程，取决于金额和类别。”
- “帮我省多少人力，多久回本，才能向上汇报。”
- “不追求最好，够用就行，别添乱。”
- “后续维护低”
- “比现有方案便宜多少”
- “请乐队成本极高”
- “增加前台人力成本上涨”

**报告 2：ToB_Cost_Adult_P2**
- “太贵了，一个临时工一天就多花两百。”
- “帮我省多少人力”
- “花了两千多修了个废铁”
- “后续维护低”
- “一个设备能省一个人力，一年能省出的人力成本，我心里有数。”
- “去年买过一套考勤终端，院长直接签了；后来要换中央空调控制系统，‘报告打到集团去了，等了两个月’。”
- “值不值，我就看它能不能替掉一个岗位”
- “一台设备能省一个人力，投入产出比就划算”

**报告 3：ToB_Cost_Adult_P3**
- “修一次两千，换一台两万，算下来不如早换。”
- “培训一次就要搭半天人力，太贵了。”
- “只要涉及系统级采购就得走总部审批流程，万一用不好就白花钱了。”
- “买了用不上、堆仓库”
- “我得算清楚多久能回本，比现有方案便宜多少，才能向上汇报。”
- “请乐队成本极高，也不可持续”
- “我算账很细，一个东西能用几年、每年省多少，我都会算。”
- “他举例说之前买了一台节能热水器，算清楚了用电差价才下的决心。”
- “金额小的他自己能定，大一点的要跟院长商量，再大的得走集团采购流程”
- “一台设备如果能省一个人力，他觉得‘算得过来就值得上报’”
- “增加前台人力成本太高”
- “维护成本低，还能算清账，我就愿意试”
- “买多台单价能降的话，更好”
- “多久回本”
- “比现有方案便宜多少”"
belief_bench_v1_2026-07-13,ToB_Cost_Adult,草根老板,C1,10,15445,18460,2000,success,,客户反复以‘一台设备省一个人力’为价值锚点，且提及‘修一次两千，换一台两万’，暗示支付意愿围绕人力成本节省（约2000元/月）和维修替代成本（2000元）形成。,,"{""estimated_wtp"": 2000, ""reasoning"": ""客户反复以‘一台设备省一个人力’为价值锚点，且提及‘修一次两千，换一台两万’，暗示支付意愿围绕人力成本节省（约2000元/月）和维修替代成本（2000元）形成。""}","以下是从三份报告中逐字引用的、与价格、预算、支付意愿相关的所有句子：

**报告 1：ToB_Cost_Adult_P1**
- “我买东西先算账，看多久回本。一台设备省一个人力——他反复提这个算法。”
- “帮我省多少人力，多久回本，才能向上汇报。”
- “不追求最好，够用就行，别添乱。”
- “比现有方案便宜多少”是核心对比维度。
- “请乐队成本极高”“增加前台人力成本上涨”。
- “效果能量化，方便汇报。”

**报告 2：ToB_Cost_Adult_P2**
- “一个临时工一天就多花两百。”
- “帮我省多少人力。”
- “花了两千多修了个废铁。”
- “后续维护低”才值得采购。
- “一台设备能省一个人力，一年能省出的人力成本，我心里有数。”
- “值不值，我就看它能不能替掉一个岗位。”
- “一台设备能省一个人力，投入产出比就划算。”

**报告 3：ToB_Cost_Adult_P3**
- “修一次两千，换一台两万，算下来不如早换。”
- “培训一次就要搭半天人力，太贵了。”
- “我得算清楚多久能回本，比现有方案便宜多少，才能向上汇报。”
- “买了用不上、堆仓库。”
- “请乐队成本极高，也不可持续。”
- “我算账很细，一个东西能用几年、每年省多少，我都会算。”
- “一台设备如果能省一个人力，他觉得‘算得过来就值得上报’。”
- “增加前台人力成本太高。”
- “买多台单价能降的话，更好。”
- “多久回本”“比现有方案便宜多少”。"
belief_bench_v1_2026-07-13,ToB_Cost_Adult,草根老板,C2_low,5,15445,18460,400,success,,客户极度务实，追求够好且便宜，核心是替代人力成本，800元定价偏高，需降至400元才能匹配其回本周期和低维护预期。,,"{""estimated_wtp"": 400, ""reasoning"": ""客户极度务实，追求够好且便宜，核心是替代人力成本，800元定价偏高，需降至400元才能匹配其回本周期和低维护预期。""}",
belief_bench_v1_2026-07-13,ToB_Cost_Adult,草根老板,C1,8,15445,18460,20000,success,,客群以人力成本节省为核心，一台设备省一个人力（年人力成本约5-8万），按半年到一年回本逻辑，且可接受2万以下自主决策，2万以上需审批，故支付意愿上限约2万元。,,"{""estimated_wtp"": 20000, ""reasoning"": ""客群以人力成本节省为核心，一台设备省一个人力（年人力成本约5-8万），按半年到一年回本逻辑，且可接受2万以下自主决策，2万以上需审批，故支付意愿上限约2万元。""}","以下是三份报告中所有与价格、预算、支付意愿相关的句子逐字引用：

**报告 1：ToB_Cost_Adult_P1**

- “我买东西先算账，看多久回本。一台设备省一个人力——他反复提这个算法。”
- “有些东西我签个字就买了，有些得跟总部走流程，取决于金额和类别。”
- “帮我省多少人力，多久回本，才能向上汇报。”
- “不追求最好，够用就行，别添乱。”
- “比现有方案便宜多少”是核心对比维度。
- “请乐队成本极高”“增加前台人力成本上涨”。
- “效果能量化，方便汇报。”

**报告 2：ToB_Cost_Adult_P2**

- “太贵了，一个临时工一天就多花两百。”
- “帮我省多少人力。”
- “前后折腾了半个月，最后干脆不用了，现在护理员就靠喊，成本更高，花了两千多修了个废铁。”
- “后续维护低”才值得采购。
- “一个设备能省一个人力，一年能省出的人力成本，我心里有数。”
- “去年买过一套考勤终端，院长直接签了；后来要换中央空调控制系统，‘报告打到集团去了，等了两个月’。”
- “值不值，我就看它能不能替掉一个岗位。”
- “一台设备能省一个人力，投入产出比就划算。”

**报告 3：ToB_Cost_Adult_P3**

- “修一次两千，换一台两万，算下来不如早换。”
- “培训一次就要搭半天人力，太贵了。”
- “只要涉及系统级采购就得走总部审批流程，万一用不好就白花钱了。”
- “我得算清楚多久能回本，比现有方案便宜多少，才能向上汇报。”
- “买了用不上、堆仓库。”
- “请乐队成本极高，也不可持续。”
- “我算账很细，一个东西能用几年、每年省多少，我都会算。”
- “他举例说之前买了一台节能热水器，算清楚了用电差价才下的决心。”
- “金额小的他自己能定，大一点的要跟院长商量，再大的得走集团采购流程。”
- “一台设备如果能省一个人力，他觉得‘算得过来就值得上报’。”
- “增加前台人力成本太高。”
- “不用培训，维护成本低，还能算清账，我就愿意试。”
- “买多台单价能降的话，更好。”
- “多久回本”“比现有方案便宜多少”。
- “对‘服务一致性’和‘满意度量化’有明确要求，以便向上汇报。”"
belief_bench_v1_2026-07-13,ToB_Cost_Adult,草根老板,C2_low,6,15445,18460,600,success,,客户极度务实，追求够好且便宜，强调回本周期和替代人力，参考市场定价800元，但客户对价格敏感且要求比现有方案便宜，因此支付意愿低于市场价。,,"{""estimated_wtp"": 600, ""reasoning"": ""客户极度务实，追求够好且便宜，强调回本周期和替代人力，参考市场定价800元，但客户对价格敏感且要求比现有方案便宜，因此支付意愿低于市场价。""}",
belief_bench_v1_2026-07-13,ToB_Cost_Adult,草根老板,C2_low,7,15445,18460,600,success,,客户极度务实，追求'够好且便宜'，核心逻辑是'一台设备省一个人力'，参考市场定价800元，但客户对前期投入容忍度高、要求快速回本，因此支付意愿低于市场价，估计为600元。,,"{""estimated_wtp"": 600, ""reasoning"": ""客户极度务实，追求'够好且便宜'，核心逻辑是'一台设备省一个人力'，参考市场定价800元，但客户对前期投入容忍度高、要求快速回本，因此支付意愿低于市场价，估计为600元。""}",
belief_bench_v1_2026-07-13,ToB_Cost_Adult,草根老板,C2_low,8,15445,18460,600,success,,客户极度务实，追求'够好且便宜'，核心是替代人力并快速回本，参考市场价800元，需低于此价且满足'一个设备省一个人力'的ROI逻辑。,,"{""estimated_wtp"": 600, ""reasoning"": ""客户极度务实，追求'够好且便宜'，核心是替代人力并快速回本，参考市场价800元，需低于此价且满足'一个设备省一个人力'的ROI逻辑。""}",
belief_bench_v1_2026-07-13,ToB_Cost_Adult,草根老板,C2_low,10,15445,18460,600,success,,客户极度务实，追求够好且便宜，核心是替代人力成本，参考市场定价800元，结合其低毛利容忍度和回本周期计算，估计支付意愿低于市场价约25%至600元。,,"{""estimated_wtp"": 600, ""reasoning"": ""客户极度务实，追求够好且便宜，核心是替代人力成本，参考市场定价800元，结合其低毛利容忍度和回本周期计算，估计支付意愿低于市场价约25%至600元。""}",
belief_bench_v1_2026-07-13,ToB_Cost_Adult,草根老板,C2_low,9,15445,18460,400,success,,客群极度务实、价格敏感，追求'够用且便宜'，以'省人力'和'回本周期'为决策核心，同类产品定价800元，但客户只愿为能快速算清账的替代方案支付更低价格，结合其'够好就行'和'比现有方案便宜'的偏好，估计支付意愿约为400元。,,"{""estimated_wtp"": 400, ""reasoning"": ""客群极度务实、价格敏感，追求'够用且便宜'，以'省人力'和'回本周期'为决策核心，同类产品定价800元，但客户只愿为能快速算清账的替代方案支付更低价格，结合其'够好就行'和'比现有方案便宜'的偏好，估计支付意愿约为400元。""}",
belief_bench_v1_2026-07-13,ToB_Cost_Adult,草根老板,C2_high,1,15445,18460,8000,success,,客户极度务实，追求‘够好且便宜’，以‘替代人力’和‘回本周期’为核心决策逻辑，参考同类产品定价12000元，但客户对价格敏感且要求明确ROI，因此估计支付意愿低于市场均价。,,"{""estimated_wtp"": 8000, ""reasoning"": ""客户极度务实，追求‘够好且便宜’，以‘替代人力’和‘回本周期’为核心决策逻辑，参考同类产品定价12000元，但客户对价格敏感且要求明确ROI，因此估计支付意愿低于市场均价。""}",
belief_bench_v1_2026-07-13,ToB_Cost_Adult,草根老板,C2_high,2,15445,18460,8000,success,,客户极度务实，追求够好且便宜，核心算账逻辑是设备能否替代人力，参考同类产品定价12000元，但客户对价格敏感且要求明确ROI，因此支付意愿低于市场价，约8000元。,,"{""estimated_wtp"": 8000, ""reasoning"": ""客户极度务实，追求够好且便宜，核心算账逻辑是设备能否替代人力，参考同类产品定价12000元，但客户对价格敏感且要求明确ROI，因此支付意愿低于市场价，约8000元。""}",
belief_bench_v1_2026-07-13,ToB_Cost_Adult,草根老板,C2_high,3,15445,18460,8000,success,,客群极度务实，追求够好且便宜，核心算账逻辑是‘一台设备省一个人力’，人力成本约200元/天，年省约7万，但客户对前期投入容忍度高且要求快速回本，参考常见定价12000元，结合其‘比现有方案便宜’和‘回本周期’诉求，估计支付意愿在8000元左右。,,"{""estimated_wtp"": 8000, ""reasoning"": ""客群极度务实，追求够好且便宜，核心算账逻辑是‘一台设备省一个人力’，人力成本约200元/天，年省约7万，但客户对前期投入容忍度高且要求快速回本，参考常见定价12000元，结合其‘比现有方案便宜’和‘回本周期’诉求，估计支付意愿在8000元左右。""}",
belief_bench_v1_2026-07-13,ToB_Cost_Adult,草根老板,C2_high,6,15445,18460,8000,success,,客户极度务实，追求够好且便宜，以回本周期和替代人力为核心决策逻辑，参考市场定价12000元，需显著低于此价格才能触发采购意愿。,,"{""estimated_wtp"": 8000, ""reasoning"": ""客户极度务实，追求够好且便宜，以回本周期和替代人力为核心决策逻辑，参考市场定价12000元，需显著低于此价格才能触发采购意愿。""}",
belief_bench_v1_2026-07-13,ToB_Cost_Adult,草根老板,C2_high,4,15445,18460,8000,success,,客户极度务实且价格敏感，追求够好且便宜，核心是替代人力成本，一台设备省一个人力（年省约2-3万），但需提供明确ROI且比现有方案便宜，参考同类定价12000元，客户可接受约8000元以快速回本并降低审批风险。,,"{""estimated_wtp"": 8000, ""reasoning"": ""客户极度务实且价格敏感，追求够好且便宜，核心是替代人力成本，一台设备省一个人力（年省约2-3万），但需提供明确ROI且比现有方案便宜，参考同类定价12000元，客户可接受约8000元以快速回本并降低审批风险。""}",
belief_bench_v1_2026-07-13,ToB_Cost_Adult,草根老板,C2_high,5,15445,18460,8000,success,,客户极度务实，追求够用且便宜，核心算账逻辑是一台设备省一个人力，回本周期驱动，市场常见定价12000元，但客户对价格敏感，需低于此价且能快速算清ROI，8000元符合其经济站位和替代人力成本的心理锚点。,,"{""estimated_wtp"": 8000, ""reasoning"": ""客户极度务实，追求够用且便宜，核心算账逻辑是一台设备省一个人力，回本周期驱动，市场常见定价12000元，但客户对价格敏感，需低于此价且能快速算清ROI，8000元符合其经济站位和替代人力成本的心理锚点。""}",
belief_bench_v1_2026-07-13,ToB_Cost_Adult,草根老板,C2_high,7,15445,18460,4000,success,,客群极度务实，核心算账逻辑是‘一台设备省一个人力’，年人力成本约2-3万，但要求够好且便宜、后续维护低，且需快速回本，参考市场定价12000元过高，结合其‘比现有方案便宜’和‘回本周期’偏好，估计支付意愿约4000元。,,"{""estimated_wtp"": 4000, ""reasoning"": ""客群极度务实，核心算账逻辑是‘一台设备省一个人力’，年人力成本约2-3万，但要求够好且便宜、后续维护低，且需快速回本，参考市场定价12000元过高，结合其‘比现有方案便宜’和‘回本周期’偏好，估计支付意愿约4000元。""}",
belief_bench_v1_2026-07-13,ToB_Cost_Adult,草根老板,C2_high,8,15445,18460,8000,success,,客户极度务实且价格敏感，核心逻辑是'一台设备省一个人力'，参考人力成本与回本周期，且追求'够好且便宜'，市场定价12000元偏高，需降至约8000元才能匹配其投入产出比预期。,,"{""estimated_wtp"": 8000, ""reasoning"": ""客户极度务实且价格敏感，核心逻辑是'一台设备省一个人力'，参考人力成本与回本周期，且追求'够好且便宜'，市场定价12000元偏高，需降至约8000元才能匹配其投入产出比预期。""}",
belief_bench_v1_2026-07-13,ToB_Cost_Adult,草根老板,C2_high,9,15445,18460,6000,success,,客户极度务实，追求‘够好且便宜’，核心是‘一台设备省一个人力’的ROI算账逻辑，参考人力成本替代和常见定价12000元，支付意愿约半价。,,"{""estimated_wtp"": 6000, ""reasoning"": ""客户极度务实，追求‘够好且便宜’，核心是‘一台设备省一个人力’的ROI算账逻辑，参考人力成本替代和常见定价12000元，支付意愿约半价。""}",
belief_bench_v1_2026-07-13,ToB_Cost_Adult,草根老板,C2_high,10,15445,18460,8000,success,,客户极度务实且价格敏感，核心逻辑是‘省人力’和‘回本周期’，参考同类产品12000元定价，但客户追求‘够好且便宜’，预期支付意愿低于市场价约30-40%，8000元接近其心理锚点。,,"{""estimated_wtp"": 8000, ""reasoning"": ""客户极度务实且价格敏感，核心逻辑是‘省人力’和‘回本周期’，参考同类产品12000元定价，但客户追求‘够好且便宜’，预期支付意愿低于市场价约30-40%，8000元接近其心理锚点。""}",
belief_bench_v1_2026-07-13,ToB_Cost_Adult,草根老板,C3,2,15445,18460,583,success,,由报告锚点加权中位数及冻结 persona 变换确定性合成,"[{""quote"":""一个临时工一天就多花两百"",""value_yuan"":200,""type"":""参考价""},{""quote"":""花了两千多修了个废铁"",""value_yuan"":2000,""type"":""参考价""},{""quote"":""修一次两千，换一台两万"",""value_yuan"":2000,""type"":""参考价""},{""quote"":""修一次两千，换一台两万"",""value_yuan"":20000,""type"":""参考价""},{""quote"":""一台设备能省一个人力"",""value_yuan"":0,""type"":""参考价""},{""quote"":""一台设备如果能省一个人力，他觉得算得过来就值得上报"",""value_yuan"":0,""type"":""参考价""}]","{""anchors"": [{""quote"": ""一个临时工一天就多花两百"", ""value_yuan"": 200, ""type"": ""参考价""}, {""quote"": ""花了两千多修了个废铁"", ""value_yuan"": 2000, ""type"": ""参考价""}, {""quote"": ""修一次两千，换一台两万"", ""value_yuan"": 2000, ""type"": ""参考价""}, {""quote"": ""修一次两千，换一台两万"", ""value_yuan"": 20000, ""type"": ""参考价""}, {""quote"": ""一台设备能省一个人力"", ""value_yuan"": null, ""type"": ""参考价""}, {""quote"": ""一台设备如果能省一个人力，他觉得算得过来就值得上报"", ""value_yuan"": null, ""type"": ""参考价""}]}",
belief_bench_v1_2026-07-13,ToB_Cost_Adult,草根老板,C3,1,15445,18460,484,success,,由报告锚点加权中位数及冻结 persona 变换确定性合成,"[{""quote"":""一台设备省一个人力"",""value_yuan"":0,""type"":""参考价""},{""quote"":""一个临时工一天就多花两百"",""value_yuan"":200,""type"":""参考价""},{""quote"":""花了两千多修了个废铁"",""value_yuan"":2000,""type"":""参考价""},{""quote"":""修一次两千，换一台两万"",""value_yuan"":2000,""type"":""参考价""},{""quote"":""修一次两千，换一台两万"",""value_yuan"":20000,""type"":""参考价""},{""quote"":""买了用不上、堆仓库"",""value_yuan"":0,""type"":""参考价""},{""quote"":""一台设备如果能省一个人力"",""value_yuan"":0,""type"":""参考价""},{""quote"":""比现有方案便宜多少"",""value_yuan"":0,""type"":""参考价""}]","{""anchors"": [{""quote"": ""一台设备省一个人力"", ""value_yuan"": null, ""type"": ""参考价""}, {""quote"": ""一个临时工一天就多花两百"", ""value_yuan"": 200, ""type"": ""参考价""}, {""quote"": ""花了两千多修了个废铁"", ""value_yuan"": 2000, ""type"": ""参考价""}, {""quote"": ""修一次两千，换一台两万"", ""value_yuan"": 2000, ""type"": ""参考价""}, {""quote"": ""修一次两千，换一台两万"", ""value_yuan"": 20000, ""type"": ""参考价""}, {""quote"": ""买了用不上、堆仓库"", ""value_yuan"": null, ""type"": ""参考价""}, {""quote"": ""一台设备如果能省一个人力"", ""value_yuan"": null, ""type"": ""参考价""}, {""quote"": ""比现有方案便宜多少"", ""value_yuan"": null, ""type"": ""参考价""}]}",
belief_bench_v1_2026-07-13,ToB_Cost_Adult,草根老板,C3,5,15445,18460,1096,success,,由报告锚点加权中位数及冻结 persona 变换确定性合成,"[{""quote"":""一个临时工一天就多花两百"",""value_yuan"":200,""type"":""参考价""},{""quote"":""花了两千多修了个废铁"",""value_yuan"":2000,""type"":""参考价""},{""quote"":""修一次两千，换一台两万"",""value_yuan"":2000,""type"":""参考价""},{""quote"":""修一次两千，换一台两万"",""value_yuan"":20000,""type"":""参考价""}]","{""anchors"": [{""quote"": ""一个临时工一天就多花两百"", ""value_yuan"": 200, ""type"": ""参考价""}, {""quote"": ""花了两千多修了个废铁"", ""value_yuan"": 2000, ""type"": ""参考价""}, {""quote"": ""修一次两千，换一台两万"", ""value_yuan"": 2000, ""type"": ""参考价""}, {""quote"": ""修一次两千，换一台两万"", ""value_yuan"": 20000, ""type"": ""参考价""}]}",
belief_bench_v1_2026-07-13,ToB_Cost_Adult,草根老板,C3,4,15445,18460,437,success,,由报告锚点加权中位数及冻结 persona 变换确定性合成,"[{""quote"":""一台设备省一个人力——他反复提这个算法。问到采购流程时说'有些东西我签个字就买了，有些得跟总部走流程，取决于金额和类别'"",""value_yuan"":0,""type"":""审批门槛""},{""quote"":""一个临时工一天就多花两百"",""value_yuan"":200,""type"":""参考价""},{""quote"":""修一次两千，换一台两万，算下来不如早换"",""value_yuan"":2000,""type"":""参考价""},{""quote"":""修一次两千，换一台两万，算下来不如早换"",""value_yuan"":20000,""type"":""参考价""},{""quote"":""之前买了一台节能热水器，算清楚了用电差价才下的决心。金额小的他自己能定，大一点的要跟院长商量，再大的得走集团采购流程"",""value_yuan"":0,""type"":""审批门槛""},{""quote"":""一台设备如果能省一个人力，他觉得'算得过来就值得上报'"",""value_yuan"":0,""type"":""参考价""}]","{""anchors"": [{""quote"": ""一台设备省一个人力——他反复提这个算法。问到采购流程时说'有些东西我签个字就买了，有些得跟总部走流程，取决于金额和类别'"", ""value_yuan"": null, ""type"": ""审批门槛""}, {""quote"": ""一个临时工一天就多花两百"", ""value_yuan"": 200, ""type"": ""参考价""}, {""quote"": ""修一次两千，换一台两万，算下来不如早换"", ""value_yuan"": 2000, ""type"": ""参考价""}, {""quote"": ""修一次两千，换一台两万，算下来不如早换"", ""value_yuan"": 20000, ""type"": ""参考价""}, {""quote"": ""之前买了一台节能热水器，算清楚了用电差价才下的决心。金额小的他自己能定，大一点的要跟院长商量，再大的得走集团采购流程"", ""value_yuan"": null, ""type"": ""审批门槛""}, {""quote"": ""一台设备如果能省一个人力，他觉得'算得过来就值得上报'"", ""value_yuan"": null, ""type"": ""参考价""}]}",
belief_bench_v1_2026-07-13,ToB_Cost_Adult,草根老板,C3,3,15445,18460,491,success,,由报告锚点加权中位数及冻结 persona 变换确定性合成,"[{""quote"":""一台设备省一个人力"",""value_yuan"":0,""type"":""参考价""},{""quote"":""一个临时工一天就多花两百"",""value_yuan"":200,""type"":""参考价""},{""quote"":""花了两千多修了个废铁"",""value_yuan"":2000,""type"":""参考价""},{""quote"":""修一次两千，换一台两万"",""value_yuan"":2000,""type"":""参考价""},{""quote"":""修一次两千，换一台两万"",""value_yuan"":20000,""type"":""参考价""},{""quote"":""比现有方案便宜多少"",""value_yuan"":0,""type"":""参考价""},{""quote"":""多久回本"",""value_yuan"":0,""type"":""参考价""},{""quote"":""一台设备能省一个人力，一年能省出的人力成本"",""value_yuan"":0,""type"":""参考价""},{""quote"":""有些东西我签个字就买了，有些得跟总部走流程，取决于金额和类别"",""value_yuan"":0,""type"":""审批门槛""},{""quote"":""金额小的他自己能定，大一点的要跟院长商量，再大的得走集团采购流程"",""value_yuan"":0,""type"":""审批门槛""}]","{""anchors"": [{""quote"": ""一台设备省一个人力"", ""value_yuan"": null, ""type"": ""参考价""}, {""quote"": ""一个临时工一天就多花两百"", ""value_yuan"": 200, ""type"": ""参考价""}, {""quote"": ""花了两千多修了个废铁"", ""value_yuan"": 2000, ""type"": ""参考价""}, {""quote"": ""修一次两千，换一台两万"", ""value_yuan"": 2000, ""type"": ""参考价""}, {""quote"": ""修一次两千，换一台两万"", ""value_yuan"": 20000, ""type"": ""参考价""}, {""quote"": ""比现有方案便宜多少"", ""value_yuan"": null, ""type"": ""参考价""}, {""quote"": ""多久回本"", ""value_yuan"": null, ""type"": ""参考价""}, {""quote"": ""一台设备能省一个人力，一年能省出的人力成本"", ""value_yuan"": null, ""type"": ""参考价""}, {""quote"": ""有些东西我签个字就买了，有些得跟总部走流程，取决于金额和类别"", ""value_yuan"": null, ""type"": ""审批门槛""}, {""quote"": ""金额小的他自己能定，大一点的要跟院长商量，再大的得走集团采购流程"", ""value_yuan"": null, ""type"": ""审批门槛""}]}",
belief_bench_v1_2026-07-13,ToB_Cost_Adult,草根老板,C3,10,15445,18460,934,success,,由报告锚点加权中位数及冻结 persona 变换确定性合成,"[{""quote"":""一个临时工一天就多花两百"",""value_yuan"":200,""type"":""参考价""},{""quote"":""花了两千多修了个废铁"",""value_yuan"":2000,""type"":""参考价""},{""quote"":""修一次两千，换一台两万"",""value_yuan"":2000,""type"":""参考价""},{""quote"":""修一次两千，换一台两万"",""value_yuan"":20000,""type"":""参考价""},{""quote"":""买了用不上、堆仓库"",""value_yuan"":0,""type"":""参考价""}]","```json
{""anchors"": [{""quote"": ""一个临时工一天就多花两百"", ""value_yuan"": 200, ""type"": ""参考价""}, {""quote"": ""花了两千多修了个废铁"", ""value_yuan"": 2000, ""type"": ""参考价""}, {""quote"": ""修一次两千，换一台两万"", ""value_yuan"": 2000, ""type"": ""参考价""}, {""quote"": ""修一次两千，换一台两万"", ""value_yuan"": 20000, ""type"": ""参考价""}, {""quote"": ""买了用不上、堆仓库"", ""value_yuan"": 0, ""type"": ""参考价""}]}
```",
belief_bench_v1_2026-07-13,ToB_Cost_Adult,草根老板,C3,7,15445,18460,428,success,,由报告锚点加权中位数及冻结 persona 变换确定性合成,"[{""quote"":""一台设备省一个人力——他反复提这个算法"",""value_yuan"":0,""type"":""参考价""},{""quote"":""请乐队成本极高"",""value_yuan"":0,""type"":""参考价""},{""quote"":""增加前台人力成本上涨"",""value_yuan"":0,""type"":""参考价""},{""quote"":""一个临时工一天就多花两百"",""value_yuan"":200,""type"":""参考价""},{""quote"":""花了两千多修了个废铁"",""value_yuan"":2000,""type"":""参考价""},{""quote"":""修一次两千，换一台两万"",""value_yuan"":2000,""type"":""参考价""},{""quote"":""修一次两千，换一台两万"",""value_yuan"":20000,""type"":""参考价""},{""quote"":""一台设备能省一个人力，一年能省出的人力成本"",""value_yuan"":0,""type"":""参考价""}]","{""anchors"": [{""quote"": ""一台设备省一个人力——他反复提这个算法"", ""value_yuan"": null, ""type"": ""参考价""}, {""quote"": ""请乐队成本极高"", ""value_yuan"": null, ""type"": ""参考价""}, {""quote"": ""增加前台人力成本上涨"", ""value_yuan"": null, ""type"": ""参考价""}, {""quote"": ""一个临时工一天就多花两百"", ""value_yuan"": 200, ""type"": ""参考价""}, {""quote"": ""花了两千多修了个废铁"", ""value_yuan"": 2000, ""type"": ""参考价""}, {""quote"": ""修一次两千，换一台两万"", ""value_yuan"": 2000, ""type"": ""参考价""}, {""quote"": ""修一次两千，换一台两万"", ""value_yuan"": 20000, ""type"": ""参考价""}, {""quote"": ""一台设备能省一个人力，一年能省出的人力成本"", ""value_yuan"": null, ""type"": ""参考价""}]}",
belief_bench_v1_2026-07-13,ToB_Cost_Adult,草根老板,C3,6,15445,18460,377,success,,由报告锚点加权中位数及冻结 persona 变换确定性合成,"[{""quote"":""一台设备省一个人力——他反复提这个算法"",""value_yuan"":0,""type"":""参考价""},{""quote"":""一个临时工一天就多花两百"",""value_yuan"":200,""type"":""参考价""},{""quote"":""花了两千多修了个废铁"",""value_yuan"":2000,""type"":""参考价""},{""quote"":""修一次两千，换一台两万"",""value_yuan"":2000,""type"":""参考价""},{""quote"":""修一次两千，换一台两万"",""value_yuan"":20000,""type"":""参考价""},{""quote"":""一台设备能省一个人力，一年能省出的人力成本"",""value_yuan"":0,""type"":""参考价""},{""quote"":""一台设备如果能省一个人力，他觉得'算得过来就值得上报'"",""value_yuan"":0,""type"":""参考价""},{""quote"":""有些东西我签个字就买了，有些得跟总部走流程，取决于金额和类别"",""value_yuan"":0,""type"":""审批门槛""},{""quote"":""金额小的他自己能定，大一点的要跟院长商量，再大的得走集团采购流程"",""value_yuan"":0,""type"":""审批门槛""},{""quote"":""去年买过一套考勤终端，院长直接签了；后来要换中央空调控制系统，'报告打到集团去了，等了两个月'"",""value_yuan"":0,""type"":""审批门槛""}]","{""anchors"": [{""quote"": ""一台设备省一个人力——他反复提这个算法"", ""value_yuan"": null, ""type"": ""参考价""}, {""quote"": ""一个临时工一天就多花两百"", ""value_yuan"": 200, ""type"": ""参考价""}, {""quote"": ""花了两千多修了个废铁"", ""value_yuan"": 2000, ""type"": ""参考价""}, {""quote"": ""修一次两千，换一台两万"", ""value_yuan"": 2000, ""type"": ""参考价""}, {""quote"": ""修一次两千，换一台两万"", ""value_yuan"": 20000, ""type"": ""参考价""}, {""quote"": ""一台设备能省一个人力，一年能省出的人力成本"", ""value_yuan"": null, ""type"": ""参考价""}, {""quote"": ""一台设备如果能省一个人力，他觉得'算得过来就值得上报'"", ""value_yuan"": null, ""type"": ""参考价""}, {""quote"": ""有些东西我签个字就买了，有些得跟总部走流程，取决于金额和类别"", ""value_yuan"": null, ""type"": ""审批门槛""}, {""quote"": ""金额小的他自己能定，大一点的要跟院长商量，再大的得走集团采购流程"", ""value_yuan"": null, ""type"": ""审批门槛""}, {""quote"": ""去年买过一套考勤终端，院长直接签了；后来要换中央空调控制系统，'报告打到集团去了，等了两个月'"", ""value_yuan"": null, ""type"": ""审批门槛""}]}",
belief_bench_v1_2026-07-13,ToB_Cost_Adult,职业经理人,C0_leaked,1,15445,18460,2000,success,,三位受访者均极度务实，反复强调‘够用且便宜’、‘回本周期’和‘比现有方案便宜’，对功能期待低且对前期投入容忍度低，因此支付意愿远低于示例区间下限3000元。,,"{""estimated_wtp"": 2000, ""reasoning"": ""三位受访者均极度务实，反复强调‘够用且便宜’、‘回本周期’和‘比现有方案便宜’，对功能期待低且对前期投入容忍度低，因此支付意愿远低于示例区间下限3000元。""}",
belief_bench_v1_2026-07-13,ToB_Cost_Adult,草根老板,C3,8,15445,18460,446,success,,由报告锚点加权中位数及冻结 persona 变换确定性合成,"[{""quote"":""一台设备省一个人力"",""value_yuan"":0,""type"":""参考价""},{""quote"":""一个临时工一天就多花两百"",""value_yuan"":200,""type"":""参考价""},{""quote"":""花了两千多修了个废铁"",""value_yuan"":2000,""type"":""参考价""},{""quote"":""修一次两千，换一台两万"",""value_yuan"":2000,""type"":""参考价""},{""quote"":""修一次两千，换一台两万"",""value_yuan"":20000,""type"":""参考价""},{""quote"":""比现有方案便宜多少"",""value_yuan"":0,""type"":""参考价""},{""quote"":""一台设备能省一个人力，一年能省出的人力成本"",""value_yuan"":0,""type"":""参考价""},{""quote"":""多久回本"",""value_yuan"":0,""type"":""参考价""},{""quote"":""金额小的他自己能定，大一点的要跟院长商量，再大的得走集团采购流程"",""value_yuan"":0,""type"":""审批门槛""},{""quote"":""一台设备如果能省一个人力，他觉得算得过来就值得上报"",""value_yuan"":0,""type"":""参考价""}]","{""anchors"": [{""quote"": ""一台设备省一个人力"", ""value_yuan"": null, ""type"": ""参考价""}, {""quote"": ""一个临时工一天就多花两百"", ""value_yuan"": 200, ""type"": ""参考价""}, {""quote"": ""花了两千多修了个废铁"", ""value_yuan"": 2000, ""type"": ""参考价""}, {""quote"": ""修一次两千，换一台两万"", ""value_yuan"": 2000, ""type"": ""参考价""}, {""quote"": ""修一次两千，换一台两万"", ""value_yuan"": 20000, ""type"": ""参考价""}, {""quote"": ""比现有方案便宜多少"", ""value_yuan"": null, ""type"": ""参考价""}, {""quote"": ""一台设备能省一个人力，一年能省出的人力成本"", ""value_yuan"": null, ""type"": ""参考价""}, {""quote"": ""多久回本"", ""value_yuan"": null, ""type"": ""参考价""}, {""quote"": ""金额小的他自己能定，大一点的要跟院长商量，再大的得走集团采购流程"", ""value_yuan"": null, ""type"": ""审批门槛""}, {""quote"": ""一台设备如果能省一个人力，他觉得算得过来就值得上报"", ""value_yuan"": null, ""type"": ""参考价""}]}",
belief_bench_v1_2026-07-13,ToB_Cost_Adult,草根老板,C3,9,15445,18460,485,success,,由报告锚点加权中位数及冻结 persona 变换确定性合成,"[{""quote"":""一台设备省一个人力——他反复提这个算法"",""value_yuan"":0,""type"":""参考价""},{""quote"":""一个临时工一天就多花两百"",""value_yuan"":200,""type"":""参考价""},{""quote"":""修一次两千，换一台两万"",""value_yuan"":2000,""type"":""下限""},{""quote"":""修一次两千，换一台两万"",""value_yuan"":20000,""type"":""上限""},{""quote"":""花了两千多修了个废铁"",""value_yuan"":2000,""type"":""参考价""},{""quote"":""一台设备能省一个人力，一年能省出的人力成本"",""value_yuan"":0,""type"":""参考价""},{""quote"":""买多台单价能降的话"",""value_yuan"":0,""type"":""参考价""},{""quote"":""有些东西我签个字就买了，有些得跟总部走流程，取决于金额和类别"",""value_yuan"":0,""type"":""审批门槛""},{""quote"":""金额小的他自己能定，大一点的要跟院长商量，再大的得走集团采购流程"",""value_yuan"":0,""type"":""审批门槛""}]","{""anchors"": [{""quote"": ""一台设备省一个人力——他反复提这个算法"", ""value_yuan"": null, ""type"": ""参考价""}, {""quote"": ""一个临时工一天就多花两百"", ""value_yuan"": 200, ""type"": ""参考价""}, {""quote"": ""修一次两千，换一台两万"", ""value_yuan"": 2000, ""type"": ""下限""}, {""quote"": ""修一次两千，换一台两万"", ""value_yuan"": 20000, ""type"": ""上限""}, {""quote"": ""花了两千多修了个废铁"", ""value_yuan"": 2000, ""type"": ""参考价""}, {""quote"": ""一台设备能省一个人力，一年能省出的人力成本"", ""value_yuan"": null, ""type"": ""参考价""}, {""quote"": ""买多台单价能降的话"", ""value_yuan"": null, ""type"": ""参考价""}, {""quote"": ""有些东西我签个字就买了，有些得跟总部走流程，取决于金额和类别"", ""value_yuan"": null, ""type"": ""审批门槛""}, {""quote"": ""金额小的他自己能定，大一点的要跟院长商量，再大的得走集团采购流程"", ""value_yuan"": null, ""type"": ""审批门槛""}]}",
belief_bench_v1_2026-07-13,ToB_Cost_Adult,职业经理人,C0_leaked,2,15445,18460,3500,success,,"客户极度务实，以'省人力、算回本'为核心决策逻辑，三位受访者均强调'够用且便宜'，锚定报告示例范围[3000,5000]并取中偏低值，符合其价格敏感且追求稳定低维护的偏好。",,"{""estimated_wtp"": 3500, ""reasoning"": ""客户极度务实，以'省人力、算回本'为核心决策逻辑，三位受访者均强调'够用且便宜'，锚定报告示例范围[3000,5000]并取中偏低值，符合其价格敏感且追求稳定低维护的偏好。""}",
belief_bench_v1_2026-07-13,ToB_Cost_Adult,职业经理人,C0_leaked,4,15445,18460,3500,success,,三份报告均显示客户极度务实、价格敏感，核心逻辑是'一台设备省一个人力'，参考人力成本与回本周期，支付意愿锚定在3000-5000元区间中低位，3500元是够好且便宜的合理折中。,,"{""estimated_wtp"": 3500, ""reasoning"": ""三份报告均显示客户极度务实、价格敏感，核心逻辑是'一台设备省一个人力'，参考人力成本与回本周期，支付意愿锚定在3000-5000元区间中低位，3500元是够好且便宜的合理折中。""}",
belief_bench_v1_2026-07-13,ToB_Cost_Adult,职业经理人,C0_leaked,3,15445,18460,2000,success,,"三位受访者均极度务实、价格敏感，反复强调‘够用且便宜’‘多久回本’‘比现有方案便宜多少’，且对前期投入容忍度低，结合原模板锚定区间[3000,5000]但客群实际支付意愿更低，故估计为2000元。",,"{""estimated_wtp"": 2000, ""reasoning"": ""三位受访者均极度务实、价格敏感，反复强调‘够用且便宜’‘多久回本’‘比现有方案便宜多少’，且对前期投入容忍度低，结合原模板锚定区间[3000,5000]但客群实际支付意愿更低，故估计为2000元。""}",
belief_bench_v1_2026-07-13,ToB_Cost_Adult,职业经理人,C0_leaked,6,15445,18460,3500,success,,"三份报告均显示客群极度务实、价格敏感，支付意愿锚定在‘一台设备省一个人力’的回本逻辑上，参考模板区间[3000,5000]取中下值，且需低于现有替代方案成本以通过审批。",,"{""estimated_wtp"": 3500, ""reasoning"": ""三份报告均显示客群极度务实、价格敏感，支付意愿锚定在‘一台设备省一个人力’的回本逻辑上，参考模板区间[3000,5000]取中下值，且需低于现有替代方案成本以通过审批。""}",
belief_bench_v1_2026-07-13,ToB_Cost_Adult,职业经理人,C0_leaked,5,15445,18460,2000,success,,客群极度务实且价格敏感，以'省人力、回本快'为核心决策逻辑，参考报告中的'一台设备省一个人力'的算法，结合其'够好且便宜'的定位和高端价格站位倾向，支付意愿上限约为2000元。,,"{""estimated_wtp"": 2000, ""reasoning"": ""客群极度务实且价格敏感，以'省人力、回本快'为核心决策逻辑，参考报告中的'一台设备省一个人力'的算法，结合其'够好且便宜'的定位和高端价格站位倾向，支付意愿上限约为2000元。""}",
belief_bench_v1_2026-07-13,ToB_Cost_Adult,职业经理人,C0_leaked,8,15445,18460,3000,success,,三位受访者均极度务实，反复强调'够用且便宜'、'回本周期'和'替代人力'，对价格高度敏感，锚定报告示例下限3000元。,,"{""estimated_wtp"": 3000, ""reasoning"": ""三位受访者均极度务实，反复强调'够用且便宜'、'回本周期'和'替代人力'，对价格高度敏感，锚定报告示例下限3000元。""}",
belief_bench_v1_2026-07-13,ToB_Cost_Adult,职业经理人,C0_leaked,7,15445,18460,3500,success,,"三位受访者均极度务实、价格敏感，核心逻辑是'一台设备省一个人力'，参考报告示例区间[3000,5000]并锚定下限附近，结合'够用且便宜'、'比现有方案便宜'的反复强调，3500元是能触发'算得过来就值得上报'心理的合理价位。",,"{""estimated_wtp"": 3500, ""reasoning"": ""三位受访者均极度务实、价格敏感，核心逻辑是'一台设备省一个人力'，参考报告示例区间[3000,5000]并锚定下限附近，结合'够用且便宜'、'比现有方案便宜'的反复强调，3500元是能触发'算得过来就值得上报'心理的合理价位。""}",
belief_bench_v1_2026-07-13,ToB_Cost_Adult,职业经理人,C0_leaked,10,15445,18460,2000,success,,客群极度价格敏感，追求‘够好且便宜’，支付意愿锚定在‘替代一个人力’的年度成本分摊，且低于报告示例下限3000元。,,"{""estimated_wtp"": 2000, ""reasoning"": ""客群极度价格敏感，追求‘够好且便宜’，支付意愿锚定在‘替代一个人力’的年度成本分摊，且低于报告示例下限3000元。""}",
belief_bench_v1_2026-07-13,ToB_Cost_Adult,职业经理人,C0_leaked,9,15445,18460,2000,success,,"三位受访者均极度价格敏感，反复强调'够用且便宜'、'回本周期'和'替代人力'，且对前期投入容忍度低，结合原模板示例[3000,5000]需下修至2000元以匹配其务实采购逻辑。",,"{""estimated_wtp"": 2000, ""reasoning"": ""三位受访者均极度价格敏感，反复强调'够用且便宜'、'回本周期'和'替代人力'，且对前期投入容忍度低，结合原模板示例[3000,5000]需下修至2000元以匹配其务实采购逻辑。""}",
belief_bench_v1_2026-07-13,ToB_Cost_Adult,职业经理人,C0_clean,1,15445,18460,3500,success,,三位受访者均强调‘一台设备省一个人力’的投入产出比，按最低人力成本约4000元/月计算，回本周期需控制在1-2个月内，且对价格敏感、追求‘够好且便宜’，因此支付意愿上限约3500元。,,"{""estimated_wtp"": 3500, ""reasoning"": ""三位受访者均强调‘一台设备省一个人力’的投入产出比，按最低人力成本约4000元/月计算，回本周期需控制在1-2个月内，且对价格敏感、追求‘够好且便宜’，因此支付意愿上限约3500元。""}",
belief_bench_v1_2026-07-13,ToB_Cost_Adult,职业经理人,C0_clean,2,15445,18460,8000,success,,三位受访者均极度务实，核心逻辑是‘一台设备省一个人力’，按一年人力成本约6-8万计算，他们能接受的回本周期在1-2年内，且要求够用、稳定、低维护，因此支付意愿约8000元。,,"{""estimated_wtp"": 8000, ""reasoning"": ""三位受访者均极度务实，核心逻辑是‘一台设备省一个人力’，按一年人力成本约6-8万计算，他们能接受的回本周期在1-2年内，且要求够用、稳定、低维护，因此支付意愿约8000元。""}",
belief_bench_v1_2026-07-13,ToB_Cost_Adult,职业经理人,C0_clean,5,15445,18460,8000,success,,三位受访者均强调'一台设备省一个人力'的ROI逻辑，年人力成本约5-8万，按1-2年回本周期折算，且要求'够好且便宜'，故支付意愿约8000元。,,"{""estimated_wtp"": 8000, ""reasoning"": ""三位受访者均强调'一台设备省一个人力'的ROI逻辑，年人力成本约5-8万，按1-2年回本周期折算，且要求'够好且便宜'，故支付意愿约8000元。""}",
belief_bench_v1_2026-07-13,ToB_Cost_Adult,职业经理人,C0_clean,4,15445,18460,8000,success,,三位受访者均极度务实，核心决策逻辑是'多久回本'，一台设备需替代一个人力（年成本约8-10万），且对功能要求低、对价格敏感，结合高端站位和够好标准，估计支付意愿约为8000元。,,"{""estimated_wtp"": 8000, ""reasoning"": ""三位受访者均极度务实，核心决策逻辑是'多久回本'，一台设备需替代一个人力（年成本约8-10万），且对功能要求低、对价格敏感，结合高端站位和够好标准，估计支付意愿约为8000元。""}",
belief_bench_v1_2026-07-13,ToB_Cost_Adult,职业经理人,C0_clean,3,15445,18460,1500,success,,三位受访者均极度务实，以'替代人力'和'回本周期'为核心决策逻辑，一台设备省一个人力（年成本约5万）是支付锚点，但要求'够好且便宜'，对前期投入容忍度低，故支付意愿锚定在较低但可量化回报的1500元档位。,,"{""estimated_wtp"": 1500, ""reasoning"": ""三位受访者均极度务实，以'替代人力'和'回本周期'为核心决策逻辑，一台设备省一个人力（年成本约5万）是支付锚点，但要求'够好且便宜'，对前期投入容忍度低，故支付意愿锚定在较低但可量化回报的1500元档位。""}",
belief_bench_v1_2026-07-13,ToB_Cost_Adult,职业经理人,C0_clean,6,15445,18460,1500,success,,客群极度务实，以‘替代一个人力’为回本核心，按年人力成本约5万、回本周期1-2年、且需‘够好且便宜’估算，高端定价上限约3000元，但综合其低容忍度与价格敏感，实际支付意愿锚定在1500元左右。,,"{""estimated_wtp"": 1500, ""reasoning"": ""客群极度务实，以‘替代一个人力’为回本核心，按年人力成本约5万、回本周期1-2年、且需‘够好且便宜’估算，高端定价上限约3000元，但综合其低容忍度与价格敏感，实际支付意愿锚定在1500元左右。""}",
belief_bench_v1_2026-07-13,ToB_Cost_Adult,职业经理人,C0_clean,7,15445,18460,1500,success,,客户极度务实，以‘省一个人力’为决策核心，参考报告中年人力成本约5-6万，按1年回本周期、替代部分人力且需够好便宜，估计支付意愿在1500元左右。,,"{""estimated_wtp"": 1500, ""reasoning"": ""客户极度务实，以‘省一个人力’为决策核心，参考报告中年人力成本约5-6万，按1年回本周期、替代部分人力且需够好便宜，估计支付意愿在1500元左右。""}",
belief_bench_v1_2026-07-13,ToB_Cost_Adult,职业经理人,C0_clean,8,15445,18460,1500,success,,客户极度务实，以回本周期为核心，一台设备需替代一个人力（年成本约3-4万），按1-2年回本估算，且追求够好便宜、维护低，高端定价难被接受。,,"{""estimated_wtp"": 1500, ""reasoning"": ""客户极度务实，以回本周期为核心，一台设备需替代一个人力（年成本约3-4万），按1-2年回本估算，且追求够好便宜、维护低，高端定价难被接受。""}",
belief_bench_v1_2026-07-13,ToB_Cost_Adult,职业经理人,C0_clean,9,15445,18460,8000,success,,客群极度务实，以'替代一个人力'为ROI核心，年人力成本约6-8万，按1-2年回本周期且要求够好便宜，支付意愿上限约8000元。,,"{""estimated_wtp"": 8000, ""reasoning"": ""客群极度务实，以'替代一个人力'为ROI核心，年人力成本约6-8万，按1-2年回本周期且要求够好便宜，支付意愿上限约8000元。""}",
belief_bench_v1_2026-07-13,ToB_Cost_Adult,职业经理人,C0_clean,10,15445,18460,1500,success,,客户极度务实，以'替代一个人力'为核心算账逻辑，一台设备需在一年内回本，按养老院护理员月薪约4000元计算，年人力成本约4.8万，但客户追求'够用且便宜'且容忍度低，因此支付意愿远低于此，约1500元作为低门槛试错成本。,,"{""estimated_wtp"": 1500, ""reasoning"": ""客户极度务实，以'替代一个人力'为核心算账逻辑，一台设备需在一年内回本，按养老院护理员月薪约4000元计算，年人力成本约4.8万，但客户追求'够用且便宜'且容忍度低，因此支付意愿远低于此，约1500元作为低门槛试错成本。""}",
belief_bench_v1_2026-07-13,ToB_Cost_Adult,职业经理人,C1,2,15445,18460,3000,success,,客户反复强调‘省一个人力’和‘多久回本’，按临时工日薪200元、年工作250天计算，年省5万元，但客户只愿为‘够用’且‘比现有方案便宜’的方案付费，结合‘修一次两千、换一台两万’的对比，推测其心理价位在3000元左右。,,"{""estimated_wtp"": 3000, ""reasoning"": ""客户反复强调‘省一个人力’和‘多久回本’，按临时工日薪200元、年工作250天计算，年省5万元，但客户只愿为‘够用’且‘比现有方案便宜’的方案付费，结合‘修一次两千、换一台两万’的对比，推测其心理价位在3000元左右。""}","以下是三份报告中所有与价格、预算、支付意愿相关的句子逐字引用：

**报告 1：ToB_Cost_Adult_P1**

- “我买东西先算账，看多久回本。一台设备省一个人力——他反复提这个算法。”
- “帮我省多少人力，多久回本，才能向上汇报。”
- “不追求最好，够用就行，别添乱。”
- “后续维护低”
- “比现有方案便宜多少”
- “请乐队成本极高”
- “增加前台人力成本上涨”

**报告 2：ToB_Cost_Adult_P2**

- “太贵了，一个临时工一天就多花两百。”
- “花了两千多修了个废铁。”
- “后续维护低”
- “一个设备能省一个人力，一年能省出的人力成本，我心里有数。”
- “值不值，我就看它能不能替掉一个岗位。”
- “一台设备能省一个人力，投入产出比就划算。”
- “帮我省多少人力”

**报告 3：ToB_Cost_Adult_P3**

- “修一次两千，换一台两万，算下来不如早换。”
- “培训一次就要搭半天人力，太贵了。”
- “我得算清楚多久能回本，比现有方案便宜多少，才能向上汇报。”
- “买了用不上、堆仓库”
- “请乐队成本极高”
- “一台设备如果能省一个人力，他觉得‘算得过来就值得上报’”
- “买多台单价能降的话，更好。”
- “多久回本”
- “比现有方案便宜多少”"
belief_bench_v1_2026-07-13,ToB_Cost_Adult,职业经理人,C1,1,15445,18460,2000,success,,客户反复强调'比现有方案便宜多少'和'省一个人力'，一台设备替代人力年省约2000元，因此支付意愿锚定在2000元附近。,,"{""estimated_wtp"": 2000, ""reasoning"": ""客户反复强调'比现有方案便宜多少'和'省一个人力'，一台设备替代人力年省约2000元，因此支付意愿锚定在2000元附近。""}","以下是从三份报告中逐字引用的、与价格、预算、支付意愿相关的所有句子：

**报告 1：ToB_Cost_Adult_P1**

- “我买东西先算账，看多久回本。一台设备省一个人力——他反复提这个算法。”
- “有些东西我签个字就买了，有些得跟总部走流程，取决于金额和类别。”
- “帮我省多少人力，多久回本，才能向上汇报。”
- “不追求最好，够用就行，别添乱。”
- “比现有方案便宜多少”是核心对比维度。
- “请乐队成本极高”“增加前台人力成本上涨”。
- “他反复强调‘算账’‘回本’‘替代人力’。”

**报告 2：ToB_Cost_Adult_P2**

- “太贵了，一个临时工一天就多花两百。”
- “花了两千多修了个废铁。”
- “一个设备能省一个人力，一年能省出的人力成本，我心里有数。”
- “去年买过一套考勤终端，院长直接签了；后来要换中央空调控制系统，‘报告打到集团去了，等了两个月’。”
- “值不值，我就看它能不能替掉一个岗位。”
- “一台设备能省一个人力，投入产出比就划算。”

**报告 3：ToB_Cost_Adult_P3**

- “修一次两千，换一台两万，算下来不如早换。”
- “培训一次就要搭半天人力，太贵了。”
- “只要涉及系统级采购就得走总部审批流程，万一用不好就白花钱了。”
- “我得算清楚多久能回本，比现有方案便宜多少，才能向上汇报。”
- “买了用不上、堆仓库。”
- “请乐队成本极高，也不可持续。”
- “我算账很细，一个东西能用几年、每年省多少，我都会算。”
- “一台设备如果能省一个人力，他觉得‘算得过来就值得上报’。”
- “增加前台人力成本太高。”
- “买多台单价能降的话，更好。”
- “多久回本”“比现有方案便宜多少”。"
belief_bench_v1_2026-07-13,ToB_Cost_Adult,职业经理人,C1,6,15445,18460,20000,success,,客户以‘省一个人力’为价值锚点，按年人力成本约5-6万，回本周期1-2年，且‘比现有方案便宜多少’是核心对比，故支付意愿约2万元。,,"{""estimated_wtp"": 20000, ""reasoning"": ""客户以‘省一个人力’为价值锚点，按年人力成本约5-6万，回本周期1-2年，且‘比现有方案便宜多少’是核心对比，故支付意愿约2万元。""}","以下是从三份报告中逐字引用的、与价格、预算、支付意愿相关的所有句子：

**报告 1：ToB_Cost_Adult_P1**

- “我买东西先算账，看多久回本。一台设备省一个人力——他反复提这个算法。”
- “帮我省多少人力，多久回本，才能向上汇报。”
- “不追求最好，够用就行，别添乱。”
- “比现有方案便宜多少”是核心对比维度。
- “请乐队成本极高”“增加前台人力成本上涨”。
- “效果能量化，方便汇报。”

**报告 2：ToB_Cost_Adult_P2**

- “一个临时工一天就多花两百。”
- “帮我省多少人力。”
- “花了两千多修了个废铁。”
- “后续维护低”才值得采购。
- “够用就行。”
- “一个设备能省一个人力，一年能省出的人力成本，我心里有数。”
- “值不值，我就看它能不能替掉一个岗位。”
- “一台设备能省一个人力，投入产出比就划算。”

**报告 3：ToB_Cost_Adult_P3**

- “修一次两千，换一台两万，算下来不如早换。”
- “培训一次就要搭半天人力，太贵了。”
- “我得算清楚多久能回本，比现有方案便宜多少，才能向上汇报。”
- “买了用不上、堆仓库。”
- “请乐队成本极高，也不可持续。”
- “一台设备如果能省一个人力，他觉得‘算得过来就值得上报’。”
- “买多台单价能降的话，更好。”
- “多久回本”“比现有方案便宜多少”。"
belief_bench_v1_2026-07-13,ToB_Cost_Adult,职业经理人,C1,3,15445,18460,2000,success,,客户反复以‘省一个人力’为价值锚点，且对2000元维修费敏感，说明支付意愿接近年人力成本节省的阈值，约2000元。,,"{""estimated_wtp"": 2000, ""reasoning"": ""客户反复以‘省一个人力’为价值锚点，且对2000元维修费敏感，说明支付意愿接近年人力成本节省的阈值，约2000元。""}","以下是从三份报告中逐字引用的、与价格、预算、支付意愿相关的所有句子：

**报告 1：ToB_Cost_Adult_P1**

- “我买东西先算账，看多久回本。一台设备省一个人力——他反复提这个算法。”
- “有些东西我签个字就买了，有些得跟总部走流程，取决于金额和类别。”
- “帮我省多少人力，多久回本，才能向上汇报。”
- “不追求最好，够用就行，别添乱。”
- “比现有方案便宜多少”是核心对比维度。
- “请乐队成本极高”
- “增加前台人力成本上涨”

**报告 2：ToB_Cost_Adult_P2**

- “太贵了，一个临时工一天就多花两百。”
- “帮我省多少人力”
- “花了两千多修了个废铁”
- “后续维护低”才值得采购。
- “一个设备能省一个人力，一年能省出的人力成本，我心里有数。”
- “去年买过一套考勤终端，院长直接签了；后来要换中央空调控制系统，‘报告打到集团去了，等了两个月’。”
- “值不值，我就看它能不能替掉一个岗位”
- “一台设备能省一个人力，投入产出比就划算”

**报告 3：ToB_Cost_Adult_P3**

- “修一次两千，换一台两万，算下来不如早换。”
- “培训一次就要搭半天人力，太贵了。”
- “只要涉及系统级采购就得走总部审批流程，万一用不好就白花钱了。”
- “我得算清楚多久能回本，比现有方案便宜多少，才能向上汇报。”
- “买了用不上、堆仓库”
- “请乐队成本极高，也不可持续”
- “我算账很细，一个东西能用几年、每年省多少，我都会算。”
- “买了一台节能热水器，算清楚了用电差价才下的决心。”
- “金额小的他自己能定，大一点的要跟院长商量，再大的得走集团采购流程”
- “一台设备如果能省一个人力，他觉得‘算得过来就值得上报’”
- “增加前台人力成本太高”
- “买多台单价能降的话，更好。”
- “多久回本”
- “比现有方案便宜多少”"
belief_bench_v1_2026-07-13,ToB_Cost_Adult,职业经理人,C1,4,15445,18460,20000,success,,客户核心逻辑是‘一台设备省一个人力，一年回本’，按一个人力年成本约2万元估算，支付意愿上限约2万元。,,"{""estimated_wtp"": 20000, ""reasoning"": ""客户核心逻辑是‘一台设备省一个人力，一年回本’，按一个人力年成本约2万元估算，支付意愿上限约2万元。""}","以下是三份报告中所有与价格、预算、支付意愿相关的句子逐字引用：

**报告 1：ToB_Cost_Adult_P1**

- “我买东西先算账，看多久回本。一台设备省一个人力——他反复提这个算法。问到采购流程时说‘有些东西我签个字就买了，有些得跟总部走流程，取决于金额和类别’。”
- “帮我省多少人力，多久回本，才能向上汇报”
- “不追求最好，够用就行，别添乱。”
- “后续维护低”
- “比现有方案便宜多少”
- “够用且便宜”
- “他提到最近一次自行采购的是一批清洁耗材，走总部审批的是一套门禁升级方案。他常对比‘请乐队成本极高’‘增加前台人力成本上涨’。”
- “不能影响正常运营”
- “效果能量化”

**报告 2：ToB_Cost_Adult_P2**

- “一个临时工一天就多花两百”
- “帮我省多少人力”
- “花了两千多修了个废铁”
- “后续维护低”
- “够用就行”
- “一个设备能省一个人力，一年能省出的人力成本，我心里有数。”
- “去年买过一套考勤终端，院长直接签了；后来要换中央空调控制系统，‘报告打到集团去了，等了两个月’。”
- “值不值，我就看它能不能替掉一个岗位”
- “一台设备能省一个人力，投入产出比就划算”
- “需要成功案例”

**报告 3：ToB_Cost_Adult_P3**

- “修一次两千，换一台两万，算下来不如早换。”
- “培训一次就要搭半天人力，太贵了。”
- “只要涉及系统级采购就得走总部审批流程，万一用不好就白花钱了。”
- “我得算清楚多久能回本，比现有方案便宜多少，才能向上汇报。”
- “买了用不上、堆仓库”
- “请乐队成本极高，也不可持续”
- “不是加预算买新东西”
- “我算账很细，一个东西能用几年、每年省多少，我都会算。”
- “他举例说之前买了一台节能热水器，算清楚了用电差价才下的决心。金额小的他自己能定，大一点的要跟院长商量，再大的得走集团采购流程”
- “一台设备如果能省一个人力，他觉得‘算得过来就值得上报’，关键是能算清账、有成功案例。”
- “增加前台人力成本太高”
- “不用培训，维护成本低，还能算清账，我就愿意试。买多台单价能降的话，更好。”
- “够好且便宜”
- “多久回本”
- “比现有方案便宜多少”"
belief_bench_v1_2026-07-13,ToB_Cost_Adult,职业经理人,C1,5,15445,18460,5000,success,,客户核心逻辑是‘一台设备省一个人力，一年回本’，按人力成本约5万/年，设备单价需在5万内且回本周期1年，但客户对前期投入容忍度低且倾向高端，故取5000元为可接受上限。,,"{""estimated_wtp"": 5000, ""reasoning"": ""客户核心逻辑是‘一台设备省一个人力，一年回本’，按人力成本约5万/年，设备单价需在5万内且回本周期1年，但客户对前期投入容忍度低且倾向高端，故取5000元为可接受上限。""}","以下是三份报告中与价格、预算、支付意愿相关的所有句子逐字引用：

**报告 1：ToB_Cost_Adult_P1**
- “我买东西先算账，看多久回本。一台设备省一个人力——他反复提这个算法。”
- “帮我省多少人力，多久回本，才能向上汇报。”
- “不追求最好，够用就行，别添乱。”
- “后续维护低”
- “比现有方案便宜多少”
- “他提到最近一次自行采购的是一批清洁耗材，走总部审批的是一套门禁升级方案。”
- “他常对比‘请乐队成本极高’‘增加前台人力成本上涨’。”
- “他反复强调‘算账’‘回本’‘替代人力’”

**报告 2：ToB_Cost_Adult_P2**
- “一个临时工一天就多花两百。”
- “帮我省多少人力”
- “花了两千多修了个废铁。”
- “后续维护低”
- “一个设备能省一个人力，一年能省出的人力成本，我心里有数。”
- “去年买过一套考勤终端，院长直接签了；后来要换中央空调控制系统，‘报告打到集团去了，等了两个月’。”
- “值不值，我就看它能不能替掉一个岗位”
- “一台设备能省一个人力，投入产出比就划算”
- “决策逻辑围绕‘帮我省多少人力’，一切采购先过‘回本周期’这一关”

**报告 3：ToB_Cost_Adult_P3**
- “修一次两千，换一台两万，算下来不如早换。”
- “培训一次就要搭半天人力，太贵了。”
- “只要涉及系统级采购就得走总部审批流程，万一用不好就白花钱了。”
- “我得算清楚多久能回本，比现有方案便宜多少，才能向上汇报。”
- “买了用不上、堆仓库”
- “请乐队成本极高，也不可持续”
- “不是加预算买新东西”
- “我算账很细，一个东西能用几年、每年省多少，我都会算。”
- “他举例说之前买了一台节能热水器，算清楚了用电差价才下的决心。”
- “金额小的他自己能定，大一点的要跟院长商量，再大的得走集团采购流程”
- “一台设备如果能省一个人力，他觉得‘算得过来就值得上报’”
- “关键是能算清账、有成功案例。”
- “增加前台人力成本太高”
- “维护成本低，还能算清账，我就愿意试。买多台单价能降的话，更好。”
- “多久回本”“比现有方案便宜多少”"
belief_bench_v1_2026-07-13,ToB_Cost_Adult,职业经理人,C2_low,1,15445,18460,600,success,,客群极度务实价格敏感，以'够用且便宜'和'多久回本'为决策核心，锚定市场常见价800元并倾向更低，结合对省人力和低维护的诉求，支付意愿约600元。,,"{""estimated_wtp"": 600, ""reasoning"": ""客群极度务实价格敏感，以'够用且便宜'和'多久回本'为决策核心，锚定市场常见价800元并倾向更低，结合对省人力和低维护的诉求，支付意愿约600元。""}",
belief_bench_v1_2026-07-13,ToB_Cost_Adult,职业经理人,C2_low,2,15445,18460,600,success,,客户极度务实、价格敏感，追求‘够好且便宜’，锚定市场常见价800元并期望更低，同时要求明确ROI和低维护成本，因此支付意愿低于市场均价。,,"{""estimated_wtp"": 600, ""reasoning"": ""客户极度务实、价格敏感，追求‘够好且便宜’，锚定市场常见价800元并期望更低，同时要求明确ROI和低维护成本，因此支付意愿低于市场均价。""}",
belief_bench_v1_2026-07-13,ToB_Cost_Adult,职业经理人,C2_low,3,15445,18460,600,success,,客户极度务实，以‘替代人力’和‘回本周期’为核心决策逻辑，参考同类产品800元定价，结合其‘够好且便宜’、对前期投入容忍度低、需量化回报的特点，支付意愿低于市场均价，约600元。,,"{""estimated_wtp"": 600, ""reasoning"": ""客户极度务实，以‘替代人力’和‘回本周期’为核心决策逻辑，参考同类产品800元定价，结合其‘够好且便宜’、对前期投入容忍度低、需量化回报的特点，支付意愿低于市场均价，约600元。""}",
belief_bench_v1_2026-07-13,ToB_Cost_Adult,职业经理人,C1,8,15445,18460,20000,success,,客户反复强调‘一台设备省一个人力’和‘多久回本’，按年人力成本约5-6万估算，设备价格在2万左右可一年回本，且客户对价格敏感、接受高端站位，故估计为2万元。,,"{""estimated_wtp"": 20000, ""reasoning"": ""客户反复强调‘一台设备省一个人力’和‘多久回本’，按年人力成本约5-6万估算，设备价格在2万左右可一年回本，且客户对价格敏感、接受高端站位，故估计为2万元。""}","以下是三份报告中所有与价格、预算、支付意愿相关的逐字引用：

**报告 1：ToB_Cost_Adult_P1**
- “我买东西先算账，看多久回本。一台设备省一个人力——他反复提这个算法。”
- “帮我省多少人力，多久回本，才能向上汇报。”
- “不追求最好，够用就行，别添乱。”
- “后续维护低”
- “比现有方案便宜多少”
- “请乐队成本极高”
- “增加前台人力成本上涨”

**报告 2：ToB_Cost_Adult_P2**
- “太贵了，一个临时工一天就多花两百。”
- “核心是‘帮我省多少人力’。”
- “花了两千多修了个废铁”
- “后续维护低”
- “一个设备能省一个人力，一年能省出的人力成本，我心里有数。”
- “值不值，我就看它能不能替掉一个岗位”
- “一台设备能省一个人力，投入产出比就划算”
- “帮我省多少人力”

**报告 3：ToB_Cost_Adult_P3**
- “修一次两千，换一台两万，算下来不如早换。”
- “培训一次就要搭半天人力，太贵了。”
- “我得算清楚多久能回本，比现有方案便宜多少，才能向上汇报。”
- “买了用不上、堆仓库”
- “请乐队成本极高，也不可持续”
- “一台设备如果能省一个人力，他觉得‘算得过来就值得上报’”
- “增加前台人力成本太高”
- “维护成本低，还能算清账，我就愿意试。买多台单价能降的话，更好。”
- “多久回本”
- “比现有方案便宜多少”"
belief_bench_v1_2026-07-13,ToB_Cost_Adult,职业经理人,C2_low,4,15445,18460,600,success,,客户极度务实且价格敏感，追求'够好且便宜'，核心逻辑是'替代人力'和'回本周期'，而800元市场价已高于其心理锚点，需降至600元才能匹配其'比现有方案便宜'且'算得过来账'的决策标准。,,"{""estimated_wtp"": 600, ""reasoning"": ""客户极度务实且价格敏感，追求'够好且便宜'，核心逻辑是'替代人力'和'回本周期'，而800元市场价已高于其心理锚点，需降至600元才能匹配其'比现有方案便宜'且'算得过来账'的决策标准。""}",
belief_bench_v1_2026-07-13,ToB_Cost_Adult,职业经理人,C1,7,15445,18460,8000,success,,客户高度关注回本周期和人力替代，一台设备省一个人力（年人力成本约4-5万），按1-2年回本逻辑，支付意愿约8000元。,,"{""estimated_wtp"": 8000, ""reasoning"": ""客户高度关注回本周期和人力替代，一台设备省一个人力（年人力成本约4-5万），按1-2年回本逻辑，支付意愿约8000元。""}","以下是三份报告中所有与价格、预算、支付意愿相关的句子逐字引用：

**报告 1：ToB_Cost_Adult_P1**

- “我买东西先算账，看多久回本。一台设备省一个人力——他反复提这个算法。”
- “有些东西我签个字就买了，有些得跟总部走流程，取决于金额和类别。”
- “帮我省多少人力，多久回本，才能向上汇报。”
- “不追求最好，够用就行，别添乱。”
- “后续维护低”
- “比现有方案便宜多少”
- “请乐队成本极高”
- “增加前台人力成本上涨”

**报告 2：ToB_Cost_Adult_P2**

- “太贵了，一个临时工一天就多花两百。”
- “帮我省多少人力”
- “花了两千多修了个废铁”
- “后续维护低”
- “学不会就是白花钱”
- “一个设备能省一个人力，一年能省出的人力成本，我心里有数。”
- “去年买过一套考勤终端，院长直接签了；后来要换中央空调控制系统，‘报告打到集团去了，等了两个月’。”
- “值不值，我就看它能不能替掉一个岗位”
- “一台设备能省一个人力，投入产出比就划算”

**报告 3：ToB_Cost_Adult_P3**

- “修一次两千，换一台两万，算下来不如早换。”
- “培训一次就要搭半天人力，太贵了。”
- “只要涉及系统级采购就得走总部审批流程，万一用不好就白花钱了。”
- “买了用不上、堆仓库”
- “我得算清楚多久能回本，比现有方案便宜多少，才能向上汇报。”
- “请乐队成本极高，也不可持续”
- “我算账很细，一个东西能用几年、每年省多少，我都会算。”
- “买了一台节能热水器，算清楚了用电差价才下的决心”
- “金额小的他自己能定，大一点的要跟院长商量，再大的得走集团采购流程”
- “一台设备如果能省一个人力，他觉得‘算得过来就值得上报’”
- “增加前台人力成本太高”
- “维护成本低，还能算清账，我就愿意试”
- “买多台单价能降的话，更好”
- “多久回本”
- “比现有方案便宜多少”"
belief_bench_v1_2026-07-13,ToB_Cost_Adult,职业经理人,C1,9,15445,18460,20000,success,,客户反复以‘替代一个人力’和‘回本周期’为决策核心，一年人力成本约5万，按0.4年回本估算，支付意愿约2万元。,,"{""estimated_wtp"": 20000, ""reasoning"": ""客户反复以‘替代一个人力’和‘回本周期’为决策核心，一年人力成本约5万，按0.4年回本估算，支付意愿约2万元。""}","以下是从三份报告中逐字引用的、与价格、预算、支付意愿相关的所有句子：

**报告 1：ToB_Cost_Adult_P1**
- “我买东西先算账，看多久回本。一台设备省一个人力——他反复提这个算法。”
- “帮我省多少人力，多久回本，才能向上汇报。”
- “不追求最好，够用就行，别添乱。”
- “比现有方案便宜多少”是核心对比维度。
- “请乐队成本极高”“增加前台人力成本上涨”。
- “他反复强调‘算账’‘回本’‘替代人力’。”

**报告 2：ToB_Cost_Adult_P2**
- “一个临时工一天就多花两百。”
- “太贵了……不如用设备替代，核心是‘帮我省多少人力’。”
- “花了两千多修了个废铁。”
- “后续维护低才值得采购。”
- “够用就行。”
- “一个设备能省一个人力，一年能省出的人力成本，我心里有数。”
- “值不值，我就看它能不能替掉一个岗位。”
- “一台设备能省一个人力，投入产出比就划算。”
- “决策逻辑围绕‘帮我省多少人力’，一切采购先过‘回本周期’这一关。”

**报告 3：ToB_Cost_Adult_P3**
- “修一次两千，换一台两万，算下来不如早换。”
- “培训一次就要搭半天人力，太贵了。”
- “我得算清楚多久能回本，比现有方案便宜多少，才能向上汇报。”
- “买了用不上、堆仓库。”
- “请乐队成本极高，也不可持续。”
- “一台设备如果能省一个人力，他觉得‘算得过来就值得上报’。”
- “买多台单价能降的话，更好。”
- “核心是‘稳定、不折腾、不添乱’。”
- “典型务实采购者，反复强调‘多久回本’‘比现有方案便宜多少’。”"
belief_bench_v1_2026-07-13,ToB_Cost_Adult,职业经理人,C2_low,5,15445,18460,400,success,,客户极度价格敏感且追求够好便宜，锚定市场常见定价800元后，结合其回本周期和替代人力思维，支付意愿约为市场价的一半。,,"{""estimated_wtp"": 400, ""reasoning"": ""客户极度价格敏感且追求够好便宜，锚定市场常见定价800元后，结合其回本周期和替代人力思维，支付意愿约为市场价的一半。""}",
belief_bench_v1_2026-07-13,ToB_Cost_Adult,职业经理人,C2_low,6,15445,18460,800,success,,客户极度务实，反复强调'够用且便宜'、'比现有方案便宜多少'是核心对比维度，且市场常见定价800元，因此支付意愿锚定在800元。,,"{""estimated_wtp"": 800, ""reasoning"": ""客户极度务实，反复强调'够用且便宜'、'比现有方案便宜多少'是核心对比维度，且市场常见定价800元，因此支付意愿锚定在800元。""}",
belief_bench_v1_2026-07-13,ToB_Cost_Adult,职业经理人,C2_low,7,15445,18460,600,success,,客户极度务实，追求'够好且便宜'，以替代人力成本为购买驱动力，锚定同类产品800元后，结合其对低维护、低学习门槛的要求，支付意愿低于市场价，约600元。,,"{""estimated_wtp"": 600, ""reasoning"": ""客户极度务实，追求'够好且便宜'，以替代人力成本为购买驱动力，锚定同类产品800元后，结合其对低维护、低学习门槛的要求，支付意愿低于市场价，约600元。""}",
belief_bench_v1_2026-07-13,ToB_Cost_Adult,职业经理人,C2_low,9,15445,18460,600,success,,客群极度务实、价格敏感，锚定800元市场价后需低于该价，且追求‘够好且便宜’，综合成本结构与替代人力逻辑，估计支付意愿约600元。,,"{""estimated_wtp"": 600, ""reasoning"": ""客群极度务实、价格敏感，锚定800元市场价后需低于该价，且追求‘够好且便宜’，综合成本结构与替代人力逻辑，估计支付意愿约600元。""}",
belief_bench_v1_2026-07-13,ToB_Cost_Adult,职业经理人,C2_low,8,15445,18460,600,success,,客群极度务实，以‘替代人力’和‘回本周期’为核心决策逻辑，锚定报告中的‘同类产品市场常见定价约800元’但追求‘够好且便宜’，结合对前期投入容忍度低和高端价格站位，估计支付意愿低于市场均价约25%至600元。,,"{""estimated_wtp"": 600, ""reasoning"": ""客群极度务实，以‘替代人力’和‘回本周期’为核心决策逻辑，锚定报告中的‘同类产品市场常见定价约800元’但追求‘够好且便宜’，结合对前期投入容忍度低和高端价格站位，估计支付意愿低于市场均价约25%至600元。""}",
belief_bench_v1_2026-07-13,ToB_Cost_Adult,职业经理人,C1,10,15445,18460,2000,success,,基于报告，客户核心逻辑是‘一台设备省一个人力’，且对前期投入容忍度低，参考‘修一次两千，换一台两万’的对比，支付意愿锚定在2000元左右。,,"{""estimated_wtp"": 2000, ""reasoning"": ""基于报告，客户核心逻辑是‘一台设备省一个人力’，且对前期投入容忍度低，参考‘修一次两千，换一台两万’的对比，支付意愿锚定在2000元左右。""}","以下是从三份报告中逐字引用的所有与价格、预算、支付意愿相关的句子：

**报告 1：ToB_Cost_Adult_P1**
- “我买东西先算账，看多久回本。一台设备省一个人力——他反复提这个算法。”
- “帮我省多少人力，多久回本，才能向上汇报。”
- “不追求最好，够用就行，别添乱。”
- “后续维护低”
- “比现有方案便宜多少”
- “他提到最近一次自行采购的是一批清洁耗材，走总部审批的是一套门禁升级方案。”
- “他常对比‘请乐队成本极高’‘增加前台人力成本上涨’。”
- “他反复强调‘算账’‘回本’‘替代人力’”

**报告 2：ToB_Cost_Adult_P2**
- “太贵了，一个临时工一天就多花两百。”
- “核心是‘帮我省多少人力’。”
- “前后折腾了半个月，最后干脆不用了，现在护理员就靠喊，成本更高，花了两千多修了个废铁。”
- “后续维护低”
- “学不会就是白花钱。”
- “一个设备能省一个人力，一年能省出的人力成本，我心里有数。”
- “去年买过一套考勤终端，院长直接签了；后来要换中央空调控制系统，‘报告打到集团去了，等了两个月’。”
- “值不值，我就看它能不能替掉一个岗位。”
- “一台设备能省一个人力，投入产出比就划算。”
- “决策逻辑围绕‘帮我省多少人力’，一切采购先过‘回本周期’这一关。”

**报告 3：ToB_Cost_Adult_P3**
- “修一次两千，换一台两万，算下来不如早换。”
- “培训一次就要搭半天人力，太贵了。”
- “只要涉及系统级采购就得走总部审批流程，万一用不好就白花钱了。”
- “我得算清楚多久能回本，比现有方案便宜多少，才能向上汇报。”
- “买了用不上、堆仓库”
- “请乐队成本极高，也不可持续。”
- “不是加预算买新东西。”
- “我算账很细，一个东西能用几年、每年省多少，我都会算。”
- “他举例说之前买了一台节能热水器，算清楚了用电差价才下的决心。”
- “金额小的他自己能定，大一点的要跟院长商量，再大的得走集团采购流程”
- “一台设备如果能省一个人力，他觉得‘算得过来就值得上报’”
- “关键是能算清账、有成功案例。”
- “增加前台人力成本太高。”
- “维护成本低，还能算清账，我就愿意试。”
- “买多台单价能降的话，更好。”
- “多久回本”
- “比现有方案便宜多少”"
belief_bench_v1_2026-07-13,ToB_Cost_Adult,职业经理人,C2_high,1,15445,18460,8000,success,,客户极度务实，追求'够好且便宜'，核心算账逻辑是'一台设备省一个人力'，参考人力成本与回本周期，结合市场常见定价12000元，客户支付意愿约8000元。,,"{""estimated_wtp"": 8000, ""reasoning"": ""客户极度务实，追求'够好且便宜'，核心算账逻辑是'一台设备省一个人力'，参考人力成本与回本周期，结合市场常见定价12000元，客户支付意愿约8000元。""}",
belief_bench_v1_2026-07-13,ToB_Cost_Adult,职业经理人,C2_low,10,15445,18460,600,success,,客户极度务实，以‘替代人力’和‘回本周期’为核心决策逻辑，参考同类产品800元定价，结合其‘够好且便宜’、对前期投入容忍度低、追求量化回报的特征，支付意愿低于市场价，600元是能快速算清回本账且符合其价格敏感预期的合理区间。,,"{""estimated_wtp"": 600, ""reasoning"": ""客户极度务实，以‘替代人力’和‘回本周期’为核心决策逻辑，参考同类产品800元定价，结合其‘够好且便宜’、对前期投入容忍度低、追求量化回报的特征，支付意愿低于市场价，600元是能快速算清回本账且符合其价格敏感预期的合理区间。""}",
belief_bench_v1_2026-07-13,ToB_Cost_Adult,职业经理人,C2_high,2,15445,18460,8000,success,,客户极度务实，核心是'替代人力'和'回本周期'，高毛利容忍但前期投入敏感，12000元定价需2-3年回本，超出其'够好且便宜'的心理价位，8000元更接近其'一台设备省一个人力'的快速回本预期。,,"{""estimated_wtp"": 8000, ""reasoning"": ""客户极度务实，核心是'替代人力'和'回本周期'，高毛利容忍但前期投入敏感，12000元定价需2-3年回本，超出其'够好且便宜'的心理价位，8000元更接近其'一台设备省一个人力'的快速回本预期。""}",
belief_bench_v1_2026-07-13,ToB_Cost_Adult,职业经理人,C2_high,3,15445,18460,8000,success,,客群极度务实，以‘替代人力’和‘回本周期’为核心决策逻辑，报告显示其‘够好且便宜’的预期低于市场常见定价12000元，且对前期投入容忍度低，故支付意愿约8000元。,,"{""estimated_wtp"": 8000, ""reasoning"": ""客群极度务实，以‘替代人力’和‘回本周期’为核心决策逻辑，报告显示其‘够好且便宜’的预期低于市场常见定价12000元，且对前期投入容忍度低，故支付意愿约8000元。""}",
belief_bench_v1_2026-07-13,ToB_Cost_Adult,职业经理人,C2_high,4,15445,18460,8000,success,,客户极度务实，追求够好且便宜，核心是替代人力成本，参考常见定价12000元，但客户对价格敏感且要求明确回本周期，估计支付意愿低于市场价，约8000元。,,"{""estimated_wtp"": 8000, ""reasoning"": ""客户极度务实，追求够好且便宜，核心是替代人力成本，参考常见定价12000元，但客户对价格敏感且要求明确回本周期，估计支付意愿低于市场价，约8000元。""}",
belief_bench_v1_2026-07-13,ToB_Cost_Adult,职业经理人,C2_high,5,15445,18460,8000,success,,三位受访者均极度务实，以‘替代人力’为核心算账逻辑，一台设备省一个人力约5万年成本，但要求‘够好且便宜’、回本周期短，且对前期投入容忍度低，参考市场价12000元，估计支付意愿在8000元左右。,,"{""estimated_wtp"": 8000, ""reasoning"": ""三位受访者均极度务实，以‘替代人力’为核心算账逻辑，一台设备省一个人力约5万年成本，但要求‘够好且便宜’、回本周期短，且对前期投入容忍度低，参考市场价12000元，估计支付意愿在8000元左右。""}",
belief_bench_v1_2026-07-13,ToB_Cost_Adult,职业经理人,C2_high,7,15445,18460,8000,success,,客户极度务实，追求'够用且便宜'，以替代人力为核心，参考常见定价12000元，但客户对前期投入容忍度低，需快速回本，因此支付意愿低于市场价，估计为8000元。,,"{""estimated_wtp"": 8000, ""reasoning"": ""客户极度务实，追求'够用且便宜'，以替代人力为核心，参考常见定价12000元，但客户对前期投入容忍度低，需快速回本，因此支付意愿低于市场价，估计为8000元。""}",
belief_bench_v1_2026-07-13,ToB_Cost_Adult,职业经理人,C2_high,6,15445,18460,8000,success,,客户极度务实，追求'够好且便宜'，核心是替代人力成本，一台设备省一个人力（约5-6万/年），但要求快速回本（1-2年），且对前期投入容忍度低，参考市场价12000元，客户支付意愿约8000元。,,"{""estimated_wtp"": 8000, ""reasoning"": ""客户极度务实，追求'够好且便宜'，核心是替代人力成本，一台设备省一个人力（约5-6万/年），但要求快速回本（1-2年），且对前期投入容忍度低，参考市场价12000元，客户支付意愿约8000元。""}",
belief_bench_v1_2026-07-13,ToB_Cost_Adult,职业经理人,C2_high,8,15445,18460,8000,success,,客户极度务实，追求够好且便宜，核心是替代人力成本，参考常见定价12000元，但客户对价格敏感且要求明确回本周期，因此支付意愿低于市场价。,,"{""estimated_wtp"": 8000, ""reasoning"": ""客户极度务实，追求够好且便宜，核心是替代人力成本，参考常见定价12000元，但客户对价格敏感且要求明确回本周期，因此支付意愿低于市场价。""}",
belief_bench_v1_2026-07-13,ToB_Cost_Adult,职业经理人,C2_high,9,15445,18460,8000,success,,客户极度务实，以'省一个人力'为ROI核心，参考报告中的成本算法和12000元市场价，支付意愿低于市场价，约8000元，确保回本周期可接受。,,"{""estimated_wtp"": 8000, ""reasoning"": ""客户极度务实，以'省一个人力'为ROI核心，参考报告中的成本算法和12000元市场价，支付意愿低于市场价，约8000元，确保回本周期可接受。""}",
belief_bench_v1_2026-07-13,ToB_Cost_Adult,职业经理人,C2_high,10,15445,18460,8000,success,,客户极度务实，以'替代人力'和'回本周期'为核心决策逻辑，参考常见定价12000元，但客户要求'够好且便宜'，一台设备需省一个人力成本（约5000元/月），回本周期需在2-3个月内，因此支付意愿低于市场价，约8000元。,,"{""estimated_wtp"": 8000, ""reasoning"": ""客户极度务实，以'替代人力'和'回本周期'为核心决策逻辑，参考常见定价12000元，但客户要求'够好且便宜'，一台设备需省一个人力成本（约5000元/月），回本周期需在2-3个月内，因此支付意愿低于市场价，约8000元。""}",
belief_bench_v1_2026-07-13,ToB_Cost_Adult,职业经理人,C3,3,15445,18460,200,success,,由报告锚点加权中位数及冻结 persona 变换确定性合成,"[{""quote"":""一个临时工一天就多花两百"",""value_yuan"":200,""type"":""参考价""},{""quote"":""修一次两千，换一台两万"",""value_yuan"":2000,""type"":""参考价""},{""quote"":""修一次两千，换一台两万"",""value_yuan"":20000,""type"":""参考价""},{""quote"":""一台设备能省一个人力"",""value_yuan"":0,""type"":""参考价""},{""quote"":""一台设备如果能省一个人力，他觉得'算得过来就值得上报'"",""value_yuan"":0,""type"":""参考价""}]","{""anchors"": [{""quote"": ""一个临时工一天就多花两百"", ""value_yuan"": 200, ""type"": ""参考价""}, {""quote"": ""修一次两千，换一台两万"", ""value_yuan"": 2000, ""type"": ""参考价""}, {""quote"": ""修一次两千，换一台两万"", ""value_yuan"": 20000, ""type"": ""参考价""}, {""quote"": ""一台设备能省一个人力"", ""value_yuan"": null, ""type"": ""参考价""}, {""quote"": ""一台设备如果能省一个人力，他觉得'算得过来就值得上报'"", ""value_yuan"": null, ""type"": ""参考价""}]}",
belief_bench_v1_2026-07-13,ToB_Cost_Adult,职业经理人,C3,2,15445,18460,200,success,,由报告锚点加权中位数及冻结 persona 变换确定性合成,"[{""quote"":""一个临时工一天就多花两百"",""value_yuan"":200,""type"":""参考价""},{""quote"":""花了两千多修了个废铁"",""value_yuan"":2000,""type"":""参考价""},{""quote"":""修一次两千，换一台两万"",""value_yuan"":2000,""type"":""参考价""},{""quote"":""修一次两千，换一台两万"",""value_yuan"":20000,""type"":""参考价""},{""quote"":""一台设备能省一个人力，一年能省出的人力成本"",""value_yuan"":0,""type"":""参考价""},{""quote"":""金额小的他自己能定，大一点的要跟院长商量，再大的得走集团采购流程"",""value_yuan"":0,""type"":""审批门槛""}]","{""anchors"": [{""quote"": ""一个临时工一天就多花两百"", ""value_yuan"": 200, ""type"": ""参考价""}, {""quote"": ""花了两千多修了个废铁"", ""value_yuan"": 2000, ""type"": ""参考价""}, {""quote"": ""修一次两千，换一台两万"", ""value_yuan"": 2000, ""type"": ""参考价""}, {""quote"": ""修一次两千，换一台两万"", ""value_yuan"": 20000, ""type"": ""参考价""}, {""quote"": ""一台设备能省一个人力，一年能省出的人力成本"", ""value_yuan"": null, ""type"": ""参考价""}, {""quote"": ""金额小的他自己能定，大一点的要跟院长商量，再大的得走集团采购流程"", ""value_yuan"": null, ""type"": ""审批门槛""}]}",
belief_bench_v1_2026-07-13,ToB_Cost_Adult,职业经理人,C3,6,15445,18460,2000,success,,由报告锚点加权中位数及冻结 persona 变换确定性合成,"[{""quote"":""一个临时工一天就多花两百"",""value_yuan"":200,""type"":""参考价""},{""quote"":""修一次两千，换一台两万"",""value_yuan"":2000,""type"":""参考价""},{""quote"":""修一次两千，换一台两万"",""value_yuan"":20000,""type"":""参考价""},{""quote"":""花了两千多修了个废铁"",""value_yuan"":2000,""type"":""参考价""}]","{""anchors"": [{""quote"": ""一个临时工一天就多花两百"", ""value_yuan"": 200, ""type"": ""参考价""}, {""quote"": ""修一次两千，换一台两万"", ""value_yuan"": 2000, ""type"": ""参考价""}, {""quote"": ""修一次两千，换一台两万"", ""value_yuan"": 20000, ""type"": ""参考价""}, {""quote"": ""花了两千多修了个废铁"", ""value_yuan"": 2000, ""type"": ""参考价""}]}",
belief_bench_v1_2026-07-13,ToB_Cost_Adult,职业经理人,C3,1,15445,18460,0,success,,由报告锚点加权中位数及冻结 persona 变换确定性合成,"[{""quote"":""一台设备省一个人力——他反复提这个算法"",""value_yuan"":0,""type"":""参考价""},{""quote"":""请乐队成本极高"",""value_yuan"":0,""type"":""参考价""},{""quote"":""增加前台人力成本上涨"",""value_yuan"":0,""type"":""参考价""},{""quote"":""一个临时工一天就多花两百"",""value_yuan"":200,""type"":""参考价""},{""quote"":""花了两千多修了个废铁"",""value_yuan"":2000,""type"":""参考价""},{""quote"":""修一次两千，换一台两万"",""value_yuan"":2000,""type"":""参考价""},{""quote"":""修一次两千，换一台两万"",""value_yuan"":20000,""type"":""参考价""},{""quote"":""一台设备如果能省一个人力，他觉得'算得过来就值得上报'"",""value_yuan"":0,""type"":""参考价""},{""quote"":""金额小的他自己能定，大一点的要跟院长商量，再大的得走集团采购流程"",""value_yuan"":0,""type"":""审批门槛""}]","{""anchors"": [{""quote"": ""一台设备省一个人力——他反复提这个算法"", ""value_yuan"": null, ""type"": ""参考价""}, {""quote"": ""请乐队成本极高"", ""value_yuan"": null, ""type"": ""参考价""}, {""quote"": ""增加前台人力成本上涨"", ""value_yuan"": null, ""type"": ""参考价""}, {""quote"": ""一个临时工一天就多花两百"", ""value_yuan"": 200, ""type"": ""参考价""}, {""quote"": ""花了两千多修了个废铁"", ""value_yuan"": 2000, ""type"": ""参考价""}, {""quote"": ""修一次两千，换一台两万"", ""value_yuan"": 2000, ""type"": ""参考价""}, {""quote"": ""修一次两千，换一台两万"", ""value_yuan"": 20000, ""type"": ""参考价""}, {""quote"": ""一台设备如果能省一个人力，他觉得'算得过来就值得上报'"", ""value_yuan"": null, ""type"": ""参考价""}, {""quote"": ""金额小的他自己能定，大一点的要跟院长商量，再大的得走集团采购流程"", ""value_yuan"": null, ""type"": ""审批门槛""}]}",
belief_bench_v1_2026-07-13,ToB_Cost_Adult,职业经理人,C3,5,15445,18460,2000,success,,由报告锚点加权中位数及冻结 persona 变换确定性合成,"[{""quote"":""一个临时工一天就多花两百"",""value_yuan"":200,""type"":""参考价""},{""quote"":""花了两千多修了个废铁"",""value_yuan"":2000,""type"":""参考价""},{""quote"":""修一次两千，换一台两万"",""value_yuan"":2000,""type"":""下限""},{""quote"":""修一次两千，换一台两万"",""value_yuan"":20000,""type"":""上限""},{""quote"":""一台设备能省一个人力，一年能省出的人力成本"",""value_yuan"":0,""type"":""参考价""},{""quote"":""比现有方案便宜多少"",""value_yuan"":0,""type"":""参考价""},{""quote"":""多久回本"",""value_yuan"":0,""type"":""参考价""}]","{""anchors"": [{""quote"": ""一个临时工一天就多花两百"", ""value_yuan"": 200, ""type"": ""参考价""}, {""quote"": ""花了两千多修了个废铁"", ""value_yuan"": 2000, ""type"": ""参考价""}, {""quote"": ""修一次两千，换一台两万"", ""value_yuan"": 2000, ""type"": ""下限""}, {""quote"": ""修一次两千，换一台两万"", ""value_yuan"": 20000, ""type"": ""上限""}, {""quote"": ""一台设备能省一个人力，一年能省出的人力成本"", ""value_yuan"": null, ""type"": ""参考价""}, {""quote"": ""比现有方案便宜多少"", ""value_yuan"": null, ""type"": ""参考价""}, {""quote"": ""多久回本"", ""value_yuan"": null, ""type"": ""参考价""}]}",
belief_bench_v1_2026-07-13,ToB_Cost_Adult,职业经理人,C3,4,15445,18460,0,success,,由报告锚点加权中位数及冻结 persona 变换确定性合成,"[{""quote"":""一个临时工一天就多花两百"",""value_yuan"":200,""type"":""参考价""},{""quote"":""前后折腾了半个月，最后干脆不用了，现在护理员就靠喊，成本更高，花了两千多修了个废铁"",""value_yuan"":2000,""type"":""参考价""},{""quote"":""修一次两千，换一台两万"",""value_yuan"":2000,""type"":""下限""},{""quote"":""修一次两千，换一台两万"",""value_yuan"":20000,""type"":""上限""},{""quote"":""一台设备能省一个人力，一年能省出的人力成本"",""value_yuan"":0,""type"":""参考价""},{""quote"":""有些东西我签个字就买了，有些得跟总部走流程，取决于金额和类别"",""value_yuan"":0,""type"":""审批门槛""},{""quote"":""金额小的他自己能定，大一点的要跟院长商量，再大的得走集团采购流程"",""value_yuan"":0,""type"":""审批门槛""},{""quote"":""一台设备如果能省一个人力，他觉得算得过来就值得上报"",""value_yuan"":0,""type"":""参考价""}]","{""anchors"": [{""quote"": ""一个临时工一天就多花两百"", ""value_yuan"": 200, ""type"": ""参考价""}, {""quote"": ""前后折腾了半个月，最后干脆不用了，现在护理员就靠喊，成本更高，花了两千多修了个废铁"", ""value_yuan"": 2000, ""type"": ""参考价""}, {""quote"": ""修一次两千，换一台两万"", ""value_yuan"": 2000, ""type"": ""下限""}, {""quote"": ""修一次两千，换一台两万"", ""value_yuan"": 20000, ""type"": ""上限""}, {""quote"": ""一台设备能省一个人力，一年能省出的人力成本"", ""value_yuan"": null, ""type"": ""参考价""}, {""quote"": ""有些东西我签个字就买了，有些得跟总部走流程，取决于金额和类别"", ""value_yuan"": null, ""type"": ""审批门槛""}, {""quote"": ""金额小的他自己能定，大一点的要跟院长商量，再大的得走集团采购流程"", ""value_yuan"": null, ""type"": ""审批门槛""}, {""quote"": ""一台设备如果能省一个人力，他觉得算得过来就值得上报"", ""value_yuan"": null, ""type"": ""参考价""}]}",
belief_bench_v1_2026-07-13,ToB_Differentiation_Elder,二代接班人,C0_leaked,1,19268,23122,4500,success,,综合三位受访者均愿为差异化体验、品质感和人力替代效果支付溢价，且参考高端同类产品定价区间，估计支付意愿为4500元。,,"{""estimated_wtp"": 4500, ""reasoning"": ""综合三位受访者均愿为差异化体验、品质感和人力替代效果支付溢价，且参考高端同类产品定价区间，估计支付意愿为4500元。""}",
belief_bench_v1_2026-07-13,ToB_Cost_Adult,职业经理人,C3,7,15445,18460,200,success,,由报告锚点加权中位数及冻结 persona 变换确定性合成,"[{""quote"":""一台设备省一个人力——他反复提这个算法"",""value_yuan"":0,""type"":""参考价""},{""quote"":""一个临时工一天就多花两百"",""value_yuan"":200,""type"":""上限""},{""quote"":""花了两千多修了个废铁"",""value_yuan"":2000,""type"":""参考价""},{""quote"":""修一次两千，换一台两万"",""value_yuan"":2000,""type"":""参考价""},{""quote"":""修一次两千，换一台两万"",""value_yuan"":20000,""type"":""参考价""},{""quote"":""买了用不上、堆仓库"",""value_yuan"":0,""type"":""参考价""},{""quote"":""请乐队成本极高"",""value_yuan"":0,""type"":""参考价""},{""quote"":""一台设备如果能省一个人力，他觉得算得过来就值得上报"",""value_yuan"":0,""type"":""参考价""},{""quote"":""买多台单价能降的话，更好"",""value_yuan"":0,""type"":""参考价""}]","{""anchors"": [{""quote"": ""一台设备省一个人力——他反复提这个算法"", ""value_yuan"": null, ""type"": ""参考价""}, {""quote"": ""一个临时工一天就多花两百"", ""value_yuan"": 200, ""type"": ""上限""}, {""quote"": ""花了两千多修了个废铁"", ""value_yuan"": 2000, ""type"": ""参考价""}, {""quote"": ""修一次两千，换一台两万"", ""value_yuan"": 2000, ""type"": ""参考价""}, {""quote"": ""修一次两千，换一台两万"", ""value_yuan"": 20000, ""type"": ""参考价""}, {""quote"": ""买了用不上、堆仓库"", ""value_yuan"": null, ""type"": ""参考价""}, {""quote"": ""请乐队成本极高"", ""value_yuan"": null, ""type"": ""参考价""}, {""quote"": ""一台设备如果能省一个人力，他觉得算得过来就值得上报"", ""value_yuan"": null, ""type"": ""参考价""}, {""quote"": ""买多台单价能降的话，更好"", ""value_yuan"": null, ""type"": ""参考价""}]}",
belief_bench_v1_2026-07-13,ToB_Cost_Adult,职业经理人,C3,10,15445,18460,200,success,,由报告锚点加权中位数及冻结 persona 变换确定性合成,"[{""quote"":""一个临时工一天就多花两百"",""value_yuan"":200,""type"":""参考价""},{""quote"":""花了两千多修了个废铁"",""value_yuan"":2000,""type"":""参考价""},{""quote"":""修一次两千，换一台两万"",""value_yuan"":2000,""type"":""参考价""},{""quote"":""修一次两千，换一台两万"",""value_yuan"":20000,""type"":""参考价""},{""quote"":""一台设备能省一个人力，一年能省出的人力成本"",""value_yuan"":0,""type"":""参考价""},{""quote"":""一台设备如果能省一个人力，他觉得算得过来就值得上报"",""value_yuan"":0,""type"":""参考价""}]","{""anchors"": [{""quote"": ""一个临时工一天就多花两百"", ""value_yuan"": 200, ""type"": ""参考价""}, {""quote"": ""花了两千多修了个废铁"", ""value_yuan"": 2000, ""type"": ""参考价""}, {""quote"": ""修一次两千，换一台两万"", ""value_yuan"": 2000, ""type"": ""参考价""}, {""quote"": ""修一次两千，换一台两万"", ""value_yuan"": 20000, ""type"": ""参考价""}, {""quote"": ""一台设备能省一个人力，一年能省出的人力成本"", ""value_yuan"": null, ""type"": ""参考价""}, {""quote"": ""一台设备如果能省一个人力，他觉得算得过来就值得上报"", ""value_yuan"": null, ""type"": ""参考价""}]}",
belief_bench_v1_2026-07-13,ToB_Cost_Adult,职业经理人,C3,8,15445,18460,0,success,,由报告锚点加权中位数及冻结 persona 变换确定性合成,"[{""quote"":""一台设备省一个人力"",""value_yuan"":0,""type"":""参考价""},{""quote"":""一个临时工一天就多花两百"",""value_yuan"":200,""type"":""参考价""},{""quote"":""花了两千多修了个废铁"",""value_yuan"":2000,""type"":""参考价""},{""quote"":""修一次两千，换一台两万"",""value_yuan"":2000,""type"":""参考价""},{""quote"":""修一次两千，换一台两万"",""value_yuan"":20000,""type"":""参考价""},{""quote"":""一台设备能省一个人力，一年能省出的人力成本"",""value_yuan"":0,""type"":""参考价""},{""quote"":""一台设备如果能省一个人力，他觉得算得过来就值得上报"",""value_yuan"":0,""type"":""参考价""},{""quote"":""比现有方案便宜多少"",""value_yuan"":0,""type"":""参考价""},{""quote"":""多久回本"",""value_yuan"":0,""type"":""参考价""},{""quote"":""金额小的他自己能定，大一点的要跟院长商量，再大的得走集团采购流程"",""value_yuan"":0,""type"":""审批门槛""}]","{""anchors"": [{""quote"": ""一台设备省一个人力"", ""value_yuan"": null, ""type"": ""参考价""}, {""quote"": ""一个临时工一天就多花两百"", ""value_yuan"": 200, ""type"": ""参考价""}, {""quote"": ""花了两千多修了个废铁"", ""value_yuan"": 2000, ""type"": ""参考价""}, {""quote"": ""修一次两千，换一台两万"", ""value_yuan"": 2000, ""type"": ""参考价""}, {""quote"": ""修一次两千，换一台两万"", ""value_yuan"": 20000, ""type"": ""参考价""}, {""quote"": ""一台设备能省一个人力，一年能省出的人力成本"", ""value_yuan"": null, ""type"": ""参考价""}, {""quote"": ""一台设备如果能省一个人力，他觉得算得过来就值得上报"", ""value_yuan"": null, ""type"": ""参考价""}, {""quote"": ""比现有方案便宜多少"", ""value_yuan"": null, ""type"": ""参考价""}, {""quote"": ""多久回本"", ""value_yuan"": null, ""type"": ""参考价""}, {""quote"": ""金额小的他自己能定，大一点的要跟院长商量，再大的得走集团采购流程"", ""value_yuan"": null, ""type"": ""审批门槛""}]}",
belief_bench_v1_2026-07-13,ToB_Differentiation_Elder,二代接班人,C0_leaked,2,19268,23122,4500,success,,三位受访者均明确表示愿意为差异化体验、品质感和人力替代效果支付溢价，且高端同类产品参考价格区间为3000-5000元，结合其高责任、低掌控的决策环境和对试用期验证的依赖，支付意愿落在区间中上位置。,,"{""estimated_wtp"": 4500, ""reasoning"": ""三位受访者均明确表示愿意为差异化体验、品质感和人力替代效果支付溢价，且高端同类产品参考价格区间为3000-5000元，结合其高责任、低掌控的决策环境和对试用期验证的依赖，支付意愿落在区间中上位置。""}",
belief_bench_v1_2026-07-13,ToB_Differentiation_Elder,二代接班人,C0_leaked,3,19268,23122,4500,success,,综合三位受访者均愿为差异化体验和人力替代效果支付溢价，且参考原高端定位与WTP范围，取中间偏上值。,,"{""estimated_wtp"": 4500, ""reasoning"": ""综合三位受访者均愿为差异化体验和人力替代效果支付溢价，且参考原高端定位与WTP范围，取中间偏上值。""}",
belief_bench_v1_2026-07-13,ToB_Differentiation_Elder,二代接班人,C0_leaked,4,19268,23122,4500,success,,综合三位受访者均愿为差异化体验付溢价、且参考高端同类产品定价及原模板范围，估计支付意愿约为4500元。,,"{""estimated_wtp"": 4500, ""reasoning"": ""综合三位受访者均愿为差异化体验付溢价、且参考高端同类产品定价及原模板范围，估计支付意愿约为4500元。""}",
belief_bench_v1_2026-07-13,ToB_Differentiation_Elder,二代接班人,C0_leaked,5,19268,23122,4500,success,,综合三位受访者均愿为差异化体验与人力替代效果支付溢价，且参考高端同类产品定价，支付意愿落在原模板示例区间内。,,"{""estimated_wtp"": 4500, ""reasoning"": ""综合三位受访者均愿为差异化体验与人力替代效果支付溢价，且参考高端同类产品定价，支付意愿落在原模板示例区间内。""}",
belief_bench_v1_2026-07-13,ToB_Differentiation_Elder,二代接班人,C0_leaked,6,19268,23122,4500,success,,三位受访者均明确表示愿意为差异化、品质感和人力替代效果支付溢价，参考高端同类产品定价与调研中'愿意多花点钱'的表述，估计支付意愿落在原示例区间中上段。,,"{""estimated_wtp"": 4500, ""reasoning"": ""三位受访者均明确表示愿意为差异化、品质感和人力替代效果支付溢价，参考高端同类产品定价与调研中'愿意多花点钱'的表述，估计支付意愿落在原示例区间中上段。""}",
belief_bench_v1_2026-07-13,ToB_Cost_Adult,职业经理人,C3,9,15445,18460,0,success,,由报告锚点加权中位数及冻结 persona 变换确定性合成,"[{""quote"":""一台设备省一个人力——他反复提这个算法"",""value_yuan"":0,""type"":""参考价""},{""quote"":""请乐队成本极高"",""value_yuan"":0,""type"":""参考价""},{""quote"":""增加前台人力成本上涨"",""value_yuan"":0,""type"":""参考价""},{""quote"":""一个临时工一天就多花两百"",""value_yuan"":200,""type"":""参考价""},{""quote"":""花了两千多修了个废铁"",""value_yuan"":2000,""type"":""参考价""},{""quote"":""修一次两千，换一台两万"",""value_yuan"":2000,""type"":""参考价""},{""quote"":""修一次两千，换一台两万"",""value_yuan"":20000,""type"":""参考价""},{""quote"":""一台设备能省一个人力，一年能省出的人力成本"",""value_yuan"":0,""type"":""参考价""},{""quote"":""一台设备如果能省一个人力，他觉得'算得过来就值得上报'"",""value_yuan"":0,""type"":""参考价""},{""quote"":""比现有方案便宜多少"",""value_yuan"":0,""type"":""参考价""},{""quote"":""金额小的他自己能定，大一点的要跟院长商量，再大的得走集团采购流程"",""value_yuan"":0,""type"":""审批门槛""},{""quote"":""有些东西我签个字就买了，有些得跟总部走流程，取决于金额和类别"",""value_yuan"":0,""type"":""审批门槛""},{""quote"":""去年买过一套考勤终端，院长直接签了；后来要换中央空调控制系统，'报告打到集团去了，等了两个月'"",""value_yuan"":0,""type"":""审批门槛""},{""quote"":""只要涉及系统级采购就得走总部审批流程"",""value_yuan"":0,""type"":""审批门槛""},{""quote"":""一台设备省一个人力，投入产出比就划算"",""value_yuan"":0,""type"":""参考价""}]","{""anchors"": [{""quote"": ""一台设备省一个人力——他反复提这个算法"", ""value_yuan"": null, ""type"": ""参考价""}, {""quote"": ""请乐队成本极高"", ""value_yuan"": null, ""type"": ""参考价""}, {""quote"": ""增加前台人力成本上涨"", ""value_yuan"": null, ""type"": ""参考价""}, {""quote"": ""一个临时工一天就多花两百"", ""value_yuan"": 200, ""type"": ""参考价""}, {""quote"": ""花了两千多修了个废铁"", ""value_yuan"": 2000, ""type"": ""参考价""}, {""quote"": ""修一次两千，换一台两万"", ""value_yuan"": 2000, ""type"": ""参考价""}, {""quote"": ""修一次两千，换一台两万"", ""value_yuan"": 20000, ""type"": ""参考价""}, {""quote"": ""一台设备能省一个人力，一年能省出的人力成本"", ""value_yuan"": null, ""type"": ""参考价""}, {""quote"": ""一台设备如果能省一个人力，他觉得'算得过来就值得上报'"", ""value_yuan"": null, ""type"": ""参考价""}, {""quote"": ""比现有方案便宜多少"", ""value_yuan"": null, ""type"": ""参考价""}, {""quote"": ""金额小的他自己能定，大一点的要跟院长商量，再大的得走集团采购流程"", ""value_yuan"": null, ""type"": ""审批门槛""}, {""quote"": ""有些东西我签个字就买了，有些得跟总部走流程，取决于金额和类别"", ""value_yuan"": null, ""type"": ""审批门槛""}, {""quote"": ""去年买过一套考勤终端，院长直接签了；后来要换中央空调控制系统，'报告打到集团去了，等了两个月'"", ""value_yuan"": null, ""type"": ""审批门槛""}, {""quote"": ""只要涉及系统级采购就得走总部审批流程"", ""value_yuan"": null, ""type"": ""审批门槛""}, {""quote"": ""一台设备省一个人力，投入产出比就划算"", ""value_yuan"": null, ""type"": ""参考价""}]}",
belief_bench_v1_2026-07-13,ToB_Differentiation_Elder,二代接班人,C0_leaked,7,19268,23122,4500,success,,三位院长均明确表示愿意为差异化、品质感及人力替代效果支付溢价，且高端同类产品参考区间为3000-5000元，结合其高支付意愿与谨慎试用习惯，取中上值4500元。,,"{""estimated_wtp"": 4500, ""reasoning"": ""三位院长均明确表示愿意为差异化、品质感及人力替代效果支付溢价，且高端同类产品参考区间为3000-5000元，结合其高支付意愿与谨慎试用习惯，取中上值4500元。""}",
belief_bench_v1_2026-07-13,ToB_Differentiation_Elder,二代接班人,C0_leaked,9,19268,23122,4500,success,,三位受访者均明确表示愿为差异化体验付溢价，且参考高端同类产品定价，结合调研中提及的3000-5000元区间，取中上值4500元。,,"{""estimated_wtp"": 4500, ""reasoning"": ""三位受访者均明确表示愿为差异化体验付溢价，且参考高端同类产品定价，结合调研中提及的3000-5000元区间，取中上值4500元。""}",
belief_bench_v1_2026-07-13,ToB_Differentiation_Elder,二代接班人,C0_leaked,8,19268,23122,4500,success,,三位院长均愿意为差异化体验、人力替代效果和品质感支付溢价，且参考高端同类产品定价，支付意愿集中在3000-5000元区间中上段。,,"{""estimated_wtp"": 4500, ""reasoning"": ""三位院长均愿意为差异化体验、人力替代效果和品质感支付溢价，且参考高端同类产品定价，支付意愿集中在3000-5000元区间中上段。""}",
belief_bench_v1_2026-07-13,ToB_Differentiation_Elder,二代接班人,C0_leaked,10,19268,23122,4500,success,,参考原模板高端定位，结合三位受访者均愿意为差异化体验和人力替代效果支付溢价，且支付意愿在3000-5000区间内偏高端，取中值偏上。,,"{""estimated_wtp"": 4500, ""reasoning"": ""参考原模板高端定位，结合三位受访者均愿意为差异化体验和人力替代效果支付溢价，且支付意愿在3000-5000区间内偏高端，取中值偏上。""}",
belief_bench_v1_2026-07-13,ToB_Differentiation_Elder,二代接班人,C0_clean,2,19268,23122,15000,success,,综合三位受访者愿为差异化体验付溢价、关注人力替代与品质感，且参考高端同类产品定价，估计支付意愿为15000元。,,"{""estimated_wtp"": 15000, ""reasoning"": ""综合三位受访者愿为差异化体验付溢价、关注人力替代与品质感，且参考高端同类产品定价，估计支付意愿为15000元。""}",
belief_bench_v1_2026-07-13,ToB_Differentiation_Elder,二代接班人,C0_clean,1,19268,23122,12000,success,,三位受访者均表示愿为差异化体验、人力替代及品质感支付溢价，参考高端同类产品定价与机构对夜间监护、情绪管理痛点的付费意愿，综合估计为12000元。,,"{""estimated_wtp"": 12000, ""reasoning"": ""三位受访者均表示愿为差异化体验、人力替代及品质感支付溢价，参考高端同类产品定价与机构对夜间监护、情绪管理痛点的付费意愿，综合估计为12000元。""}",
belief_bench_v1_2026-07-13,ToB_Differentiation_Elder,二代接班人,C0_clean,3,19268,23122,8000,success,,客群愿意为差异化体验和人力替代支付溢价，参考高端产品定价与人力成本替代逻辑，预估支付意愿为8000元。,,"{""estimated_wtp"": 8000, ""reasoning"": ""客群愿意为差异化体验和人力替代支付溢价，参考高端产品定价与人力成本替代逻辑，预估支付意愿为8000元。""}",
belief_bench_v1_2026-07-13,ToB_Differentiation_Elder,二代接班人,C0_clean,4,19268,23122,15000,success,,三位受访者均明确愿为差异化体验、品质感及人力替代效果支付溢价，结合高端定位与月租替代人力成本约4500元的逻辑，一次性采购价可达15000元。,,"{""estimated_wtp"": 15000, ""reasoning"": ""三位受访者均明确愿为差异化体验、品质感及人力替代效果支付溢价，结合高端定位与月租替代人力成本约4500元的逻辑，一次性采购价可达15000元。""}",
belief_bench_v1_2026-07-13,ToB_Differentiation_Elder,二代接班人,C0_clean,5,19268,23122,8000,success,,三位受访者均明确表示愿为差异化体验、品质感和人力替代效果支付溢价，且参考高端同类产品定价，结合其关注投入产出比与试用验证习惯，估计单台设备支付意愿在8000元左右。,,"{""estimated_wtp"": 8000, ""reasoning"": ""三位受访者均明确表示愿为差异化体验、品质感和人力替代效果支付溢价，且参考高端同类产品定价，结合其关注投入产出比与试用验证习惯，估计单台设备支付意愿在8000元左右。""}",
belief_bench_v1_2026-07-13,ToB_Differentiation_Elder,二代接班人,C0_clean,6,19268,23122,15000,success,,客群愿意为差异化体验和人力替代支付溢价，参考高端同类产品定价，且调研显示可接受高毛利和月租赁模式，综合估计支付意愿为15000元。,,"{""estimated_wtp"": 15000, ""reasoning"": ""客群愿意为差异化体验和人力替代支付溢价，参考高端同类产品定价，且调研显示可接受高毛利和月租赁模式，综合估计支付意愿为15000元。""}",
belief_bench_v1_2026-07-13,ToB_Differentiation_Elder,二代接班人,C0_clean,8,19268,23122,15000,success,,客群愿意为差异化体验和人力替代效果支付溢价，参考高端同类产品定价，且机构可接受高毛利。,,"{""estimated_wtp"": 15000, ""reasoning"": ""客群愿意为差异化体验和人力替代效果支付溢价，参考高端同类产品定价，且机构可接受高毛利。""}",
belief_bench_v1_2026-07-13,ToB_Differentiation_Elder,二代接班人,C0_clean,7,19268,23122,8000,success,,三位受访者均明确表示愿为差异化体验付溢价，且将设备视为人力替代工具，以夜班人力成本（月薪4500元）为锚点，三个月试用期可节省13500元，结合高端定位和品质感要求，估计支付意愿为8000元。,,"{""estimated_wtp"": 8000, ""reasoning"": ""三位受访者均明确表示愿为差异化体验付溢价，且将设备视为人力替代工具，以夜班人力成本（月薪4500元）为锚点，三个月试用期可节省13500元，结合高端定位和品质感要求，估计支付意愿为8000元。""}",
belief_bench_v1_2026-07-13,ToB_Differentiation_Elder,二代接班人,C0_clean,9,19268,23122,15000,success,,三位受访者均愿意为差异化体验、品质感和人力替代效果支付溢价，参考高端同类产品定位，结合机构采购预算和试用期验证习惯，估计支付意愿在15000元左右。,,"{""estimated_wtp"": 15000, ""reasoning"": ""三位受访者均愿意为差异化体验、品质感和人力替代效果支付溢价，参考高端同类产品定位，结合机构采购预算和试用期验证习惯，估计支付意愿在15000元左右。""}",
belief_bench_v1_2026-07-13,ToB_Differentiation_Elder,二代接班人,C0_clean,10,19268,23122,18000,success,,客群愿意为差异化体验付溢价，且将设备视为人力替代工具，夜班护工月薪4500元，替代一人即可节省年成本5.4万，结合试用期验证和高端定位，支付意愿可达18000元。,,"{""estimated_wtp"": 18000, ""reasoning"": ""客群愿意为差异化体验付溢价，且将设备视为人力替代工具，夜班护工月薪4500元，替代一人即可节省年成本5.4万，结合试用期验证和高端定位，支付意愿可达18000元。""}",
belief_bench_v1_2026-07-13,ToB_Differentiation_Elder,二代接班人,C1,3,19268,23122,8000,success,,客户明确愿为差异化、提升运营效率和降低人力成本付溢价，且参考高端同类产品，支付意愿较高。,,"{""estimated_wtp"": 8000, ""reasoning"": ""客户明确愿为差异化、提升运营效率和降低人力成本付溢价，且参考高端同类产品，支付意愿较高。""}","根据您的要求，以下是三份报告中所有与价格、预算、支付意愿相关的句子逐字引用：

**报告 1：ToB_Diff_Elder_P1**
- “我们总部审批流程长，但如果你能说清独特在哪，包装期望不高，试用期稳定可靠，我愿意多花点钱。”
- “如果设备能减少人力依赖，我愿意按月租赁，降低一次性成本压力。”
- “她愿为差异化体验付溢价，但前提是设备能提升运营效率、替代人力，且品质。”

**报告 2：ToB_Diff_Elder_P2**
- “采购需明确独特之处，愿意为差异化付溢价。”
- “机构愿意为独特性付溢价。”
- “愿意为独特性付更高预算。”
- “该受访者是典型的机构市场差异化用户，愿意为品质感、独特性和运营效率付溢价。”

**报告 3：ToB_Diff_Elder_P3**
- “夜间安全监护缺口驱动预防性预警需求，愿为降低人力成本支付溢价”
- “实效验证后支付意愿高”
- “他愿意为此走采购流程，但坚持‘先试用三个月再说’。”
- “效果可感知才能通过总部审批流程。”"
belief_bench_v1_2026-07-13,ToB_Differentiation_Elder,二代接班人,C1,1,19268,23122,8000,success,,客户愿意为差异化体验和降低人力成本支付溢价，参考高端同类产品定价，且月租模式暗示可接受较高一次性成本。,,"{""estimated_wtp"": 8000, ""reasoning"": ""客户愿意为差异化体验和降低人力成本支付溢价，参考高端同类产品定价，且月租模式暗示可接受较高一次性成本。""}","根据您的要求，以下是三份报告中所有与价格、预算、支付意愿相关的句子逐字引用：

**报告 1：ToB_Diff_Elder_P1**
- “我们总部审批流程长，但如果你能说清独特在哪，包装期望不高，试用期稳定可靠，我愿意多花点钱。”
- “如果设备能减少人力依赖，我愿意按月租赁，降低一次性成本压力。”
- “她愿为差异化体验付溢价，但前提是设备能提升运营效率、替代人力，且品质。”

**报告 2：ToB_Diff_Elder_P2**
- “采购需明确独特之处，愿意为差异化付溢价。”
- “机构愿意为独特性付溢价。”
- “愿意为具体维度上的明显差异付溢价，但需说清独特在哪。”
- “愿意为独特性付更高预算。”
- “购买驱动力是品质感与口碑，而非直接省钱。”
- “该受访者是典型的机构市场差异化用户，愿意为品质感、独特性和运营效率付溢价。”

**报告 3：ToB_Diff_Elder_P3**
- “夜间安全监护缺口驱动预防性预警需求，愿为降低人力成本支付溢价。”
- “夜班现在排三个人，每人月薪四千五左右，院长总念叨‘要是能少排一个就好了’。”
- “他愿意为此走采购流程，但坚持‘先试用三个月再说’。”
- “实效验证后支付意愿高。”
- “人力成本上涨、夜班难招、护工短缺是核心痛点，产品效果可感知才能通过总部审批流程。”"
belief_bench_v1_2026-07-13,ToB_Differentiation_Elder,二代接班人,C1,5,19268,23122,5000,success,,客户愿意为差异化、品质感和降低人力成本支付溢价，且参考高端产品定位，估计支付意愿在5000元左右。,,"{""estimated_wtp"": 5000, ""reasoning"": ""客户愿意为差异化、品质感和降低人力成本支付溢价，且参考高端产品定位，估计支付意愿在5000元左右。""}","根据您的要求，以下是从三份报告中逐字引用的所有与价格、预算、支付意愿相关的句子：

**报告 1：ToB_Diff_Elder_P1**
- “我们总部审批流程长，但如果你能说清独特在哪，包装期望不高，试用期稳定可靠，我愿意多花点钱。”
- “如果设备能减少人力依赖，我愿意按月租赁，降低一次性成本压力。”

**报告 2：ToB_Diff_Elder_P2**
- “采购需明确独特之处，愿意为差异化付溢价”
- “机构愿意为独特性付溢价”
- “愿意为具体维度上的明显差异付溢价，但需说清独特在哪”
- “愿意为独特性付更高预算”
- “愿意为品质感、独特性和运营效率付溢价”

**报告 3：ToB_Diff_Elder_P3**
- “夜间安全监护缺口驱动预防性预警需求，愿为降低人力成本支付溢价”
- “他愿意为此走采购流程，但坚持‘先试用三个月再说’”
- “实效验证后支付意愿高”"
belief_bench_v1_2026-07-13,ToB_Differentiation_Elder,二代接班人,C1,2,19268,23122,13500,success,,客户愿意为降低人力成本支付溢价，参考夜班护工月薪4500元，减少一人年省54000元，结合高端定位和试用后高支付意愿，估计月租约13500元。,,"{""estimated_wtp"": 13500, ""reasoning"": ""客户愿意为降低人力成本支付溢价，参考夜班护工月薪4500元，减少一人年省54000元，结合高端定位和试用后高支付意愿，估计月租约13500元。""}","根据您的要求，以下是三份报告中所有与价格、预算、支付意愿相关的句子逐字引用：

**报告 1：ToB_Diff_Elder_P1**
- “我们总部审批流程长，但如果你能说清独特在哪，包装期望不高，试用期稳定可靠，我愿意多花点钱。”
- “如果设备能减少人力依赖，我愿意按月租赁，降低一次性成本压力。”
- “她愿为差异化体验付溢价，但前提是设备能提升运营效率、替代人力，且品质。”

**报告 2：ToB_Diff_Elder_P2**
- “采购需明确独特之处，愿意为差异化付溢价。”
- “机构愿意为独特性付溢价。”
- “愿意为具体维度上的明显差异付溢价，但需说清独特在哪。”
- “若设备能覆盖护工无暇疏导的空白时间，愿意为独特性付更高预算。”
- “该受访者是典型的机构市场差异化用户，愿意为品质感、独特性和运营效率付溢价。”

**报告 3：ToB_Diff_Elder_P3**
- “夜间安全监护缺口驱动预防性预警需求，愿为降低人力成本支付溢价。”
- “夜班现在排三个人，每人月薪四千五左右，院长总念叨‘要是能少排一个就好了’。”
- “他愿意为此走采购流程，但坚持‘先试用三个月再说’。”
- “实效验证后支付意愿高。”"
belief_bench_v1_2026-07-13,ToB_Differentiation_Elder,二代接班人,C1,4,19268,23122,15000,success,,客户愿意为差异化体验和降低人力成本支付溢价，参考夜班护工月薪4500元，替代一人可节省年成本5.4万，且客户接受高端定位，故支付意愿较高。,,"{""estimated_wtp"": 15000, ""reasoning"": ""客户愿意为差异化体验和降低人力成本支付溢价，参考夜班护工月薪4500元，替代一人可节省年成本5.4万，且客户接受高端定位，故支付意愿较高。""}","根据您的要求，以下是从三份报告中逐字引用的所有与价格、预算、支付意愿相关的句子：

**报告 1：ToB_Diff_Elder_P1**
- “我们总部审批流程长，但如果你能说清独特在哪，包装期望不高，试用期稳定可靠，我愿意多花点钱。”
- “如果设备能减少人力依赖，我愿意按月租赁，降低一次性成本压力。”
- “她愿为差异化体验付溢价，但前提是设备能提升运营效率、替代人力，且品质。”

**报告 2：ToB_Diff_Elder_P2**
- “机构愿意为独特性付溢价。”
- “愿意为具体维度上的明显差异付溢价，但需说清独特在哪。”
- “若设备能覆盖护工无暇疏导的空白时间，愿意为独特性付更高预算。”
- “购买驱动力是品质感与口碑，而非直接省钱。”

**报告 3：ToB_Diff_Elder_P3**
- “夜间安全监护缺口驱动预防性预警需求，愿为降低人力成本支付溢价”
- “夜班现在排三个人，每人月薪四千五左右，院长总念叨‘要是能少排一个就好了’。”
- “他愿意为此走采购流程，但坚持‘先试用三个月再说’。”
- “人力成本上涨、夜班难招、护工短缺是核心痛点，产品效果可感知才能通过总部审批流程。”"
belief_bench_v1_2026-07-13,ToB_Differentiation_Elder,二代接班人,C1,6,19268,23122,8000,success,,客户愿为差异化体验付溢价，但需通过试用期验证实效，参考高端同类产品定价。,,"{""estimated_wtp"": 8000, ""reasoning"": ""客户愿为差异化体验付溢价，但需通过试用期验证实效，参考高端同类产品定价。""}","根据您的要求，以下是三份报告中所有与价格、预算、支付意愿相关的句子逐字引用：

**报告 1：ToB_Diff_Elder_P1**
- “我们总部审批流程长，但如果你能说清独特在哪，包装期望不高，试用期稳定可靠，我愿意多花点钱。”
- “如果设备能减少人力依赖，我愿意按月租赁，降低一次性成本压力。”
- “她愿为差异化体验付溢价，但前提是设备能提升运营效率、替代人力，且品质。”

**报告 2：ToB_Diff_Elder_P2**
- “采购需明确独特之处，愿意为差异化付溢价。”
- “机构愿意为独特性付溢价。”
- “愿意为具体维度上的明显差异付溢价，但需说清独特在哪。”
- “愿意为独特性付更高预算。”
- “该受访者是典型的机构市场差异化用户，愿意为品质感、独特性和运营效率付溢价。”

**报告 3：ToB_Diff_Elder_P3**
- “夜间安全监护缺口驱动预防性预警需求，愿为降低人力成本支付溢价。”
- “他愿意为此走采购流程，但坚持‘先试用三个月再说’。”
- “人力成本上涨、夜班难招、护工短缺是核心痛点，产品效果可感知才能通过总部审批流程。”
- “采购判断偏长期回报，但采购谨慎，需通过试用期验证实效。”"
belief_bench_v1_2026-07-13,ToB_Differentiation_Elder,二代接班人,C2_low,1,19268,23122,1200,success,,客户愿意为差异化、品质感和人力替代效果支付溢价，参考同类产品800元，结合高端定位和溢价意愿，估计支付意愿为1200元。,,"{""estimated_wtp"": 1200, ""reasoning"": ""客户愿意为差异化、品质感和人力替代效果支付溢价，参考同类产品800元，结合高端定位和溢价意愿，估计支付意愿为1200元。""}",
belief_bench_v1_2026-07-13,ToB_Differentiation_Elder,二代接班人,C2_low,2,19268,23122,1500,success,,客户愿意为差异化体验、品质感和人力替代支付溢价，参考高端同类产品定价800元，结合其高容忍度和溢价意愿，估计支付意愿为1500元。,,"{""estimated_wtp"": 1500, ""reasoning"": ""客户愿意为差异化体验、品质感和人力替代支付溢价，参考高端同类产品定价800元，结合其高容忍度和溢价意愿，估计支付意愿为1500元。""}",
belief_bench_v1_2026-07-13,ToB_Differentiation_Elder,二代接班人,C1,7,19268,23122,15000,success,,客户明确愿为差异化、降低人力成本付溢价，且参考高端同类产品定价，支付意愿较高。,,"{""estimated_wtp"": 15000, ""reasoning"": ""客户明确愿为差异化、降低人力成本付溢价，且参考高端同类产品定价，支付意愿较高。""}","根据您的要求，以下是三份报告中所有与价格、预算、支付意愿相关的句子逐字引用：

**报告 1：ToB_Diff_Elder_P1**
- “我们总部审批流程长，但如果你能说清独特在哪，包装期望不高，试用期稳定可靠，我愿意多花点钱。”
- “如果设备能减少人力依赖，我愿意按月租赁，降低一次性成本压力。”
- “她愿为差异化体验付溢价，但前提是设备能提升运营效率、替代人力，且品质。”

**报告 2：ToB_Diff_Elder_P2**
- “采购需明确独特之处，愿意为差异化付溢价”
- “机构愿意为独特性付溢价。”
- “愿意为具体维度上的明显差异付溢价，但需说清独特在哪。”
- “若设备能覆盖护工无暇疏导的空白时间，愿意为独特性付更高预算。”
- “愿意为品质感、独特性和运营效率付溢价。”

**报告 3：ToB_Diff_Elder_P3**
- “夜间安全监护缺口驱动预防性预警需求，愿为降低人力成本支付溢价”
- “他愿意为此走采购流程，但坚持‘先试用三个月再说’。”
- “实效验证后支付意愿高”
- “人力成本上涨、夜班难招、护工短缺是核心痛点，产品效果可感知才能通过总部审批流程。”"
belief_bench_v1_2026-07-13,ToB_Differentiation_Elder,二代接班人,C1,8,19268,23122,5000,success,,客户愿意为差异化体验和运营效率付溢价，且参考高端同类产品，但要求先试用验证实效。,,"{""estimated_wtp"": 5000, ""reasoning"": ""客户愿意为差异化体验和运营效率付溢价，且参考高端同类产品，但要求先试用验证实效。""}","根据您的要求，以下是三份报告中所有与价格、预算、支付意愿相关的句子逐字引用：

**报告 1：ToB_Diff_Elder_P1**
- “我们总部审批流程长，但如果你能说清独特在哪，包装期望不高，试用期稳定可靠，我愿意多花点钱。”
- “如果设备能减少人力依赖，我愿意按月租赁，降低一次性成本压力。”
- “她愿为差异化体验付溢价，但前提是设备能提升运营效率、替代人力，且品质。”

**报告 2：ToB_Diff_Elder_P2**
- “机构愿意为独特性付溢价。”
- “愿意为独特性付更高预算。”
- “该受访者是典型的机构市场差异化用户，愿意为品质感、独特性和运营效率付溢价。”
- “采购需明确独特之处，愿意为差异化付溢价。”

**报告 3：ToB_Diff_Elder_P3**
- “夜间安全监护缺口驱动预防性预警需求，愿为降低人力成本支付溢价”
- “他愿意为此走采购流程，但坚持‘先试用三个月再说’。”
- “人力成本上涨、夜班难招、护工短缺是核心痛点，产品效果可感知才能通过总部审批流程。”
- “实效验证后支付意愿高”"
belief_bench_v1_2026-07-13,ToB_Differentiation_Elder,二代接班人,C2_low,3,19268,23122,1500,success,,客户愿意为差异化体验、品质感和人力替代效果支付溢价，参考同类产品800元，结合高端定位和溢价意愿，估计支付意愿为1500元。,,"{""estimated_wtp"": 1500, ""reasoning"": ""客户愿意为差异化体验、品质感和人力替代效果支付溢价，参考同类产品800元，结合高端定位和溢价意愿，估计支付意愿为1500元。""}",
belief_bench_v1_2026-07-13,ToB_Differentiation_Elder,二代接班人,C2_low,4,19268,23122,2400,success,,客户愿意为差异化体验、人力替代和品质感支付高溢价，参考高端同类产品定价800元，结合其高容忍度和对品牌信号的重视，估计支付意愿为三倍市场价。,,"{""estimated_wtp"": 2400, ""reasoning"": ""客户愿意为差异化体验、人力替代和品质感支付高溢价，参考高端同类产品定价800元，结合其高容忍度和对品牌信号的重视，估计支付意愿为三倍市场价。""}",
belief_bench_v1_2026-07-13,ToB_Differentiation_Elder,二代接班人,C1,9,19268,23122,8000,success,,客户愿意为差异化体验、运营效率提升和降低人力成本支付溢价，且参考高端产品定位，估计支付意愿在8000元左右。,,"{""estimated_wtp"": 8000, ""reasoning"": ""客户愿意为差异化体验、运营效率提升和降低人力成本支付溢价，且参考高端产品定位，估计支付意愿在8000元左右。""}","根据您的要求，以下是三份报告中与价格、预算、支付意愿相关的所有句子的逐字引用：

### 报告 1：ToB_Diff_Elder_P1
- “我们总部审批流程长，但如果你能说清独特在哪，包装期望不高，试用期稳定可靠，我愿意多花点钱。”
- “如果设备能减少人力依赖，我愿意按月租赁，降低一次性成本压力。”
- “她愿为差异化体验付溢价，但前提是设备能提升运营效率、替代人力，且品质。”

### 报告 2：ToB_Diff_Elder_P2
- “采购需明确独特之处，愿意为差异化付溢价”
- “机构愿意为独特性付溢价。”
- “愿意为具体维度上的明显差异付溢价，但需说清独特在哪。”
- “若设备能覆盖护工无暇疏导的空白时间，愿意为独特性付更高预算。”
- “愿意为品质感、独特性和运营效率付溢价。”

### 报告 3：ToB_Diff_Elder_P3
- “夜间安全监护缺口驱动预防性预警需求，愿为降低人力成本支付溢价”
- “实效验证后支付意愿高”
- “他愿意为此走采购流程，但坚持'先试用三个月再说'。”"
belief_bench_v1_2026-07-13,ToB_Differentiation_Elder,二代接班人,C2_low,5,19268,23122,1500,success,,客户愿意为差异化体验、品质感和人力替代效果支付溢价，参考高端同类产品定价800元，结合其高容忍度和溢价意愿，估计支付意愿为1500元。,,"{""estimated_wtp"": 1500, ""reasoning"": ""客户愿意为差异化体验、品质感和人力替代效果支付溢价，参考高端同类产品定价800元，结合其高容忍度和溢价意愿，估计支付意愿为1500元。""}",
belief_bench_v1_2026-07-13,ToB_Differentiation_Elder,二代接班人,C1,10,19268,23122,15000,success,,客户愿意为差异化、运营效率提升和人力替代支付溢价，且参考高端同类产品，估计支付意愿较高。,,"{""estimated_wtp"": 15000, ""reasoning"": ""客户愿意为差异化、运营效率提升和人力替代支付溢价，且参考高端同类产品，估计支付意愿较高。""}","根据您的要求，以下是三份报告中所有与价格、预算、支付意愿相关的句子逐字引用：

**报告 1：ToB_Diff_Elder_P1**
- “我们总部审批流程长，但如果你能说清独特在哪，包装期望不高，试用期稳定可靠，我愿意多花点钱。”
- “如果设备能减少人力依赖，我愿意按月租赁，降低一次性成本压力。”
- “她愿为差异化体验付溢价，但前提是设备能提升运营效率、替代人力，且品质。”

**报告 2：ToB_Diff_Elder_P2**
- “采购需明确独特之处，愿意为差异化付溢价。”
- “机构愿意为独特性付溢价。”
- “愿意为具体维度上的明显差异付溢价，但需说清独特在哪。”
- “若设备能覆盖护工无暇疏导的空白时间，愿意为独特性付更高预算。”
- “愿意为品质感、独特性和运营效率付溢价。”

**报告 3：ToB_Diff_Elder_P3**
- “夜间安全监护缺口驱动预防性预警需求，愿为降低人力成本支付溢价。”
- “他愿意为此走采购流程，但坚持‘先试用三个月再说’。”
- “人力成本上涨、夜班难招、护工短缺是核心痛点，产品效果可感知才能通过总部审批流程。”
- “实效验证后支付意愿高。”"
belief_bench_v1_2026-07-13,ToB_Differentiation_Elder,二代接班人,C2_low,6,19268,23122,2500,success,,客户愿意为差异化体验、品质感和人力替代付溢价，参考高端同类产品定价，且调研显示可接受高毛利。,,"{""estimated_wtp"": 2500, ""reasoning"": ""客户愿意为差异化体验、品质感和人力替代付溢价，参考高端同类产品定价，且调研显示可接受高毛利。""}",
belief_bench_v1_2026-07-13,ToB_Differentiation_Elder,二代接班人,C2_low,7,19268,23122,2500,success,,客群愿意为差异化体验和人力替代效果支付高溢价，高端定位匹配其品质感与品牌故事需求，远超800元参考价。,,"{""estimated_wtp"": 2500, ""reasoning"": ""客群愿意为差异化体验和人力替代效果支付高溢价，高端定位匹配其品质感与品牌故事需求，远超800元参考价。""}",
belief_bench_v1_2026-07-13,ToB_Differentiation_Elder,二代接班人,C2_low,9,19268,23122,1500,success,,三位受访者均明确表示愿意为差异化体验、品质感和人力替代效果支付溢价，且参考高端同类产品定价，结合其高容忍度与品牌优先目标，估计支付意愿高于市场常见价800元。,,"{""estimated_wtp"": 1500, ""reasoning"": ""三位受访者均明确表示愿意为差异化体验、品质感和人力替代效果支付溢价，且参考高端同类产品定价，结合其高容忍度与品牌优先目标，估计支付意愿高于市场常见价800元。""}",
belief_bench_v1_2026-07-13,ToB_Differentiation_Elder,二代接班人,C2_low,8,19268,23122,1500,success,,客户愿意为差异化、品质感和人力替代支付溢价，参考高端同类产品定价800元，结合其高容忍度和溢价意愿，估计支付意愿约1500元。,,"{""estimated_wtp"": 1500, ""reasoning"": ""客户愿意为差异化、品质感和人力替代支付溢价，参考高端同类产品定价800元，结合其高容忍度和溢价意愿，估计支付意愿约1500元。""}",
belief_bench_v1_2026-07-13,ToB_Differentiation_Elder,二代接班人,C2_high,1,19268,23122,18000,success,,三位受访者均明确愿为差异化、品质感和人力替代效果支付溢价，且高端定位与品牌信号匹配，故在同类12000元基础上上浮50%至18000元。,,"{""estimated_wtp"": 18000, ""reasoning"": ""三位受访者均明确愿为差异化、品质感和人力替代效果支付溢价，且高端定位与品牌信号匹配，故在同类12000元基础上上浮50%至18000元。""}",
belief_bench_v1_2026-07-13,ToB_Differentiation_Elder,二代接班人,C2_low,10,19268,23122,3000,success,,三位受访者均愿意为差异化体验、品质感和人力替代效果支付溢价，参考高端同类产品定价800元，结合其高容忍度和溢价意愿，估计支付意愿在3000元左右。,,"{""estimated_wtp"": 3000, ""reasoning"": ""三位受访者均愿意为差异化体验、品质感和人力替代效果支付溢价，参考高端同类产品定价800元，结合其高容忍度和溢价意愿，估计支付意愿在3000元左右。""}",
belief_bench_v1_2026-07-13,ToB_Differentiation_Elder,二代接班人,C2_high,2,19268,23122,15000,success,,客户愿意为差异化体验和人力替代付溢价，参考高端同类产品定价12000元，结合高容忍度和品质感需求，估计支付意愿上浮至15000元。,,"{""estimated_wtp"": 15000, ""reasoning"": ""客户愿意为差异化体验和人力替代付溢价，参考高端同类产品定价12000元，结合高容忍度和品质感需求，估计支付意愿上浮至15000元。""}",
belief_bench_v1_2026-07-13,ToB_Differentiation_Elder,二代接班人,C2_high,3,19268,23122,18000,success,,客户愿意为差异化体验、品质感和人力替代效果支付溢价，参考高端同类产品定价12000元，结合其高容忍度和溢价意愿，估计支付意愿为18000元。,,"{""estimated_wtp"": 18000, ""reasoning"": ""客户愿意为差异化体验、品质感和人力替代效果支付溢价，参考高端同类产品定价12000元，结合其高容忍度和溢价意愿，估计支付意愿为18000元。""}",
belief_bench_v1_2026-07-13,ToB_Differentiation_Elder,二代接班人,C2_high,5,19268,23122,15000,success,,客户愿意为差异化体验和人力替代支付溢价，参考同类产品定价12000元，结合其高端定位和高容忍度，估计支付意愿上浮至15000元。,,"{""estimated_wtp"": 15000, ""reasoning"": ""客户愿意为差异化体验和人力替代支付溢价，参考同类产品定价12000元，结合其高端定位和高容忍度，估计支付意愿上浮至15000元。""}",
belief_bench_v1_2026-07-13,ToB_Differentiation_Elder,二代接班人,C2_high,4,19268,23122,18000,success,,客户愿意为差异化体验付溢价，参考高端同类产品定价12000元，结合其高容忍度和对品质感、人力替代价值的重视，可上浮50%至18000元。,,"{""estimated_wtp"": 18000, ""reasoning"": ""客户愿意为差异化体验付溢价，参考高端同类产品定价12000元，结合其高容忍度和对品质感、人力替代价值的重视，可上浮50%至18000元。""}",
belief_bench_v1_2026-07-13,ToB_Differentiation_Elder,二代接班人,C2_high,6,19268,23122,18000,success,,三位受访者均明确愿意为差异化体验、品质感和人力替代效果支付溢价，且高端定位与同类产品12000元相比有显著提升空间。,,"{""estimated_wtp"": 18000, ""reasoning"": ""三位受访者均明确愿意为差异化体验、品质感和人力替代效果支付溢价，且高端定位与同类产品12000元相比有显著提升空间。""}",
belief_bench_v1_2026-07-13,ToB_Differentiation_Elder,二代接班人,C2_high,8,19268,23122,15000,success,,客户愿意为差异化体验支付溢价，且高端同类产品定价12000元，结合其高容忍度与品牌优先目标，估计支付意愿上浮至15000元。,,"{""estimated_wtp"": 15000, ""reasoning"": ""客户愿意为差异化体验支付溢价，且高端同类产品定价12000元，结合其高容忍度与品牌优先目标，估计支付意愿上浮至15000元。""}",
belief_bench_v1_2026-07-13,ToB_Differentiation_Elder,二代接班人,C2_high,7,19268,23122,18000,success,,客户愿意为差异化体验、品质感和人力替代效果支付溢价，参考高端同类产品定价12000元，结合高容忍度与溢价意愿，估计支付意愿为18000元。,,"{""estimated_wtp"": 18000, ""reasoning"": ""客户愿意为差异化体验、品质感和人力替代效果支付溢价，参考高端同类产品定价12000元，结合高容忍度与溢价意愿，估计支付意愿为18000元。""}",
belief_bench_v1_2026-07-13,ToB_Differentiation_Elder,二代接班人,C2_high,9,19268,23122,18000,success,,客户愿意为差异化体验和人力替代支付溢价，参考高端定价12000元，结合其高容忍度和品牌优先的决策风格，可上浮50%至18000元。,,"{""estimated_wtp"": 18000, ""reasoning"": ""客户愿意为差异化体验和人力替代支付溢价，参考高端定价12000元，结合其高容忍度和品牌优先的决策风格，可上浮50%至18000元。""}",
belief_bench_v1_2026-07-13,ToB_Differentiation_Elder,二代接班人,C3,1,19268,23122,5850,success,,由报告锚点加权中位数及冻结 persona 变换确定性合成,"[{""quote"":""夜班现在排三个人，每人月薪四千五左右，院长总念叨'要是能少排一个就好了'。"",""value_yuan"":4500,""type"":""参考价""}]","{""anchors"": [{""quote"": ""夜班现在排三个人，每人月薪四千五左右，院长总念叨'要是能少排一个就好了'。"", ""value_yuan"": 4500, ""type"": ""参考价""}]}",
belief_bench_v1_2026-07-13,ToB_Differentiation_Elder,二代接班人,C2_high,10,19268,23122,18000,success,,三位受访者均明确表示愿意为差异化体验、品质感和人力替代效果支付溢价，且高端定价与机构采购逻辑匹配。,,"{""estimated_wtp"": 18000, ""reasoning"": ""三位受访者均明确表示愿意为差异化体验、品质感和人力替代效果支付溢价，且高端定价与机构采购逻辑匹配。""}",
belief_bench_v1_2026-07-13,ToB_Differentiation_Elder,二代接班人,C3,2,19268,23122,5850,success,,由报告锚点加权中位数及冻结 persona 变换确定性合成,"[{""quote"":""夜班现在排三个人，每人月薪四千五左右，院长总念叨'要是能少排一个就好了'。"",""value_yuan"":4500,""type"":""参考价""},{""quote"":""夜班现在排三个人，每人月薪四千五左右，院长总念叨'要是能少排一个就好了'。"",""value_yuan"":13500,""type"":""参考价""}]","{""anchors"": [{""quote"": ""夜班现在排三个人，每人月薪四千五左右，院长总念叨'要是能少排一个就好了'。"", ""value_yuan"": 4500, ""type"": ""参考价""}, {""quote"": ""夜班现在排三个人，每人月薪四千五左右，院长总念叨'要是能少排一个就好了'。"", ""value_yuan"": 13500, ""type"": ""参考价""}]}",
belief_bench_v1_2026-07-13,ToB_Differentiation_Elder,二代接班人,C3,4,19268,23122,0,success,,由报告锚点加权中位数及冻结 persona 变换确定性合成,"[{""quote"":""夜班现在排三个人，每人月薪四千五左右，院长总念叨'要是能少排一个就好了'。"",""value_yuan"":4500,""type"":""参考价""},{""quote"":""如果设备能减少人力依赖，我愿意按月租赁，降低一次性成本压力。"",""value_yuan"":0,""type"":""参考价""}]","{""anchors"": [{""quote"": ""夜班现在排三个人，每人月薪四千五左右，院长总念叨'要是能少排一个就好了'。"", ""value_yuan"": 4500, ""type"": ""参考价""}, {""quote"": ""如果设备能减少人力依赖，我愿意按月租赁，降低一次性成本压力。"", ""value_yuan"": null, ""type"": ""参考价""}]}",
belief_bench_v1_2026-07-13,ToB_Differentiation_Elder,二代接班人,C3,5,19268,23122,5850,success,,由报告锚点加权中位数及冻结 persona 变换确定性合成,"[{""quote"":""夜班现在排三个人，每人月薪四千五左右，院长总念叨'要是能少排一个就好了'。"",""value_yuan"":4500,""type"":""参考价""},{""quote"":""夜班现在排三个人，每人月薪四千五左右，院长总念叨'要是能少排一个就好了'。"",""value_yuan"":13500,""type"":""参考价""}]","{""anchors"": [{""quote"": ""夜班现在排三个人，每人月薪四千五左右，院长总念叨'要是能少排一个就好了'。"", ""value_yuan"": 4500, ""type"": ""参考价""}, {""quote"": ""夜班现在排三个人，每人月薪四千五左右，院长总念叨'要是能少排一个就好了'。"", ""value_yuan"": 13500, ""type"": ""参考价""}]}",
belief_bench_v1_2026-07-13,ToB_Differentiation_Elder,二代接班人,C3,3,19268,23122,0,success,,由报告锚点加权中位数及冻结 persona 变换确定性合成,"[{""quote"":""夜班现在排三个人，每人月薪四千五左右，院长总念叨'要是能少排一个就好了'。"",""value_yuan"":4500,""type"":""参考价""},{""quote"":""愿意为差异化付溢价"",""value_yuan"":0,""type"":""上限""},{""quote"":""愿意为独特性付溢价"",""value_yuan"":0,""type"":""上限""},{""quote"":""愿意为品质感、独特性和运营效率付溢价"",""value_yuan"":0,""type"":""上限""},{""quote"":""愿为降低人力成本支付溢价"",""value_yuan"":0,""type"":""上限""},{""quote"":""愿意为体验或效果可感知的差异化"",""value_yuan"":0,""type"":""上限""}]","{""anchors"": [{""quote"": ""夜班现在排三个人，每人月薪四千五左右，院长总念叨'要是能少排一个就好了'。"", ""value_yuan"": 4500, ""type"": ""参考价""}, {""quote"": ""愿意为差异化付溢价"", ""value_yuan"": null, ""type"": ""上限""}, {""quote"": ""愿意为独特性付溢价"", ""value_yuan"": null, ""type"": ""上限""}, {""quote"": ""愿意为品质感、独特性和运营效率付溢价"", ""value_yuan"": null, ""type"": ""上限""}, {""quote"": ""愿为降低人力成本支付溢价"", ""value_yuan"": null, ""type"": ""上限""}, {""quote"": ""愿意为体验或效果可感知的差异化"", ""value_yuan"": null, ""type"": ""上限""}]}",
belief_bench_v1_2026-07-13,ToB_Differentiation_Elder,二代接班人,C3,7,19268,23122,5850,success,,由报告锚点加权中位数及冻结 persona 变换确定性合成,"[{""quote"":""夜班现在排三个人，每人月薪四千五左右，院长总念叨'要是能少排一个就好了'。"",""value_yuan"":4500,""type"":""参考价""},{""quote"":""夜班现在排三个人，每人月薪四千五左右，院长总念叨'要是能少排一个就好了'。"",""value_yuan"":13500,""type"":""参考价""}]","{""anchors"": [{""quote"": ""夜班现在排三个人，每人月薪四千五左右，院长总念叨'要是能少排一个就好了'。"", ""value_yuan"": 4500, ""type"": ""参考价""}, {""quote"": ""夜班现在排三个人，每人月薪四千五左右，院长总念叨'要是能少排一个就好了'。"", ""value_yuan"": 13500, ""type"": ""参考价""}]}",
belief_bench_v1_2026-07-13,ToB_Differentiation_Elder,二代接班人,C3,6,19268,23122,17550,success,,由报告锚点加权中位数及冻结 persona 变换确定性合成,"[{""quote"":""夜班现在排三个人，每人月薪四千五左右，院长总念叨'要是能少排一个就好了'。"",""value_yuan"":4500,""type"":""参考价""},{""quote"":""夜班现在排三个人，每人月薪四千五左右，院长总念叨'要是能少排一个就好了'。"",""value_yuan"":13500,""type"":""审批门槛""}]","{""anchors"": [{""quote"": ""夜班现在排三个人，每人月薪四千五左右，院长总念叨'要是能少排一个就好了'。"", ""value_yuan"": 4500, ""type"": ""参考价""}, {""quote"": ""夜班现在排三个人，每人月薪四千五左右，院长总念叨'要是能少排一个就好了'。"", ""value_yuan"": 13500, ""type"": ""审批门槛""}]}",
belief_bench_v1_2026-07-13,ToB_Differentiation_Elder,二代接班人,C3,8,19268,23122,5850,success,,由报告锚点加权中位数及冻结 persona 变换确定性合成,"[{""quote"":""夜班现在排三个人，每人月薪四千五左右，院长总念叨'要是能少排一个就好了'。"",""value_yuan"":4500,""type"":""参考价""},{""quote"":""夜班现在排三个人，每人月薪四千五左右，院长总念叨'要是能少排一个就好了'。"",""value_yuan"":13500,""type"":""参考价""}]","{""anchors"": [{""quote"": ""夜班现在排三个人，每人月薪四千五左右，院长总念叨'要是能少排一个就好了'。"", ""value_yuan"": 4500, ""type"": ""参考价""}, {""quote"": ""夜班现在排三个人，每人月薪四千五左右，院长总念叨'要是能少排一个就好了'。"", ""value_yuan"": 13500, ""type"": ""参考价""}]}",
belief_bench_v1_2026-07-13,ToB_Differentiation_Elder,二代接班人,C3,9,19268,23122,5850,success,,由报告锚点加权中位数及冻结 persona 变换确定性合成,"[{""quote"":""夜班现在排三个人，每人月薪四千五左右，院长总念叨'要是能少排一个就好了'。"",""value_yuan"":4500,""type"":""参考价""},{""quote"":""夜班现在排三个人，每人月薪四千五左右，院长总念叨'要是能少排一个就好了'。"",""value_yuan"":13500,""type"":""参考价""}]","{""anchors"": [{""quote"": ""夜班现在排三个人，每人月薪四千五左右，院长总念叨'要是能少排一个就好了'。"", ""value_yuan"": 4500, ""type"": ""参考价""}, {""quote"": ""夜班现在排三个人，每人月薪四千五左右，院长总念叨'要是能少排一个就好了'。"", ""value_yuan"": 13500, ""type"": ""参考价""}]}",
belief_bench_v1_2026-07-13,ToB_Differentiation_Elder,二代接班人,C3,10,19268,23122,5850,success,,由报告锚点加权中位数及冻结 persona 变换确定性合成,"[{""quote"":""夜班现在排三个人，每人月薪四千五左右，院长总念叨'要是能少排一个就好了'。"",""value_yuan"":4500,""type"":""参考价""},{""quote"":""夜班现在排三个人，每人月薪四千五左右，院长总念叨'要是能少排一个就好了'。"",""value_yuan"":13500,""type"":""参考价""}]","{""anchors"": [{""quote"": ""夜班现在排三个人，每人月薪四千五左右，院长总念叨'要是能少排一个就好了'。"", ""value_yuan"": 4500, ""type"": ""参考价""}, {""quote"": ""夜班现在排三个人，每人月薪四千五左右，院长总念叨'要是能少排一个就好了'。"", ""value_yuan"": 13500, ""type"": ""参考价""}]}",
belief_bench_v1_2026-07-13,ToB_Differentiation_Elder,草根老板,C0_leaked,1,19268,23122,4500,success,,三位受访者均愿意为差异化体验、人力替代和品质感支付溢价，结合原模板示例区间，取中上值4500元。,,"{""estimated_wtp"": 4500, ""reasoning"": ""三位受访者均愿意为差异化体验、人力替代和品质感支付溢价，结合原模板示例区间，取中上值4500元。""}",
belief_bench_v1_2026-07-13,ToB_Differentiation_Elder,草根老板,C0_leaked,2,19268,23122,4500,success,,"三位受访者均强调愿为差异化体验付溢价，结合院长示例锚点[3000,5000]及运营总监对品质感与人力替代的高支付意愿，取中上值4500元。",,"{""estimated_wtp"": 4500, ""reasoning"": ""三位受访者均强调愿为差异化体验付溢价，结合院长示例锚点[3000,5000]及运营总监对品质感与人力替代的高支付意愿，取中上值4500元。""}",
belief_bench_v1_2026-07-13,ToB_Differentiation_Elder,草根老板,C0_leaked,4,19268,23122,4500,success,,综合三位受访者均愿为差异化体验支付溢价、人力替代价值（夜班月薪4500元）及品质感要求，支付意愿落在3000-5000元区间中位偏上。,,"{""estimated_wtp"": 4500, ""reasoning"": ""综合三位受访者均愿为差异化体验支付溢价、人力替代价值（夜班月薪4500元）及品质感要求，支付意愿落在3000-5000元区间中位偏上。""}",
belief_bench_v1_2026-07-13,ToB_Differentiation_Elder,草根老板,C0_leaked,3,19268,23122,4500,success,,三位受访者均明确愿为差异化、品质感及人力替代效果支付溢价，结合院长支付意愿示例区间与运营总监对独特性的高容忍度，取中上值4500元。,,"{""estimated_wtp"": 4500, ""reasoning"": ""三位受访者均明确愿为差异化、品质感及人力替代效果支付溢价，结合院长支付意愿示例区间与运营总监对独特性的高容忍度，取中上值4500元。""}",
belief_bench_v1_2026-07-13,ToB_Differentiation_Elder,草根老板,C0_leaked,5,19268,23122,3500,success,,综合三位受访者均愿为差异化体验支付溢价，且人力替代成本（夜班护工月薪4500元）与试用期验证后高支付意愿，结合原锚点区间取中值偏下。,,"{""estimated_wtp"": 3500, ""reasoning"": ""综合三位受访者均愿为差异化体验支付溢价，且人力替代成本（夜班护工月薪4500元）与试用期验证后高支付意愿，结合原锚点区间取中值偏下。""}",
belief_bench_v1_2026-07-13,ToB_Differentiation_Elder,草根老板,C0_leaked,6,19268,23122,4500,success,,"三位受访者均愿为差异化体验支付溢价，但采购谨慎且需试用验证，结合原模板锚点区间[3000,5000]取中上值。",,"{""estimated_wtp"": 4500, ""reasoning"": ""三位受访者均愿为差异化体验支付溢价，但采购谨慎且需试用验证，结合原模板锚点区间[3000,5000]取中上值。""}",
belief_bench_v1_2026-07-13,ToB_Differentiation_Elder,草根老板,C0_leaked,8,19268,23122,4500,success,,"三位受访者均愿为差异化体验付溢价，且人力成本替代（夜班月薪4500元）是核心参照锚点，结合院长支付意愿区间[3000,5000]取中上值。",,"{""estimated_wtp"": 4500, ""reasoning"": ""三位受访者均愿为差异化体验付溢价，且人力成本替代（夜班月薪4500元）是核心参照锚点，结合院长支付意愿区间[3000,5000]取中上值。""}",
belief_bench_v1_2026-07-13,ToB_Differentiation_Elder,草根老板,C0_leaked,7,19268,23122,4500,success,,"三位受访者均愿为差异化体验、人力替代效果及品质感支付溢价，参考原模板锚点[3000,5000]并结合其高支付意愿，取中上值4500元。",,"{""estimated_wtp"": 4500, ""reasoning"": ""三位受访者均愿为差异化体验、人力替代效果及品质感支付溢价，参考原模板锚点[3000,5000]并结合其高支付意愿，取中上值4500元。""}",
belief_bench_v1_2026-07-13,ToB_Differentiation_Elder,草根老板,C0_leaked,10,19268,23122,4500,success,,综合三位受访者愿为差异化、人力替代和品质感支付溢价的表述，且参考原主观模板锚点区间，取中上值4500元。,,"{""estimated_wtp"": 4500, ""reasoning"": ""综合三位受访者愿为差异化、人力替代和品质感支付溢价的表述，且参考原主观模板锚点区间，取中上值4500元。""}",
belief_bench_v1_2026-07-13,ToB_Differentiation_Elder,草根老板,C0_leaked,9,19268,23122,4500,success,,结合三位受访者均愿为差异化体验支付溢价、且以人力成本替代（夜班三人月薪约13500元）为锚点，4500元处于可接受的经济站位，略高于原模板示例中值，符合其高容忍前期投入与低核心需求覆盖的决策特征。,,"{""estimated_wtp"": 4500, ""reasoning"": ""结合三位受访者均愿为差异化体验支付溢价、且以人力成本替代（夜班三人月薪约13500元）为锚点，4500元处于可接受的经济站位，略高于原模板示例中值，符合其高容忍前期投入与低核心需求覆盖的决策特征。""}",
belief_bench_v1_2026-07-13,ToB_Differentiation_Elder,草根老板,C0_clean,1,19268,23122,15000,success,,客群愿意为差异化体验和人力替代付溢价，参考夜班人力成本替代（月薪4500元/人）及品质感需求，估计设备月租或一次性采购价在15000元左右。,,"{""estimated_wtp"": 15000, ""reasoning"": ""客群愿意为差异化体验和人力替代付溢价，参考夜班人力成本替代（月薪4500元/人）及品质感需求，估计设备月租或一次性采购价在15000元左右。""}",
belief_bench_v1_2026-07-13,ToB_Differentiation_Elder,草根老板,C0_clean,2,19268,23122,8000,success,,客群愿意为差异化体验付溢价，且以人力替代为锚点，月薪4500元夜班人力成本支撑高价，但采购谨慎需试用验证，故估计8000元。,,"{""estimated_wtp"": 8000, ""reasoning"": ""客群愿意为差异化体验付溢价，且以人力替代为锚点，月薪4500元夜班人力成本支撑高价，但采购谨慎需试用验证，故估计8000元。""}",
belief_bench_v1_2026-07-13,ToB_Differentiation_Elder,草根老板,C0_clean,3,19268,23122,12000,success,,综合三位受访者愿为人力替代与差异化体验付溢价，且人力成本替代逻辑支撑约三个月护工工资的投入产出比。,,"{""estimated_wtp"": 12000, ""reasoning"": ""综合三位受访者愿为人力替代与差异化体验付溢价，且人力成本替代逻辑支撑约三个月护工工资的投入产出比。""}",
belief_bench_v1_2026-07-13,ToB_Differentiation_Elder,草根老板,C0_clean,4,19268,23122,8000,success,,客群愿意为差异化体验付溢价，且将设备视为人力替代工具，按夜班人力成本（月薪4500元）的1.5-2倍估算，试用期验证后支付意愿高。,,"{""estimated_wtp"": 8000, ""reasoning"": ""客群愿意为差异化体验付溢价，且将设备视为人力替代工具，按夜班人力成本（月薪4500元）的1.5-2倍估算，试用期验证后支付意愿高。""}",
belief_bench_v1_2026-07-13,ToB_Differentiation_Elder,草根老板,C0_clean,5,19268,23122,8000,success,,综合三位受访者愿意为差异化体验、人力替代和品质感支付溢价，且参考夜班人力成本替代（月薪4500元），估计单台设备可接受价格在8000元左右。,,"{""estimated_wtp"": 8000, ""reasoning"": ""综合三位受访者愿意为差异化体验、人力替代和品质感支付溢价，且参考夜班人力成本替代（月薪4500元），估计单台设备可接受价格在8000元左右。""}",
belief_bench_v1_2026-07-13,ToB_Differentiation_Elder,草根老板,C0_clean,7,19268,23122,15000,success,,综合三位受访者愿为差异化体验付溢价、人力替代（夜班月薪4500元）及智慧养老申报价值，估计支付意愿为15000元。,,"{""estimated_wtp"": 15000, ""reasoning"": ""综合三位受访者愿为差异化体验付溢价、人力替代（夜班月薪4500元）及智慧养老申报价值，估计支付意愿为15000元。""}",
belief_bench_v1_2026-07-13,ToB_Differentiation_Elder,草根老板,C0_clean,8,19268,23122,12000,success,,综合三位受访者愿为差异化体验付溢价、替代人力成本（夜班月薪4500元）及采购决策周期，估计支付意愿约12000元。,,"{""estimated_wtp"": 12000, ""reasoning"": ""综合三位受访者愿为差异化体验付溢价、替代人力成本（夜班月薪4500元）及采购决策周期，估计支付意愿约12000元。""}",
belief_bench_v1_2026-07-13,ToB_Differentiation_Elder,草根老板,C0_clean,6,19268,23122,8000,success,,三位受访者均愿为差异化体验付溢价，且将设备视为人力替代工具，按夜班护工月薪4500元估算，替代半个人力约2250元，但考虑试用期验证、品质感溢价及智慧养老补贴申报价值，综合估计支付意愿为8000元。,,"{""estimated_wtp"": 8000, ""reasoning"": ""三位受访者均愿为差异化体验付溢价，且将设备视为人力替代工具，按夜班护工月薪4500元估算，替代半个人力约2250元，但考虑试用期验证、品质感溢价及智慧养老补贴申报价值，综合估计支付意愿为8000元。""}",
belief_bench_v1_2026-07-13,ToB_Differentiation_Elder,草根老板,C0_clean,9,19268,23122,15000,success,,综合三位受访者愿为差异化体验付溢价、人力替代价值（夜班月薪4500元）及采购谨慎但接受试用期验证，估算合理支付意愿为15000元。,,"{""estimated_wtp"": 15000, ""reasoning"": ""综合三位受访者愿为差异化体验付溢价、人力替代价值（夜班月薪4500元）及采购谨慎但接受试用期验证，估算合理支付意愿为15000元。""}",
belief_bench_v1_2026-07-13,ToB_Differentiation_Elder,草根老板,C0_clean,10,19268,23122,8000,success,,三位受访者均强调愿意为差异化体验付溢价，且将设备视为人力替代工具，以夜班人力成本（月薪4500元）为锚点，结合试用期验证后支付意愿高，估算为8000元。,,"{""estimated_wtp"": 8000, ""reasoning"": ""三位受访者均强调愿意为差异化体验付溢价，且将设备视为人力替代工具，以夜班人力成本（月薪4500元）为锚点，结合试用期验证后支付意愿高，估算为8000元。""}",
belief_bench_v1_2026-07-13,ToB_Differentiation_Elder,草根老板,C1,1,19268,23122,13500,success,,基于人力成本替代逻辑，夜班三人月薪共13500元，用户愿为减少一人支付等价月租或溢价，且强调试用期和效果可感知。,,"{""estimated_wtp"": 13500, ""reasoning"": ""基于人力成本替代逻辑，夜班三人月薪共13500元，用户愿为减少一人支付等价月租或溢价，且强调试用期和效果可感知。""}","根据您的要求，以下是三份报告中所有与价格、预算、支付意愿相关的句子逐字引用：

**报告 1：ToB_Diff_Elder_P1**
- “我们总部审批流程长，但如果你能说清独特在哪，包装期望不高，试用期稳定可靠，我愿意多花点钱。”
- “受访者强调采购负责人注重品质感和可展示的设备和数据，愿意为体验或效果可感知的差异化。”
- “如果设备能减少人力依赖，我愿意按月租赁，降低一次性成本压力。”
- “她愿为差异化体验付溢价，但前提是设备能提升运营效率、替代人力，且品质。”

**报告 2：ToB_Diff_Elder_P2**
- “连锁集团总部采购需明确‘比那个更好’的独特之处。设备需在材质、做工、细节上有故事可讲，机构愿意为独特性付溢价。”
- “若设备能覆盖护工无暇疏导的空白时间，愿意为独特性付更高预算。”
- “购买驱动力是品质感与口碑，而非直接省钱。”
- “该受访者是典型的机构市场差异化用户，愿意为品质感、独特性和运营效率付溢价。”

**报告 3：ToB_Diff_Elder_P3**
- “夜间安全监护缺口驱动预防性预警需求，愿为降低人力成本支付溢价”
- “夜班现在排三个人，每人月薪四千五左右，院长总念叨‘要是能少排一个就好了’。”
- “他愿意为此走采购流程，但坚持‘先试用三个月再说’。”
- “用户将采购视为替代或辅助人力的管理杠杆，关注投入产出比。”
- “人力成本上涨、夜班难招、护工短缺是核心痛点，产品效果可感知才能通过总部审批流程。”"
belief_bench_v1_2026-07-13,ToB_Differentiation_Elder,草根老板,C1,6,19268,23122,8000,success,,客户愿为差异化体验和运营效率付溢价，但要求先试用，且对一次性成本敏感，故估计为中等偏高价位。,,"{""estimated_wtp"": 8000, ""reasoning"": ""客户愿为差异化体验和运营效率付溢价，但要求先试用，且对一次性成本敏感，故估计为中等偏高价位。""}","根据您的要求，以下是三份报告中所有与价格、预算、支付意愿相关的句子逐字引用：

### 报告 1：ToB_Diff_Elder_P1

- “我们总部审批流程长，但如果你能说清独特在哪，包装期望不高，试用期稳定可靠，我愿意多花点钱。”
- “如果设备能减少人力依赖，我愿意按月租赁，降低一次性成本压力。”
- “她愿为差异化体验付溢价，但前提是设备能提升运营效率、替代人力，且品质。”

### 报告 2：ToB_Diff_Elder_P2

- “机构愿意为独特性付溢价。”
- “愿意为具体维度上的明显差异付溢价，但需说清独特在哪。”
- “若设备能覆盖护工无暇疏导的空白时间，愿意为独特性付更高预算。”
- “购买驱动力是品质感与口碑，而非直接省钱。”
- “愿意为品质感、独特性和运营效率付溢价。”

### 报告 3：ToB_Diff_Elder_P3

- “夜间安全监护缺口驱动预防性预警需求，愿为降低人力成本支付溢价”
- “实效验证后支付意愿高”
- “他愿意为此走采购流程，但坚持'先试用三个月再说'。”"
belief_bench_v1_2026-07-13,ToB_Differentiation_Elder,草根老板,C1,4,19268,23122,5000,success,,客户愿意为差异化体验和运营效率付溢价，但需先试用三个月，表明支付意愿较高但需实效验证，参考市场同类产品定价区间。,,"{""estimated_wtp"": 5000, ""reasoning"": ""客户愿意为差异化体验和运营效率付溢价，但需先试用三个月，表明支付意愿较高但需实效验证，参考市场同类产品定价区间。""}","根据您的要求，以下是三份报告中所有与价格、预算、支付意愿相关的句子的逐字引用：

**报告 1：ToB_Diff_Elder_P1**
- “我们总部审批流程长，但如果你能说清独特在哪，包装期望不高，试用期稳定可靠，我愿意多花点钱。”
- “如果设备能减少人力依赖，我愿意按月租赁，降低一次性成本压力。”
- “她愿为差异化体验付溢价，但前提是设备能提升运营效率、替代人力，且品质。”

**报告 2：ToB_Diff_Elder_P2**
- “采购需明确独特之处，愿意为差异化付溢价”
- “机构愿意为独特性付溢价。”
- “愿意为具体维度上的明显差异付溢价，但需说清独特在哪。”
- “愿意为独特性付更高预算。”
- “愿意为品质感、独特性和运营效率付溢价。”

**报告 3：ToB_Diff_Elder_P3**
- “夜间安全监护缺口驱动预防性预警需求，愿为降低人力成本支付溢价”
- “实效验证后支付意愿高”
- “他愿意为此走采购流程，但坚持‘先试用三个月再说’。”"
belief_bench_v1_2026-07-13,ToB_Differentiation_Elder,草根老板,C1,3,19268,23122,5000,success,,客户愿为降低人力成本、提升运营效率的差异化体验付溢价，但需试用验证，且倾向租赁降低一次性成本，故估计月租等价约5000元。,,"{""estimated_wtp"": 5000, ""reasoning"": ""客户愿为降低人力成本、提升运营效率的差异化体验付溢价，但需试用验证，且倾向租赁降低一次性成本，故估计月租等价约5000元。""}","根据您的要求，以下是从三份报告中逐字引用的所有与价格、预算、支付意愿相关的句子：

**报告 1：ToB_Diff_Elder_P1**
- “我们总部审批流程长，但如果你能说清独特在哪，包装期望不高，试用期稳定可靠，我愿意多花点钱。”
- “如果设备能减少人力依赖，我愿意按月租赁，降低一次性成本压力。”
- “她愿为差异化体验付溢价，但前提是设备能提升运营效率、替代人力，且品质。”

**报告 2：ToB_Diff_Elder_P2**
- “机构愿意为独特性付溢价。”
- “愿意为具体维度上的明显差异付溢价，但需说清独特在哪。”
- “若设备能覆盖护工无暇疏导的空白时间，愿意为独特性付更高预算。”
- “愿意为品质感、独特性和运营效率付溢价。”

**报告 3：ToB_Diff_Elder_P3**
- “夜间安全监护缺口驱动预防性预警需求，愿为降低人力成本支付溢价”
- “他愿意为此走采购流程，但坚持‘先试用三个月再说’。”
- “人力成本上涨、夜班难招、护工短缺是核心痛点，产品效果可感知才能通过总部审批流程。”
- “采购判断偏长期回报，但采购谨慎，需通过试用期验证实效。”"
belief_bench_v1_2026-07-13,ToB_Differentiation_Elder,草根老板,C1,2,19268,23122,3000,success,,客户愿意为降低人力成本（如减少一名夜班护工月薪4500元）支付溢价，但需试用验证实效，且机构对一次性成本敏感，倾向租赁或分期，故估计月均支付意愿约3000元。,,"{""estimated_wtp"": 3000, ""reasoning"": ""客户愿意为降低人力成本（如减少一名夜班护工月薪4500元）支付溢价，但需试用验证实效，且机构对一次性成本敏感，倾向租赁或分期，故估计月均支付意愿约3000元。""}","根据您的要求，以下是三份报告中所有与价格、预算、支付意愿相关的句子逐字引用：

**报告 1：ToB_Diff_Elder_P1**
- “我们总部审批流程长，但如果你能说清独特在哪，包装期望不高，试用期稳定可靠，我愿意多花点钱。”
- “如果设备能减少人力依赖，我愿意按月租赁，降低一次性成本压力。”
- “她愿为差异化体验付溢价，但前提是设备能提升运营效率、替代人力，且品质。”

**报告 2：ToB_Diff_Elder_P2**
- “机构愿意为独特性付溢价。”
- “愿意为具体维度上的明显差异付溢价，但需说清独特在哪。”
- “若设备能覆盖护工无暇疏导的空白时间，愿意为独特性付更高预算。”
- “购买驱动力是品质感与口碑，而非直接省钱。”
- “该受访者是典型的机构市场差异化用户，愿意为品质感、独特性和运营效率付溢价。”

**报告 3：ToB_Diff_Elder_P3**
- “夜间安全监护缺口驱动预防性预警需求，愿为降低人力成本支付溢价”
- “夜班现在排三个人，每人月薪四千五左右，院长总念叨‘要是能少排一个就好了’。”
- “他愿意为此走采购流程，但坚持‘先试用三个月再说’。”
- “实效验证后支付意愿高”
- “采购判断偏长期回报，但采购谨慎，需通过试用期验证实效。”"
belief_bench_v1_2026-07-13,ToB_Differentiation_Elder,草根老板,C1,5,19268,23122,4500,success,,客户愿意为替代人力支付溢价，夜班护工月薪4500元，试用后支付意愿高。,,"{""estimated_wtp"": 4500, ""reasoning"": ""客户愿意为替代人力支付溢价，夜班护工月薪4500元，试用后支付意愿高。""}","根据您的要求，以下是三份报告中所有与价格、预算、支付意愿相关的句子逐字引用：

**报告 1：ToB_Diff_Elder_P1**
- “我们总部审批流程长，但如果你能说清独特在哪，包装期望不高，试用期稳定可靠，我愿意多花点钱。”
- “如果设备能减少人力依赖，我愿意按月租赁，降低一次性成本压力。”
- “她愿为差异化体验付溢价，但前提是设备能提升运营效率、替代人力，且品质。”

**报告 2：ToB_Diff_Elder_P2**
- “机构愿意为独特性付溢价。”
- “愿意为具体维度上的明显差异付溢价，但需说清独特在哪。”
- “若设备能覆盖护工无暇疏导的空白时间，愿意为独特性付更高预算。”
- “购买驱动力是品质感与口碑，而非直接省钱。”
- “该受访者是典型的机构市场差异化用户，愿意为品质感、独特性和运营效率付溢价。”

**报告 3：ToB_Diff_Elder_P3**
- “夜间安全监护缺口驱动预防性预警需求，愿为降低人力成本支付溢价”
- “夜班现在排三个人，每人月薪四千五左右，院长总念叨‘要是能少排一个就好了’。”
- “他愿意为此走采购流程，但坚持‘先试用三个月再说’。”
- “实效验证后支付意愿高”
- “用户将采购视为替代或辅助人力的管理杠杆，关注投入产出比。”"
belief_bench_v1_2026-07-13,ToB_Differentiation_Elder,草根老板,C2_low,1,19268,23122,1200,success,,客群愿意为差异化体验付溢价，且以人力成本替代为核心价值锚点，参考夜班人力成本及800元市场价，1200元可兼顾利润与客户感知价值。,,"{""estimated_wtp"": 1200, ""reasoning"": ""客群愿意为差异化体验付溢价，且以人力成本替代为核心价值锚点，参考夜班人力成本及800元市场价，1200元可兼顾利润与客户感知价值。""}",
belief_bench_v1_2026-07-13,ToB_Differentiation_Elder,草根老板,C2_low,2,19268,23122,1200,success,,客户愿为差异化付溢价，且人力替代成本（夜班月薪4500元）支撑高支付意愿，但采购谨慎需试用验证，故在800元市场价基础上上浮50%至1200元。,,"{""estimated_wtp"": 1200, ""reasoning"": ""客户愿为差异化付溢价，且人力替代成本（夜班月薪4500元）支撑高支付意愿，但采购谨慎需试用验证，故在800元市场价基础上上浮50%至1200元。""}",
belief_bench_v1_2026-07-13,ToB_Differentiation_Elder,草根老板,C2_low,3,19268,23122,1200,success,,客户愿意为差异化、品质感和人力替代付溢价，且同类产品800元，结合其高容忍度和经济站位，估计支付意愿在1200元左右。,,"{""estimated_wtp"": 1200, ""reasoning"": ""客户愿意为差异化、品质感和人力替代付溢价，且同类产品800元，结合其高容忍度和经济站位，估计支付意愿在1200元左右。""}",
belief_bench_v1_2026-07-13,ToB_Differentiation_Elder,草根老板,C2_low,4,19268,23122,1200,success,,客户愿意为差异化体验和人力替代效果付溢价，但需通过试用验证，参考市场价800元，可接受溢价约50%。,,"{""estimated_wtp"": 1200, ""reasoning"": ""客户愿意为差异化体验和人力替代效果付溢价，但需通过试用验证，参考市场价800元，可接受溢价约50%。""}",
belief_bench_v1_2026-07-13,ToB_Differentiation_Elder,草根老板,C1,8,19268,23122,3500,success,,客户愿意为差异化体验和降低人力成本支付溢价，但强调试用期验证和审批流程，表明支付意愿较高但谨慎，参考同类B端设备定价区间。,,"{""estimated_wtp"": 3500, ""reasoning"": ""客户愿意为差异化体验和降低人力成本支付溢价，但强调试用期验证和审批流程，表明支付意愿较高但谨慎，参考同类B端设备定价区间。""}","根据您的要求，以下是三份报告中所有与价格、预算、支付意愿相关的句子逐字引用：

**报告 1：ToB_Diff_Elder_P1**
- “我们总部审批流程长，但如果你能说清独特在哪，包装期望不高，试用期稳定可靠，我愿意多花点钱。”
- “如果设备能减少人力依赖，我愿意按月租赁，降低一次性成本压力。”
- “她愿为差异化体验付溢价，但前提是设备能提升运营效率、替代人力，且品质。”

**报告 2：ToB_Diff_Elder_P2**
- “采购需明确独特之处，愿意为差异化付溢价。”
- “机构愿意为独特性付溢价。”
- “愿意为具体维度上的明显差异付溢价，但需说清独特在哪。”
- “愿意为独特性付更高预算。”
- “愿意为品质感、独特性和运营效率付溢价。”

**报告 3：ToB_Diff_Elder_P3**
- “夜间安全监护缺口驱动预防性预警需求，愿为降低人力成本支付溢价。”
- “他愿意为此走采购流程，但坚持‘先试用三个月再说’。”
- “人力成本上涨、夜班难招、护工短缺是核心痛点，产品效果可感知才能通过总部审批流程。”
- “采购判断偏长期回报，但采购谨慎，需通过试用期验证实效。”"
belief_bench_v1_2026-07-13,ToB_Differentiation_Elder,草根老板,C1,10,19268,23122,4500,success,,客户愿意为降低人力成本支付溢价，且夜班护工月薪4500元，设备替代一人即节省此成本，故支付意愿围绕此锚点。,,"{""estimated_wtp"": 4500, ""reasoning"": ""客户愿意为降低人力成本支付溢价，且夜班护工月薪4500元，设备替代一人即节省此成本，故支付意愿围绕此锚点。""}","根据您的要求，以下是三份报告中所有与价格、预算、支付意愿相关的句子逐字引用：

**报告 1：ToB_Diff_Elder_P1**
- “我们总部审批流程长，但如果你能说清独特在哪，包装期望不高，试用期稳定可靠，我愿意多花点钱。”
- “如果设备能减少人力依赖，我愿意按月租赁，降低一次性成本压力。”
- “她愿为差异化体验付溢价，但前提是设备能提升运营效率、替代人力，且品质。”

**报告 2：ToB_Diff_Elder_P2**
- “采购需明确独特之处，愿意为差异化付溢价。”
- “机构愿意为独特性付溢价。”
- “愿意为具体维度上的明显差异付溢价，但需说清独特在哪。”
- “若设备能覆盖护工无暇疏导的空白时间，愿意为独特性付更高预算。”
- “愿意为品质感、独特性和运营效率付溢价。”

**报告 3：ToB_Diff_Elder_P3**
- “夜间安全监护缺口驱动预防性预警需求，愿为降低人力成本支付溢价。”
- “夜班现在排三个人，每人月薪四千五左右，院长总念叨‘要是能少排一个就好了’。”
- “他愿意为此走采购流程，但坚持‘先试用三个月再说’。”
- “实效验证后支付意愿高。”
- “产品效果可感知才能通过总部审批流程。”"
belief_bench_v1_2026-07-13,ToB_Differentiation_Elder,草根老板,C2_low,5,19268,23122,1200,success,,客群愿意为差异化体验付溢价，且人力替代价值约13500元/月，但采购谨慎需试用验证，参考市场价800元，综合估计1200元。,,"{""estimated_wtp"": 1200, ""reasoning"": ""客群愿意为差异化体验付溢价，且人力替代价值约13500元/月，但采购谨慎需试用验证，参考市场价800元，综合估计1200元。""}",
belief_bench_v1_2026-07-13,ToB_Differentiation_Elder,草根老板,C1,9,19268,23122,4500,success,,客户愿为减少人力成本支付溢价，夜班人力月薪4500元，且愿意按月租赁降低一次性压力。,,"{""estimated_wtp"": 4500, ""reasoning"": ""客户愿为减少人力成本支付溢价，夜班人力月薪4500元，且愿意按月租赁降低一次性压力。""}","根据您的要求，以下是三份报告中所有与价格、预算、支付意愿相关的句子逐字引用：

### 报告 1：ToB_Diff_Elder_P1
- “我们总部审批流程长，但如果你能说清独特在哪，包装期望不高，试用期稳定可靠，我愿意多花点钱。”
- “如果设备能减少人力依赖，我愿意按月租赁，降低一次性成本压力。”
- “她愿为差异化体验付溢价，但前提是设备能提升运营效率、替代人力，且品质。”

### 报告 2：ToB_Diff_Elder_P2
- “采购需明确独特之处，愿意为差异化付溢价”
- “机构愿意为独特性付溢价。”
- “愿意为具体维度上的明显差异付溢价，但需说清独特在哪。”
- “愿意为独特性付更高预算。”
- “该受访者是典型的机构市场差异化用户，愿意为品质感、独特性和运营效率付溢价。”

### 报告 3：ToB_Diff_Elder_P3
- “夜间安全监护缺口驱动预防性预警需求，愿为降低人力成本支付溢价”
- “实效验证后支付意愿高”
- ""夜班现在排三个人，每人月薪四千五左右，院长总念叨'要是能少排一个就好了'。""他愿意为此走采购流程，但坚持""先试用三个月再说""。”"
belief_bench_v1_2026-07-13,ToB_Differentiation_Elder,草根老板,C1,7,19268,23122,13500,success,,客户愿意为降低人力成本支付溢价，夜班三人月薪共13500元，减少一人即节省此成本，故支付意愿接近此数。,,"{""estimated_wtp"": 13500, ""reasoning"": ""客户愿意为降低人力成本支付溢价，夜班三人月薪共13500元，减少一人即节省此成本，故支付意愿接近此数。""}","根据您的要求，以下是三份报告中所有与价格、预算、支付意愿相关的句子的逐字引用：

**报告 1：ToB_Diff_Elder_P1**
- “我们总部审批流程长，但如果你能说清独特在哪，包装期望不高，试用期稳定可靠，我愿意多花点钱。”
- “如果设备能减少人力依赖，我愿意按月租赁，降低一次性成本压力。”
- “她愿为差异化体验付溢价，但前提是设备能提升运营效率、替代人力，且品质。”

**报告 2：ToB_Diff_Elder_P2**
- “采购需明确独特之处，愿意为差异化付溢价。”
- “机构愿意为独特性付溢价。”
- “愿意为具体维度上的明显差异付溢价，但需说清独特在哪。”
- “若设备能覆盖护工无暇疏导的空白时间，愿意为独特性付更高预算。”
- “愿意为品质感、独特性和运营效率付溢价。”

**报告 3：ToB_Diff_Elder_P3**
- “夜间安全监护缺口驱动预防性预警需求，愿为降低人力成本支付溢价。”
- “夜班现在排三个人，每人月薪四千五左右，院长总念叨‘要是能少排一个就好了’。”
- “他愿意为此走采购流程，但坚持‘先试用三个月再说’。”
- “人力成本上涨、夜班难招、护工短缺是核心痛点，产品效果可感知才能通过总部审批流程。”
- “采购判断偏长期回报，但采购谨慎，需通过试用期验证实效。”"
belief_bench_v1_2026-07-13,ToB_Differentiation_Elder,草根老板,C2_low,6,19268,23122,1200,success,,客户愿意为差异化体验和人力替代付溢价，但采购谨慎需试用验证，参考市场价800元，结合高容忍研发投入和利润优先，估1200元。,,"{""estimated_wtp"": 1200, ""reasoning"": ""客户愿意为差异化体验和人力替代付溢价，但采购谨慎需试用验证，参考市场价800元，结合高容忍研发投入和利润优先，估1200元。""}",
belief_bench_v1_2026-07-13,ToB_Differentiation_Elder,草根老板,C2_low,7,19268,23122,1200,success,,客户愿意为差异化体验付溢价，且人力替代价值（夜班月薪4500元）远高于800元基准价，但采购谨慎需试用验证，故定价略高于市场价以体现品质感。,,"{""estimated_wtp"": 1200, ""reasoning"": ""客户愿意为差异化体验付溢价，且人力替代价值（夜班月薪4500元）远高于800元基准价，但采购谨慎需试用验证，故定价略高于市场价以体现品质感。""}",
belief_bench_v1_2026-07-13,ToB_Differentiation_Elder,草根老板,C2_low,8,19268,23122,1200,success,,客户愿意为差异化体验和人力替代效果付溢价，但需通过试用验证，预期高于市场均价800元。,,"{""estimated_wtp"": 1200, ""reasoning"": ""客户愿意为差异化体验和人力替代效果付溢价，但需通过试用验证，预期高于市场均价800元。""}",
belief_bench_v1_2026-07-13,ToB_Differentiation_Elder,草根老板,C2_low,9,19268,23122,1200,success,,客户愿意为差异化体验付溢价，且人力替代价值（夜班月薪4500元）远高于800元基准价，故支付意愿上浮50%至1200元。,,"{""estimated_wtp"": 1200, ""reasoning"": ""客户愿意为差异化体验付溢价，且人力替代价值（夜班月薪4500元）远高于800元基准价，故支付意愿上浮50%至1200元。""}",
belief_bench_v1_2026-07-13,ToB_Differentiation_Elder,草根老板,C2_low,10,19268,23122,1200,success,,客户愿意为差异化体验和人力替代付溢价，且三位受访者均明确表示愿为独特性和品质感支付更高价格，高于800元常见定价。,,"{""estimated_wtp"": 1200, ""reasoning"": ""客户愿意为差异化体验和人力替代付溢价，且三位受访者均明确表示愿为独特性和品质感支付更高价格，高于800元常见定价。""}",
belief_bench_v1_2026-07-13,ToB_Differentiation_Elder,草根老板,C2_high,1,19268,23122,15000,success,,客群愿意为差异化体验、人力替代和品质感付溢价，且同类产品定价12000元，结合其高容忍度和经济站位，支付意愿略高于市场价。,,"{""estimated_wtp"": 15000, ""reasoning"": ""客群愿意为差异化体验、人力替代和品质感付溢价，且同类产品定价12000元，结合其高容忍度和经济站位，支付意愿略高于市场价。""}",
belief_bench_v1_2026-07-13,ToB_Differentiation_Elder,草根老板,C2_high,2,19268,23122,15000,success,,客户愿意为差异化体验付溢价，且人力替代价值显著（夜班月薪4500元），结合市场定价12000元，估计支付意愿上浮至15000元。,,"{""estimated_wtp"": 15000, ""reasoning"": ""客户愿意为差异化体验付溢价，且人力替代价值显著（夜班月薪4500元），结合市场定价12000元，估计支付意愿上浮至15000元。""}",
belief_bench_v1_2026-07-13,ToB_Differentiation_Elder,草根老板,C2_high,3,19268,23122,18000,success,,客群愿意为差异化、品质感和人力替代效果支付溢价，高于市场常见定价12000元，但受采购谨慎和试用期验证约束，溢价幅度有限。,,"{""estimated_wtp"": 18000, ""reasoning"": ""客群愿意为差异化、品质感和人力替代效果支付溢价，高于市场常见定价12000元，但受采购谨慎和试用期验证约束，溢价幅度有限。""}",
belief_bench_v1_2026-07-13,ToB_Differentiation_Elder,草根老板,C2_high,4,19268,23122,15000,success,,客户愿意为差异化体验和人力替代付溢价，且同类产品定价12000元，结合其高容忍度和经济站位，支付意愿略高于市场价。,,"{""estimated_wtp"": 15000, ""reasoning"": ""客户愿意为差异化体验和人力替代付溢价，且同类产品定价12000元，结合其高容忍度和经济站位，支付意愿略高于市场价。""}",
belief_bench_v1_2026-07-13,ToB_Differentiation_Elder,草根老板,C2_high,6,19268,23122,15000,success,,客户愿意为差异化体验付溢价，且人力替代价值（夜班减少一人月薪4500元）与品质感需求支撑高于市场均价12000元的价格。,,"{""estimated_wtp"": 15000, ""reasoning"": ""客户愿意为差异化体验付溢价，且人力替代价值（夜班减少一人月薪4500元）与品质感需求支撑高于市场均价12000元的价格。""}",
belief_bench_v1_2026-07-13,ToB_Differentiation_Elder,草根老板,C2_high,5,19268,23122,15000,success,,综合三位受访者均愿意为差异化体验、人力替代和品质感支付溢价，且同类产品定价12000元，结合其高容忍度，支付意愿上浮约25%至15000元。,,"{""estimated_wtp"": 15000, ""reasoning"": ""综合三位受访者均愿意为差异化体验、人力替代和品质感支付溢价，且同类产品定价12000元，结合其高容忍度，支付意愿上浮约25%至15000元。""}",
belief_bench_v1_2026-07-13,ToB_Differentiation_Elder,草根老板,C2_high,7,19268,23122,15000,success,,客群愿意为差异化体验付溢价，且人力替代价值显著，高于市场常见定价12000元。,,"{""estimated_wtp"": 15000, ""reasoning"": ""客群愿意为差异化体验付溢价，且人力替代价值显著，高于市场常见定价12000元。""}",
belief_bench_v1_2026-07-13,ToB_Differentiation_Elder,草根老板,C2_high,8,19268,23122,15000,success,,客户愿为差异化体验和人力替代付溢价，且三位受访者均提及愿为独特性和品质感支付更高预算，结合市场价12000元和溢价意愿，估计支付意愿为15000元。,,"{""estimated_wtp"": 15000, ""reasoning"": ""客户愿为差异化体验和人力替代付溢价，且三位受访者均提及愿为独特性和品质感支付更高预算，结合市场价12000元和溢价意愿，估计支付意愿为15000元。""}",
belief_bench_v1_2026-07-13,ToB_Differentiation_Elder,草根老板,C2_high,10,19268,23122,15000,success,,客户愿意为差异化体验、品质感和人力替代效果支付溢价，且报告显示其支付意愿高于市场常见定价12000元。,,"{""estimated_wtp"": 15000, ""reasoning"": ""客户愿意为差异化体验、品质感和人力替代效果支付溢价，且报告显示其支付意愿高于市场常见定价12000元。""}",
belief_bench_v1_2026-07-13,ToB_Differentiation_Elder,草根老板,C2_high,9,19268,23122,15000,success,,客户愿意为差异化体验和人力替代付溢价，且参考同类产品定价12000元，结合其高容忍度和品质感需求，估计支付意愿上浮至15000元。,,"{""estimated_wtp"": 15000, ""reasoning"": ""客户愿意为差异化体验和人力替代付溢价，且参考同类产品定价12000元，结合其高容忍度和品质感需求，估计支付意愿上浮至15000元。""}",
belief_bench_v1_2026-07-13,ToB_Differentiation_Elder,草根老板,C3,2,19268,23122,1887,success,,由报告锚点加权中位数及冻结 persona 变换确定性合成,"[{""quote"":""夜班现在排三个人，每人月薪四千五左右，院长总念叨'要是能少排一个就好了'。"",""value_yuan"":4500,""type"":""参考价""},{""quote"":""夜班现在排三个人，每人月薪四千五左右，院长总念叨'要是能少排一个就好了'。"",""value_yuan"":13500,""type"":""参考价""}]","{""anchors"": [{""quote"": ""夜班现在排三个人，每人月薪四千五左右，院长总念叨'要是能少排一个就好了'。"", ""value_yuan"": 4500, ""type"": ""参考价""}, {""quote"": ""夜班现在排三个人，每人月薪四千五左右，院长总念叨'要是能少排一个就好了'。"", ""value_yuan"": 13500, ""type"": ""参考价""}]}",
belief_bench_v1_2026-07-13,ToB_Differentiation_Elder,草根老板,C3,1,19268,23122,2007,success,,由报告锚点加权中位数及冻结 persona 变换确定性合成,"[{""quote"":""夜班现在排三个人，每人月薪四千五左右，院长总念叨'要是能少排一个就好了'。"",""value_yuan"":4500,""type"":""参考价""},{""quote"":""夜班现在排三个人，每人月薪四千五左右，院长总念叨'要是能少排一个就好了'。"",""value_yuan"":13500,""type"":""参考价""}]","{""anchors"": [{""quote"": ""夜班现在排三个人，每人月薪四千五左右，院长总念叨'要是能少排一个就好了'。"", ""value_yuan"": 4500, ""type"": ""参考价""}, {""quote"": ""夜班现在排三个人，每人月薪四千五左右，院长总念叨'要是能少排一个就好了'。"", ""value_yuan"": 13500, ""type"": ""参考价""}]}",
belief_bench_v1_2026-07-13,ToB_Differentiation_Elder,草根老板,C3,3,19268,23122,2076,success,,由报告锚点加权中位数及冻结 persona 变换确定性合成,"[{""quote"":""夜班现在排三个人，每人月薪四千五左右，院长总念叨'要是能少排一个就好了'。"",""value_yuan"":4500,""type"":""参考价""},{""quote"":""夜班现在排三个人，每人月薪四千五左右，院长总念叨'要是能少排一个就好了'。"",""value_yuan"":13500,""type"":""参考价""}]","{""anchors"": [{""quote"": ""夜班现在排三个人，每人月薪四千五左右，院长总念叨'要是能少排一个就好了'。"", ""value_yuan"": 4500, ""type"": ""参考价""}, {""quote"": ""夜班现在排三个人，每人月薪四千五左右，院长总念叨'要是能少排一个就好了'。"", ""value_yuan"": 13500, ""type"": ""参考价""}]}",
belief_bench_v1_2026-07-13,ToB_Differentiation_Elder,草根老板,C3,4,19268,23122,4159,success,,由报告锚点加权中位数及冻结 persona 变换确定性合成,"[{""quote"":""夜班现在排三个人，每人月薪四千五左右，院长总念叨'要是能少排一个就好了'。"",""value_yuan"":4500,""type"":""参考价""},{""quote"":""夜班现在排三个人，每人月薪四千五左右，院长总念叨'要是能少排一个就好了'。"",""value_yuan"":13500,""type"":""审批门槛""}]","{""anchors"": [{""quote"": ""夜班现在排三个人，每人月薪四千五左右，院长总念叨'要是能少排一个就好了'。"", ""value_yuan"": 4500, ""type"": ""参考价""}, {""quote"": ""夜班现在排三个人，每人月薪四千五左右，院长总念叨'要是能少排一个就好了'。"", ""value_yuan"": 13500, ""type"": ""审批门槛""}]}",
belief_bench_v1_2026-07-13,ToB_Differentiation_Elder,草根老板,C3,5,19268,23122,4627,success,,由报告锚点加权中位数及冻结 persona 变换确定性合成,"[{""quote"":""夜班现在排三个人，每人月薪四千五左右，院长总念叨'要是能少排一个就好了'。"",""value_yuan"":4500,""type"":""参考价""},{""quote"":""夜班现在排三个人，每人月薪四千五左右，院长总念叨'要是能少排一个就好了'。"",""value_yuan"":13500,""type"":""审批门槛""}]","{""anchors"": [{""quote"": ""夜班现在排三个人，每人月薪四千五左右，院长总念叨'要是能少排一个就好了'。"", ""value_yuan"": 4500, ""type"": ""参考价""}, {""quote"": ""夜班现在排三个人，每人月薪四千五左右，院长总念叨'要是能少排一个就好了'。"", ""value_yuan"": 13500, ""type"": ""审批门槛""}]}",
belief_bench_v1_2026-07-13,ToB_Differentiation_Elder,草根老板,C3,6,19268,23122,2014,success,,由报告锚点加权中位数及冻结 persona 变换确定性合成,"[{""quote"":""夜班现在排三个人，每人月薪四千五左右，院长总念叨'要是能少排一个就好了'。"",""value_yuan"":4500,""type"":""参考价""},{""quote"":""夜班现在排三个人，每人月薪四千五左右，院长总念叨'要是能少排一个就好了'。"",""value_yuan"":13500,""type"":""参考价""}]","{""anchors"": [{""quote"": ""夜班现在排三个人，每人月薪四千五左右，院长总念叨'要是能少排一个就好了'。"", ""value_yuan"": 4500, ""type"": ""参考价""}, {""quote"": ""夜班现在排三个人，每人月薪四千五左右，院长总念叨'要是能少排一个就好了'。"", ""value_yuan"": 13500, ""type"": ""参考价""}]}",
belief_bench_v1_2026-07-13,ToB_Differentiation_Elder,草根老板,C3,8,19268,23122,2295,success,,由报告锚点加权中位数及冻结 persona 变换确定性合成,"[{""quote"":""夜班现在排三个人，每人月薪四千五左右，院长总念叨'要是能少排一个就好了'。"",""value_yuan"":4500,""type"":""参考价""},{""quote"":""夜班现在排三个人，每人月薪四千五左右，院长总念叨'要是能少排一个就好了'。"",""value_yuan"":13500,""type"":""参考价""}]","{""anchors"": [{""quote"": ""夜班现在排三个人，每人月薪四千五左右，院长总念叨'要是能少排一个就好了'。"", ""value_yuan"": 4500, ""type"": ""参考价""}, {""quote"": ""夜班现在排三个人，每人月薪四千五左右，院长总念叨'要是能少排一个就好了'。"", ""value_yuan"": 13500, ""type"": ""参考价""}]}",
belief_bench_v1_2026-07-13,ToB_Differentiation_Elder,草根老板,C3,9,19268,23122,2309,success,,由报告锚点加权中位数及冻结 persona 变换确定性合成,"[{""quote"":""夜班现在排三个人，每人月薪四千五左右，院长总念叨'要是能少排一个就好了'。"",""value_yuan"":4500,""type"":""参考价""},{""quote"":""夜班现在排三个人，每人月薪四千五左右，院长总念叨'要是能少排一个就好了'。"",""value_yuan"":13500,""type"":""参考价""}]","{""anchors"": [{""quote"": ""夜班现在排三个人，每人月薪四千五左右，院长总念叨'要是能少排一个就好了'。"", ""value_yuan"": 4500, ""type"": ""参考价""}, {""quote"": ""夜班现在排三个人，每人月薪四千五左右，院长总念叨'要是能少排一个就好了'。"", ""value_yuan"": 13500, ""type"": ""参考价""}]}",
belief_bench_v1_2026-07-13,ToB_Differentiation_Elder,草根老板,C3,7,19268,23122,2362,success,,由报告锚点加权中位数及冻结 persona 变换确定性合成,"[{""quote"":""夜班现在排三个人，每人月薪四千五左右，院长总念叨'要是能少排一个就好了'。"",""value_yuan"":4500,""type"":""参考价""},{""quote"":""夜班现在排三个人，每人月薪四千五左右，院长总念叨'要是能少排一个就好了'。"",""value_yuan"":13500,""type"":""参考价""}]","{""anchors"": [{""quote"": ""夜班现在排三个人，每人月薪四千五左右，院长总念叨'要是能少排一个就好了'。"", ""value_yuan"": 4500, ""type"": ""参考价""}, {""quote"": ""夜班现在排三个人，每人月薪四千五左右，院长总念叨'要是能少排一个就好了'。"", ""value_yuan"": 13500, ""type"": ""参考价""}]}",
belief_bench_v1_2026-07-13,ToB_Differentiation_Elder,草根老板,C3,10,19268,23122,1617,success,,由报告锚点加权中位数及冻结 persona 变换确定性合成,"[{""quote"":""夜班现在排三个人，每人月薪四千五左右，院长总念叨'要是能少排一个就好了'。"",""value_yuan"":4500,""type"":""参考价""},{""quote"":""夜班现在排三个人，每人月薪四千五左右，院长总念叨'要是能少排一个就好了'。"",""value_yuan"":4500,""type"":""审批门槛""}]","{""anchors"": [{""quote"": ""夜班现在排三个人，每人月薪四千五左右，院长总念叨'要是能少排一个就好了'。"", ""value_yuan"": 4500, ""type"": ""参考价""}, {""quote"": ""夜班现在排三个人，每人月薪四千五左右，院长总念叨'要是能少排一个就好了'。"", ""value_yuan"": 4500, ""type"": ""审批门槛""}]}",
belief_bench_v1_2026-07-13,ToB_Differentiation_Elder,职业经理人,C0_leaked,2,19268,23122,4500,success,,"三位受访者均愿为差异化体验付溢价，且锚定报告示例区间[3000,5000]，综合人力替代成本与品质感诉求，取中高位值。",,"{""estimated_wtp"": 4500, ""reasoning"": ""三位受访者均愿为差异化体验付溢价，且锚定报告示例区间[3000,5000]，综合人力替代成本与品质感诉求，取中高位值。""}",
belief_bench_v1_2026-07-13,ToB_Differentiation_Elder,职业经理人,C0_leaked,1,19268,23122,4500,success,,"三位受访者均强调愿为差异化体验付溢价，且锚定报告示例区间[3000,5000]，综合其人力替代成本与品质感诉求，取中上值4500元。",,"{""estimated_wtp"": 4500, ""reasoning"": ""三位受访者均强调愿为差异化体验付溢价，且锚定报告示例区间[3000,5000]，综合其人力替代成本与品质感诉求，取中上值4500元。""}",
belief_bench_v1_2026-07-13,ToB_Differentiation_Elder,职业经理人,C0_leaked,6,19268,23122,4500,success,,"三位受访者均愿为差异化体验付溢价，且锚定报告示例区间[3000,5000]，综合其人力替代与品质感诉求，取中上值4500元。",,"{""estimated_wtp"": 4500, ""reasoning"": ""三位受访者均愿为差异化体验付溢价，且锚定报告示例区间[3000,5000]，综合其人力替代与品质感诉求，取中上值4500元。""}",
belief_bench_v1_2026-07-13,ToB_Differentiation_Elder,职业经理人,C0_leaked,3,19268,23122,4500,success,,"三位受访者均明确表示愿为差异化体验付溢价，且院长报告中的示例区间[3000,5000]与机构市场对人力替代和品质感的支付意愿一致，取中上值4500元。",,"{""estimated_wtp"": 4500, ""reasoning"": ""三位受访者均明确表示愿为差异化体验付溢价，且院长报告中的示例区间[3000,5000]与机构市场对人力替代和品质感的支付意愿一致，取中上值4500元。""}",
belief_bench_v1_2026-07-13,ToB_Differentiation_Elder,职业经理人,C0_leaked,4,19268,23122,4500,success,,三位受访者均愿为差异化体验付溢价，且锚定在人力成本替代（夜班护工月薪4500元），故支付意愿落在报告示例区间中上端。,,"{""estimated_wtp"": 4500, ""reasoning"": ""三位受访者均愿为差异化体验付溢价，且锚定在人力成本替代（夜班护工月薪4500元），故支付意愿落在报告示例区间中上端。""}",
belief_bench_v1_2026-07-13,ToB_Differentiation_Elder,职业经理人,C0_leaked,5,19268,23122,5000,success,,三位受访者均明确表示愿为差异化体验付溢价，且锚定报告示例上限5000元，结合其高端价格站位与人力替代价值，取区间上限。,,"{""estimated_wtp"": 5000, ""reasoning"": ""三位受访者均明确表示愿为差异化体验付溢价，且锚定报告示例上限5000元，结合其高端价格站位与人力替代价值，取区间上限。""}",
belief_bench_v1_2026-07-13,ToB_Differentiation_Elder,职业经理人,C0_leaked,9,19268,23122,4500,success,,"三位受访者均愿意为差异化体验付溢价，且锚定报告示例区间[3000,5000]，综合其人力替代价值、品质感诉求及采购谨慎性，取中上值4500元。",,"{""estimated_wtp"": 4500, ""reasoning"": ""三位受访者均愿意为差异化体验付溢价，且锚定报告示例区间[3000,5000]，综合其人力替代价值、品质感诉求及采购谨慎性，取中上值4500元。""}",
belief_bench_v1_2026-07-13,ToB_Differentiation_Elder,职业经理人,C0_leaked,8,19268,23122,4500,success,,"三位受访者均愿为差异化体验付溢价，且锚定报告示例区间[3000,5000]的高端，综合人力替代成本与品质感诉求，取中上值4500元。",,"{""estimated_wtp"": 4500, ""reasoning"": ""三位受访者均愿为差异化体验付溢价，且锚定报告示例区间[3000,5000]的高端，综合人力替代成本与品质感诉求，取中上值4500元。""}",
belief_bench_v1_2026-07-13,ToB_Differentiation_Elder,职业经理人,C0_leaked,10,19268,23122,4500,success,,"三位受访者均愿为差异化体验付溢价，且锚定报告示例区间[3000,5000]取中上值，同时考虑人力替代成本与品质感诉求支撑4500元定价。",,"{""estimated_wtp"": 4500, ""reasoning"": ""三位受访者均愿为差异化体验付溢价，且锚定报告示例区间[3000,5000]取中上值，同时考虑人力替代成本与品质感诉求支撑4500元定价。""}",
belief_bench_v1_2026-07-13,ToB_Differentiation_Elder,职业经理人,C0_leaked,7,19268,23122,8000,success,,三位受访者均明确表示愿为差异化、品质感和人力替代效果支付溢价，且锚定报告示例区间上限5000元，结合其高责任低掌控、采购谨慎但愿为可验证实效付更高预算的特征，估计支付意愿上探至8000元。,,"{""estimated_wtp"": 8000, ""reasoning"": ""三位受访者均明确表示愿为差异化、品质感和人力替代效果支付溢价，且锚定报告示例区间上限5000元，结合其高责任低掌控、采购谨慎但愿为可验证实效付更高预算的特征，估计支付意愿上探至8000元。""}",
belief_bench_v1_2026-07-13,ToB_Differentiation_Elder,职业经理人,C0_clean,1,19268,23122,15000,success,,客户愿为差异化付溢价，但采购谨慎且需试用验证，参考人力替代成本（夜班三人月薪共13500元）与品质感溢价，合理定价在15000元左右。,,"{""estimated_wtp"": 15000, ""reasoning"": ""客户愿为差异化付溢价，但采购谨慎且需试用验证，参考人力替代成本（夜班三人月薪共13500元）与品质感溢价，合理定价在15000元左右。""}",
belief_bench_v1_2026-07-13,ToB_Differentiation_Elder,职业经理人,C0_clean,2,19268,23122,8500,success,,三位受访者均愿为差异化体验和人力替代付溢价，但采购谨慎需试用验证，综合其人力成本替代逻辑与品质感溢价，估计支付意愿在8000-9000元区间。,,"{""estimated_wtp"": 8500, ""reasoning"": ""三位受访者均愿为差异化体验和人力替代付溢价，但采购谨慎需试用验证，综合其人力成本替代逻辑与品质感溢价，估计支付意愿在8000-9000元区间。""}",
belief_bench_v1_2026-07-13,ToB_Differentiation_Elder,职业经理人,C0_clean,3,19268,23122,15000,success,,综合三位受访者愿为差异化体验付溢价、替代人力成本（夜班三人月薪4500元/人）及品质感诉求，估计支付意愿在15000元左右。,,"{""estimated_wtp"": 15000, ""reasoning"": ""综合三位受访者愿为差异化体验付溢价、替代人力成本（夜班三人月薪4500元/人）及品质感诉求，估计支付意愿在15000元左右。""}",
belief_bench_v1_2026-07-13,ToB_Differentiation_Elder,职业经理人,C0_clean,4,19268,23122,15000,success,,综合三位受访者愿意为差异化、人力替代和品质感支付溢价的倾向，以及月租替代人力成本（夜班三人月薪共13500元）的参考，估计一次性采购支付意愿在15000元左右。,,"{""estimated_wtp"": 15000, ""reasoning"": ""综合三位受访者愿意为差异化、人力替代和品质感支付溢价的倾向，以及月租替代人力成本（夜班三人月薪共13500元）的参考，估计一次性采购支付意愿在15000元左右。""}",
belief_bench_v1_2026-07-13,ToB_Differentiation_Elder,职业经理人,C0_clean,5,19268,23122,15000,success,,综合三位受访者均愿为差异化体验付溢价、人力替代成本（夜班三人月薪共13500元）及品质感要求，支付意愿锚定在15000元，略高于单月人力成本以体现溢价空间。,,"{""estimated_wtp"": 15000, ""reasoning"": ""综合三位受访者均愿为差异化体验付溢价、人力替代成本（夜班三人月薪共13500元）及品质感要求，支付意愿锚定在15000元，略高于单月人力成本以体现溢价空间。""}",
belief_bench_v1_2026-07-13,ToB_Differentiation_Elder,职业经理人,C0_clean,7,19268,23122,15000,success,,综合三位受访者均愿为差异化体验付溢价、看重人力替代效果（夜班三人月薪4500元/人），且采购谨慎需试用验证，估计支付意愿在1.5万元左右。,,"{""estimated_wtp"": 15000, ""reasoning"": ""综合三位受访者均愿为差异化体验付溢价、看重人力替代效果（夜班三人月薪4500元/人），且采购谨慎需试用验证，估计支付意愿在1.5万元左右。""}",
belief_bench_v1_2026-07-13,ToB_Differentiation_Elder,职业经理人,C0_clean,6,19268,23122,15000,success,,基于院长和运营总监愿为差异化付溢价、替代人力成本（夜班三人月薪4500元/人）及品质感需求，估算支付意愿约为15000元。,,"{""estimated_wtp"": 15000, ""reasoning"": ""基于院长和运营总监愿为差异化付溢价、替代人力成本（夜班三人月薪4500元/人）及品质感需求，估算支付意愿约为15000元。""}",
belief_bench_v1_2026-07-13,ToB_Differentiation_Elder,职业经理人,C0_clean,8,19268,23122,12000,success,,客户愿意为差异化体验和人力替代支付溢价，但需通过试用验证实效，且采购谨慎，结合人力成本替代（夜班三人月薪13500元）和品质感溢价，估计支付意愿在10000-15000元区间，取中值12000元。,,"{""estimated_wtp"": 12000, ""reasoning"": ""客户愿意为差异化体验和人力替代支付溢价，但需通过试用验证实效，且采购谨慎，结合人力成本替代（夜班三人月薪13500元）和品质感溢价，估计支付意愿在10000-15000元区间，取中值12000元。""}",
belief_bench_v1_2026-07-13,ToB_Differentiation_Elder,职业经理人,C0_clean,9,19268,23122,15000,success,,综合三位受访者愿为差异化付溢价、人力替代成本（夜班三人月薪4500元/人）及品质感需求，估计支付意愿在10000-20000元区间，取中值15000元。,,"{""estimated_wtp"": 15000, ""reasoning"": ""综合三位受访者愿为差异化付溢价、人力替代成本（夜班三人月薪4500元/人）及品质感需求，估计支付意愿在10000-20000元区间，取中值15000元。""}",
belief_bench_v1_2026-07-13,ToB_Differentiation_Elder,职业经理人,C0_clean,10,19268,23122,12000,success,,客户愿意为差异化体验和人力替代支付溢价，参考夜班人力成本（三人月薪共13500元）和试用期验证后支付意愿高，但采购谨慎且需通过总部审批，定价需平衡品质感与可验证的投入产出比。,,"{""estimated_wtp"": 12000, ""reasoning"": ""客户愿意为差异化体验和人力替代支付溢价，参考夜班人力成本（三人月薪共13500元）和试用期验证后支付意愿高，但采购谨慎且需通过总部审批，定价需平衡品质感与可验证的投入产出比。""}",
belief_bench_v1_2026-07-13,ToB_Differentiation_Elder,职业经理人,C1,3,19268,23122,4500,success,,客户愿为减少人力依赖支付溢价，夜班人力成本为4500元/月，且愿意按月租赁降低一次性压力。,,"{""estimated_wtp"": 4500, ""reasoning"": ""客户愿为减少人力依赖支付溢价，夜班人力成本为4500元/月，且愿意按月租赁降低一次性压力。""}","根据您的要求，以下是三份报告中所有与价格、预算、支付意愿相关的句子逐字引用：

**报告 1：ToB_Diff_Elder_P1**
- “我们总部审批流程长，但如果你能说清独特在哪，包装期望不高，试用期稳定可靠，我愿意多花点钱。”
- “如果设备能减少人力依赖，我愿意按月租赁，降低一次性成本压力。”
- “她愿为差异化体验付溢价，但前提是设备能提升运营效率、替代人力，且品质。”

**报告 2：ToB_Diff_Elder_P2**
- “采购需明确独特之处，愿意为差异化付溢价。”
- “机构愿意为独特性付溢价。”
- “愿意为具体维度上的明显差异付溢价，但需说清独特在哪。”
- “愿意为独特性付更高预算。”
- “该受访者是典型的机构市场差异化用户，愿意为品质感、独特性和运营效率付溢价。”

**报告 3：ToB_Diff_Elder_P3**
- “夜间安全监护缺口驱动预防性预警需求，愿为降低人力成本支付溢价。”
- “夜班现在排三个人，每人月薪四千五左右，院长总念叨‘要是能少排一个就好了’。”
- “他愿意为此走采购流程，但坚持‘先试用三个月再说’。”
- “实效验证后支付意愿高。”
- “产品效果可感知才能通过总部审批流程。”"
belief_bench_v1_2026-07-13,ToB_Differentiation_Elder,职业经理人,C1,1,19268,23122,15000,success,,客户愿意为差异化、降低人力成本和运营效率付溢价，但需试用验证，结合高端定位和预算容忍度，估计月租赁等价或一次性采购价在1.5万元左右。,,"{""estimated_wtp"": 15000, ""reasoning"": ""客户愿意为差异化、降低人力成本和运营效率付溢价，但需试用验证，结合高端定位和预算容忍度，估计月租赁等价或一次性采购价在1.5万元左右。""}","根据您的要求，以下是三份报告中所有与价格、预算、支付意愿相关的句子逐字引用：

**报告 1：ToB_Diff_Elder_P1**
- “我们总部审批流程长，但如果你能说清独特在哪，包装期望不高，试用期稳定可靠，我愿意多花点钱。”
- “如果设备能减少人力依赖，我愿意按月租赁，降低一次性成本压力。”
- “她愿为差异化体验付溢价，但前提是设备能提升运营效率、替代人力，且品质。”

**报告 2：ToB_Diff_Elder_P2**
- “采购需明确独特之处，愿意为差异化付溢价。”
- “机构愿意为独特性付溢价。”
- “愿意为具体维度上的明显差异付溢价，但需说清独特在哪。”
- “若设备能覆盖护工无暇疏导的空白时间，愿意为独特性付更高预算。”
- “愿意为品质感、独特性和运营效率付溢价。”

**报告 3：ToB_Diff_Elder_P3**
- “夜间安全监护缺口驱动预防性预警需求，愿为降低人力成本支付溢价。”
- “他愿意为此走采购流程，但坚持‘先试用三个月再说’。”
- “实效验证后支付意愿高。”
- “人力成本上涨、夜班难招、护工短缺是核心痛点，产品效果可感知才能通过总部审批流程。”"
belief_bench_v1_2026-07-13,ToB_Differentiation_Elder,职业经理人,C1,2,19268,23122,13500,success,,客户愿意为减少人力依赖和差异化体验支付溢价，参考夜班人力成本（三人月薪共13500元）作为替代价值锚点。,,"{""estimated_wtp"": 13500, ""reasoning"": ""客户愿意为减少人力依赖和差异化体验支付溢价，参考夜班人力成本（三人月薪共13500元）作为替代价值锚点。""}","根据您的要求，以下是三份报告中所有与价格、预算、支付意愿相关的句子逐字引用：

**报告 1：ToB_Diff_Elder_P1**
- “我们总部审批流程长，但如果你能说清独特在哪，包装期望不高，试用期稳定可靠，我愿意多花点钱。”
- “如果设备能减少人力依赖，我愿意按月租赁，降低一次性成本压力。”
- “她愿为差异化体验付溢价，但前提是设备能提升运营效率、替代人力，且品质。”

**报告 2：ToB_Diff_Elder_P2**
- “采购需明确独特之处，愿意为差异化付溢价。”
- “机构愿意为独特性付溢价。”
- “愿意为具体维度上的明显差异付溢价，但需说清独特在哪。”
- “若设备能覆盖护工无暇疏导的空白时间，愿意为独特性付更高预算。”
- “愿意为品质感、独特性和运营效率付溢价。”

**报告 3：ToB_Diff_Elder_P3**
- “夜间安全监护缺口驱动预防性预警需求，愿为降低人力成本支付溢价。”
- “夜班现在排三个人，每人月薪四千五左右，院长总念叨‘要是能少排一个就好了’。”
- “他愿意为此走采购流程，但坚持‘先试用三个月再说’。”
- “实效验证后支付意愿高。”"
belief_bench_v1_2026-07-13,ToB_Differentiation_Elder,职业经理人,C1,4,19268,23122,15000,success,,客户愿意为减少人力依赖和差异化体验付溢价，参考夜班人力成本（每月13500元），支付意愿可达月租或一次性采购的高端价位。,,"{""estimated_wtp"": 15000, ""reasoning"": ""客户愿意为减少人力依赖和差异化体验付溢价，参考夜班人力成本（每月13500元），支付意愿可达月租或一次性采购的高端价位。""}","根据您的要求，以下是三份报告中所有与价格、预算、支付意愿相关的句子逐字引用：

### 报告 1：ToB_Diff_Elder_P1
- “我们总部审批流程长，但如果你能说清独特在哪，包装期望不高，试用期稳定可靠，我愿意多花点钱。”
- “如果设备能减少人力依赖，我愿意按月租赁，降低一次性成本压力。”
- “她愿为差异化体验付溢价，但前提是设备能提升运营效率、替代人力，且品质。”

### 报告 2：ToB_Diff_Elder_P2
- “采购需明确独特之处，愿意为差异化付溢价”
- “机构愿意为独特性付溢价”
- “愿意为具体维度上的明显差异付溢价，但需说清独特在哪。”
- “若设备能覆盖护工无暇疏导的空白时间，愿意为独特性付更高预算。”
- “愿意为品质感、独特性和运营效率付溢价”

### 报告 3：ToB_Diff_Elder_P3
- “夜间安全监护缺口驱动预防性预警需求，愿为降低人力成本支付溢价”
- “夜班现在排三个人，每人月薪四千五左右，院长总念叨'要是能少排一个就好了'。”
- “他愿意为此走采购流程，但坚持'先试用三个月再说'。”
- “实效验证后支付意愿高”"
belief_bench_v1_2026-07-13,ToB_Differentiation_Elder,职业经理人,C1,5,19268,23122,4500,success,,客户愿意为减少人力依赖支付溢价，且夜班人力成本约4500元/月，故支付意愿锚定于此。,,"{""estimated_wtp"": 4500, ""reasoning"": ""客户愿意为减少人力依赖支付溢价，且夜班人力成本约4500元/月，故支付意愿锚定于此。""}","根据您的要求，以下是三份报告中所有与价格、预算、支付意愿相关的句子逐字引用：

**报告 1：ToB_Diff_Elder_P1**
- “我们总部审批流程长，但如果你能说清独特在哪，包装期望不高，试用期稳定可靠，我愿意多花点钱。”
- “如果设备能减少人力依赖，我愿意按月租赁，降低一次性成本压力。”
- “她愿为差异化体验付溢价，但前提是设备能提升运营效率、替代人力，且品质。”

**报告 2：ToB_Diff_Elder_P2**
- “采购需明确独特之处，愿意为差异化付溢价。”
- “机构愿意为独特性付溢价。”
- “愿意为具体维度上的明显差异付溢价，但需说清独特在哪。”
- “若设备能覆盖护工无暇疏导的空白时间，愿意为独特性付更高预算。”
- “愿意为品质感、独特性和运营效率付溢价。”

**报告 3：ToB_Diff_Elder_P3**
- “夜间安全监护缺口驱动预防性预警需求，愿为降低人力成本支付溢价。”
- “夜班现在排三个人，每人月薪四千五左右，院长总念叨‘要是能少排一个就好了’。”
- “他愿意为此走采购流程，但坚持‘先试用三个月再说’。”
- “实效验证后支付意愿高。”
- “产品效果可感知才能通过总部审批流程。”"
belief_bench_v1_2026-07-13,ToB_Differentiation_Elder,职业经理人,C1,6,19268,23122,15000,success,,客户普遍愿为独特性、运营效率及降低人力成本支付溢价，且高端定位下可接受较高价格，但需试用验证，故估计为15000元。,,"{""estimated_wtp"": 15000, ""reasoning"": ""客户普遍愿为独特性、运营效率及降低人力成本支付溢价，且高端定位下可接受较高价格，但需试用验证，故估计为15000元。""}","根据您的要求，以下是三份报告中所有与价格、预算、支付意愿相关的句子逐字引用：

### 报告 1：ToB_Diff_Elder_P1

- “我们总部审批流程长，但如果你能说清独特在哪，包装期望不高，试用期稳定可靠，我愿意多花点钱。”
- “如果设备能减少人力依赖，我愿意按月租赁，降低一次性成本压力。”
- “她愿为差异化体验付溢价，但前提是设备能提升运营效率、替代人力，且品质。”

### 报告 2：ToB_Diff_Elder_P2

- “采购需明确独特之处，愿意为差异化付溢价。”
- “机构愿意为独特性付溢价。”
- “愿意为具体维度上的明显差异付溢价，但需说清独特在哪。”
- “若设备能覆盖护工无暇疏导的空白时间，愿意为独特性付更高预算。”
- “愿意为品质感、独特性和运营效率付溢价。”

### 报告 3：ToB_Diff_Elder_P3

- “夜间安全监护缺口驱动预防性预警需求，愿为降低人力成本支付溢价”
- “实效验证后支付意愿高”
- “他愿意为此走采购流程，但坚持‘先试用三个月再说’。”"
belief_bench_v1_2026-07-13,ToB_Differentiation_Elder,职业经理人,C2_low,1,19268,23122,1200,success,,客户愿意为差异化体验和人力替代效果支付溢价，参考常见定价800元，结合其高毛利容忍度和高端价格站位，估计支付意愿为1200元。,,"{""estimated_wtp"": 1200, ""reasoning"": ""客户愿意为差异化体验和人力替代效果支付溢价，参考常见定价800元，结合其高毛利容忍度和高端价格站位，估计支付意愿为1200元。""}",
belief_bench_v1_2026-07-13,ToB_Differentiation_Elder,职业经理人,C2_low,2,19268,23122,1500,success,,客户愿意为差异化体验和人力替代支付溢价，参考常见定价800元，结合其高毛利容忍度和高端定位，估计支付意愿约1500元。,,"{""estimated_wtp"": 1500, ""reasoning"": ""客户愿意为差异化体验和人力替代支付溢价，参考常见定价800元，结合其高毛利容忍度和高端定位，估计支付意愿约1500元。""}",
belief_bench_v1_2026-07-13,ToB_Differentiation_Elder,职业经理人,C1,7,19268,23122,4500,success,,客户愿意为减少人力成本支付溢价，夜班护工月薪4500元，设备若能替代一人则支付意愿接近此数。,,"{""estimated_wtp"": 4500, ""reasoning"": ""客户愿意为减少人力成本支付溢价，夜班护工月薪4500元，设备若能替代一人则支付意愿接近此数。""}","根据您的要求，以下是从三份报告中逐字引用的所有与价格、预算、支付意愿相关的句子：

**报告 1：ToB_Diff_Elder_P1**
- “我们总部审批流程长，但如果你能说清独特在哪，包装期望不高，试用期稳定可靠，我愿意多花点钱。”
- “如果设备能减少人力依赖，我愿意按月租赁，降低一次性成本压力。”
- “她愿为差异化体验付溢价，但前提是设备能提升运营效率、替代人力，且品质。”

**报告 2：ToB_Diff_Elder_P2**
- “采购需明确独特之处，愿意为差异化付溢价”
- “机构愿意为独特性付溢价。”
- “愿意为具体维度上的明显差异付溢价，但需说清独特在哪。”
- “若设备能覆盖护工无暇疏导的空白时间，愿意为独特性付更高预算。”
- “愿意为品质感、独特性和运营效率付溢价。”

**报告 3：ToB_Diff_Elder_P3**
- “夜间安全监护缺口驱动预防性预警需求，愿为降低人力成本支付溢价”
- “夜班现在排三个人，每人月薪四千五左右，院长总念叨'要是能少排一个就好了'。”
- “他愿意为此走采购流程，但坚持'先试用三个月再说'。”
- “人力成本上涨、夜班难招、护工短缺是核心痛点，产品效果可感知才能通过总部审批流程。”"
belief_bench_v1_2026-07-13,ToB_Differentiation_Elder,职业经理人,C2_low,4,19268,23122,1500,success,,客户愿意为差异化体验和人力替代支付溢价，参考报告显示他们愿意多花钱，且市场常见定价800元，因此估计支付意愿为1500元。,,"{""estimated_wtp"": 1500, ""reasoning"": ""客户愿意为差异化体验和人力替代支付溢价，参考报告显示他们愿意多花钱，且市场常见定价800元，因此估计支付意愿为1500元。""}",
belief_bench_v1_2026-07-13,ToB_Differentiation_Elder,职业经理人,C2_low,3,19268,23122,1500,success,,客户愿意为差异化体验和人力替代支付溢价，参考市场价800元，叠加品质感与运营优势附加值后估算为1500元。,,"{""estimated_wtp"": 1500, ""reasoning"": ""客户愿意为差异化体验和人力替代支付溢价，参考市场价800元，叠加品质感与运营优势附加值后估算为1500元。""}",
belief_bench_v1_2026-07-13,ToB_Differentiation_Elder,职业经理人,C1,8,19268,23122,13500,success,,基于报告引文，客户愿为减少人力依赖付溢价，夜班人力成本约13500元/月（3人×4500元），替代一人即为此支付意愿上限。,,"{""estimated_wtp"": 13500, ""reasoning"": ""基于报告引文，客户愿为减少人力依赖付溢价，夜班人力成本约13500元/月（3人×4500元），替代一人即为此支付意愿上限。""}","根据您的要求，以下是三份报告中所有与价格、预算、支付意愿相关的句子逐字引用：

**报告 1：ToB_Diff_Elder_P1**
- “我们总部审批流程长，但如果你能说清独特在哪，包装期望不高，试用期稳定可靠，我愿意多花点钱。”
- “如果设备能减少人力依赖，我愿意按月租赁，降低一次性成本压力。”
- “她愿为差异化体验付溢价，但前提是设备能提升运营效率、替代人力，且品质。”

**报告 2：ToB_Diff_Elder_P2**
- “机构愿意为独特性付溢价。”
- “愿意为具体维度上的明显差异付溢价，但需说清独特在哪。”
- “若设备能覆盖护工无暇疏导的空白时间，愿意为独特性付更高预算。”
- “购买驱动力是品质感与口碑，而非直接省钱。”
- “该受访者是典型的机构市场差异化用户，愿意为品质感、独特性和运营效率付溢价。”

**报告 3：ToB_Diff_Elder_P3**
- “夜间安全监护缺口驱动预防性预警需求，愿为降低人力成本支付溢价”
- “夜班现在排三个人，每人月薪四千五左右，院长总念叨‘要是能少排一个就好了’。”
- “他愿意为此走采购流程，但坚持‘先试用三个月再说’。”
- “人力成本上涨、夜班难招、护工短缺是核心痛点，产品效果可感知才能通过总部审批流程。”"
belief_bench_v1_2026-07-13,ToB_Differentiation_Elder,职业经理人,C1,9,19268,23122,13500,success,,根据报告，客户愿为降低人力成本（夜班三人月薪共13500元）支付溢价，且愿意为独特性付更高预算，但要求试用期稳定可靠。,,"{""estimated_wtp"": 13500, ""reasoning"": ""根据报告，客户愿为降低人力成本（夜班三人月薪共13500元）支付溢价，且愿意为独特性付更高预算，但要求试用期稳定可靠。""}","根据您的要求，以下是三份报告中所有与价格、预算、支付意愿相关的句子逐字引用：

**报告 1：ToB_Diff_Elder_P1**
- “我们总部审批流程长，但如果你能说清独特在哪，包装期望不高，试用期稳定可靠，我愿意多花点钱。”
- “如果设备能减少人力依赖，我愿意按月租赁，降低一次性成本压力。”
- “她愿为差异化体验付溢价，但前提是设备能提升运营效率、替代人力，且品质。”

**报告 2：ToB_Diff_Elder_P2**
- “机构愿意为独特性付溢价。”
- “愿意为具体维度上的明显差异付溢价，但需说清独特在哪。”
- “若设备能覆盖护工无暇疏导的空白时间，愿意为独特性付更高预算。”
- “购买驱动力是品质感与口碑，而非直接省钱。”
- “该受访者是典型的机构市场差异化用户，愿意为品质感、独特性和运营效率付溢价。”

**报告 3：ToB_Diff_Elder_P3**
- “夜间安全监护缺口驱动预防性预警需求，愿为降低人力成本支付溢价”
- “夜班现在排三个人，每人月薪四千五左右，院长总念叨‘要是能少排一个就好了’。”
- “他愿意为此走采购流程，但坚持‘先试用三个月再说’。”
- “用户将采购视为替代或辅助人力的管理杠杆，关注投入产出比。”
- “人力成本上涨、夜班难招、护工短缺是核心痛点，产品效果可感知才能通过总部审批流程。”"
belief_bench_v1_2026-07-13,ToB_Differentiation_Elder,职业经理人,C1,10,19268,23122,13500,success,,客户愿意为减少人力依赖支付溢价，夜班三人月薪共13500元，减少一人即节省此成本，且愿为差异化体验付更高预算。,,"{""estimated_wtp"": 13500, ""reasoning"": ""客户愿意为减少人力依赖支付溢价，夜班三人月薪共13500元，减少一人即节省此成本，且愿为差异化体验付更高预算。""}","根据您的要求，以下是三份报告中所有与价格、预算、支付意愿相关的句子逐字引用：

**报告 1：ToB_Diff_Elder_P1**
- “我们总部审批流程长，但如果你能说清独特在哪，包装期望不高，试用期稳定可靠，我愿意多花点钱。”
- “如果设备能减少人力依赖，我愿意按月租赁，降低一次性成本压力。”
- “她愿为差异化体验付溢价，但前提是设备能提升运营效率、替代人力，且品质。”

**报告 2：ToB_Diff_Elder_P2**
- “采购需明确独特之处，愿意为差异化付溢价。”
- “机构愿意为独特性付溢价。”
- “愿意为具体维度上的明显差异付溢价，但需说清独特在哪。”
- “愿意为独特性付更高预算。”
- “愿意为品质感、独特性和运营效率付溢价。”

**报告 3：ToB_Diff_Elder_P3**
- “夜间安全监护缺口驱动预防性预警需求，愿为降低人力成本支付溢价。”
- “夜班现在排三个人，每人月薪四千五左右，院长总念叨‘要是能少排一个就好了’。”
- “他愿意为此走采购流程，但坚持‘先试用三个月再说’。”
- “实效验证后支付意愿高。”
- “产品效果可感知才能通过总部审批流程。”"
belief_bench_v1_2026-07-13,ToB_Differentiation_Elder,职业经理人,C2_low,6,19268,23122,1200,success,,客户愿意为差异化体验付溢价，且人力替代价值高，但采购谨慎需试用验证，故在800元市场价基础上适度上浮。,,"{""estimated_wtp"": 1200, ""reasoning"": ""客户愿意为差异化体验付溢价，且人力替代价值高，但采购谨慎需试用验证，故在800元市场价基础上适度上浮。""}",
belief_bench_v1_2026-07-13,ToB_Differentiation_Elder,职业经理人,C2_low,5,19268,23122,1500,success,,客户愿意为差异化体验和人力替代支付溢价，参考市场价800元，结合高毛利容忍度和高端定位，估计支付意愿为1500元。,,"{""estimated_wtp"": 1500, ""reasoning"": ""客户愿意为差异化体验和人力替代支付溢价，参考市场价800元，结合高毛利容忍度和高端定位，估计支付意愿为1500元。""}",
belief_bench_v1_2026-07-13,ToB_Differentiation_Elder,职业经理人,C2_low,7,19268,23122,1200,success,,客户愿意为差异化体验和人力替代支付溢价，参考常见定价800元，结合报告中对品质感和独特性支付意愿较高的描述，估计可溢价至1200元。,,"{""estimated_wtp"": 1200, ""reasoning"": ""客户愿意为差异化体验和人力替代支付溢价，参考常见定价800元，结合报告中对品质感和独特性支付意愿较高的描述，估计可溢价至1200元。""}",
belief_bench_v1_2026-07-13,ToB_Differentiation_Elder,职业经理人,C2_low,8,19268,23122,1200,success,,客户愿意为差异化体验和人力替代效果支付溢价，但需通过试用期验证，参考市场价800元上浮50%。,,"{""estimated_wtp"": 1200, ""reasoning"": ""客户愿意为差异化体验和人力替代效果支付溢价，但需通过试用期验证，参考市场价800元上浮50%。""}",
belief_bench_v1_2026-07-13,ToB_Differentiation_Elder,职业经理人,C2_low,9,19268,23122,1500,success,,客户愿意为差异化体验和人力替代支付溢价，且高端定位可支撑高于市场均价的价格。,,"{""estimated_wtp"": 1500, ""reasoning"": ""客户愿意为差异化体验和人力替代支付溢价，且高端定位可支撑高于市场均价的价格。""}",
belief_bench_v1_2026-07-13,ToB_Differentiation_Elder,职业经理人,C2_low,10,19268,23122,1500,success,,客户愿意为差异化体验付溢价，且人力成本替代价值显著，但采购谨慎需试用验证，故在常见定价800元基础上上浮约87%至1500元。,,"{""estimated_wtp"": 1500, ""reasoning"": ""客户愿意为差异化体验付溢价，且人力成本替代价值显著，但采购谨慎需试用验证，故在常见定价800元基础上上浮约87%至1500元。""}",
belief_bench_v1_2026-07-13,ToB_Differentiation_Elder,职业经理人,C2_high,1,19268,23122,18000,success,,客户愿意为差异化体验和人力替代支付溢价，但需通过试用验证实效，参考市场价12000元，结合溢价意愿估计为18000元。,,"{""estimated_wtp"": 18000, ""reasoning"": ""客户愿意为差异化体验和人力替代支付溢价，但需通过试用验证实效，参考市场价12000元，结合溢价意愿估计为18000元。""}",
belief_bench_v1_2026-07-13,ToB_Differentiation_Elder,职业经理人,C2_high,3,19268,23122,18000,success,,三位受访者均明确愿为差异化体验付溢价，且人力替代成本（夜班三人月薪4500元）与品质感诉求支撑高于市场均价50%的定价。,,"{""estimated_wtp"": 18000, ""reasoning"": ""三位受访者均明确愿为差异化体验付溢价，且人力替代成本（夜班三人月薪4500元）与品质感诉求支撑高于市场均价50%的定价。""}",
belief_bench_v1_2026-07-13,ToB_Differentiation_Elder,职业经理人,C2_high,5,19268,23122,15000,success,,综合三位受访者均愿为差异化体验付溢价、人力替代价值（夜班三人月薪4500元）及市场定价12000元，判断支付意愿上浮至15000元。,,"{""estimated_wtp"": 15000, ""reasoning"": ""综合三位受访者均愿为差异化体验付溢价、人力替代价值（夜班三人月薪4500元）及市场定价12000元，判断支付意愿上浮至15000元。""}",
belief_bench_v1_2026-07-13,ToB_Differentiation_Elder,职业经理人,C2_high,2,19268,23122,15000,success,,客户愿为差异化体验付溢价，且人力替代价值（夜班三人月薪共13500元）高于常见定价12000元，结合品质感与口碑需求，可接受15%溢价。,,"{""estimated_wtp"": 15000, ""reasoning"": ""客户愿为差异化体验付溢价，且人力替代价值（夜班三人月薪共13500元）高于常见定价12000元，结合品质感与口碑需求，可接受15%溢价。""}",
belief_bench_v1_2026-07-13,ToB_Differentiation_Elder,职业经理人,C2_high,4,19268,23122,15000,success,,客户愿意为差异化体验、人力替代和品质感支付溢价，参考市场价12000元，结合其高端定位和支付意愿，可上浮至15000元。,,"{""estimated_wtp"": 15000, ""reasoning"": ""客户愿意为差异化体验、人力替代和品质感支付溢价，参考市场价12000元，结合其高端定位和支付意愿，可上浮至15000元。""}",
belief_bench_v1_2026-07-13,ToB_Differentiation_Elder,职业经理人,C2_high,6,19268,23122,18000,success,,客户愿意为差异化体验、人力替代和品质感支付溢价，且报告显示愿为独特性和运营效率付更高预算，参考市场价12000元，溢价约50%合理。,,"{""estimated_wtp"": 18000, ""reasoning"": ""客户愿意为差异化体验、人力替代和品质感支付溢价，且报告显示愿为独特性和运营效率付更高预算，参考市场价12000元，溢价约50%合理。""}",
belief_bench_v1_2026-07-13,ToB_Differentiation_Elder,职业经理人,C2_high,7,19268,23122,15000,success,,综合三位受访者愿为差异化付溢价、替代人力成本（夜班三人月薪共13500元）及品质感诉求，支付意愿高于市场均价12000元。,,"{""estimated_wtp"": 15000, ""reasoning"": ""综合三位受访者愿为差异化付溢价、替代人力成本（夜班三人月薪共13500元）及品质感诉求，支付意愿高于市场均价12000元。""}",
belief_bench_v1_2026-07-13,ToB_Differentiation_Elder,职业经理人,C2_high,9,19268,23122,18000,success,,综合三位受访者均愿为差异化体验和人力替代支付溢价，且市场常见定价12000元，结合高端定位和利润目标，估计支付意愿为18000元。,,"{""estimated_wtp"": 18000, ""reasoning"": ""综合三位受访者均愿为差异化体验和人力替代支付溢价，且市场常见定价12000元，结合高端定位和利润目标，估计支付意愿为18000元。""}",
belief_bench_v1_2026-07-13,ToB_Differentiation_Elder,职业经理人,C2_high,8,19268,23122,15000,success,,客户愿为差异化付溢价，且人力替代价值（夜班月薪4500元）和品质感诉求支撑高于市场均价3000元。,,"{""estimated_wtp"": 15000, ""reasoning"": ""客户愿为差异化付溢价，且人力替代价值（夜班月薪4500元）和品质感诉求支撑高于市场均价3000元。""}",
belief_bench_v1_2026-07-13,ToB_Differentiation_Elder,职业经理人,C2_high,10,19268,23122,15000,success,,客户愿为差异化体验和人力替代付溢价，参考市场价12000元，结合高端定位和品质感需求，估计支付意愿为15000元。,,"{""estimated_wtp"": 15000, ""reasoning"": ""客户愿为差异化体验和人力替代付溢价，参考市场价12000元，结合高端定位和品质感需求，估计支付意愿为15000元。""}",
belief_bench_v1_2026-07-13,ToB_Differentiation_Elder,职业经理人,C3,1,19268,23122,0,success,,由报告锚点加权中位数及冻结 persona 变换确定性合成,"[{""quote"":""夜班现在排三个人，每人月薪四千五左右，院长总念叨'要是能少排一个就好了'。"",""value_yuan"":4500,""type"":""参考价""},{""quote"":""如果设备能减少人力依赖，我愿意按月租赁，降低一次性成本压力。"",""value_yuan"":0,""type"":""参考价""}]","{""anchors"": [{""quote"": ""夜班现在排三个人，每人月薪四千五左右，院长总念叨'要是能少排一个就好了'。"", ""value_yuan"": 4500, ""type"": ""参考价""}, {""quote"": ""如果设备能减少人力依赖，我愿意按月租赁，降低一次性成本压力。"", ""value_yuan"": null, ""type"": ""参考价""}]}",
belief_bench_v1_2026-07-13,ToB_Differentiation_Elder,职业经理人,C3,3,19268,23122,4500,success,,由报告锚点加权中位数及冻结 persona 变换确定性合成,"[{""quote"":""夜班现在排三个人，每人月薪四千五左右，院长总念叨'要是能少排一个就好了'。"",""value_yuan"":4500,""type"":""参考价""},{""quote"":""夜班现在排三个人，每人月薪四千五左右，院长总念叨'要是能少排一个就好了'。"",""value_yuan"":13500,""type"":""参考价""}]","{""anchors"": [{""quote"": ""夜班现在排三个人，每人月薪四千五左右，院长总念叨'要是能少排一个就好了'。"", ""value_yuan"": 4500, ""type"": ""参考价""}, {""quote"": ""夜班现在排三个人，每人月薪四千五左右，院长总念叨'要是能少排一个就好了'。"", ""value_yuan"": 13500, ""type"": ""参考价""}]}",
belief_bench_v1_2026-07-13,ToB_Differentiation_Elder,职业经理人,C3,4,19268,23122,4500,success,,由报告锚点加权中位数及冻结 persona 变换确定性合成,"[{""quote"":""夜班现在排三个人，每人月薪四千五左右，院长总念叨'要是能少排一个就好了'。"",""value_yuan"":4500,""type"":""参考价""},{""quote"":""夜班现在排三个人，每人月薪四千五左右，院长总念叨'要是能少排一个就好了'。"",""value_yuan"":13500,""type"":""参考价""}]","{""anchors"": [{""quote"": ""夜班现在排三个人，每人月薪四千五左右，院长总念叨'要是能少排一个就好了'。"", ""value_yuan"": 4500, ""type"": ""参考价""}, {""quote"": ""夜班现在排三个人，每人月薪四千五左右，院长总念叨'要是能少排一个就好了'。"", ""value_yuan"": 13500, ""type"": ""参考价""}]}",
belief_bench_v1_2026-07-13,ToB_Differentiation_Elder,职业经理人,C3,2,19268,23122,0,success,,由报告锚点加权中位数及冻结 persona 变换确定性合成,"[{""quote"":""夜班现在排三个人，每人月薪四千五左右，院长总念叨'要是能少排一个就好了'。"",""value_yuan"":4500,""type"":""参考价""},{""quote"":""如果设备能减少人力依赖，我愿意按月租赁，降低一次性成本压力。"",""value_yuan"":0,""type"":""参考价""},{""quote"":""愿意为差异化付溢价"",""value_yuan"":0,""type"":""上限""},{""quote"":""愿意为独特性付溢价"",""value_yuan"":0,""type"":""上限""},{""quote"":""愿意为独特性付更高预算"",""value_yuan"":0,""type"":""上限""},{""quote"":""愿意为降低人力成本支付溢价"",""value_yuan"":0,""type"":""上限""}]","{""anchors"": [{""quote"": ""夜班现在排三个人，每人月薪四千五左右，院长总念叨'要是能少排一个就好了'。"", ""value_yuan"": 4500, ""type"": ""参考价""}, {""quote"": ""如果设备能减少人力依赖，我愿意按月租赁，降低一次性成本压力。"", ""value_yuan"": null, ""type"": ""参考价""}, {""quote"": ""愿意为差异化付溢价"", ""value_yuan"": null, ""type"": ""上限""}, {""quote"": ""愿意为独特性付溢价"", ""value_yuan"": null, ""type"": ""上限""}, {""quote"": ""愿意为独特性付更高预算"", ""value_yuan"": null, ""type"": ""上限""}, {""quote"": ""愿意为降低人力成本支付溢价"", ""value_yuan"": null, ""type"": ""上限""}]}",
belief_bench_v1_2026-07-13,ToB_Differentiation_Elder,职业经理人,C3,5,19268,23122,4500,success,,由报告锚点加权中位数及冻结 persona 变换确定性合成,"[{""quote"":""夜班现在排三个人，每人月薪四千五左右，院长总念叨'要是能少排一个就好了'。"",""value_yuan"":4500,""type"":""参考价""},{""quote"":""夜班现在排三个人，每人月薪四千五左右，院长总念叨'要是能少排一个就好了'。"",""value_yuan"":13500,""type"":""参考价""}]","{""anchors"": [{""quote"": ""夜班现在排三个人，每人月薪四千五左右，院长总念叨'要是能少排一个就好了'。"", ""value_yuan"": 4500, ""type"": ""参考价""}, {""quote"": ""夜班现在排三个人，每人月薪四千五左右，院长总念叨'要是能少排一个就好了'。"", ""value_yuan"": 13500, ""type"": ""参考价""}]}",
belief_bench_v1_2026-07-13,ToB_Differentiation_Elder,职业经理人,C3,6,19268,23122,4500,success,,由报告锚点加权中位数及冻结 persona 变换确定性合成,"[{""quote"":""夜班现在排三个人，每人月薪四千五左右，院长总念叨'要是能少排一个就好了'。"",""value_yuan"":4500,""type"":""参考价""},{""quote"":""夜班现在排三个人，每人月薪四千五左右，院长总念叨'要是能少排一个就好了'。"",""value_yuan"":13500,""type"":""参考价""}]","{""anchors"": [{""quote"": ""夜班现在排三个人，每人月薪四千五左右，院长总念叨'要是能少排一个就好了'。"", ""value_yuan"": 4500, ""type"": ""参考价""}, {""quote"": ""夜班现在排三个人，每人月薪四千五左右，院长总念叨'要是能少排一个就好了'。"", ""value_yuan"": 13500, ""type"": ""参考价""}]}",
belief_bench_v1_2026-07-13,ToB_Differentiation_Elder,职业经理人,C3,7,19268,23122,4500,success,,由报告锚点加权中位数及冻结 persona 变换确定性合成,"[{""quote"":""夜班现在排三个人，每人月薪四千五左右，院长总念叨'要是能少排一个就好了'。"",""value_yuan"":4500,""type"":""参考价""}]","{""anchors"": [{""quote"": ""夜班现在排三个人，每人月薪四千五左右，院长总念叨'要是能少排一个就好了'。"", ""value_yuan"": 4500, ""type"": ""参考价""}]}",
belief_bench_v1_2026-07-13,ToB_Differentiation_Elder,职业经理人,C3,9,19268,23122,4500,success,,由报告锚点加权中位数及冻结 persona 变换确定性合成,"[{""quote"":""夜班现在排三个人，每人月薪四千五左右，院长总念叨'要是能少排一个就好了'。"",""value_yuan"":4500,""type"":""参考价""},{""quote"":""夜班现在排三个人，每人月薪四千五左右，院长总念叨'要是能少排一个就好了'。"",""value_yuan"":13500,""type"":""参考价""}]","{""anchors"": [{""quote"": ""夜班现在排三个人，每人月薪四千五左右，院长总念叨'要是能少排一个就好了'。"", ""value_yuan"": 4500, ""type"": ""参考价""}, {""quote"": ""夜班现在排三个人，每人月薪四千五左右，院长总念叨'要是能少排一个就好了'。"", ""value_yuan"": 13500, ""type"": ""参考价""}]}",
belief_bench_v1_2026-07-13,ToB_Differentiation_Elder,职业经理人,C3,8,19268,23122,4500,success,,由报告锚点加权中位数及冻结 persona 变换确定性合成,"[{""quote"":""夜班现在排三个人，每人月薪四千五左右，院长总念叨'要是能少排一个就好了'。"",""value_yuan"":4500,""type"":""参考价""},{""quote"":""夜班现在排三个人，每人月薪四千五左右，院长总念叨'要是能少排一个就好了'。"",""value_yuan"":13500,""type"":""参考价""}]","{""anchors"": [{""quote"": ""夜班现在排三个人，每人月薪四千五左右，院长总念叨'要是能少排一个就好了'。"", ""value_yuan"": 4500, ""type"": ""参考价""}, {""quote"": ""夜班现在排三个人，每人月薪四千五左右，院长总念叨'要是能少排一个就好了'。"", ""value_yuan"": 13500, ""type"": ""参考价""}]}",
belief_bench_v1_2026-07-13,ToB_Differentiation_Elder,职业经理人,C3,10,19268,23122,4500,success,,由报告锚点加权中位数及冻结 persona 变换确定性合成,"[{""quote"":""夜班现在排三个人，每人月薪四千五左右，院长总念叨'要是能少排一个就好了'。"",""value_yuan"":4500,""type"":""参考价""},{""quote"":""夜班现在排三个人，每人月薪四千五左右，院长总念叨'要是能少排一个就好了'。"",""value_yuan"":13500,""type"":""参考价""}]","{""anchors"": [{""quote"": ""夜班现在排三个人，每人月薪四千五左右，院长总念叨'要是能少排一个就好了'。"", ""value_yuan"": 4500, ""type"": ""参考价""}, {""quote"": ""夜班现在排三个人，每人月薪四千五左右，院长总念叨'要是能少排一个就好了'。"", ""value_yuan"": 13500, ""type"": ""参考价""}]}",
belief_bench_v1_2026-07-13,ToB_Differentiation_Child,二代接班人,C0_leaked,1,18732,22478,8000,success,,客群愿意为差异化体验付高溢价，对标人力成本和高端品质，参考示例高端范围，且三位受访者均强调'好东西值得花钱'，支付意愿接近上限。,,"{""estimated_wtp"": 8000, ""reasoning"": ""客群愿意为差异化体验付高溢价，对标人力成本和高端品质，参考示例高端范围，且三位受访者均强调'好东西值得花钱'，支付意愿接近上限。""}",
belief_bench_v1_2026-07-13,ToB_Differentiation_Child,二代接班人,C0_leaked,2,18732,22478,8000,success,,三位受访者均明确表达愿为差异化体验、品质感和人力替代效果付高溢价，且参考高端同类产品定价，结合调研中'按学期分摊'的决策习惯，估计支付意愿在8000元左右。,,"{""estimated_wtp"": 8000, ""reasoning"": ""三位受访者均明确表达愿为差异化体验、品质感和人力替代效果付高溢价，且参考高端同类产品定价，结合调研中'按学期分摊'的决策习惯，估计支付意愿在8000元左右。""}",
belief_bench_v1_2026-07-13,ToB_Differentiation_Child,二代接班人,C0_leaked,3,18732,22478,8000,success,,三位受访者均强调愿为差异化体验、品质感和人力替代效果付高溢价，且参考高端同类产品定价，支付意愿上限可达8000元。,,"{""estimated_wtp"": 8000, ""reasoning"": ""三位受访者均强调愿为差异化体验、品质感和人力替代效果付高溢价，且参考高端同类产品定价，支付意愿上限可达8000元。""}",
belief_bench_v1_2026-07-13,ToB_Differentiation_Child,二代接班人,C0_leaked,4,18732,22478,8000,success,,三位受访者均强调愿为差异化体验付溢价，且对标人力成本（如学期分摊模式），结合高端同类产品参考与高自信判断，估计支付意愿在8000元左右。,,"{""estimated_wtp"": 8000, ""reasoning"": ""三位受访者均强调愿为差异化体验付溢价，且对标人力成本（如学期分摊模式），结合高端同类产品参考与高自信判断，估计支付意愿在8000元左右。""}",
belief_bench_v1_2026-07-13,ToB_Differentiation_Child,二代接班人,C0_leaked,6,18732,22478,8000,success,,三位受访者均强调愿意为差异化体验付溢价，对标人力成本（如助教每学期开支与中端设备相当），且高端同类产品参考区间为3000-5000元，故估计支付意愿为8000元。,,"{""estimated_wtp"": 8000, ""reasoning"": ""三位受访者均强调愿意为差异化体验付溢价，对标人力成本（如助教每学期开支与中端设备相当），且高端同类产品参考区间为3000-5000元，故估计支付意愿为8000元。""}",
belief_bench_v1_2026-07-13,ToB_Differentiation_Child,二代接班人,C0_leaked,7,18732,22478,6000,success,,受访者普遍愿意为差异化体验、品质感和人力替代价值支付溢价，且与高端同类产品对标，支付意愿落在高端区间。,,"{""estimated_wtp"": 6000, ""reasoning"": ""受访者普遍愿意为差异化体验、品质感和人力替代价值支付溢价，且与高端同类产品对标，支付意愿落在高端区间。""}",
belief_bench_v1_2026-07-13,ToB_Differentiation_Child,二代接班人,C0_leaked,5,18732,22478,8000,success,,三位受访者均强调愿意为差异化体验和品质感付溢价，且对标人力成本（如每学期兼职助教开支与中端教学设备相当），结合高端定位和参考高端同类产品，支付意愿可达8000元。,,"{""estimated_wtp"": 8000, ""reasoning"": ""三位受访者均强调愿意为差异化体验和品质感付溢价，且对标人力成本（如每学期兼职助教开支与中端教学设备相当），结合高端定位和参考高端同类产品，支付意愿可达8000元。""}",
belief_bench_v1_2026-07-13,ToB_Differentiation_Child,二代接班人,C0_leaked,8,18732,22478,8000,success,,三位受访者均强调愿为差异化体验付溢价，对标人力成本（每学期兼职助教开支约等于一台中端设备），且高端产品定位与品质感支撑高支付意愿，综合判断支付意愿在高端区间。,,"{""estimated_wtp"": 8000, ""reasoning"": ""三位受访者均强调愿为差异化体验付溢价，对标人力成本（每学期兼职助教开支约等于一台中端设备），且高端产品定位与品质感支撑高支付意愿，综合判断支付意愿在高端区间。""}",
belief_bench_v1_2026-07-13,ToB_Differentiation_Child,二代接班人,C0_leaked,9,18732,22478,8000,success,,三位受访者均强调愿意为差异化体验和品质感付溢价，且对标人力成本（每学期约等于一台中端设备），结合高端定位与同类高端产品参考，支付意愿高于原模板上限。,,"{""estimated_wtp"": 8000, ""reasoning"": ""三位受访者均强调愿意为差异化体验和品质感付溢价，且对标人力成本（每学期约等于一台中端设备），结合高端定位与同类高端产品参考，支付意愿高于原模板上限。""}",
belief_bench_v1_2026-07-13,ToB_Differentiation_Child,二代接班人,C0_leaked,10,18732,22478,8000,success,,三位受访者均强调愿意为差异化体验、品质感和人力替代效果付溢价，且对标高端同类产品，结合调研中‘一次性投入大但值得’和‘按学期分摊’的支付模式，估计支付意愿在高端区间8000元。,,"{""estimated_wtp"": 8000, ""reasoning"": ""三位受访者均强调愿意为差异化体验、品质感和人力替代效果付溢价，且对标高端同类产品，结合调研中‘一次性投入大但值得’和‘按学期分摊’的支付模式，估计支付意愿在高端区间8000元。""}",
belief_bench_v1_2026-07-13,ToB_Differentiation_Child,二代接班人,C0_clean,1,18732,22478,8000,success,,客群愿意为差异化体验付溢价，对标人力成本（每学期兼职助教开支约8000元），且强调‘好东西值得花钱’，按学期分摊模式可支撑此价位。,,"{""estimated_wtp"": 8000, ""reasoning"": ""客群愿意为差异化体验付溢价，对标人力成本（每学期兼职助教开支约8000元），且强调‘好东西值得花钱’，按学期分摊模式可支撑此价位。""}",
belief_bench_v1_2026-07-13,ToB_Differentiation_Child,二代接班人,C0_clean,2,18732,22478,8000,success,,综合三位受访者愿为差异化体验付溢价、对标人力成本（每学期开支约等于一台中端设备）以及按学期分摊的支付模式，参考高端同类产品，估计支付意愿在8000元左右。,,"{""estimated_wtp"": 8000, ""reasoning"": ""综合三位受访者愿为差异化体验付溢价、对标人力成本（每学期开支约等于一台中端设备）以及按学期分摊的支付模式，参考高端同类产品，估计支付意愿在8000元左右。""}",
belief_bench_v1_2026-07-13,ToB_Differentiation_Child,二代接班人,C0_clean,3,18732,22478,8000,success,,客群愿意为差异化体验和人力替代效果付溢价，参考兼职助教每学期开支，按学期分摊模式支撑8000元定价。,,"{""estimated_wtp"": 8000, ""reasoning"": ""客群愿意为差异化体验和人力替代效果付溢价，参考兼职助教每学期开支，按学期分摊模式支撑8000元定价。""}",
belief_bench_v1_2026-07-13,ToB_Differentiation_Child,二代接班人,C0_clean,5,18732,22478,8000,success,,客群愿为差异化体验付高溢价，对标人力成本（每学期约8000元），且强调'好东西值得花钱'，故支付意愿较高。,,"{""estimated_wtp"": 8000, ""reasoning"": ""客群愿为差异化体验付高溢价，对标人力成本（每学期约8000元），且强调'好东西值得花钱'，故支付意愿较高。""}",
belief_bench_v1_2026-07-13,ToB_Differentiation_Child,二代接班人,C0_clean,4,18732,22478,8000,success,,综合三位受访者愿为差异化体验付溢价、对标人力成本（每学期开支约等于兼职助教）且倾向按学期分摊，可接受一次性投入较高但需效果可感知，估计支付意愿在8000元左右。,,"{""estimated_wtp"": 8000, ""reasoning"": ""综合三位受访者愿为差异化体验付溢价、对标人力成本（每学期开支约等于兼职助教）且倾向按学期分摊，可接受一次性投入较高但需效果可感知，估计支付意愿在8000元左右。""}",
belief_bench_v1_2026-07-13,ToB_Differentiation_Child,二代接班人,C0_clean,6,18732,22478,8000,success,,客群愿为差异化体验付高溢价，对标人力成本和高端品质，按学期分摊模式支撑一次性投入，参考兼职助教每学期开支与中端教学设备价格，估计支付意愿在8000元左右。,,"{""estimated_wtp"": 8000, ""reasoning"": ""客群愿为差异化体验付高溢价，对标人力成本和高端品质，按学期分摊模式支撑一次性投入，参考兼职助教每学期开支与中端教学设备价格，估计支付意愿在8000元左右。""}",
belief_bench_v1_2026-07-13,ToB_Differentiation_Child,二代接班人,C0_clean,8,18732,22478,8000,success,,客群愿意为差异化体验和人力替代付高溢价，参考学期分摊模式与兼职助教成本，估计支付意愿在8000元左右。,,"{""estimated_wtp"": 8000, ""reasoning"": ""客群愿意为差异化体验和人力替代付高溢价，参考学期分摊模式与兼职助教成本，估计支付意愿在8000元左右。""}",
belief_bench_v1_2026-07-13,ToB_Differentiation_Child,二代接班人,C0_clean,9,18732,22478,8000,success,,综合三位受访者均愿为差异化体验付溢价、对标人力成本（每学期开支与兼职助教相当约8000元）且接受按学期分摊的支付模式。,,"{""estimated_wtp"": 8000, ""reasoning"": ""综合三位受访者均愿为差异化体验付溢价、对标人力成本（每学期开支与兼职助教相当约8000元）且接受按学期分摊的支付模式。""}",
belief_bench_v1_2026-07-13,ToB_Differentiation_Child,二代接班人,C0_clean,7,18732,22478,15000,success,,综合三位受访者'愿意为差异化体验付溢价'、'按学期分摊'、'对标人力成本'等态度，参考'一台设备能省一个人力'的等价逻辑，估算单台设备支付意愿在15000元左右。,,"{""estimated_wtp"": 15000, ""reasoning"": ""综合三位受访者'愿意为差异化体验付溢价'、'按学期分摊'、'对标人力成本'等态度，参考'一台设备能省一个人力'的等价逻辑，估算单台设备支付意愿在15000元左右。""}",
belief_bench_v1_2026-07-13,ToB_Differentiation_Child,二代接班人,C0_clean,10,18732,22478,8000,success,,客群愿意为差异化体验、人力替代和品质感付高溢价，参考人力成本对标和按学期分摊模式，合理价位在8000元左右。,,"{""estimated_wtp"": 8000, ""reasoning"": ""客群愿意为差异化体验、人力替代和品质感付高溢价，参考人力成本对标和按学期分摊模式，合理价位在8000元左右。""}",
belief_bench_v1_2026-07-13,ToB_Differentiation_Child,二代接班人,C1,3,18732,22478,8000,success,,用户愿为独特性与效果付溢价，参考‘一台设备能省一个人力’且按学期分摊，高端定位下估计单台约8000元。,,"{""estimated_wtp"": 8000, ""reasoning"": ""用户愿为独特性与效果付溢价，参考‘一台设备能省一个人力’且按学期分摊，高端定位下估计单台约8000元。""}","根据您的要求，以下是三份报告中所有与价格、预算、支付意愿相关的句子逐字引用：

**报告 1：ToB_Diff_Child_P1**
- “家长愿意付溢价，但要看效果……儿童哭闹减少、分离焦虑缓解，家长就觉得值。”
- “她提到‘按学期分摊’模式，强调‘一次性投入大……’”
- “她倾向‘按学期分摊’的付费模式——暗示一次性大额采购对她有决策压力。”
- “她强调‘好东西值得花钱’‘用得久比便宜重要’。”

**报告 2：ToB_Diff_Child_P2**
- “他愿意为独特性付溢价，认为‘好东西值得花钱，用得久比便宜重要’。”
- “衡量标准始终是‘比多请一个老师划不划算’。去年机构请了一个兼职助教，每学期开支和一台中端教学设备差不多。”

**报告 3：ToB_Diff_Child_P3**
- “支付需按学期分摊。”
- “一台设备能省一个人力，总部审批才走得通。”
- “愿为‘别人没有’的做工和细节付溢价。”
- “受访者强调‘好东西值得花钱，用得久比便宜重要’。”
- “一台设备能省一个人力，按学期分摊更易通过总部审批。”
- “购买驱动力是‘值得’和‘不一样’。”
- “她愿为差异化体验付溢价。”
- “去年为了翻新图书角花了不少钱——‘家长看到了，觉得我们舍得投入’。”
- “这是一个愿意为独特性付溢价的机构用户。”"
belief_bench_v1_2026-07-13,ToB_Differentiation_Child,二代接班人,C1,1,18732,22478,5000,success,,客群对标人力成本（每学期兼职助教开支与中端教学设备相当），且接受按学期分摊的高端溢价，结合‘好东西值得花钱’和‘一台设备省一个人力’的表述，单台设备支付意愿约在5000元区间。,,"{""estimated_wtp"": 5000, ""reasoning"": ""客群对标人力成本（每学期兼职助教开支与中端教学设备相当），且接受按学期分摊的高端溢价，结合‘好东西值得花钱’和‘一台设备省一个人力’的表述，单台设备支付意愿约在5000元区间。""}","以下是从三份报告中逐字引用的所有与价格、预算、支付意愿相关的句子：

**报告 1：ToB_Diff_Child_P1**
- “家长愿意付溢价，但要看效果……儿童哭闹减少、分离焦虑缓解，家长就觉得值。”
- “机构采购注重对比效果，如‘现有最好的方案’是否被超越。她提到‘按学期分摊’模式，强调‘一次性投入大。’”
- “她提到倾向‘按学期分摊’的付费模式——暗示一次性大额采购对她有决策压力。”
- “她强调‘好东西值得花钱’‘用得久比便宜重要’。”

**报告 2：ToB_Diff_Child_P2**
- “他愿意为独特性付溢价，认为‘好东西值得花钱，用得久比便宜重要’。”
- “他需要能主动互动、缓解孩子情绪的工具，以降低安全事故。”
- “衡量标准始终是‘比多请一个老师划不划算’。去年机构请了一个兼职助教，每学期开支和一台中端教学设备差不多。”

**报告 3：ToB_Diff_Child_P3**
- “采购受总部审批约束，支付需按学期分摊。”
- “一台设备能省一个人力，总部审批才走得通。”
- “受访者强调‘好东西值得花钱，用得久比便宜重要’，投入判断与人力成本对标，注重长期投入产出比，但试用期必须看到对比品质才敢签单。一台设备能省一个人力，按学期分摊更易通过总部审批。”
- “她愿为差异化体验付溢价，强调‘产品有故事可讲’以让家长觉得机构用心。去年为了翻新图书角花了不少钱——‘家长看到了，觉得我们舍得投入’。”"
belief_bench_v1_2026-07-13,ToB_Differentiation_Child,二代接班人,C1,5,18732,22478,8000,success,,家长愿为效果和独特性付溢价，对标人力成本（如兼职助教每学期开支），且倾向按学期分摊，推测单台设备价格在8000元左右。,,"{""estimated_wtp"": 8000, ""reasoning"": ""家长愿为效果和独特性付溢价，对标人力成本（如兼职助教每学期开支），且倾向按学期分摊，推测单台设备价格在8000元左右。""}","以下是三份报告中与**价格、预算、支付意愿**相关的逐字引用：

**报告 1：ToB_Diff_Child_P1**
- “家长愿意付溢价，但要看效果……儿童哭闹减少、分离焦虑缓解，家长就觉得值。”
- “她提到‘按学期分摊’模式，强调‘一次性投入大。’”
- “她倾向‘按学期分摊’的付费模式——暗示一次性大额采购对她有决策压力。”
- “她强调‘好东西值得花钱’‘用得久比便宜重要’。”

**报告 2：ToB_Diff_Child_P2**
- “他愿意为独特性付溢价，认为‘好东西值得花钱，用得久比便宜重要’。”
- “衡量标准始终是‘比多请一个老师划不划算’。去年机构请了一个兼职助教，每学期开支和一台中端教学设备差不多。”

**报告 3：ToB_Diff_Child_P3**
- “支付需按学期分摊。”
- “一台设备能省一个人力，总部审批才走得通。”
- “愿为‘别人没有’的做工和细节付溢价。”
- “投入判断与人力成本对标，注重长期投入产出比，但试用期必须看到对比品质才敢签单。”
- “一台设备能省一个人力，按学期分摊更易通过总部审批。”
- “她强调‘好东西值得花钱，用得久比便宜重要’。”
- “她愿为差异化体验付溢价，强调‘产品有故事可讲’以让家长觉得机构用心。去年为了翻新图书角花了不少钱——‘家长看到了，觉得我们舍得投入。’”"
belief_bench_v1_2026-07-13,ToB_Differentiation_Child,二代接班人,C1,2,18732,22478,8000,success,,客户对标人力成本（每学期兼职助教开支约等于中端教学设备），且愿为高端差异化体验付溢价，结合按学期分摊模式，单台设备定价约在8000元区间。,,"{""estimated_wtp"": 8000, ""reasoning"": ""客户对标人力成本（每学期兼职助教开支约等于中端教学设备），且愿为高端差异化体验付溢价，结合按学期分摊模式，单台设备定价约在8000元区间。""}","以下是三份报告中与价格、预算、支付意愿相关的所有句子逐字引用：

**报告 1：ToB_Diff_Child_P1**
- “一次性投入大但值得，因为‘家长觉得机构先进’能转化。”
- “家长愿意付溢价，但要看效果……儿童哭闹减少、分离焦虑缓解，家长就觉得值。”
- “她提到‘按学期分摊’模式，强调‘一次性投入大。’”
- “她倾向‘按学期分摊’的付费模式——暗示一次性大额采购对她有决策压力。”
- “她强调‘好东西值得花钱’‘用得久比便宜重要’。”

**报告 2：ToB_Diff_Child_P2**
- “他愿意为独特性付溢价，认为‘好东西值得花钱，用得久比便宜重要’。”
- “衡量标准始终是‘比多请一个老师划不划算’。去年机构请了一个兼职助教，每学期开支和一台中端教学设备差不多。”

**报告 3：ToB_Diff_Child_P3**
- “采购受总部审批约束，支付需按学期分摊。”
- “一台设备能省一个人力，总部审批才走得通。”
- “受访者强调‘好东西值得花钱，用得久比便宜重要’，投入判断与人力成本对标，注重长期投入产出比，但试用期必须看到对比品质才敢签单。”
- “一台设备能省一个人力，按学期分摊更易通过总部审批。”
- “她愿为差异化体验付溢价，强调‘产品有故事可讲’以让家长觉得机构用心。去年为了翻新图书角花了不少钱——‘家长看到了，觉得我们舍得投入’。”"
belief_bench_v1_2026-07-13,ToB_Differentiation_Child,二代接班人,C1,6,18732,22478,8000,success,,家长和机构均愿为效果与独特性付溢价，对标人力成本（每学期助教开支约数千元），且倾向按学期分摊，暗示单次支付上限在数千元至万元区间，取中上值8000元。,,"{""estimated_wtp"": 8000, ""reasoning"": ""家长和机构均愿为效果与独特性付溢价，对标人力成本（每学期助教开支约数千元），且倾向按学期分摊，暗示单次支付上限在数千元至万元区间，取中上值8000元。""}","以下是三份报告中与价格、预算、支付意愿相关的所有句子逐字引用：

**报告 1：ToB_Diff_Child_P1**
- “家长愿意付溢价，但要看效果……儿童哭闹减少、分离焦虑缓解，家长就觉得值。”
- “她提到‘按学期分摊’模式，强调‘一次性投入大。’”
- “她提到倾向‘按学期分摊’的付费模式——暗示一次性大额采购对她有决策压力。”
- “她强调‘好东西值得花钱’‘用得久比便宜重要’。”

**报告 2：ToB_Diff_Child_P2**
- “他愿意为独特性付溢价，认为‘好东西值得花钱，用得久比便宜重要’。”
- “衡量标准始终是‘比多请一个老师划不划算’。去年机构请了一个兼职助教，每学期开支和一台中端教学设备差不多。”

**报告 3：ToB_Diff_Child_P3**
- “采购受总部审批约束，支付需按学期分摊。”
- “一台设备能省一个人力，总部审批才走得通。”
- “受访者强调‘好东西值得花钱，用得久比便宜重要’，投入判断与人力成本对标，注重长期投入产出比，但试用期必须看到对比品质才敢签单。”
- “一台设备能省一个人力，按学期分摊更易通过总部审批。”
- “购买驱动力是‘值得’和‘不一样’。”
- “她愿为差异化体验付溢价，强调‘产品有故事可讲’。”
- “去年为了翻新图书角花了不少钱——‘家长看到了，觉得我们舍得投入。’”
- “这是一个愿意为独特性付溢价的机构用户。”"
belief_bench_v1_2026-07-13,ToB_Differentiation_Child,二代接班人,C1,4,18732,22478,8000,success,,用户愿意为效果和独特性付溢价，对标人力成本（兼职助教每学期开支与中端教学设备相当），且倾向按学期分摊，综合判断单台设备可接受价位在8000元左右。,,"{""estimated_wtp"": 8000, ""reasoning"": ""用户愿意为效果和独特性付溢价，对标人力成本（兼职助教每学期开支与中端教学设备相当），且倾向按学期分摊，综合判断单台设备可接受价位在8000元左右。""}","以下是从三份报告中逐字引用的所有与价格、预算、支付意愿相关的句子：

**报告 1：ToB_Diff_Child_P1**
- “家长愿意付溢价，但要看效果……儿童哭闹减少、分离焦虑缓解，家长就觉得值。”
- “机构采购注重对比效果，如‘现有最好的方案’是否被超越。”
- “她提到‘按学期分摊’模式，强调‘一次性投入大。’”
- “她倾向‘按学期分摊’的付费模式——暗示一次性大额采购对她有决策压力。”
- “她强调‘好东西值得花钱’‘用得久比便宜重要’。”

**报告 2：ToB_Diff_Child_P2**
- “他愿意为独特性付溢价，认为‘好东西值得花钱，用得久比便宜重要’。”
- “他需要能主动互动、缓解孩子情绪的工具，以降低安全事故。”
- “衡量标准始终是‘比多请一个老师划不划算’。去年机构请了一个兼职助教，每学期开支和一台中端教学设备差不多。”

**报告 3：ToB_Diff_Child_P3**
- “采购受总部审批约束，支付需按学期分摊。”
- “一台设备能省一个人力，总部审批才走得通。”
- “用户愿为‘不会倒砸’的细节付溢价。”
- “受访者强调‘好东西值得花钱，用得久比便宜重要’，投入判断与人力成本对标，注重长期投入产出比，但试用期必须看到对比品质才敢签单。”
- “一台设备能省一个人力，按学期分摊更易通过总部审批。”
- “购买驱动力是‘值得’和‘不一样’。”
- “她愿为差异化体验付溢价，强调‘产品有故事可讲’。”
- “去年为了翻新图书角花了不少钱——‘家长看到了，觉得我们舍得投入’。”
- “这是一个愿意为独特性付溢价的机构用户。”"
belief_bench_v1_2026-07-13,ToB_Differentiation_Child,二代接班人,C2_low,1,18732,22478,2500,success,,客户愿意为差异化体验、人力替代和品质感付高溢价，参考高端同类产品定价，且调研显示其支付意愿显著高于800元市场均价。,,"{""estimated_wtp"": 2500, ""reasoning"": ""客户愿意为差异化体验、人力替代和品质感付高溢价，参考高端同类产品定价，且调研显示其支付意愿显著高于800元市场均价。""}",
belief_bench_v1_2026-07-13,ToB_Differentiation_Child,二代接班人,C2_low,2,18732,22478,3000,success,,三位受访者均强调愿意为差异化体验、品质感和人力替代效应支付溢价，且参考高端同类产品定价，远高于市场常见800元基准。,,"{""estimated_wtp"": 3000, ""reasoning"": ""三位受访者均强调愿意为差异化体验、品质感和人力替代效应支付溢价，且参考高端同类产品定价，远高于市场常见800元基准。""}",
belief_bench_v1_2026-07-13,ToB_Differentiation_Child,二代接班人,C2_low,4,18732,22478,2500,success,,客户愿意为差异化体验付溢价，参考高端同类产品定价，且三位受访者均强调'好东西值得花钱'，支付意愿显著高于市场常见价800元。,,"{""estimated_wtp"": 2500, ""reasoning"": ""客户愿意为差异化体验付溢价，参考高端同类产品定价，且三位受访者均强调'好东西值得花钱'，支付意愿显著高于市场常见价800元。""}",
belief_bench_v1_2026-07-13,ToB_Differentiation_Child,二代接班人,C2_low,3,18732,22478,3000,success,,客户愿意为差异化体验、人力替代和品质感支付高溢价，参考高端同类产品定价，且调研显示他们愿为独特性付溢价，但需效果支撑，因此估计为3000元。,,"{""estimated_wtp"": 3000, ""reasoning"": ""客户愿意为差异化体验、人力替代和品质感支付高溢价，参考高端同类产品定价，且调研显示他们愿为独特性付溢价，但需效果支撑，因此估计为3000元。""}",
belief_bench_v1_2026-07-13,ToB_Differentiation_Child,二代接班人,C1,7,18732,22478,15000,success,,用户以人力成本对标，一台设备能省一个助教（每学期开支与中端教学设备相当），且愿意为独特性付溢价，按学期分摊模式暗示单学期支付约5000元，设备使用周期通常为3学期，故总支付意愿约15000元。,,"{""estimated_wtp"": 15000, ""reasoning"": ""用户以人力成本对标，一台设备能省一个助教（每学期开支与中端教学设备相当），且愿意为独特性付溢价，按学期分摊模式暗示单学期支付约5000元，设备使用周期通常为3学期，故总支付意愿约15000元。""}","以下是三份报告中与价格、预算、支付意愿相关的所有句子逐字引用：

**报告 1：ToB_Diff_Child_P1**
- “家长愿意付溢价，但要看效果……儿童哭闹减少、分离焦虑缓解，家长就觉得值。”
- “她提到‘按学期分摊’模式，强调‘一次性投入大……’”
- “她倾向‘按学期分摊’的付费模式——暗示一次性大额采购对她有决策压力。”
- “她强调‘好东西值得花钱’‘用得久比便宜重要’。”

**报告 2：ToB_Diff_Child_P2**
- “他愿意为独特性付溢价，认为‘好东西值得花钱，用得久比便宜重要’。”
- “衡量标准始终是‘比多请一个老师划不划算’。去年机构请了一个兼职助教，每学期开支和一台中端教学设备差不多。”

**报告 3：ToB_Diff_Child_P3**
- “支付需按学期分摊。”
- “一台设备能省一个人力，总部审批才走得通。”
- “受访者强调‘好东西值得花钱，用得久比便宜重要’，投入判断与人力成本对标，注重长期投入产出比，但试用期必须看到对比品质才敢签单。”
- “一台设备能省一个人力，按学期分摊更易通过总部审批。”
- “购买驱动力是‘值得’和‘不一样’。”
- “去年为了翻新图书角花了不少钱——‘家长看到了，觉得我们舍得投入’。”
- “这是一个愿意为独特性付溢价的机构用户。”"
belief_bench_v1_2026-07-13,ToB_Differentiation_Child,二代接班人,C1,8,18732,22478,8000,success,,用户愿意为独特性、效果和人力替代付溢价，对标每学期人力成本约8000元，且接受按学期分摊。,,"{""estimated_wtp"": 8000, ""reasoning"": ""用户愿意为独特性、效果和人力替代付溢价，对标每学期人力成本约8000元，且接受按学期分摊。""}","以下是从三份报告中逐字引用的所有与价格、预算、支付意愿相关的句子：

**报告 1：ToB_Diff_Child_P1**
- “家长愿意付溢价，但要看效果……儿童哭闹减少、分离焦虑缓解，家长就觉得值。”
- “她提到‘按学期分摊’模式，强调‘一次性投入大。’”
- “她提到倾向‘按学期分摊’的付费模式——暗示一次性大额采购对她有决策压力。”
- “她强调‘好东西值得花钱’‘用得久比便宜重要’。”

**报告 2：ToB_Diff_Child_P2**
- “他愿意为独特性付溢价，认为‘好东西值得花钱，用得久比便宜重要’。”
- “他需要能主动互动、减少人力依赖的差异化教学工具，以缓解招聘困难和情绪管理负担。”
- “他倾向于通过试用期评估投入产出比，若产品无法兑现承诺……”
- “衡量标准始终是‘比多请一个老师划不划算’。去年机构请了一个兼职助教，每学期开支和一台中端教学设备差不多。”

**报告 3：ToB_Diff_Child_P3**
- “采购受总部审批约束，支付需按学期分摊。”
- “一台设备能省一个人力，总部审批才走得通。”
- “用户愿为‘不会倒砸’的细节付溢价。”
- “投入判断与人力成本对标，注重长期投入产出比，但试用期必须看到对比品质才敢签单。”
- “一台设备能省一个人力，按学期分摊更易通过总部审批。”
- “她强调‘好东西值得花钱，用得久比便宜重要’。”
- “她愿为差异化体验付溢价，强调‘产品有故事可讲’以让家长觉得机构用心。去年为了翻新图书角花了不少钱——‘家长看到了，觉得我们舍得投入。’”
- “这是一个愿意为独特性付溢价的机构用户。”"
belief_bench_v1_2026-07-13,ToB_Differentiation_Child,二代接班人,C1,9,18732,22478,8000,success,,客户愿为差异化体验付溢价，对标人力成本（每学期助教开支约等于中端教学设备），且倾向按学期分摊，单台设备可省一人力，估算每学期分摊约2000元，总价约8000元。,,"{""estimated_wtp"": 8000, ""reasoning"": ""客户愿为差异化体验付溢价，对标人力成本（每学期助教开支约等于中端教学设备），且倾向按学期分摊，单台设备可省一人力，估算每学期分摊约2000元，总价约8000元。""}","以下是从三份报告中逐字引用的所有与价格、预算、支付意愿相关的句子：

**报告 1：ToB_Diff_Child_P1**
- “家长愿意付溢价，但要看效果……儿童哭闹减少、分离焦虑缓解，家长就觉得值。”
- “机构采购注重对比效果，如‘现有最好的方案’是否被超越。她提到‘按学期分摊’模式，强调‘一次性投入大。”
- “她倾向‘按学期分摊’的付费模式——暗示一次性大额采购对她有决策压力。”
- “她强调‘好东西值得花钱’‘用得久比便宜重要’。”

**报告 2：ToB_Diff_Child_P2**
- “他愿意为独特性付溢价，认为‘好东西值得花钱，用得久比便宜重要’。”
- “他倾向于通过试用期评估投入产出比，若产品无法兑现承诺……”
- “他愿意为差异化体验付溢价，衡量标准始终是‘比多请一个老师划不划算’。去年机构请了一个兼职助教，每学期开支和一台中端教学设备差不多。”

**报告 3：ToB_Diff_Child_P3**
- “采购受总部审批约束，支付需按学期分摊。”
- “一台设备能省一个人力，总部审批才走得通。”
- “受访者强调‘好东西值得花钱，用得久比便宜重要’，投入判断与人力成本对标，注重长期投入产出比，但试用期必须看到对比品质才敢签单。一台设备能省一个人力，按学期分摊更易通过总部审批。”
- “她愿为差异化体验付溢价，强调‘产品有故事可讲’以让家长觉得机构用心。去年为了翻新图书角花了不少钱——‘家长看到了，觉得我们舍得投入’。”"
belief_bench_v1_2026-07-13,ToB_Differentiation_Child,二代接班人,C2_low,5,18732,22478,1200,success,,三位受访者均强调愿意为差异化体验付溢价，参考高端同类产品定价800元，结合其高支付意愿和品质感需求，估计支付意愿为1200元。,,"{""estimated_wtp"": 1200, ""reasoning"": ""三位受访者均强调愿意为差异化体验付溢价，参考高端同类产品定价800元，结合其高支付意愿和品质感需求，估计支付意愿为1200元。""}",
belief_bench_v1_2026-07-13,ToB_Differentiation_Child,二代接班人,C1,10,18732,22478,8000,success,,客户愿意为独特性、效果和长期价值付溢价，并与人力成本对标，一台设备能省一个兼职助教每学期开支，约8000元。,,"{""estimated_wtp"": 8000, ""reasoning"": ""客户愿意为独特性、效果和长期价值付溢价，并与人力成本对标，一台设备能省一个兼职助教每学期开支，约8000元。""}","根据您的要求，以下是三份报告中与价格、预算、支付意愿相关的所有句子的逐字引用：

**报告 1：ToB_Diff_Child_P1**
- “家长愿意付溢价，但要看效果……儿童哭闹减少、分离焦虑缓解，家长就觉得值。”
- “机构采购注重对比效果，如‘现有最好的方案’是否被超越。她提到‘按学期分摊’模式，强调‘一次性投入大。”
- “她倾向‘按学期分摊’的付费模式——暗示一次性大额采购对她有决策压力。”
- “她强调‘好东西值得花钱’‘用得久比便宜重要’。”

**报告 2：ToB_Diff_Child_P2**
- “他愿意为独特性付溢价，认为‘好东西值得花钱，用得久比便宜重要’。”
- “他需要能主动互动、缓解孩子情绪的工具，以降低安全事故。”
- “他倾向于通过试用期评估投入产出比，若产品无法兑现承诺。”
- “衡量标准始终是‘比多请一个老师划不划算’。去年机构请了一个兼职助教，每学期开支和一台中端教学设备差不多。”

**报告 3：ToB_Diff_Child_P3**
- “采购受总部审批约束，支付需按学期分摊。”
- “一台设备能省一个人力，总部审批才走得通。”
- “用户愿为‘不会倒砸’的细节付溢价。”
- “受访者强调‘好东西值得花钱，用得久比便宜重要’，投入判断与人力成本对标，注重长期投入产出比，但试用期必须看到对比品质才敢签单。”
- “一台设备能省一个人力，按学期分摊更易通过总部审批。”
- “她愿为差异化体验付溢价，强调‘产品有故事可讲’以让家长觉得机构用心。去年为了翻新图书角花了不少钱——‘家长看到了，觉得我们舍得投入’。”
- “这是一个愿意为独特性付溢价的机构用户。”"
belief_bench_v1_2026-07-13,ToB_Differentiation_Child,二代接班人,C2_low,6,18732,22478,2000,success,,该客群愿意为差异化体验付溢价，对标高端同类产品，且以人力成本为参照，一台设备省一个人力每学期开支约2000元。,,"{""estimated_wtp"": 2000, ""reasoning"": ""该客群愿意为差异化体验付溢价，对标高端同类产品，且以人力成本为参照，一台设备省一个人力每学期开支约2000元。""}",
belief_bench_v1_2026-07-13,ToB_Differentiation_Child,二代接班人,C2_low,7,18732,22478,2400,success,,三位受访者均强调愿为差异化体验付溢价，对标人力成本（每学期开支与一台中端教学设备相当），且市场常见定价800元，高端定位可支撑约3倍溢价。,,"{""estimated_wtp"": 2400, ""reasoning"": ""三位受访者均强调愿为差异化体验付溢价，对标人力成本（每学期开支与一台中端教学设备相当），且市场常见定价800元，高端定位可支撑约3倍溢价。""}",
belief_bench_v1_2026-07-13,ToB_Differentiation_Child,二代接班人,C2_low,8,18732,22478,3000,success,,客群愿意为差异化体验、人力替代和品质感付溢价，参考高端同类产品定价，且三位受访者均强调'好东西值得花钱'，支付意愿显著高于800元市场均价。,,"{""estimated_wtp"": 3000, ""reasoning"": ""客群愿意为差异化体验、人力替代和品质感付溢价，参考高端同类产品定价，且三位受访者均强调'好东西值得花钱'，支付意愿显著高于800元市场均价。""}",
belief_bench_v1_2026-07-13,ToB_Differentiation_Child,二代接班人,C2_low,9,18732,22478,3000,success,,综合三位受访者均愿为差异化体验付溢价、对标人力成本（每学期开支约等于一台中端设备）且参考高端同类产品定价，估计支付意愿约为3000元。,,"{""estimated_wtp"": 3000, ""reasoning"": ""综合三位受访者均愿为差异化体验付溢价、对标人力成本（每学期开支约等于一台中端设备）且参考高端同类产品定价，估计支付意愿约为3000元。""}",
belief_bench_v1_2026-07-13,ToB_Differentiation_Child,二代接班人,C2_low,10,18732,22478,3000,success,,客户愿意为差异化体验和人力替代付高溢价，参考高端同类产品定价，且三位受访者均强调'好东西值得花钱'，支付意愿显著高于800元市场均价。,,"{""estimated_wtp"": 3000, ""reasoning"": ""客户愿意为差异化体验和人力替代付高溢价，参考高端同类产品定价，且三位受访者均强调'好东西值得花钱'，支付意愿显著高于800元市场均价。""}",
belief_bench_v1_2026-07-13,ToB_Differentiation_Child,二代接班人,C2_high,1,18732,22478,18000,success,,客群愿意为差异化体验付溢价，参考高端同类产品定价12000元，结合其高品牌优先级和人力成本对标，估计支付意愿为18000元。,,"{""estimated_wtp"": 18000, ""reasoning"": ""客群愿意为差异化体验付溢价，参考高端同类产品定价12000元，结合其高品牌优先级和人力成本对标，估计支付意愿为18000元。""}",
belief_bench_v1_2026-07-13,ToB_Differentiation_Child,二代接班人,C2_high,2,18732,22478,18000,success,,三位受访者均强调愿意为差异化体验、品质感和人力替代效果付溢价，参考高端同类产品定价12000元，结合其高支付意愿和按学期分摊的采购模式，估计支付意愿上浮至18000元。,,"{""estimated_wtp"": 18000, ""reasoning"": ""三位受访者均强调愿意为差异化体验、品质感和人力替代效果付溢价，参考高端同类产品定价12000元，结合其高支付意愿和按学期分摊的采购模式，估计支付意愿上浮至18000元。""}",
belief_bench_v1_2026-07-13,ToB_Differentiation_Child,二代接班人,C2_high,4,18732,22478,24000,success,,客户愿意为差异化体验付溢价，对标人力成本且认同按学期分摊模式，高端定位可支撑价格翻倍。,,"{""estimated_wtp"": 24000, ""reasoning"": ""客户愿意为差异化体验付溢价，对标人力成本且认同按学期分摊模式，高端定位可支撑价格翻倍。""}",
belief_bench_v1_2026-07-13,ToB_Differentiation_Child,二代接班人,C2_high,3,18732,22478,18000,success,,客群愿意为差异化体验、人力替代和品质感付溢价，参考高端同类产品定价12000元，结合其高支付意愿和按学期分摊模式，估计支付意愿为18000元。,,"{""estimated_wtp"": 18000, ""reasoning"": ""客群愿意为差异化体验、人力替代和品质感付溢价，参考高端同类产品定价12000元，结合其高支付意愿和按学期分摊模式，估计支付意愿为18000元。""}",
belief_bench_v1_2026-07-13,ToB_Differentiation_Child,二代接班人,C2_high,5,18732,22478,18000,success,,客户愿意为差异化体验和人力替代效果付溢价，参考高端同类产品定价12000元，结合其高支付意愿和按学期分摊模式，估计支付意愿为18000元。,,"{""estimated_wtp"": 18000, ""reasoning"": ""客户愿意为差异化体验和人力替代效果付溢价，参考高端同类产品定价12000元，结合其高支付意愿和按学期分摊模式，估计支付意愿为18000元。""}",
belief_bench_v1_2026-07-13,ToB_Differentiation_Child,二代接班人,C2_high,7,18732,22478,15000,success,,客群愿意为差异化体验付溢价，参考高端同类产品定价12000元，结合其高容忍度和品牌优先目标，估计支付意愿为15000元。,,"{""estimated_wtp"": 15000, ""reasoning"": ""客群愿意为差异化体验付溢价，参考高端同类产品定价12000元，结合其高容忍度和品牌优先目标，估计支付意愿为15000元。""}",
belief_bench_v1_2026-07-13,ToB_Differentiation_Child,二代接班人,C2_high,6,18732,22478,18000,success,,三位受访者均表达愿为差异化体验付溢价，参考高端同类产品定价12000元，结合其高支付意愿和按学期分摊的决策模式，估计支付意愿上浮50%至18000元。,,"{""estimated_wtp"": 18000, ""reasoning"": ""三位受访者均表达愿为差异化体验付溢价，参考高端同类产品定价12000元，结合其高支付意愿和按学期分摊的决策模式，估计支付意愿上浮50%至18000元。""}",
belief_bench_v1_2026-07-13,ToB_Differentiation_Child,二代接班人,C3,3,18732,22478,,EXTRACTION_MISS,anchors array is empty,,[],"{""anchors"": []}",
belief_bench_v1_2026-07-13,ToB_Differentiation_Child,二代接班人,C3,1,18732,22478,,EXTRACTION_MISS,anchors array is empty,,[],"{""anchors"": []}",
belief_bench_v1_2026-07-13,ToB_Differentiation_Child,二代接班人,C2_high,9,18732,22478,18000,success,,客群愿意为差异化体验付溢价，参考高端同类产品定价12000元，结合其支付意愿高、按学期分摊模式及人力替代价值，估计支付意愿为18000元。,,"{""estimated_wtp"": 18000, ""reasoning"": ""客群愿意为差异化体验付溢价，参考高端同类产品定价12000元，结合其支付意愿高、按学期分摊模式及人力替代价值，估计支付意愿为18000元。""}",
belief_bench_v1_2026-07-13,ToB_Differentiation_Child,二代接班人,C2_high,10,18732,22478,18000,success,,客户愿为差异化体验、人力替代和品质感付溢价，且参考高端同类产品定价，高于市场常见价12000元。,,"{""estimated_wtp"": 18000, ""reasoning"": ""客户愿为差异化体验、人力替代和品质感付溢价，且参考高端同类产品定价，高于市场常见价12000元。""}",
belief_bench_v1_2026-07-13,ToB_Differentiation_Child,二代接班人,C2_high,8,18732,22478,18000,success,,客群愿意为差异化体验付溢价，参考高端同类产品定价12000元，且三位受访者均强调‘好东西值得花钱’，结合其高品牌优先级和人力成本对标逻辑，支付意愿可上浮50%至18000元。,,"{""estimated_wtp"": 18000, ""reasoning"": ""客群愿意为差异化体验付溢价，参考高端同类产品定价12000元，且三位受访者均强调‘好东西值得花钱’，结合其高品牌优先级和人力成本对标逻辑，支付意愿可上浮50%至18000元。""}",
belief_bench_v1_2026-07-13,ToB_Differentiation_Child,二代接班人,C3,2,18732,22478,0,success,,由报告锚点加权中位数及冻结 persona 变换确定性合成,"[{""quote"":""去年机构请了一个兼职助教，每学期开支和一台中端教学设备差不多。"",""value_yuan"":0,""type"":""参考价""},{""quote"":""一台设备能省一个人力，按学期分摊更易通过总部审批。"",""value_yuan"":0,""type"":""审批门槛""},{""quote"":""去年为了翻新图书角花了不少钱"",""value_yuan"":0,""type"":""参考价""}]","{""anchors"": [{""quote"": ""去年机构请了一个兼职助教，每学期开支和一台中端教学设备差不多。"", ""value_yuan"": null, ""type"": ""参考价""}, {""quote"": ""一台设备能省一个人力，按学期分摊更易通过总部审批。"", ""value_yuan"": null, ""type"": ""审批门槛""}, {""quote"": ""去年为了翻新图书角花了不少钱"", ""value_yuan"": null, ""type"": ""参考价""}]}",
belief_bench_v1_2026-07-13,ToB_Differentiation_Child,二代接班人,C3,6,18732,22478,,EXTRACTION_MISS,anchors array is empty,,[],"{""anchors"": []}",
belief_bench_v1_2026-07-13,ToB_Differentiation_Child,二代接班人,C3,5,18732,22478,,EXTRACTION_MISS,anchors array is empty,,[],"{""anchors"": []}",
belief_bench_v1_2026-07-13,ToB_Differentiation_Child,二代接班人,C3,7,18732,22478,,EXTRACTION_MISS,anchors array is empty,,[],"{""anchors"": []}",
belief_bench_v1_2026-07-13,ToB_Differentiation_Child,二代接班人,C3,4,18732,22478,,EXTRACTION_MISS,anchors array is empty,,[],"{""anchors"": []}",
belief_bench_v1_2026-07-13,ToB_Differentiation_Child,二代接班人,C3,8,18732,22478,,EXTRACTION_MISS,anchors array is empty,,[],"{""anchors"": []}",
belief_bench_v1_2026-07-13,ToB_Differentiation_Child,二代接班人,C3,9,18732,22478,,EXTRACTION_MISS,anchors array is empty,,[],"{""anchors"": []}",
belief_bench_v1_2026-07-13,ToB_Differentiation_Child,二代接班人,C3,10,18732,22478,0,success,,由报告锚点加权中位数及冻结 persona 变换确定性合成,"[{""quote"":""她提到倾向'按学期分摊'的付费模式——暗示一次性大额采购对她有决策压力"",""value_yuan"":0,""type"":""参考价""},{""quote"":""去年机构请了一个兼职助教，每学期开支和一台中端教学设备差不多"",""value_yuan"":0,""type"":""参考价""},{""quote"":""一台设备能省一个人力，按学期分摊更易通过总部审批"",""value_yuan"":0,""type"":""审批门槛""},{""quote"":""去年为了翻新图书角花了不少钱"",""value_yuan"":0,""type"":""参考价""}]","{""anchors"": [{""quote"": ""她提到倾向'按学期分摊'的付费模式——暗示一次性大额采购对她有决策压力"", ""value_yuan"": null, ""type"": ""参考价""}, {""quote"": ""去年机构请了一个兼职助教，每学期开支和一台中端教学设备差不多"", ""value_yuan"": null, ""type"": ""参考价""}, {""quote"": ""一台设备能省一个人力，按学期分摊更易通过总部审批"", ""value_yuan"": null, ""type"": ""审批门槛""}, {""quote"": ""去年为了翻新图书角花了不少钱"", ""value_yuan"": null, ""type"": ""参考价""}]}",
belief_bench_v1_2026-07-13,ToB_Differentiation_Child,草根老板,C0_leaked,1,18732,22478,4500,success,,三位受访者均强调愿意为差异化体验付溢价，且对标人力成本（如兼职助教每学期开支），结合原模板示例区间，取中上值4500元。,,"{""estimated_wtp"": 4500, ""reasoning"": ""三位受访者均强调愿意为差异化体验付溢价，且对标人力成本（如兼职助教每学期开支），结合原模板示例区间，取中上值4500元。""}",
belief_bench_v1_2026-07-13,ToB_Differentiation_Child,草根老板,C0_leaked,2,18732,22478,3500,success,,三位受访者均愿意为差异化体验和人力替代支付溢价，但一次性大额采购有决策压力，结合调研中提到的'按学期分摊'和'一台设备省一个人力'的对比，合理估计支付意愿在3000-4000元区间，取中值3500元。,,"{""estimated_wtp"": 3500, ""reasoning"": ""三位受访者均愿意为差异化体验和人力替代支付溢价，但一次性大额采购有决策压力，结合调研中提到的'按学期分摊'和'一台设备省一个人力'的对比，合理估计支付意愿在3000-4000元区间，取中值3500元。""}",
belief_bench_v1_2026-07-13,ToB_Differentiation_Child,草根老板,C0_leaked,3,18732,22478,3500,success,,三位受访者均强调愿意为差异化体验付溢价，且对标人力成本（如兼职助教每学期开支），结合调研员备注中‘好东西值得花钱，用得久比便宜重要’的共识，支付意愿落在原模板示例区间中位附近。,,"{""estimated_wtp"": 3500, ""reasoning"": ""三位受访者均强调愿意为差异化体验付溢价，且对标人力成本（如兼职助教每学期开支），结合调研员备注中‘好东西值得花钱，用得久比便宜重要’的共识，支付意愿落在原模板示例区间中位附近。""}",
belief_bench_v1_2026-07-13,ToB_Differentiation_Child,草根老板,C0_leaked,5,18732,22478,3500,success,,三位受访者均强调愿意为差异化体验付溢价，但受总部审批和按学期分摊压力，支付意愿集中在3000-4000元区间，取中位值3500元。,,"{""estimated_wtp"": 3500, ""reasoning"": ""三位受访者均强调愿意为差异化体验付溢价，但受总部审批和按学期分摊压力，支付意愿集中在3000-4000元区间，取中位值3500元。""}",
belief_bench_v1_2026-07-13,ToB_Differentiation_Child,草根老板,C0_leaked,4,18732,22478,4000,success,,三位受访者均强调愿意为差异化体验付溢价，但采购决策受总部审批和人力成本对标约束，按学期分摊模式暗示一次性支付压力，结合调研员备注中‘一台中端教学设备’的类比，支付意愿落在3000-5000元区间，取中间值4000元。,,"{""estimated_wtp"": 4000, ""reasoning"": ""三位受访者均强调愿意为差异化体验付溢价，但采购决策受总部审批和人力成本对标约束，按学期分摊模式暗示一次性支付压力，结合调研员备注中‘一台中端教学设备’的类比，支付意愿落在3000-5000元区间，取中间值4000元。""}",
belief_bench_v1_2026-07-13,ToB_Differentiation_Child,草根老板,C0_leaked,6,18732,22478,4500,success,,三位受访者均强调愿意为差异化体验付溢价，对标人力成本（兼职助教每学期开支与中端教学设备相当），且倾向按学期分摊支付，结合原模板示例区间，取中上值4500元。,,"{""estimated_wtp"": 4500, ""reasoning"": ""三位受访者均强调愿意为差异化体验付溢价，对标人力成本（兼职助教每学期开支与中端教学设备相当），且倾向按学期分摊支付，结合原模板示例区间，取中上值4500元。""}",
belief_bench_v1_2026-07-13,ToB_Differentiation_Child,草根老板,C0_leaked,8,18732,22478,6000,success,,三位受访者均强调愿意为差异化体验付溢价，且对标人力成本（兼职助教每学期开支约等于中端教学设备），结合调研员备注中‘好东西值得花钱，用得久比便宜重要’的表述，支付意愿高于原模板示例上限。,,"{""estimated_wtp"": 6000, ""reasoning"": ""三位受访者均强调愿意为差异化体验付溢价，且对标人力成本（兼职助教每学期开支约等于中端教学设备），结合调研员备注中‘好东西值得花钱，用得久比便宜重要’的表述，支付意愿高于原模板示例上限。""}",
belief_bench_v1_2026-07-13,ToB_Differentiation_Child,草根老板,C0_leaked,9,18732,22478,4000,success,,三位受访者均强调愿意为差异化体验付溢价，且对标人力成本（如兼职助教每学期开支与中端教学设备相当），结合原模板示例区间，取中位数4000元作为合理估计。,,"{""estimated_wtp"": 4000, ""reasoning"": ""三位受访者均强调愿意为差异化体验付溢价，且对标人力成本（如兼职助教每学期开支与中端教学设备相当），结合原模板示例区间，取中位数4000元作为合理估计。""}",
belief_bench_v1_2026-07-13,ToB_Differentiation_Child,草根老板,C0_leaked,7,18732,22478,4500,success,,"三位受访者均强调愿意为差异化体验付溢价，对标人力成本（如兼职助教每学期开支与中端教学设备相当），且调研员备注中提及'好东西值得花钱，用得久比便宜重要'，结合原始模板锚点区间[3000,5000]，取中上值4500元。",,"{""estimated_wtp"": 4500, ""reasoning"": ""三位受访者均强调愿意为差异化体验付溢价，对标人力成本（如兼职助教每学期开支与中端教学设备相当），且调研员备注中提及'好东西值得花钱，用得久比便宜重要'，结合原始模板锚点区间[3000,5000]，取中上值4500元。""}",
belief_bench_v1_2026-07-13,ToB_Differentiation_Child,草根老板,C0_leaked,10,18732,22478,3500,success,,三位受访者均强调愿意为差异化体验付溢价，但支付受按学期分摊模式约束，且对标人力成本（约等于一个兼职助教每学期开支），综合其‘好东西值得花钱’态度与对一次性大额采购的决策压力，估计支付意愿在3000-4000元区间，取中值3500元。,,"{""estimated_wtp"": 3500, ""reasoning"": ""三位受访者均强调愿意为差异化体验付溢价，但支付受按学期分摊模式约束，且对标人力成本（约等于一个兼职助教每学期开支），综合其‘好东西值得花钱’态度与对一次性大额采购的决策压力，估计支付意愿在3000-4000元区间，取中值3500元。""}",
belief_bench_v1_2026-07-13,ToB_Differentiation_Child,草根老板,C0_clean,1,18732,22478,15000,success,,综合三位受访者均愿为差异化体验付溢价，且投入对标人力成本（每学期兼职助教开支约15000元），按学期分摊模式可支撑此价位。,,"{""estimated_wtp"": 15000, ""reasoning"": ""综合三位受访者均愿为差异化体验付溢价，且投入对标人力成本（每学期兼职助教开支约15000元），按学期分摊模式可支撑此价位。""}",
belief_bench_v1_2026-07-13,ToB_Differentiation_Child,草根老板,C0_clean,2,18732,22478,8000,success,,综合三位受访者均愿为差异化体验和人力替代价值付溢价，且对标兼职助教每学期开支约8000元，按学期分摊模式可接受此价位。,,"{""estimated_wtp"": 8000, ""reasoning"": ""综合三位受访者均愿为差异化体验和人力替代价值付溢价，且对标兼职助教每学期开支约8000元，按学期分摊模式可接受此价位。""}",
belief_bench_v1_2026-07-13,ToB_Differentiation_Child,草根老板,C0_clean,3,18732,22478,5000,success,,综合三位受访者强调的‘按学期分摊’、‘与人力成本对标’（每学期约等于一个兼职助教开支）以及愿意为差异化体验付溢价的倾向，估计支付意愿在4000-6000元区间，取中值5000元。,,"{""estimated_wtp"": 5000, ""reasoning"": ""综合三位受访者强调的‘按学期分摊’、‘与人力成本对标’（每学期约等于一个兼职助教开支）以及愿意为差异化体验付溢价的倾向，估计支付意愿在4000-6000元区间，取中值5000元。""}",
belief_bench_v1_2026-07-13,ToB_Differentiation_Child,草根老板,C0_clean,4,18732,22478,15000,success,,综合三份报告，客户愿为差异化体验付溢价，支付意愿对标人力成本（约一个兼职助教每学期开支），且倾向按学期分摊，一次性投入约15000元可被接受。,,"{""estimated_wtp"": 15000, ""reasoning"": ""综合三份报告，客户愿为差异化体验付溢价，支付意愿对标人力成本（约一个兼职助教每学期开支），且倾向按学期分摊，一次性投入约15000元可被接受。""}",
belief_bench_v1_2026-07-13,ToB_Differentiation_Child,草根老板,C0_clean,7,18732,22478,8000,success,,综合三份报告，客户愿为替代人力、差异化体验和品质感付溢价，对标兼职助教每学期开支，按学期分摊模式可接受一次性投入约8000元。,,"{""estimated_wtp"": 8000, ""reasoning"": ""综合三份报告，客户愿为替代人力、差异化体验和品质感付溢价，对标兼职助教每学期开支，按学期分摊模式可接受一次性投入约8000元。""}",
belief_bench_v1_2026-07-13,ToB_Differentiation_Child,草根老板,C0_clean,5,18732,22478,8000,success,,综合三位受访者均愿为差异化体验付溢价且对标人力成本（每学期约8000元），按学期分摊模式可接受此价格。,,"{""estimated_wtp"": 8000, ""reasoning"": ""综合三位受访者均愿为差异化体验付溢价且对标人力成本（每学期约8000元），按学期分摊模式可接受此价格。""}",
belief_bench_v1_2026-07-13,ToB_Differentiation_Child,草根老板,C0_clean,6,18732,22478,8000,success,,综合三位受访者均强调'按学期分摊'模式、与人力成本对标（每学期约等于一个兼职助教开支），且愿为差异化体验付溢价，但一次性大额采购有决策压力，因此估计支付意愿在8000元左右。,,"{""estimated_wtp"": 8000, ""reasoning"": ""综合三位受访者均强调'按学期分摊'模式、与人力成本对标（每学期约等于一个兼职助教开支），且愿为差异化体验付溢价，但一次性大额采购有决策压力，因此估计支付意愿在8000元左右。""}",
belief_bench_v1_2026-07-13,ToB_Differentiation_Child,草根老板,C0_clean,8,18732,22478,8000,success,,综合三份报告，机构用户愿为替代人力（每学期约等于一个兼职助教成本）及差异化体验付溢价，按学期分摊模式可接受一次性投入约8000元。,,"{""estimated_wtp"": 8000, ""reasoning"": ""综合三份报告，机构用户愿为替代人力（每学期约等于一个兼职助教成本）及差异化体验付溢价，按学期分摊模式可接受一次性投入约8000元。""}",
belief_bench_v1_2026-07-13,ToB_Differentiation_Child,草根老板,C0_clean,9,18732,22478,8000,success,,综合三位受访者均愿为差异化体验付溢价、与人力成本对标（每学期约等于一名兼职助教开支）以及按学期分摊的支付模式，估计支付意愿在8000元左右。,,"{""estimated_wtp"": 8000, ""reasoning"": ""综合三位受访者均愿为差异化体验付溢价、与人力成本对标（每学期约等于一名兼职助教开支）以及按学期分摊的支付模式，估计支付意愿在8000元左右。""}",
belief_bench_v1_2026-07-13,ToB_Differentiation_Child,草根老板,C0_clean,10,18732,22478,8000,success,,综合三位受访者均强调‘按学期分摊’模式且对标人力成本（每学期约与一台中端设备相当），结合他们对品质感、安全性和差异化体验的溢价意愿，估算单台支付意愿在8000元左右。,,"{""estimated_wtp"": 8000, ""reasoning"": ""综合三位受访者均强调‘按学期分摊’模式且对标人力成本（每学期约与一台中端设备相当），结合他们对品质感、安全性和差异化体验的溢价意愿，估算单台支付意愿在8000元左右。""}",
belief_bench_v1_2026-07-13,ToB_Differentiation_Child,草根老板,C1,2,18732,22478,5000,success,,用户愿意为差异化体验和长期使用价值付溢价，且对标人力成本（每学期兼职助教开支约等于一台中端教学设备），按学期分摊模式表明一次性支付压力在5000元左右。,,"{""estimated_wtp"": 5000, ""reasoning"": ""用户愿意为差异化体验和长期使用价值付溢价，且对标人力成本（每学期兼职助教开支约等于一台中端教学设备），按学期分摊模式表明一次性支付压力在5000元左右。""}","以下是从三份报告中逐字引用的所有与价格、预算、支付意愿相关的句子：

**报告 1：ToB_Diff_Child_P1**
- “家长愿意付溢价，但要看效果……儿童哭闹减少、分离焦虑缓解，家长就觉得值。”
- “机构采购注重对比效果，如‘现有最好的方案’是否被超越。”
- “她提到‘按学期分摊’模式，强调‘一次性投入大。’”
- “她倾向‘按学期分摊’的付费模式——暗示一次性大额采购对她有决策压力。”
- “她强调‘好东西值得花钱’‘用得久比便宜重要’。”

**报告 2：ToB_Diff_Child_P2**
- “他愿意为独特性付溢价，认为‘好东西值得花钱，用得久比便宜重要’。”
- “他愿意为差异化体验付溢价，衡量标准始终是‘比多请一个老师划不划算’。”
- “去年机构请了一个兼职助教，每学期开支和一台中端教学设备差不多。”

**报告 3：ToB_Diff_Child_P3**
- “采购受总部审批约束，支付需按学期分摊。”
- “一台设备能省一个人力，总部审批才走得通。”
- “他愿为‘不会倒砸’的细节付溢价。”
- “受访者强调‘好东西值得花钱，用得久比便宜重要’，投入判断与人力成本对标，注重长期投入产出比，但试用期必须看到对比品质才敢签单。”
- “一台设备能省一个人力，按学期分摊更易通过总部审批。”
- “购买驱动力是‘值得’和‘不一样’。”
- “她愿为差异化体验付溢价，强调‘产品有故事可讲’以让家长觉得机构用心。”
- “去年为了翻新图书角花了不少钱——‘家长看到了，觉得我们舍得投入。’”
- “这是一个愿意为独特性付溢价的机构用户。”"
belief_bench_v1_2026-07-13,ToB_Differentiation_Child,草根老板,C1,1,18732,22478,3000,success,,家长愿为效果付溢价，对标人力成本（每学期请兼职助教开支与中端教学设备相当），且倾向按学期分摊以降低决策压力。,,"{""estimated_wtp"": 3000, ""reasoning"": ""家长愿为效果付溢价，对标人力成本（每学期请兼职助教开支与中端教学设备相当），且倾向按学期分摊以降低决策压力。""}","根据您的要求，以下是从三份报告中逐字引用的所有与价格、预算、支付意愿相关的句子：

**报告 1：ToB_Diff_Child_P1**
- “家长愿意付溢价，但要看效果……儿童哭闹减少、分离焦虑缓解，家长就觉得值。”
- “她提到‘按学期分摊’模式，强调‘一次性投入大。’”
- “她倾向‘按学期分摊’的付费模式——暗示一次性大额采购对她有决策压力。”
- “她强调‘好东西值得花钱’‘用得久比便宜重要’。”

**报告 2：ToB_Diff_Child_P2**
- “他愿意为独特性付溢价，认为‘好东西值得花钱，用得久比便宜重要’。”
- “他倾向于通过试用期评估投入产出比，若产品无法兑现承诺。”
- “衡量标准始终是‘比多请一个老师划不划算’。去年机构请了一个兼职助教，每学期开支和一台中端教学设备差不多。”

**报告 3：ToB_Diff_Child_P3**
- “采购受总部审批约束，支付需按学期分摊。”
- “一台设备能省一个人力，总部审批才走得通。”
- “受访者愿为‘别人没有’的做工和细节付溢价。”
- “受访者强调‘好东西值得花钱，用得久比便宜重要’，投入判断与人力成本对标，注重长期投入产出比，但试用期必须看到对比品质才敢签单。”
- “一台设备能省一个人力，按学期分摊更易通过总部审批。”
- “她愿为差异化体验付溢价，强调‘产品有故事可讲’以让家长觉得机构用心。去年为了翻新图书角花了不少钱——‘家长看到了，觉得我们舍得投入。’”"
belief_bench_v1_2026-07-13,ToB_Differentiation_Child,草根老板,C1,5,18732,22478,3000,success,,家长愿为效果付溢价，对标人力成本（每学期助教开支约3000元），且倾向按学期分摊，强调长期价值。,,"{""estimated_wtp"": 3000, ""reasoning"": ""家长愿为效果付溢价，对标人力成本（每学期助教开支约3000元），且倾向按学期分摊，强调长期价值。""}","以下是从三份报告中逐字引用的所有与价格、预算、支付意愿相关的句子：

**报告 1：ToB_Diff_Child_P1**
- “家长愿意付溢价，但要看效果……儿童哭闹减少、分离焦虑缓解，家长就觉得值。”
- “她提到‘按学期分摊’模式，强调‘一次性投入大。”
- “她倾向‘按学期分摊’的付费模式——暗示一次性大额采购对她有决策压力。”
- “她强调‘好东西值得花钱’‘用得久比便宜重要’。”

**报告 2：ToB_Diff_Child_P2**
- “他愿意为独特性付溢价，认为‘好东西值得花钱，用得久比便宜重要’。”
- “衡量标准始终是‘比多请一个老师划不划算’。去年机构请了一个兼职助教，每学期开支和一台中端教学设备差不多。”

**报告 3：ToB_Diff_Child_P3**
- “支付需按学期分摊。”
- “一台设备能省一个人力，总部审批才走得通。”
- “愿为‘别人没有’的做工和细节付溢价。”
- “受访者强调‘好东西值得花钱，用得久比便宜重要’，投入判断与人力成本对标，注重长期投入产出比，但试用期必须看到对比品质才敢签单。”
- “一台设备能省一个人力，按学期分摊更易通过总部审批。”
- “她愿为差异化体验付溢价。”
- “去年为了翻新图书角花了不少钱——‘家长看到了，觉得我们舍得投入’。”"
belief_bench_v1_2026-07-13,ToB_Differentiation_Child,草根老板,C1,3,18732,22478,2000,success,,引文显示客户将设备成本与兼职助教每学期开支对标，并强调按学期分摊模式，暗示单台设备价格约等于助教一学期成本，估算为2000元。,,"{""estimated_wtp"": 2000, ""reasoning"": ""引文显示客户将设备成本与兼职助教每学期开支对标，并强调按学期分摊模式，暗示单台设备价格约等于助教一学期成本，估算为2000元。""}","根据您的要求，以下是三份报告中所有与价格、预算、支付意愿相关的句子的逐字引用：

**报告 1：ToB_Diff_Child_P1**
- “机构需通过工具降低老师情绪管理负担，减少因哭闹和分离焦虑导致的转园。”
- “她提到‘按学期分摊’模式，强调‘一次性投入大。’”
- “她提到倾向‘按学期分摊’的付费模式——暗示一次性大额采购对她有决策压力。”
- “她强调‘好东西值得花钱’‘用得久比便宜重要’，但机。”

**报告 2：ToB_Diff_Child_P2**
- “他愿意为独特性付溢价，认为‘好东西值得花钱，用得久比便宜重要’，关注能体现品质感和细节的解决方案。”
- “他需要能主动互动、减少人力依赖的差异化教学工具，以缓解招聘困难和情绪管理负担。”
- “去年机构请了一个兼职助教，每学期开支和一台中端教学设备差不多。”

**报告 3：ToB_Diff_Child_P3**
- “采购受总部审批约束，支付需按学期分摊。”
- “一台设备能省一个人力，总部审批才走得通。”
- “他愿为‘不会倒砸’的细节付溢价。”
- “投入判断与人力成本对标，注重长期投入产出比，但试用期必须看到对比品质才敢签单。一台设备能省一个人力，按学期分摊更易通过总部审批。”
- “购买驱动力是‘值得’和‘不一样’，追求独特以在机构市场中脱颖而出。”
- “她愿为差异化体验付溢价，强调‘产品有故事可讲’以让家长觉得机构用心。去年为了翻新图书角花了不少钱——‘家长看到了，觉得我们舍得投入’。”"
belief_bench_v1_2026-07-13,ToB_Differentiation_Child,草根老板,C1,4,18732,22478,3000,success,,用户强调按学期分摊、与人力成本对标（如兼职助教每学期开支），且愿为效果和独特性付溢价，估算单台设备价格约3000元。,,"{""estimated_wtp"": 3000, ""reasoning"": ""用户强调按学期分摊、与人力成本对标（如兼职助教每学期开支），且愿为效果和独特性付溢价，估算单台设备价格约3000元。""}","以下是从三份报告中逐字引用的所有与价格、预算、支付意愿相关的句子：

**报告 1：ToB_Diff_Child_P1**
- “家长愿意付溢价，但要看效果……儿童哭闹减少、分离焦虑缓解，家长就觉得值。”
- “机构采购注重对比效果，如‘现有最好的方案’是否被超越。”
- “她提到‘按学期分摊’模式，强调‘一次性投入大。’”
- “她倾向‘按学期分摊’的付费模式——暗示一次性大额采购对她有决策压力。”
- “她强调‘好东西值得花钱’‘用得久比便宜重要’。”

**报告 2：ToB_Diff_Child_P2**
- “他愿意为独特性付溢价，认为‘好东西值得花钱，用得久比便宜重要’。”
- “他需要能主动互动、缓解孩子情绪的工具，以降低安全事故。”
- “他倾向于通过试用期评估投入产出比，若产品无法兑现承诺……”
- “衡量标准始终是‘比多请一个老师划不划算’。去年机构请了一个兼职助教，每学期开支和一台中端教学设备差不多。”

**报告 3：ToB_Diff_Child_P3**
- “采购受总部审批约束，支付需按学期分摊。”
- “一台设备能省一个人力，总部审批才走得通。”
- “用户愿为‘不会倒砸’的细节付溢价。”
- “受访者强调‘好东西值得花钱，用得久比便宜重要’，投入判断与人力成本对标，注重长期投入产出比，但试用期必须看到对比品质才敢签单。”
- “一台设备能省一个人力，按学期分摊更易通过总部审批。”
- “她愿为差异化体验付溢价，强调‘产品有故事可讲’以让家长觉得机构用心。去年为了翻新图书角花了不少钱——‘家长看到了，觉得我们舍得投入。’”
- “这是一个愿意为独特性付溢价的机构用户。”"
belief_bench_v1_2026-07-13,ToB_Differentiation_Child,草根老板,C1,6,18732,22478,8000,success,,用户将设备成本与人力成本对标，一台设备能省一个人力，兼职助教每学期开支与中端教学设备相当，且愿意为效果和独特性付溢价，结合按学期分摊的决策模式，估计单台设备支付意愿在8000元左右。,,"{""estimated_wtp"": 8000, ""reasoning"": ""用户将设备成本与人力成本对标，一台设备能省一个人力，兼职助教每学期开支与中端教学设备相当，且愿意为效果和独特性付溢价，结合按学期分摊的决策模式，估计单台设备支付意愿在8000元左右。""}","以下是从三份报告中逐字引用的所有与价格、预算、支付意愿相关的句子：

**报告 1：ToB_Diff_Child_P1**
- “家长愿意付溢价，但要看效果……儿童哭闹减少、分离焦虑缓解，家长就觉得值。”
- “机构采购注重对比效果，如‘现有最好的方案’是否被超越。”
- “她提到‘按学期分摊’模式，强调‘一次性投入大。”
- “她倾向‘按学期分摊’的付费模式——暗示一次性大额采购对她有决策压力。”
- “她强调‘好东西值得花钱’‘用得久比便宜重要’。”

**报告 2：ToB_Diff_Child_P2**
- “他愿意为独特性付溢价，认为‘好东西值得花钱，用得久比便宜重要’。”
- “他需要能主动互动、减少人力依赖的差异化教学工具，以缓解招聘困难和情绪管理负担。”
- “衡量标准始终是‘比多请一个老师划不划算’。”
- “去年机构请了一个兼职助教，每学期开支和一台中端教学设备差不多。”

**报告 3：ToB_Diff_Child_P3**
- “一台设备能省一个人力，总部审批才走得通。”
- “愿为‘不会倒砸’的细节付溢价。”
- “一台设备能省一个人力，按学期分摊更易通过总部审批。”
- “她强调‘好东西值得花钱，用得久比便宜重要’，投入判断与人力成本对标，注重长期投入产出比，但试用期必须看到对比品质才敢签单。”
- “她愿为差异化体验付溢价，强调‘产品有故事可讲’以让家长觉得机构用心。”
- “去年为了翻新图书角花了不少钱——‘家长看到了，觉得我们舍得投入’。”
- “这是一个愿意为独特性付溢价的机构用户。”"
belief_bench_v1_2026-07-13,ToB_Differentiation_Child,草根老板,C2_low,1,18732,22478,1500,success,,综合三位受访者愿为差异化体验和人力替代付溢价的态度，以及按学期分摊的决策模式，支付意愿显著高于市场常见定价800元。,,"{""estimated_wtp"": 1500, ""reasoning"": ""综合三位受访者愿为差异化体验和人力替代付溢价的态度，以及按学期分摊的决策模式，支付意愿显著高于市场常见定价800元。""}",
belief_bench_v1_2026-07-13,ToB_Differentiation_Child,草根老板,C2_low,2,18732,22478,1500,success,,客户愿为差异化体验付溢价，对标人力成本（每学期约一台中端设备），且同类产品800元，综合判断支付意愿约1500元。,,"{""estimated_wtp"": 1500, ""reasoning"": ""客户愿为差异化体验付溢价，对标人力成本（每学期约一台中端设备），且同类产品800元，综合判断支付意愿约1500元。""}",
belief_bench_v1_2026-07-13,ToB_Differentiation_Child,草根老板,C2_low,3,18732,22478,1200,success,,客户愿意为差异化体验付溢价，且对标人力成本（每学期约一台中端设备），同类产品800元，综合支付意愿约1200元。,,"{""estimated_wtp"": 1200, ""reasoning"": ""客户愿意为差异化体验付溢价，且对标人力成本（每学期约一台中端设备），同类产品800元，综合支付意愿约1200元。""}",
belief_bench_v1_2026-07-13,ToB_Differentiation_Child,草根老板,C2_low,4,18732,22478,1200,success,,三位受访者均愿为差异化体验付溢价，对标人力成本（学期分摊约等于兼职助教开支），且同类产品定价800元，综合判断支付意愿上浮50%至1200元。,,"{""estimated_wtp"": 1200, ""reasoning"": ""三位受访者均愿为差异化体验付溢价，对标人力成本（学期分摊约等于兼职助教开支），且同类产品定价800元，综合判断支付意愿上浮50%至1200元。""}",
belief_bench_v1_2026-07-13,ToB_Differentiation_Child,草根老板,C1,8,18732,22478,5000,success,,引文显示用户对标人力成本（一个兼职助教每学期开支约等于中端教学设备），且强调按学期分摊、一次性投入压力大，结合‘好东西值得花钱’的溢价意愿，估计单台设备价格在5000元左右。,,"{""estimated_wtp"": 5000, ""reasoning"": ""引文显示用户对标人力成本（一个兼职助教每学期开支约等于中端教学设备），且强调按学期分摊、一次性投入压力大，结合‘好东西值得花钱’的溢价意愿，估计单台设备价格在5000元左右。""}","根据您的要求，以下是三份报告中所有与价格、预算、支付意愿相关的句子逐字引用：

### 报告 1：ToB_Diff_Child_P1
- “家长愿意付溢价，但要看效果……儿童哭闹减少、分离焦虑缓解，家长就觉得值。”
- “她提到‘按学期分摊’模式，强调‘一次性投入大。”
- “她评估新事物的尺子就是'能不能替代一个人的活'。她提到倾向'按学期分摊'的付费模式——暗示一次性大额采购对她有决策压力。”
- “她强调‘好东西值得花钱’‘用得久比便宜重要’。”

### 报告 2：ToB_Diff_Child_P2
- “他愿意为独特性付溢价，认为‘好东西值得花钱，用得久比便宜重要’。”
- “衡量标准始终是'比多请一个老师划不划算'。去年机构请了一个兼职助教，每学期开支和一台中端教学设备差不多。”

### 报告 3：ToB_Diff_Child_P3
- “采购受总部审批约束，支付需按学期分摊。”
- “一台设备能省一个人力，总部审批才走得通。”
- “受访者强调‘好东西值得花钱，用得久比便宜重要’，投入判断与人力成本对标，注重长期投入产出比，但试用期必须看到对比品质才敢签单。一台设备能省一个人力，按学期分摊更易通过总部审批。”
- “她愿为差异化体验付溢价，强调'产品有故事可讲'以让家长觉得机构用心。去年为了翻新图书角花了不少钱——'家长看到了，觉得我们舍得投入'。这是一个愿意为独特性付溢价的机构用户。”"
belief_bench_v1_2026-07-13,ToB_Differentiation_Child,草根老板,C2_low,5,18732,22478,1200,success,,综合三位受访者愿为差异化体验付溢价、与人力成本对标（每学期约一台中端设备）、以及市场常见定价800元，估计支付意愿为1200元。,,"{""estimated_wtp"": 1200, ""reasoning"": ""综合三位受访者愿为差异化体验付溢价、与人力成本对标（每学期约一台中端设备）、以及市场常见定价800元，估计支付意愿为1200元。""}",
belief_bench_v1_2026-07-13,ToB_Differentiation_Child,草根老板,C1,7,18732,22478,5000,success,,用户愿意按学期分摊，对标兼职助教每学期开支（与中端教学设备相当），且强调‘好东西值得花钱’，但需试用期验证效果，综合判断单台设备可接受价格约5000元。,,"{""estimated_wtp"": 5000, ""reasoning"": ""用户愿意按学期分摊，对标兼职助教每学期开支（与中端教学设备相当），且强调‘好东西值得花钱’，但需试用期验证效果，综合判断单台设备可接受价格约5000元。""}","根据您的要求，以下是三份报告中所有与价格、预算、支付意愿相关的句子逐字引用：

### 报告 1：ToB_Diff_Child_P1
- “家长愿意付溢价，但要看效果……儿童哭闹减少、分离焦虑缓解，家长就觉得值。”
- “机构采购注重对比效果，如‘现有最好的方案’是否被超越。”
- “她提到‘按学期分摊’模式，强调‘一次性投入大。”
- “她倾向‘按学期分摊’的付费模式——暗示一次性大额采购对她有决策压力。”
- “她强调‘好东西值得花钱’‘用得久比便宜重要’。”

### 报告 2：ToB_Diff_Child_P2
- “他愿意为独特性付溢价，认为‘好东西值得花钱，用得久比便宜重要’。”
- “他倾向于通过试用期评估投入产出比，若产品无法兑现承诺。”
- “他需要能主动互动、缓解孩子情绪的工具，以降低安全事故。”
- “去年机构请了一个兼职助教，每学期开支和一台中端教学设备差不多。”

### 报告 3：ToB_Diff_Child_P3
- “采购受总部审批约束，支付需按学期分摊。”
- “一台设备能省一个人力，总部审批才走得通。”
- “用户愿为‘不会倒砸’的细节付溢价。”
- “受访者强调‘好东西值得花钱，用得久比便宜重要’，投入判断与人力成本对标，注重长期投入产出比，但试用期必须看到对比品质才敢签单。”
- “一台设备能省一个人力，按学期分摊更易通过总部审批。”
- “购买驱动力是‘值得’和‘不一样’。”
- “她愿为差异化体验付溢价，强调‘产品有故事可讲’。”
- “去年为了翻新图书角花了不少钱——‘家长看到了，觉得我们舍得投入’。”
- “这是一个愿意为独特性付溢价的机构用户。”"
belief_bench_v1_2026-07-13,ToB_Differentiation_Child,草根老板,C1,9,18732,22478,15000,success,,客户以人力成本对标，一台设备能省一个助教（每学期开支约等于中端教学设备），且愿意为效果和独特性付溢价，按学期分摊模式暗示单次采购金额在1-2万元区间。,,"{""estimated_wtp"": 15000, ""reasoning"": ""客户以人力成本对标，一台设备能省一个助教（每学期开支约等于中端教学设备），且愿意为效果和独特性付溢价，按学期分摊模式暗示单次采购金额在1-2万元区间。""}","根据您的要求，以下是三份报告中所有与价格、预算、支付意愿相关的句子逐字引用：

**报告 1：ToB_Diff_Child_P1**
- “家长愿意付溢价，但要看效果……儿童哭闹减少、分离焦虑缓解，家长就觉得值。”
- “机构采购注重对比效果，如‘现有最好的方案’是否被超越。”
- “她提到‘按学期分摊’模式，强调‘一次性投入大。’”
- “她评估新事物的尺子就是‘能不能替代一个人的活’。”
- “她提到倾向‘按学期分摊’的付费模式——暗示一次性大额采购对她有决策压力。”
- “她强调‘好东西值得花钱’‘用得久比便宜重要’。”

**报告 2：ToB_Diff_Child_P2**
- “他愿意为独特性付溢价，认为‘好东西值得花钱，用得久比便宜重要’。”
- “他倾向于通过试用期评估投入产出比，若产品无法兑现承诺……”
- “衡量标准始终是‘比多请一个老师划不划算’。”
- “去年机构请了一个兼职助教，每学期开支和一台中端教学设备差不多。”

**报告 3：ToB_Diff_Child_P3**
- “采购受总部审批约束，支付需按学期分摊。”
- “一台设备能省一个人力，总部审批才走得通。”
- “受访者愿为‘不会倒砸’的细节付溢价。”
- “受访者强调‘好东西值得花钱，用得久比便宜重要’，投入判断与人力成本对标，注重长期投入产出比，但试用期必须看到对比品质才敢签单。”
- “一台设备能省一个人力，按学期分摊更易通过总部审批。”
- “购买驱动力是‘值得’和‘不一样’。”
- “她愿为差异化体验付溢价，强调‘产品有故事可讲’。”
- “去年为了翻新图书角花了不少钱——‘家长看到了，觉得我们舍得投入。’”
- “这是一个愿意为独特性付溢价的机构用户。”"
belief_bench_v1_2026-07-13,ToB_Differentiation_Child,草根老板,C2_low,6,18732,22478,1200,success,,三位受访者均强调‘好东西值得花钱，用得久比便宜重要’，愿意为差异化体验付溢价，且对标人力成本（每学期约一台中端设备），同类产品800元为锚点，综合判断支付意愿约1200元。,,"{""estimated_wtp"": 1200, ""reasoning"": ""三位受访者均强调‘好东西值得花钱，用得久比便宜重要’，愿意为差异化体验付溢价，且对标人力成本（每学期约一台中端设备），同类产品800元为锚点，综合判断支付意愿约1200元。""}",
belief_bench_v1_2026-07-13,ToB_Differentiation_Child,草根老板,C1,10,18732,22478,8000,success,,客户反复强调'好东西值得花钱'、'比多请一个老师划算'，且对标人力成本（兼职助教每学期开支与中端设备相当），结合按学期分摊模式，单台设备定价约8000元可匹配其支付意愿。,,"{""estimated_wtp"": 8000, ""reasoning"": ""客户反复强调'好东西值得花钱'、'比多请一个老师划算'，且对标人力成本（兼职助教每学期开支与中端设备相当），结合按学期分摊模式，单台设备定价约8000元可匹配其支付意愿。""}","以下是从三份报告中逐字引用的所有与价格、预算、支付意愿相关的句子：

**报告 1：ToB_Diff_Child_P1**
- “机构需通过工具降低老师情绪管理负担，减少因哭闹和分离焦虑导致的转园。”
- “一次性投入大但值得，因为‘家长觉得机构先进’能转化。”
- “家长愿意付溢价，但要看效果……儿童哭闹减少、分离焦虑缓解，家长就觉得值。”
- “她提到‘按学期分摊’模式，强调‘一次性投入大。’”
- “她倾向‘按学期分摊’的付费模式——暗示一次性大额采购对她有决策压力。”
- “她强调‘好东西值得花钱’‘用得久比便宜重要’。”

**报告 2：ToB_Diff_Child_P2**
- “他愿意为独特性付溢价，认为‘好东西值得花钱，用得久比便宜重要’。”
- “他倾向于通过试用期评估投入产出比，若产品无法兑现承诺……”
- “衡量标准始终是‘比多请一个老师划不划算’。去年机构请了一个兼职助教，每学期开支和一台中端教学设备差不多。”

**报告 3：ToB_Diff_Child_P3**
- “采购受总部审批约束，支付需按学期分摊。”
- “一台设备能省一个人力，总部审批才走得通。”
- “愿为‘不会倒砸’的细节付溢价。”
- “她愿为差异化体验付溢价，强调‘产品有故事可讲’以让家长觉得机构用心。”
- “投入判断与人力成本对标，注重长期投入产出比，但试用期必须看到对比品质才敢签单。”
- “一台设备能省一个人力，按学期分摊更易通过总部审批。”
- “她强调‘好东西值得花钱，用得久比便宜重要’。”
- “去年为了翻新图书角花了不少钱——‘家长看到了，觉得我们舍得投入’。”
- “这是一个愿意为独特性付溢价的机构用户。”"
belief_bench_v1_2026-07-13,ToB_Differentiation_Child,草根老板,C2_low,7,18732,22478,1500,success,,客户愿意为差异化体验和人力替代付溢价，对标一个兼职助教每学期开支，且强调‘好东西值得花钱’，但需按学期分摊降低决策压力，故定价高于市场常见800元，但不超过2000元。,,"{""estimated_wtp"": 1500, ""reasoning"": ""客户愿意为差异化体验和人力替代付溢价，对标一个兼职助教每学期开支，且强调‘好东西值得花钱’，但需按学期分摊降低决策压力，故定价高于市场常见800元，但不超过2000元。""}",
belief_bench_v1_2026-07-13,ToB_Differentiation_Child,草根老板,C2_low,8,18732,22478,1200,success,,客户愿为差异化体验付溢价，对标人力成本（助教每学期开支约等于中端设备），且调研显示愿为品质感和独特性支付高于市场均价（800元）的溢价，综合判断为1200元。,,"{""estimated_wtp"": 1200, ""reasoning"": ""客户愿为差异化体验付溢价，对标人力成本（助教每学期开支约等于中端设备），且调研显示愿为品质感和独特性支付高于市场均价（800元）的溢价，综合判断为1200元。""}",
belief_bench_v1_2026-07-13,ToB_Differentiation_Child,草根老板,C2_low,9,18732,22478,2000,success,,客户愿意为差异化体验、人力替代和品质感支付溢价，参考人力成本对标和按学期分摊模式，支付意愿显著高于市场均价800元。,,"{""estimated_wtp"": 2000, ""reasoning"": ""客户愿意为差异化体验、人力替代和品质感支付溢价，参考人力成本对标和按学期分摊模式，支付意愿显著高于市场均价800元。""}",
belief_bench_v1_2026-07-13,ToB_Differentiation_Child,草根老板,C2_low,10,18732,22478,1500,success,,综合三位受访者愿意为差异化体验和人力替代付溢价、按学期分摊的支付习惯，以及市场参考价800元，估计支付意愿在1500元左右。,,"{""estimated_wtp"": 1500, ""reasoning"": ""综合三位受访者愿意为差异化体验和人力替代付溢价、按学期分摊的支付习惯，以及市场参考价800元，估计支付意愿在1500元左右。""}",
belief_bench_v1_2026-07-13,ToB_Differentiation_Child,草根老板,C2_high,1,18732,22478,15000,success,,客户愿意为差异化体验和人力替代付溢价，且按学期分摊模式可接受高于市场均价的价格。,,"{""estimated_wtp"": 15000, ""reasoning"": ""客户愿意为差异化体验和人力替代付溢价，且按学期分摊模式可接受高于市场均价的价格。""}",
belief_bench_v1_2026-07-13,ToB_Differentiation_Child,草根老板,C2_high,2,18732,22478,15000,success,,综合三位受访者愿为差异化体验付溢价、与人力成本对标（每学期约等于一个兼职助教开支）以及按学期分摊的决策模式，支付意愿高于市场常见定价12000元。,,"{""estimated_wtp"": 15000, ""reasoning"": ""综合三位受访者愿为差异化体验付溢价、与人力成本对标（每学期约等于一个兼职助教开支）以及按学期分摊的决策模式，支付意愿高于市场常见定价12000元。""}",
belief_bench_v1_2026-07-13,ToB_Differentiation_Child,草根老板,C2_high,3,18732,22478,15000,success,,客户愿为差异化体验付溢价，且支付意愿与人力成本对标（替代一个兼职助教约12000元），但强调品质感和效果可感知，因此估计略高于市场定价。,,"{""estimated_wtp"": 15000, ""reasoning"": ""客户愿为差异化体验付溢价，且支付意愿与人力成本对标（替代一个兼职助教约12000元），但强调品质感和效果可感知，因此估计略高于市场定价。""}",
belief_bench_v1_2026-07-13,ToB_Differentiation_Child,草根老板,C2_high,5,18732,22478,15000,success,,客户愿为差异化体验和人力替代付溢价，按学期分摊模式可接受一次性投入高于市场均价约25%。,,"{""estimated_wtp"": 15000, ""reasoning"": ""客户愿为差异化体验和人力替代付溢价，按学期分摊模式可接受一次性投入高于市场均价约25%。""}",
belief_bench_v1_2026-07-13,ToB_Differentiation_Child,草根老板,C2_high,6,18732,22478,15000,success,,综合三位受访者愿为差异化体验付溢价、对标人力成本（约一学期兼职助教开支）以及市场常见定价12000元，估计支付意愿为15000元。,,"{""estimated_wtp"": 15000, ""reasoning"": ""综合三位受访者愿为差异化体验付溢价、对标人力成本（约一学期兼职助教开支）以及市场常见定价12000元，估计支付意愿为15000元。""}",
belief_bench_v1_2026-07-13,ToB_Differentiation_Child,草根老板,C2_high,4,18732,22478,15000,success,,客户愿意为差异化体验付溢价，且投入判断对标人力成本（每学期助教开支与中端设备相当），结合同类产品12000元定价，估计支付意愿为15000元。,,"{""estimated_wtp"": 15000, ""reasoning"": ""客户愿意为差异化体验付溢价，且投入判断对标人力成本（每学期助教开支与中端设备相当），结合同类产品12000元定价，估计支付意愿为15000元。""}",
belief_bench_v1_2026-07-13,ToB_Differentiation_Child,草根老板,C2_high,7,18732,22478,15000,success,,综合三位受访者愿为差异化体验付溢价、与人力成本对标（每学期约一台中端设备）、以及市场常见定价12000元，支付意愿可达15000元。,,"{""estimated_wtp"": 15000, ""reasoning"": ""综合三位受访者愿为差异化体验付溢价、与人力成本对标（每学期约一台中端设备）、以及市场常见定价12000元，支付意愿可达15000元。""}",
belief_bench_v1_2026-07-13,ToB_Differentiation_Child,草根老板,C2_high,8,18732,22478,15000,success,,综合三位受访者愿为差异化体验付溢价、与人力成本对标（兼职助教每学期开支约12000元）且强调‘好东西值得花钱’，支付意愿略高于市场常见定价。,,"{""estimated_wtp"": 15000, ""reasoning"": ""综合三位受访者愿为差异化体验付溢价、与人力成本对标（兼职助教每学期开支约12000元）且强调‘好东西值得花钱’，支付意愿略高于市场常见定价。""}",
belief_bench_v1_2026-07-13,ToB_Differentiation_Child,草根老板,C3,1,18732,22478,,EXTRACTION_MISS,anchors array is empty,,[],"{""anchors"": []}",
belief_bench_v1_2026-07-13,ToB_Differentiation_Child,草根老板,C3,2,18732,22478,,EXTRACTION_MISS,anchors array is empty,,[],"{""anchors"": []}",
belief_bench_v1_2026-07-13,ToB_Differentiation_Child,草根老板,C3,3,18732,22478,,EXTRACTION_MISS,anchors array is empty,,[],"{""anchors"": []}",
belief_bench_v1_2026-07-13,ToB_Differentiation_Child,草根老板,C2_high,9,18732,22478,15000,success,,客户愿意为差异化体验付溢价，对标人力成本（每学期助教开支约等于中端设备），且核心需求覆盖低即可，可接受毛利高，故支付意愿高于市场常见定价12000元。,,"{""estimated_wtp"": 15000, ""reasoning"": ""客户愿意为差异化体验付溢价，对标人力成本（每学期助教开支约等于中端设备），且核心需求覆盖低即可，可接受毛利高，故支付意愿高于市场常见定价12000元。""}",
belief_bench_v1_2026-07-13,ToB_Differentiation_Child,草根老板,C2_high,10,18732,22478,15000,success,,综合三位受访者愿为差异化体验付溢价、与人力成本对标（一台设备省一个人力，每学期开支约等于一台中端教学设备）以及同类产品定价12000元，判断支付意愿上浮至15000元。,,"{""estimated_wtp"": 15000, ""reasoning"": ""综合三位受访者愿为差异化体验付溢价、与人力成本对标（一台设备省一个人力，每学期开支约等于一台中端教学设备）以及同类产品定价12000元，判断支付意愿上浮至15000元。""}",
belief_bench_v1_2026-07-13,ToB_Differentiation_Child,草根老板,C3,5,18732,22478,,EXTRACTION_MISS,anchors array is empty,,[],"{""anchors"": []}",
belief_bench_v1_2026-07-13,ToB_Differentiation_Child,草根老板,C3,4,18732,22478,,EXTRACTION_MISS,anchors array is empty,,[],"{""anchors"": []}",
belief_bench_v1_2026-07-13,ToB_Differentiation_Child,草根老板,C3,7,18732,22478,,EXTRACTION_MISS,anchors array is empty,,[],"{""anchors"": []}",
belief_bench_v1_2026-07-13,ToB_Differentiation_Child,草根老板,C3,8,18732,22478,,EXTRACTION_MISS,anchors array is empty,,[],"{""anchors"": []}",
belief_bench_v1_2026-07-13,ToB_Differentiation_Child,草根老板,C3,9,18732,22478,,EXTRACTION_MISS,anchors array is empty,,[],"{""anchors"": []}",
belief_bench_v1_2026-07-13,ToB_Differentiation_Child,草根老板,C3,10,18732,22478,,EXTRACTION_MISS,anchors array is empty,,[],"{""anchors"": []}",
belief_bench_v1_2026-07-13,ToB_Differentiation_Child,草根老板,C3,6,18732,22478,373,success,,由报告锚点加权中位数及冻结 persona 变换确定性合成,"[{""quote"":""她提到倾向'按学期分摊'的付费模式——暗示一次性大额采购对她有决策压力。"",""value_yuan"":0,""type"":""参考价""},{""quote"":""去年机构请了一个兼职助教，每学期开支和一台中端教学设备差不多。"",""value_yuan"":0,""type"":""参考价""},{""quote"":""一台设备能省一个人力，按学期分摊更易通过总部审批。"",""value_yuan"":0,""type"":""审批门槛""},{""quote"":""去年为了翻新图书角花了不少钱"",""value_yuan"":0,""type"":""参考价""}]","{""anchors"": [{""quote"": ""她提到倾向'按学期分摊'的付费模式——暗示一次性大额采购对她有决策压力。"", ""value_yuan"": null, ""type"": ""参考价""}, {""quote"": ""去年机构请了一个兼职助教，每学期开支和一台中端教学设备差不多。"", ""value_yuan"": null, ""type"": ""参考价""}, {""quote"": ""一台设备能省一个人力，按学期分摊更易通过总部审批。"", ""value_yuan"": null, ""type"": ""审批门槛""}, {""quote"": ""去年为了翻新图书角花了不少钱"", ""value_yuan"": null, ""type"": ""参考价""}]}",
belief_bench_v1_2026-07-13,ToB_Differentiation_Child,职业经理人,C0_leaked,1,18732,22478,5000,success,,三位受访者均强调愿意为差异化体验付溢价，且以人力成本为对标（如每学期兼职助教开支与中端设备相当），结合报告示例锚定范围上限，判断支付意愿为5000元。,,"{""estimated_wtp"": 5000, ""reasoning"": ""三位受访者均强调愿意为差异化体验付溢价，且以人力成本为对标（如每学期兼职助教开支与中端设备相当），结合报告示例锚定范围上限，判断支付意愿为5000元。""}",
belief_bench_v1_2026-07-13,ToB_Differentiation_Child,职业经理人,C0_leaked,2,18732,22478,5000,success,,三位受访者均强调愿意为差异化体验付溢价，且支付意愿锚定在‘比多请一个老师划算’，参考报告示例范围取高端值。,,"{""estimated_wtp"": 5000, ""reasoning"": ""三位受访者均强调愿意为差异化体验付溢价，且支付意愿锚定在‘比多请一个老师划算’，参考报告示例范围取高端值。""}",
belief_bench_v1_2026-07-13,ToB_Differentiation_Child,职业经理人,C0_leaked,3,18732,22478,5000,success,,三位受访者均强调愿意为差异化体验付溢价，且对标人力成本（如兼职助教每学期开支与中端教学设备相当），结合报告示例的wtp范围上限，判断其支付意愿接近高端。,,"{""estimated_wtp"": 5000, ""reasoning"": ""三位受访者均强调愿意为差异化体验付溢价，且对标人力成本（如兼职助教每学期开支与中端教学设备相当），结合报告示例的wtp范围上限，判断其支付意愿接近高端。""}",
belief_bench_v1_2026-07-13,ToB_Differentiation_Child,职业经理人,C0_leaked,4,18732,22478,8000,success,,三位受访者均强调愿为差异化体验付溢价，且对标人力成本（如兼职助教每学期开支与中端教学设备相当），结合报告示例区间上限5000元及高端价格站位倾向，估计支付意愿为8000元。,,"{""estimated_wtp"": 8000, ""reasoning"": ""三位受访者均强调愿为差异化体验付溢价，且对标人力成本（如兼职助教每学期开支与中端教学设备相当），结合报告示例区间上限5000元及高端价格站位倾向，估计支付意愿为8000元。""}",
belief_bench_v1_2026-07-13,ToB_Differentiation_Child,职业经理人,C0_leaked,5,18732,22478,5000,success,,"三位受访者均强调愿意为差异化体验付溢价，且对标人力成本（每学期约等于一台中端教学设备），结合报告锚定范围[3000,5000]取高端值。",,"{""estimated_wtp"": 5000, ""reasoning"": ""三位受访者均强调愿意为差异化体验付溢价，且对标人力成本（每学期约等于一台中端教学设备），结合报告锚定范围[3000,5000]取高端值。""}",
belief_bench_v1_2026-07-13,ToB_Differentiation_Child,职业经理人,C0_leaked,6,18732,22478,6000,success,,三位受访者均强调愿意为差异化体验付溢价，且投入判断与人力成本对标（如兼职助教每学期开支），结合高端定位与安全品质要求，支付意愿锚定在报告示例区间中上沿。,,"{""estimated_wtp"": 6000, ""reasoning"": ""三位受访者均强调愿意为差异化体验付溢价，且投入判断与人力成本对标（如兼职助教每学期开支），结合高端定位与安全品质要求，支付意愿锚定在报告示例区间中上沿。""}",
belief_bench_v1_2026-07-13,ToB_Differentiation_Child,职业经理人,C0_leaked,8,18732,22478,5000,success,,三位受访者均强调愿意为差异化体验付溢价，且支付意愿锚定在‘替代一个人力’的成本上，结合报告示例上限5000元，高端定价符合其‘好东西值得花钱’的表述。,,"{""estimated_wtp"": 5000, ""reasoning"": ""三位受访者均强调愿意为差异化体验付溢价，且支付意愿锚定在‘替代一个人力’的成本上，结合报告示例上限5000元，高端定价符合其‘好东西值得花钱’的表述。""}",
belief_bench_v1_2026-07-13,ToB_Differentiation_Child,职业经理人,C0_leaked,7,18732,22478,5000,success,,"三位受访者均强调愿意为差异化体验付溢价，且支付意愿锚定在‘比多请一个老师划算’（约每学期一台中端设备成本），结合调研报告示例区间[3000,5000]及高端价格站位倾向，取上限5000元。",,"{""estimated_wtp"": 5000, ""reasoning"": ""三位受访者均强调愿意为差异化体验付溢价，且支付意愿锚定在‘比多请一个老师划算’（约每学期一台中端设备成本），结合调研报告示例区间[3000,5000]及高端价格站位倾向，取上限5000元。""}",
belief_bench_v1_2026-07-13,ToB_Differentiation_Child,职业经理人,C0_leaked,9,18732,22478,5000,success,,三位受访者均强调愿意为差异化体验付溢价，且对标人力成本（如兼职助教每学期开支与中端设备相当），结合报告示例锚定区间上限，判断支付意愿接近5000元。,,"{""estimated_wtp"": 5000, ""reasoning"": ""三位受访者均强调愿意为差异化体验付溢价，且对标人力成本（如兼职助教每学期开支与中端设备相当），结合报告示例锚定区间上限，判断支付意愿接近5000元。""}",
belief_bench_v1_2026-07-13,ToB_Differentiation_Child,职业经理人,C0_leaked,10,18732,22478,5000,success,,三位受访者均强调愿意为差异化体验付溢价，且支付意愿锚定在替代一个人力的成本（约每学期一台中端设备），结合报告示例范围上限5000元，高端站位合理。,,"{""estimated_wtp"": 5000, ""reasoning"": ""三位受访者均强调愿意为差异化体验付溢价，且支付意愿锚定在替代一个人力的成本（约每学期一台中端设备），结合报告示例范围上限5000元，高端站位合理。""}",
belief_bench_v1_2026-07-13,ToB_Differentiation_Child,职业经理人,C0_clean,1,18732,22478,8000,success,,综合三位受访者‘按学期分摊’、‘替代一个人力’、‘愿意为独特性付溢价’的表述，结合高端定价策略，估计支付意愿在8000元左右。,,"{""estimated_wtp"": 8000, ""reasoning"": ""综合三位受访者‘按学期分摊’、‘替代一个人力’、‘愿意为独特性付溢价’的表述，结合高端定价策略，估计支付意愿在8000元左右。""}",
belief_bench_v1_2026-07-13,ToB_Differentiation_Child,职业经理人,C0_clean,2,18732,22478,8000,success,,三位受访者均愿为差异化体验付溢价，对标人力成本（约一学期兼职助教开支），且强调按学期分摊模式，综合判断支付意愿在8000元左右。,,"{""estimated_wtp"": 8000, ""reasoning"": ""三位受访者均愿为差异化体验付溢价，对标人力成本（约一学期兼职助教开支），且强调按学期分摊模式，综合判断支付意愿在8000元左右。""}",
belief_bench_v1_2026-07-13,ToB_Differentiation_Child,职业经理人,C0_clean,3,18732,22478,8000,success,,三位受访者均愿为差异化体验付溢价，对标人力成本（兼职助教每学期开支约8000元），且强调按学期分摊模式，一次性大额采购有决策压力但认可长期价值。,,"{""estimated_wtp"": 8000, ""reasoning"": ""三位受访者均愿为差异化体验付溢价，对标人力成本（兼职助教每学期开支约8000元），且强调按学期分摊模式，一次性大额采购有决策压力但认可长期价值。""}",
belief_bench_v1_2026-07-13,ToB_Differentiation_Child,职业经理人,C0_clean,4,18732,22478,8000,success,,三位受访者均愿为差异化体验支付溢价，对标人力成本（兼职助教每学期开支约4000-5000元），且强调按学期分摊降低决策压力，结合高端定位和品质感要求，单台设备定价8000元可支撑其'值得'感知。,,"{""estimated_wtp"": 8000, ""reasoning"": ""三位受访者均愿为差异化体验支付溢价，对标人力成本（兼职助教每学期开支约4000-5000元），且强调按学期分摊降低决策压力，结合高端定位和品质感要求，单台设备定价8000元可支撑其'值得'感知。""}",
belief_bench_v1_2026-07-13,ToB_Differentiation_Child,职业经理人,C0_clean,5,18732,22478,8000,success,,综合三位决策者'按学期分摊'、'替代一个人力'（约每学期开支与中端设备相当）以及'愿为独特性付溢价'的表述，支付意愿锚定在8000元，略高于兼职助教每学期成本，以匹配高端定位和差异化价值感知。,,"{""estimated_wtp"": 8000, ""reasoning"": ""综合三位决策者'按学期分摊'、'替代一个人力'（约每学期开支与中端设备相当）以及'愿为独特性付溢价'的表述，支付意愿锚定在8000元，略高于兼职助教每学期成本，以匹配高端定位和差异化价值感知。""}",
belief_bench_v1_2026-07-13,ToB_Differentiation_Child,职业经理人,C0_clean,6,18732,22478,3500,success,,三位受访者均愿为差异化体验付溢价，对标人力成本（兼职助教每学期开支约3000-4000元），且倾向按学期分摊，综合安全、品质感与替代人力价值，支付意愿约3500元。,,"{""estimated_wtp"": 3500, ""reasoning"": ""三位受访者均愿为差异化体验付溢价，对标人力成本（兼职助教每学期开支约3000-4000元），且倾向按学期分摊，综合安全、品质感与替代人力价值，支付意愿约3500元。""}",
belief_bench_v1_2026-07-13,ToB_Differentiation_Child,职业经理人,C0_clean,7,18732,22478,8000,success,,综合三位受访者愿为差异化体验付溢价、对标人力成本（每学期开支与中端教学设备相当）以及按学期分摊的支付模式，估计支付意愿在8000元左右。,,"{""estimated_wtp"": 8000, ""reasoning"": ""综合三位受访者愿为差异化体验付溢价、对标人力成本（每学期开支与中端教学设备相当）以及按学期分摊的支付模式，估计支付意愿在8000元左右。""}",
belief_bench_v1_2026-07-13,ToB_Differentiation_Child,职业经理人,C0_clean,8,18732,22478,8000,success,,综合三位受访者均愿为差异化体验和人力替代付溢价，对标兼职助教每学期开支，按学期分摊模式可接受约8000元一次性投入。,,"{""estimated_wtp"": 8000, ""reasoning"": ""综合三位受访者均愿为差异化体验和人力替代付溢价，对标兼职助教每学期开支，按学期分摊模式可接受约8000元一次性投入。""}",
belief_bench_v1_2026-07-13,ToB_Differentiation_Child,职业经理人,C0_clean,10,18732,22478,8000,success,,三位受访者均愿为差异化体验支付溢价，对标人力成本（约一学期兼职助教开支），且强调按学期分摊模式，综合判断支付意愿在8000元左右。,,"{""estimated_wtp"": 8000, ""reasoning"": ""三位受访者均愿为差异化体验支付溢价，对标人力成本（约一学期兼职助教开支），且强调按学期分摊模式，综合判断支付意愿在8000元左右。""}",
belief_bench_v1_2026-07-13,ToB_Differentiation_Child,职业经理人,C0_clean,9,18732,22478,3500,success,,综合三位受访者愿为人力替代（每学期兼职助教开支约3000-5000元）和差异化体验付溢价，且偏好按学期分摊，估算单台设备一次性支付意愿在3000-4000元区间，取中值3500元。,,"{""estimated_wtp"": 3500, ""reasoning"": ""综合三位受访者愿为人力替代（每学期兼职助教开支约3000-5000元）和差异化体验付溢价，且偏好按学期分摊，估算单台设备一次性支付意愿在3000-4000元区间，取中值3500元。""}",
belief_bench_v1_2026-07-13,ToB_Differentiation_Child,职业经理人,C1,4,18732,22478,5000,success,,客户愿意为独特性付溢价，支付意愿对标人力成本（每学期请兼职助教开支与中端教学设备相当），且倾向按学期分摊，暗示一次性投入在数千元级别。,,"{""estimated_wtp"": 5000, ""reasoning"": ""客户愿意为独特性付溢价，支付意愿对标人力成本（每学期请兼职助教开支与中端教学设备相当），且倾向按学期分摊，暗示一次性投入在数千元级别。""}","以下是从三份报告中逐字引用的所有与价格、预算、支付意愿相关的句子：

**报告 1：ToB_Diff_Child_P1**
- “家长愿意付溢价，但要看效果……儿童哭闹减少、分离焦虑缓解，家长就觉得值。”
- “机构采购注重对比效果，如‘现有最好的方案’是否被超越。”
- “她提到‘按学期分摊’模式，强调‘一次性投入大。’”
- “她倾向‘按学期分摊’的付费模式——暗示一次性大额采购对她有决策压力。”
- “她强调‘好东西值得花钱’‘用得久比便宜重要’。”

**报告 2：ToB_Diff_Child_P2**
- “他愿意为独特性付溢价，认为‘好东西值得花钱，用得久比便宜重要’。”
- “他倾向于通过试用期评估投入产出比，若产品无法兑现承诺……”
- “衡量标准始终是‘比多请一个老师划不划算’。去年机构请了一个兼职助教，每学期开支和一台中端教学设备差不多。”

**报告 3：ToB_Diff_Child_P3**
- “采购受总部审批约束，支付需按学期分摊。”
- “一台设备能省一个人力，总部审批才走得通。”
- “受访者强调‘好东西值得花钱，用得久比便宜重要’，投入判断与人力成本对标，注重长期投入产出比，但试用期必须看到对比品质才敢签单。”
- “一台设备能省一个人力，按学期分摊更易通过总部审批。”
- “购买驱动力是‘值得’和‘不一样’。”
- “去年为了翻新图书角花了不少钱——‘家长看到了，觉得我们舍得投入。’”
- “这是一个愿意为独特性付溢价的机构用户。”"
belief_bench_v1_2026-07-13,ToB_Differentiation_Child,职业经理人,C1,1,18732,22478,15000,success,,客户以人力成本对标，一台设备能省一个助教每学期开支（约1.5万元），且愿意为独特性付溢价，但需按学期分摊并通过审批，故支付意愿约1.5万元。,,"{""estimated_wtp"": 15000, ""reasoning"": ""客户以人力成本对标，一台设备能省一个助教每学期开支（约1.5万元），且愿意为独特性付溢价，但需按学期分摊并通过审批，故支付意愿约1.5万元。""}","以下是三份报告中与价格、预算、支付意愿相关的所有句子逐字引用：

**报告 1：ToB_Diff_Child_P1**
- “家长愿意付溢价，但要看效果……儿童哭闹减少、分离焦虑缓解，家长就觉得值。”
- “她提到‘按学期分摊’模式，强调‘一次性投入大。’”
- “她倾向‘按学期分摊’的付费模式——暗示一次性大额采购对她有决策压力。”
- “她强调‘好东西值得花钱’‘用得久比便宜重要’。”

**报告 2：ToB_Diff_Child_P2**
- “他愿意为独特性付溢价，认为‘好东西值得花钱，用得久比便宜重要’。”
- “衡量标准始终是‘比多请一个老师划不划算’。”
- “去年机构请了一个兼职助教，每学期开支和一台中端教学设备差不多。”

**报告 3：ToB_Diff_Child_P3**
- “采购受总部审批约束，支付需按学期分摊。”
- “一台设备能省一个人力，总部审批才走得通。”
- “受访者强调‘好东西值得花钱，用得久比便宜重要’，投入判断与人力成本对标，注重长期投入产出比，但试用期必须看到对比品质才敢签单。”
- “一台设备能省一个人力，按学期分摊更易通过总部审批。”
- “购买驱动力是‘值得’和‘不一样’。”
- “去年为了翻新图书角花了不少钱——‘家长看到了，觉得我们舍得投入。’”
- “这是一个愿意为独特性付溢价的机构用户。”"
belief_bench_v1_2026-07-13,ToB_Differentiation_Child,职业经理人,C1,2,18732,22478,8000,success,,客户对标人力成本，一台设备能省一个兼职助教每学期开支，且强调‘好东西值得花钱’，按学期分摊模式暗示一次性大额采购压力，结合中端教学设备价格，估计在8000元左右。,,"{""estimated_wtp"": 8000, ""reasoning"": ""客户对标人力成本，一台设备能省一个兼职助教每学期开支，且强调‘好东西值得花钱’，按学期分摊模式暗示一次性大额采购压力，结合中端教学设备价格，估计在8000元左右。""}","以下是从三份报告中逐字引用的所有与价格、预算、支付意愿相关的句子：

**报告 1：ToB_Diff_Child_P1**
- “家长愿意付溢价，但要看效果……儿童哭闹减少、分离焦虑缓解，家长就觉得值。”
- “机构采购注重对比效果，如‘现有最好的方案’是否被超越。她提到‘按学期分摊’模式，强调‘一次性投入大。’”
- “她倾向‘按学期分摊’的付费模式——暗示一次性大额采购对她有决策压力。”
- “她强调‘好东西值得花钱’‘用得久比便宜重要’。”

**报告 2：ToB_Diff_Child_P2**
- “他愿意为独特性付溢价，认为‘好东西值得花钱，用得久比便宜重要’。”
- “他需要能主动互动、减少人力依赖的差异化教学工具，以缓解招聘困难和情绪管理负担。”
- “衡量标准始终是‘比多请一个老师划不划算’。去年机构请了一个兼职助教，每学期开支和一台中端教学设备差不多。”

**报告 3：ToB_Diff_Child_P3**
- “采购受总部审批约束，支付需按学期分摊。”
- “一台设备能省一个人力，总部审批才走得通。”
- “受访者强调‘好东西值得花钱，用得久比便宜重要’，投入判断与人力成本对标，注重长期投入产出比，但试用期必须看到对比品质才敢签单。”
- “一台设备能省一个人力，按学期分摊更易通过总部审批。”
- “购买驱动力是‘值得’和‘不一样’。”
- “她愿为差异化体验付溢价，强调‘产品有故事可讲’以让家长觉得机构用心。去年为了翻新图书角花了不少钱——‘家长看到了，觉得我们舍得投入。’”"
belief_bench_v1_2026-07-13,ToB_Differentiation_Child,职业经理人,C1,5,18732,22478,5000,success,,客户愿意为差异化体验和人力替代付溢价，且按学期分摊模式暗示单学期可接受成本与兼职助教开支相当，约5000元。,,"{""estimated_wtp"": 5000, ""reasoning"": ""客户愿意为差异化体验和人力替代付溢价，且按学期分摊模式暗示单学期可接受成本与兼职助教开支相当，约5000元。""}","根据您的要求，以下是三份报告中所有与价格、预算、支付意愿相关的句子逐字引用：

**报告 1：ToB_Diff_Child_P1**
- “家长愿意付溢价，但要看效果……儿童哭闹减少、分离焦虑缓解，家长就觉得值。”
- “她提到‘按学期分摊’模式，强调‘一次性投入大。’”
- “她倾向‘按学期分摊’的付费模式——暗示一次性大额采购对她有决策压力。”
- “她强调‘好东西值得花钱’‘用得久比便宜重要’。”

**报告 2：ToB_Diff_Child_P2**
- “他愿意为独特性付溢价，认为‘好东西值得花钱，用得久比便宜重要’。”
- “他愿意为差异化体验付溢价，衡量标准始终是‘比多请一个老师划不划算’。”
- “去年机构请了一个兼职助教，每学期开支和一台中端教学设备差不多。”

**报告 3：ToB_Diff_Child_P3**
- “支付需按学期分摊。”
- “一台设备能省一个人力，总部审批才走得通。”
- “受访者愿为‘不会倒砸’的细节付溢价。”
- “受访者强调‘好东西值得花钱，用得久比便宜重要’，投入判断与人力成本对标，注重长期投入产出比，但试用期必须看到对比品质才敢签单。”
- “一台设备能省一个人力，按学期分摊更易通过总部审批。”
- “购买驱动力是‘值得’和‘不一样’。”
- “她愿为差异化体验付溢价，强调‘产品有故事可讲’。”
- “去年为了翻新图书角花了不少钱——‘家长看到了，觉得我们舍得投入。’”
- “这是一个愿意为独特性付溢价的机构用户。”"
belief_bench_v1_2026-07-13,ToB_Differentiation_Child,职业经理人,C1,3,18732,22478,8000,success,,客户强调‘一台设备能省一个人力’且对标兼职助教每学期开支，结合‘按学期分摊’模式与高端溢价意愿，估计支付意愿为8000元。,,"{""estimated_wtp"": 8000, ""reasoning"": ""客户强调‘一台设备能省一个人力’且对标兼职助教每学期开支，结合‘按学期分摊’模式与高端溢价意愿，估计支付意愿为8000元。""}","以下是三份报告中所有与价格、预算、支付意愿相关的句子逐字引用：

**报告 1：ToB_Diff_Child_P1**
- “家长愿意付溢价，但要看效果……儿童哭闹减少、分离焦虑缓解，家长就觉得值。”
- “机构采购注重对比效果，如‘现有最好的方案’是否被超越。”
- “她提到‘按学期分摊’模式，强调‘一次性投入大。’”
- “她倾向‘按学期分摊’的付费模式——暗示一次性大额采购对她有决策压力。”
- “她强调‘好东西值得花钱’‘用得久比便宜重要’。”

**报告 2：ToB_Diff_Child_P2**
- “他愿意为独特性付溢价，认为‘好东西值得花钱，用得久比便宜重要’。”
- “他需要能主动互动、减少人力依赖的差异化教学工具，以缓解招聘困难和情绪管理负担。”
- “他倾向于通过试用期评估投入产出比，若产品无法兑现承诺……”
- “衡量标准始终是‘比多请一个老师划不划算’。去年机构请了一个兼职助教，每学期开支和一台中端教学设备差不多。”

**报告 3：ToB_Diff_Child_P3**
- “一台设备能省一个人力，总部审批才走得通。”
- “用户愿为‘不会倒砸’的细节付溢价。”
- “一台设备能省一个人力，按学期分摊更易通过总部审批。”
- “受访者强调‘好东西值得花钱，用得久比便宜重要’，投入判断与人力成本对标，注重长期投入产出比，但试用期必须看到对比品质才敢签单。”
- “购买驱动力是‘值得’和‘不一样’。”
- “去年为了翻新图书角花了不少钱——‘家长看到了，觉得我们舍得投入’。”
- “这是一个愿意为独特性付溢价的机构用户。”"
belief_bench_v1_2026-07-13,ToB_Differentiation_Child,职业经理人,C1,6,18732,22478,8000,success,,客户愿意为差异化体验和人力替代付溢价，对标兼职助教每学期开支，按学期分摊模式可接受一次性大额投入，综合判断支付意愿约8000元。,,"{""estimated_wtp"": 8000, ""reasoning"": ""客户愿意为差异化体验和人力替代付溢价，对标兼职助教每学期开支，按学期分摊模式可接受一次性大额投入，综合判断支付意愿约8000元。""}","以下是从三份报告中逐字引用的所有与价格、预算、支付意愿相关的句子：

**报告 1：ToB_Diff_Child_P1**
- “家长愿意付溢价，但要看效果……儿童哭闹减少、分离焦虑缓解，家长就觉得值。”
- “机构采购注重对比效果，如‘现有最好的方案’是否被超越。她提到‘按学期分摊’模式，强调‘一次性投入大。”
- “她倾向‘按学期分摊’的付费模式——暗示一次性大额采购对她有决策压力。”
- “她强调‘好东西值得花钱’‘用得久比便宜重要’。”

**报告 2：ToB_Diff_Child_P2**
- “他愿意为独特性付溢价，认为‘好东西值得花钱，用得久比便宜重要’。”
- “他愿意为差异化体验付溢价，衡量标准始终是‘比多请一个老师划不划算’。去年机构请了一个兼职助教，每学期开支和一台中端教学设备差不多。”

**报告 3：ToB_Diff_Child_P3**
- “采购受总部审批约束，支付需按学期分摊。”
- “一台设备能省一个人力，总部审批才走得通。”
- “用户愿为‘不会倒砸’的细节付溢价。”
- “受访者强调‘好东西值得花钱，用得久比便宜重要’，投入判断与人力成本对标，注重长期投入产出比，但试用期必须看到对比品质才敢签单。一台设备能省一个人力，按学期分摊更易通过总部审批。”
- “她愿为差异化体验付溢价，强调‘产品有故事可讲’以让家长觉得机构用心。去年为了翻新图书角花了不少钱——‘家长看到了，觉得我们舍得投入’。”"
belief_bench_v1_2026-07-13,ToB_Differentiation_Child,职业经理人,C2_low,1,18732,22478,1500,success,,三位受访者均强调愿意为差异化体验付溢价，以人力成本对标且按学期分摊，参考800元市场价，可接受1500元高端定价。,,"{""estimated_wtp"": 1500, ""reasoning"": ""三位受访者均强调愿意为差异化体验付溢价，以人力成本对标且按学期分摊，参考800元市场价，可接受1500元高端定价。""}",
belief_bench_v1_2026-07-13,ToB_Differentiation_Child,职业经理人,C2_low,2,18732,22478,1500,success,,三位受访者均强调愿意为差异化体验付溢价，且对标人力成本（每学期约等于一个兼职助教开支），同时参考市场常见定价800元，综合判断支付意愿在1500元左右。,,"{""estimated_wtp"": 1500, ""reasoning"": ""三位受访者均强调愿意为差异化体验付溢价，且对标人力成本（每学期约等于一个兼职助教开支），同时参考市场常见定价800元，综合判断支付意愿在1500元左右。""}",
belief_bench_v1_2026-07-13,ToB_Differentiation_Child,职业经理人,C2_low,3,18732,22478,2500,success,,综合三位决策者愿为差异化体验、人力替代和品质感付溢价的倾向，以及按学期分摊的支付模式，定价显著高于市场常见800元，估计为2500元。,,"{""estimated_wtp"": 2500, ""reasoning"": ""综合三位决策者愿为差异化体验、人力替代和品质感付溢价的倾向，以及按学期分摊的支付模式，定价显著高于市场常见800元，估计为2500元。""}",
belief_bench_v1_2026-07-13,ToB_Differentiation_Child,职业经理人,C2_low,4,18732,22478,3000,success,,三位受访者均强调愿意为差异化体验付溢价，且对标人力成本（如兼职助教每学期开支与中端教学设备相当），参考市场常见定价800元，结合高端定位和按学期分摊的支付习惯，估计支付意愿在3000元左右。,,"{""estimated_wtp"": 3000, ""reasoning"": ""三位受访者均强调愿意为差异化体验付溢价，且对标人力成本（如兼职助教每学期开支与中端教学设备相当），参考市场常见定价800元，结合高端定位和按学期分摊的支付习惯，估计支付意愿在3000元左右。""}",
belief_bench_v1_2026-07-13,ToB_Differentiation_Child,职业经理人,C1,8,18732,22478,3000,success,,客户愿意为独特性付溢价且对标人力成本（每学期开支与中端教学设备相当），并强调按学期分摊模式，暗示单台设备价格约在3000元区间。,,"{""estimated_wtp"": 3000, ""reasoning"": ""客户愿意为独特性付溢价且对标人力成本（每学期开支与中端教学设备相当），并强调按学期分摊模式，暗示单台设备价格约在3000元区间。""}","以下是从三份报告中逐字引用的所有与价格、预算、支付意愿相关的句子：

**报告 1：ToB_Diff_Child_P1**
- “家长愿意付溢价，但要看效果……儿童哭闹减少、分离焦虑缓解，家长就觉得值。”
- “她提到‘按学期分摊’模式，强调‘一次性投入大。”
- “她倾向‘按学期分摊’的付费模式——暗示一次性大额采购对她有决策压力。”
- “她强调‘好东西值得花钱’‘用得久比便宜重要’。”

**报告 2：ToB_Diff_Child_P2**
- “他愿意为独特性付溢价，认为‘好东西值得花钱，用得久比便宜重要’。”
- “他倾向于通过试用期评估投入产出比，若产品无法兑现承诺……”
- “去年机构请了一个兼职助教，每学期开支和一台中端教学设备差不多。”

**报告 3：ToB_Diff_Child_P3**
- “支付需按学期分摊。”
- “一台设备能省一个人力，总部审批才走得通。”
- “愿为‘别人没有’的做工和细节付溢价。”
- “投入判断与人力成本对标，注重长期投入产出比，但试用期必须看到对比品质才敢签单。”
- “一台设备能省一个人力，按学期分摊更易通过总部审批。”
- “她强调‘好东西值得花钱，用得久比便宜重要’。”
- “她愿为差异化体验付溢价，强调‘产品有故事可讲’以让家长觉得机构用心。”
- “去年为了翻新图书角花了不少钱——‘家长看到了，觉得我们舍得投入’。”
- “这是一个愿意为独特性付溢价的机构用户。”"
belief_bench_v1_2026-07-13,ToB_Differentiation_Child,职业经理人,C1,7,18732,22478,8000,success,,客户愿意为独特性付溢价，且对标人力成本（一学期兼职助教开支约等于一台中端教学设备），按学期分摊模式暗示单台设备价格在数千元级别，结合高端定位和‘用得久比便宜重要’的表述，估计为8000元。,,"{""estimated_wtp"": 8000, ""reasoning"": ""客户愿意为独特性付溢价，且对标人力成本（一学期兼职助教开支约等于一台中端教学设备），按学期分摊模式暗示单台设备价格在数千元级别，结合高端定位和‘用得久比便宜重要’的表述，估计为8000元。""}","以下是从三份报告中逐字引用的所有与价格、预算、支付意愿相关的句子：

**报告 1：ToB_Diff_Child_P1**
- “家长愿意付溢价，但要看效果……儿童哭闹减少、分离焦虑缓解，家长就觉得值。”
- “机构采购注重对比效果，如‘现有最好的方案’是否被超越。她提到‘按学期分摊’模式，强调‘一次性投入大。”
- “她倾向‘按学期分摊’的付费模式——暗示一次性大额采购对她有决策压力。”
- “她强调‘好东西值得花钱’‘用得久比便宜重要’。”

**报告 2：ToB_Diff_Child_P2**
- “他愿意为独特性付溢价，认为‘好东西值得花钱，用得久比便宜重要’。”
- “他倾向于通过试用期评估投入产出比，若产品无法兑现承诺。”
- “衡量标准始终是‘比多请一个老师划不划算’。去年机构请了一个兼职助教，每学期开支和一台中端教学设备差不多。”

**报告 3：ToB_Diff_Child_P3**
- “采购受总部审批约束，支付需按学期分摊。”
- “一台设备能省一个人力，总部审批才走得通。”
- “受访者强调‘好东西值得花钱，用得久比便宜重要’，投入判断与人力成本对标，注重长期投入产出比，但试用期必须看到对比品质才敢签单。”
- “一台设备能省一个人力，按学期分摊更易通过总部审批。”
- “购买驱动力是‘值得’和‘不一样’。”
- “她愿为差异化体验付溢价，强调‘产品有故事可讲’。”
- “去年为了翻新图书角花了不少钱——‘家长看到了，觉得我们舍得投入’。”
- “这是一个愿意为独特性付溢价的机构用户。”"
belief_bench_v1_2026-07-13,ToB_Differentiation_Child,职业经理人,C2_low,5,18732,22478,3200,success,,综合三份报告，客户愿意为差异化体验和人力替代支付溢价，参考对标兼职助教每学期开支与市场定价800元，按学期分摊模式可支撑约3200元定价。,,"{""estimated_wtp"": 3200, ""reasoning"": ""综合三份报告，客户愿意为差异化体验和人力替代支付溢价，参考对标兼职助教每学期开支与市场定价800元，按学期分摊模式可支撑约3200元定价。""}",
belief_bench_v1_2026-07-13,ToB_Differentiation_Child,职业经理人,C1,9,18732,22478,8000,success,,客户对标人力成本（兼职助教每学期开支与中端教学设备相当），且接受按学期分摊模式，结合溢价意愿和长期使用价值，估计单台设备支付意愿在8000元左右。,,"{""estimated_wtp"": 8000, ""reasoning"": ""客户对标人力成本（兼职助教每学期开支与中端教学设备相当），且接受按学期分摊模式，结合溢价意愿和长期使用价值，估计单台设备支付意愿在8000元左右。""}","根据您的要求，以下是从三份报告中逐字引用的所有与价格、预算、支付意愿相关的句子：

**报告 1：ToB_Diff_Child_P1**
- “家长愿意付溢价，但要看效果……儿童哭闹减少、分离焦虑缓解，家长就觉得值。”
- “她提到‘按学期分摊’模式，强调‘一次性投入大。’”
- “她倾向‘按学期分摊’的付费模式——暗示一次性大额采购对她有决策压力。”
- “她强调‘好东西值得花钱’‘用得久比便宜重要’。”

**报告 2：ToB_Diff_Child_P2**
- “他愿意为独特性付溢价，认为‘好东西值得花钱，用得久比便宜重要’。”
- “他需要能主动互动、缓解孩子情绪的工具，以降低安全事故。”
- “衡量标准始终是‘比多请一个老师划不划算’。去年机构请了一个兼职助教，每学期开支和一台中端教学设备差不多。”

**报告 3：ToB_Diff_Child_P3**
- “采购受总部审批约束，支付需按学期分摊。”
- “一台设备能省一个人力，总部审批才走得通。”
- “受访者强调‘好东西值得花钱，用得久比便宜重要’，投入判断与人力成本对标，注重长期投入产出比，但试用期必须看到对比品质才敢签单。”
- “一台设备能省一个人力，按学期分摊更易通过总部审批。”
- “她愿为差异化体验付溢价，强调‘产品有故事可讲’以让家长觉得机构用心。去年为了翻新图书角花了不少钱——‘家长看到了，觉得我们舍得投入。’”"
belief_bench_v1_2026-07-13,ToB_Differentiation_Child,职业经理人,C1,10,18732,22478,5000,success,,客户对标人力成本（每学期助教开支约等于一台中端教学设备），且愿为效果和独特性付溢价，结合按学期分摊模式，单台定价约5000元可匹配其预算和支付意愿。,,"{""estimated_wtp"": 5000, ""reasoning"": ""客户对标人力成本（每学期助教开支约等于一台中端教学设备），且愿为效果和独特性付溢价，结合按学期分摊模式，单台定价约5000元可匹配其预算和支付意愿。""}","以下是从三份报告中逐字引用的所有与价格、预算、支付意愿相关的句子：

**报告 1：ToB_Diff_Child_P1**
- “家长愿意付溢价，但要看效果……儿童哭闹减少、分离焦虑缓解，家长就觉得值。”
- “她提到‘按学期分摊’模式，强调‘一次性投入大。’”
- “她倾向‘按学期分摊’的付费模式——暗示一次性大额采购对她有决策压力。”
- “她强调‘好东西值得花钱’‘用得久比便宜重要’。”

**报告 2：ToB_Diff_Child_P2**
- “他愿意为独特性付溢价，认为‘好东西值得花钱，用得久比便宜重要’。”
- “衡量标准始终是‘比多请一个老师划不划算’。去年机构请了一个兼职助教，每学期开支和一台中端教学设备差不多。”

**报告 3：ToB_Diff_Child_P3**
- “采购受总部审批约束，支付需按学期分摊。”
- “一台设备能省一个人力，总部审批才走得通。”
- “受访者强调‘好东西值得花钱，用得久比便宜重要’，投入判断与人力成本对标，注重长期投入产出比，但试用期必须看到对比品质才敢签单。”
- “一台设备能省一个人力，按学期分���更易通过总部审批。”
- “她愿为差异化体验付溢价，强调‘产品有故事可讲’以让家长觉得机构用心。去年为了翻新图书角花了不少钱——‘家长看到了，觉得我们舍得投入。’”"
belief_bench_v1_2026-07-13,ToB_Differentiation_Child,职业经理人,C2_low,6,18732,22478,1500,success,,三位受访者均强调愿意为差异化体验付溢价，且对标人力成本（每学期兼职助教开支约等于一台中端设备），结合市场常见定价800元，估算支付意愿为1500元。,,"{""estimated_wtp"": 1500, ""reasoning"": ""三位受访者均强调愿意为差异化体验付溢价，且对标人力成本（每学期兼职助教开支约等于一台中端设备），结合市场常见定价800元，估算支付意愿为1500元。""}",
belief_bench_v1_2026-07-13,ToB_Differentiation_Child,职业经理人,C2_low,7,18732,22478,1500,success,,三位受访者均强调愿为差异化体验付溢价，对标人力成本（如兼职助教每学期开支），且市场常见定价800元，综合判断支付意愿约1500元。,,"{""estimated_wtp"": 1500, ""reasoning"": ""三位受访者均强调愿为差异化体验付溢价，对标人力成本（如兼职助教每学期开支），且市场常见定价800元，综合判断支付意愿约1500元。""}",
belief_bench_v1_2026-07-13,ToB_Differentiation_Child,职业经理人,C2_low,8,18732,22478,1500,success,,三位受访者均强调愿为差异化体验付溢价，且对标人力成本（每学期约等于一个兼职助教开支），结合市场常见定价800元，支付意愿可上浮至1500元左右。,,"{""estimated_wtp"": 1500, ""reasoning"": ""三位受访者均强调愿为差异化体验付溢价，且对标人力成本（每学期约等于一个兼职助教开支），结合市场常见定价800元，支付意愿可上浮至1500元左右。""}",
belief_bench_v1_2026-07-13,ToB_Differentiation_Child,职业经理人,C2_low,9,18732,22478,2500,success,,三位受访者均强调愿为差异化体验付溢价，对标人力成本（兼职助教每学期开支约等于中端设备），且接受按学期分摊，参考常见定价800元，支付意愿可达2500元。,,"{""estimated_wtp"": 2500, ""reasoning"": ""三位受访者均强调愿为差异化体验付溢价，对标人力成本（兼职助教每学期开支约等于中端设备），且接受按学期分摊，参考常见定价800元，支付意愿可达2500元。""}",
belief_bench_v1_2026-07-13,ToB_Differentiation_Child,职业经理人,C2_low,10,18732,22478,1500,success,,三位受访者均强调愿为差异化体验付溢价，对标人力成本（每学期开支与中端教学设备相当），且市场常见定价800元，综合其高支付意愿和品质敏感度，估计支付意愿约1500元。,,"{""estimated_wtp"": 1500, ""reasoning"": ""三位受访者均强调愿为差异化体验付溢价，对标人力成本（每学期开支与中端教学设备相当），且市场常见定价800元，综合其高支付意愿和品质敏感度，估计支付意愿约1500元。""}",
belief_bench_v1_2026-07-13,ToB_Differentiation_Child,职业经理人,C2_high,1,18732,22478,15000,success,,客群愿意为差异化体验和人力替代付溢价，高端定价可支撑其品质感和'值得'感知，且高于市场均价12000元以匹配其支付意愿。,,"{""estimated_wtp"": 15000, ""reasoning"": ""客群愿意为差异化体验和人力替代付溢价，高端定价可支撑其品质感和'值得'感知，且高于市场均价12000元以匹配其支付意愿。""}",
belief_bench_v1_2026-07-13,ToB_Differentiation_Child,职业经理人,C2_high,3,18732,22478,15000,success,,客户愿意为差异化体验、人力替代和品质感付溢价，参考市场价12000元，结合其高端站位和利润优先目标，可上浮至15000元。,,"{""estimated_wtp"": 15000, ""reasoning"": ""客户愿意为差异化体验、人力替代和品质感付溢价，参考市场价12000元，结合其高端站位和利润优先目标，可上浮至15000元。""}",
belief_bench_v1_2026-07-13,ToB_Differentiation_Child,职业经理人,C2_high,2,18732,22478,15000,success,,客户愿为差异化体验付溢价，对标人力成本（兼职助教每学期开支与中端教学设备相当），且市场常见定价12000元，结合高端站位和利润优先目标，估计支付意愿为15000元。,,"{""estimated_wtp"": 15000, ""reasoning"": ""客户愿为差异化体验付溢价，对标人力成本（兼职助教每学期开支与中端教学设备相当），且市场常见定价12000元，结合高端站位和利润优先目标，估计支付意愿为15000元。""}",
belief_bench_v1_2026-07-13,ToB_Differentiation_Child,职业经理人,C2_high,4,18732,22478,15000,success,,客户愿为差异化体验付溢价，对标人力成本（每学期兼职助教开支≈中端设备价格），且参考同类产品定价12000元，结合高端定位和品质感需求，上浮至15000元合理。,,"{""estimated_wtp"": 15000, ""reasoning"": ""客户愿为差异化体验付溢价，对标人力成本（每学期兼职助教开支≈中端设备价格），且参考同类产品定价12000元，结合高端定位和品质感需求，上浮至15000元合理。""}",
belief_bench_v1_2026-07-13,ToB_Differentiation_Child,职业经理人,C2_high,5,18732,22478,15000,success,,客户愿为差异化体验付溢价，对标人力成本且接受按学期分摊，高端定位下可高于市场均价12000元。,,"{""estimated_wtp"": 15000, ""reasoning"": ""客户愿为差异化体验付溢价，对标人力成本且接受按学期分摊，高端定位下可高于市场均价12000元。""}",
belief_bench_v1_2026-07-13,ToB_Differentiation_Child,职业经理人,C2_high,8,18732,22478,15000,success,,客户愿为差异化体验付溢价，对标人力成本（兼职助教每学期开支约等于中端设备），且同类产品定价12000元，结合高端定位和按学期分摊模式，可接受溢价至15000元。,,"{""estimated_wtp"": 15000, ""reasoning"": ""客户愿为差异化体验付溢价，对标人力成本（兼职助教每学期开支约等于中端设备），且同类产品定价12000元，结合高端定位和按学期分摊模式，可接受溢价至15000元。""}",
belief_bench_v1_2026-07-13,ToB_Differentiation_Child,职业经理人,C2_high,9,18732,22478,15000,success,,综合三位受访者均愿为差异化体验付溢价、对标人力成本（约等于一个兼职助教每学期开支），且市场常见定价12000元，因此支付意愿上浮至15000元。,,"{""estimated_wtp"": 15000, ""reasoning"": ""综合三位受访者均愿为差异化体验付溢价、对标人力成本（约等于一个兼职助教每学期开支），且市场常见定价12000元，因此支付意愿上浮至15000元。""}",
belief_bench_v1_2026-07-13,ToB_Differentiation_Child,职业经理人,C3,1,18732,22478,,EXTRACTION_MISS,anchors array is empty,,[],"{""anchors"": []}",
belief_bench_v1_2026-07-13,ToB_Differentiation_Child,职业经理人,C2_high,6,18732,22478,15000,success,,客户愿为差异化体验和人力替代付溢价，参考市场价12000元，结合其高端定位和按学期分摊的支付习惯，可接受上浮25%至15000元。,,"{""estimated_wtp"": 15000, ""reasoning"": ""客户愿为差异化体验和人力替代付溢价，参考市场价12000元，结合其高端定位和按学期分摊的支付习惯，可接受上浮25%至15000元。""}",
belief_bench_v1_2026-07-13,ToB_Differentiation_Child,职业经理人,C2_high,7,18732,22478,15000,success,,客群愿为差异化体验付溢价，对标人力成本（兼职助教每学期开支约等于一台中端设备），且报告显示用户对12000元同类产品有比较心理，结合高端定位和按学期分摊模式，支付意愿可上浮至15000元。,,"{""estimated_wtp"": 15000, ""reasoning"": ""客群愿为差异化体验付溢价，对标人力成本（兼职助教每学期开支约等于一台中端设备），且报告显示用户对12000元同类产品有比较心理，结合高端定位和按学期分摊模式，支付意愿可上浮至15000元。""}",
belief_bench_v1_2026-07-13,ToB_Differentiation_Child,职业经理人,C2_high,10,18732,22478,15000,success,,客户愿意为差异化体验付溢价，且对标人力成本（每学期兼职助教开支约等于一台中端设备），结合市场定价12000元，可接受高端定价15000元。,,"{""estimated_wtp"": 15000, ""reasoning"": ""客户愿意为差异化体验付溢价，且对标人力成本（每学期兼职助教开支约等于一台中端设备），结合市场定价12000元，可接受高端定价15000元。""}",
belief_bench_v1_2026-07-13,ToB_Differentiation_Child,职业经理人,C3,3,18732,22478,,EXTRACTION_MISS,anchors array is empty,,[],"{""anchors"": []}",
belief_bench_v1_2026-07-13,ToB_Differentiation_Child,职业经理人,C3,5,18732,22478,,EXTRACTION_MISS,anchors array is empty,,[],"{""anchors"": []}",
belief_bench_v1_2026-07-13,ToB_Differentiation_Child,职业经理人,C3,6,18732,22478,,EXTRACTION_MISS,anchors array is empty,,[],"{""anchors"": []}",
belief_bench_v1_2026-07-13,ToB_Differentiation_Child,职业经理人,C3,2,18732,22478,0,success,,由报告锚点加权中位数及冻结 persona 变换确定性合成,"[{""quote"":""去年机构请了一个兼职助教，每学期开支和一台中端教学设备差不多。"",""value_yuan"":0,""type"":""参考价""},{""quote"":""一台设备能省一个人力，按学期分摊更易通过总部审批。"",""value_yuan"":0,""type"":""审批门槛""},{""quote"":""去年为了翻新图书角花了不少钱"",""value_yuan"":0,""type"":""参考价""}]","{""anchors"": [{""quote"": ""去年机构请了一个兼职助教，每学期开支和一台中端教学设备差不多。"", ""value_yuan"": null, ""type"": ""参考价""}, {""quote"": ""一台设备能省一个人力，按学期分摊更易通过总部审批。"", ""value_yuan"": null, ""type"": ""审批门槛""}, {""quote"": ""去年为了翻新图书角花了不少钱"", ""value_yuan"": null, ""type"": ""参考价""}]}",
belief_bench_v1_2026-07-13,ToB_Differentiation_Child,职业经理人,C3,8,18732,22478,,EXTRACTION_MISS,anchors array is empty,,[],"{""anchors"": []}",
belief_bench_v1_2026-07-13,ToB_Differentiation_Child,职业经理人,C3,4,18732,22478,0,success,,由报告锚点加权中位数及冻结 persona 变换确定性合成,"[{""quote"":""她提到倾向'按学期分摊'的付费模式——暗示一次性大额采购对她有决策压力。"",""value_yuan"":0,""type"":""参考价""},{""quote"":""去年机构请了一个兼职助教，每学期开支和一台中端教学设备差不多。"",""value_yuan"":0,""type"":""参考价""},{""quote"":""一台设备能省一个人力，按学期分摊更易通过总部审批。"",""value_yuan"":0,""type"":""审批门槛""},{""quote"":""去年为了翻新图书角花了不少钱——'家长看到了，觉得我们舍得投入'。"",""value_yuan"":0,""type"":""参考价""}]","{""anchors"": [{""quote"": ""她提到倾向'按学期分摊'的付费模式——暗示一次性大额采购对她有决策压力。"", ""value_yuan"": null, ""type"": ""参考价""}, {""quote"": ""去年机构请了一个兼职助教，每学期开支和一台中端教学设备差不多。"", ""value_yuan"": null, ""type"": ""参考价""}, {""quote"": ""一台设备能省一个人力，按学期分摊更易通过总部审批。"", ""value_yuan"": null, ""type"": ""审批门槛""}, {""quote"": ""去年为了翻新图书角花了不少钱——'家长看到了，觉得我们舍得投入'。"", ""value_yuan"": null, ""type"": ""参考价""}]}",
belief_bench_v1_2026-07-13,ToB_Differentiation_Child,职业经理人,C3,10,18732,22478,,EXTRACTION_MISS,anchors array is empty,,[],"{""anchors"": []}",
belief_bench_v1_2026-07-13,ToB_Differentiation_Child,职业经理人,C3,7,18732,22478,0,success,,由报告锚点加权中位数及冻结 persona 变换确定性合成,"[{""quote"":""她提到倾向'按学期分摊'的付费模式——暗示一次性大额采购对她有决策压力。"",""value_yuan"":0,""type"":""参考价""},{""quote"":""去年机构请了一个兼职助教，每学期开支和一台中端教学设备差不多。"",""value_yuan"":0,""type"":""参考价""},{""quote"":""一台设备能省一个人力，按学期分摊更易通过总部审批。"",""value_yuan"":0,""type"":""审批门槛""},{""quote"":""去年为了翻新图书角花了不少钱"",""value_yuan"":0,""type"":""参考价""}]","{""anchors"": [{""quote"": ""她提到倾向'按学期分摊'的付费模式——暗示一次性大额采购对她有决策压力。"", ""value_yuan"": null, ""type"": ""参考价""}, {""quote"": ""去年机构请了一个兼职助教，每学期开支和一台中端教学设备差不多。"", ""value_yuan"": null, ""type"": ""参考价""}, {""quote"": ""一台设备能省一个人力，按学期分摊更易通过总部审批。"", ""value_yuan"": null, ""type"": ""审批门槛""}, {""quote"": ""去年为了翻新图书角花了不少钱"", ""value_yuan"": null, ""type"": ""参考价""}]}",
belief_bench_v1_2026-07-13,ToB_Differentiation_Child,职业经理人,C3,9,18732,22478,0,success,,由报告锚点加权中位数及冻结 persona 变换确定性合成,"[{""quote"":""一台设备能省一个人力，按学期分摊更易通过总部审批"",""value_yuan"":0,""type"":""审批门槛""},{""quote"":""去年机构请了一个兼职助教，每学期开支和一台中端教学设备差不多"",""value_yuan"":0,""type"":""参考价""},{""quote"":""她提到倾向'按学期分摊'的付费模式——暗示一次性大额采购对她有决策压力"",""value_yuan"":0,""type"":""参考价""},{""quote"":""去年为了翻新图书角花了不少钱"",""value_yuan"":0,""type"":""参考价""}]","{""anchors"": [{""quote"": ""一台设备能省一个人力，按学期分摊更易通过总部审批"", ""value_yuan"": null, ""type"": ""审批门槛""}, {""quote"": ""去年机构请了一个兼职助教，每学期开支和一台中端教学设备差不多"", ""value_yuan"": null, ""type"": ""参考价""}, {""quote"": ""她提到倾向'按学期分摊'的付费模式——暗示一次性大额采购对她有决策压力"", ""value_yuan"": null, ""type"": ""参考价""}, {""quote"": ""去年为了翻新图书角花了不少钱"", ""value_yuan"": null, ""type"": ""参考价""}]}",
