run_id,team_index,team_id,grid,coverCore_condition,coverCore,price,units,profit,is_profitable,share,X,Vscore,unit_margin,channelFee,COGSbase,dCOGS,NRE,actual_price_7_10
sim_layered_newflow_2026-07-10T23-54-52-761Z,0,bebe49a7-f055-44f0-bd54-cb3af0130e2c,ToB_Differentiation_Elder,actual_7_10,0.5333333333333333,1000,31895,-17214390,false,0.02788044,4.363,0.31,-512,0.15,600,762,215.58000000000004,5000
sim_layered_newflow_2026-07-10T23-54-52-761Z,0,bebe49a7-f055-44f0-bd54-cb3af0130e2c,ToB_Differentiation_Elder,actual_7_10,0.5333333333333333,1100,30635,-14074598,false,0.0267786,4.363,0.31,-427,0.15,600,762,215.58000000000004,5000
sim_layered_newflow_2026-07-10T23-54-52-761Z,0,bebe49a7-f055-44f0-bd54-cb3af0130e2c,ToB_Differentiation_Elder,actual_7_10,0.5333333333333333,1200,29423,-11161466,false,0.02571914,4.363,0.31,-342,0.15,600,762,215.58000000000004,5000
sim_layered_newflow_2026-07-10T23-54-52-761Z,0,bebe49a7-f055-44f0-bd54-cb3af0130e2c,ToB_Differentiation_Elder,actual_7_10,0.5333333333333333,1300,28257,-8462325,false,0.02470054,4.363,0.31,-257,0.15,600,762,215.58000000000004,5000
sim_layered_newflow_2026-07-10T23-54-52-761Z,0,bebe49a7-f055-44f0-bd54-cb3af0130e2c,ToB_Differentiation_Elder,actual_7_10,0.5333333333333333,1400,27137,-5965113,false,0.0237213,4.363,0.31,-172,0.15,600,762,215.58000000000004,5000
sim_layered_newflow_2026-07-10T23-54-52-761Z,0,bebe49a7-f055-44f0-bd54-cb3af0130e2c,ToB_Differentiation_Elder,actual_7_10,0.5333333333333333,1500,26060,-3658349,false,0.02277997,4.363,0.31,-87,0.15,600,762,215.58000000000004,5000
sim_layered_newflow_2026-07-10T23-54-52-761Z,0,bebe49a7-f055-44f0-bd54-cb3af0130e2c,ToB_Differentiation_Elder,actual_7_10,0.5333333333333333,1600,25025,-1531107,false,0.02187516,4.363,0.31,-2,0.15,600,762,215.58000000000004,5000
sim_layered_newflow_2026-07-10T23-54-52-761Z,0,bebe49a7-f055-44f0-bd54-cb3af0130e2c,ToB_Differentiation_Elder,actual_7_10,0.5333333333333333,1700,24030,427003,true,0.02100552,4.363,0.31,83,0.15,600,762,215.58000000000004,5000
sim_layered_newflow_2026-07-10T23-54-52-761Z,0,bebe49a7-f055-44f0-bd54-cb3af0130e2c,ToB_Differentiation_Elder,actual_7_10,0.5333333333333333,1800,23074,2225859,true,0.02016974,4.363,0.31,168,0.15,600,762,215.58000000000004,5000
sim_layered_newflow_2026-07-10T23-54-52-761Z,0,bebe49a7-f055-44f0-bd54-cb3af0130e2c,ToB_Differentiation_Elder,actual_7_10,0.5333333333333333,1900,22155,3874846,true,0.01936655,4.363,0.31,253,0.15,600,762,215.58000000000004,5000
sim_layered_newflow_2026-07-10T23-54-52-761Z,0,bebe49a7-f055-44f0-bd54-cb3af0130e2c,ToB_Differentiation_Elder,actual_7_10,0.5333333333333333,2000,21272,5382882,true,0.01859474,4.363,0.31,338,0.15,600,762,215.58000000000004,5000
sim_layered_newflow_2026-07-10T23-54-52-761Z,0,bebe49a7-f055-44f0-bd54-cb3af0130e2c,ToB_Differentiation_Elder,actual_7_10,0.5333333333333333,2100,20424,6758432,true,0.01785313,4.363,0.31,423,0.15,600,762,215.58000000000004,5000
sim_layered_newflow_2026-07-10T23-54-52-761Z,0,bebe49a7-f055-44f0-bd54-cb3af0130e2c,ToB_Differentiation_Elder,actual_7_10,0.5333333333333333,2200,19609,8009531,true,0.01714058,4.363,0.31,508,0.15,600,762,215.58000000000004,5000
sim_layered_newflow_2026-07-10T23-54-52-761Z,0,bebe49a7-f055-44f0-bd54-cb3af0130e2c,ToB_Differentiation_Elder,actual_7_10,0.5333333333333333,2300,18826,9143803,true,0.01645599,4.363,0.31,593,0.15,600,762,215.58000000000004,5000
sim_layered_newflow_2026-07-10T23-54-52-761Z,0,bebe49a7-f055-44f0-bd54-cb3af0130e2c,ToB_Differentiation_Elder,actual_7_10,0.5333333333333333,2400,18073,10168478,true,0.01579831,4.363,0.31,678,0.15,600,762,215.58000000000004,5000
sim_layered_newflow_2026-07-10T23-54-52-761Z,0,bebe49a7-f055-44f0-bd54-cb3af0130e2c,ToB_Differentiation_Elder,actual_7_10,0.5333333333333333,2500,17350,11090409,true,0.0151665,4.363,0.31,763,0.15,600,762,215.58000000000004,5000
sim_layered_newflow_2026-07-10T23-54-52-761Z,0,bebe49a7-f055-44f0-bd54-cb3af0130e2c,ToB_Differentiation_Elder,actual_7_10,0.5333333333333333,2600,16656,11916090,true,0.01455959,4.363,0.31,848,0.15,600,762,215.58000000000004,5000
sim_layered_newflow_2026-07-10T23-54-52-761Z,0,bebe49a7-f055-44f0-bd54-cb3af0130e2c,ToB_Differentiation_Elder,actual_7_10,0.5333333333333333,2700,15989,12651674,true,0.01397662,4.363,0.31,933,0.15,600,762,215.58000000000004,5000
sim_layered_newflow_2026-07-10T23-54-52-761Z,0,bebe49a7-f055-44f0-bd54-cb3af0130e2c,ToB_Differentiation_Elder,actual_7_10,0.5333333333333333,2800,15349,13302986,true,0.01341667,4.363,0.31,1018,0.15,600,762,215.58000000000004,5000
sim_layered_newflow_2026-07-10T23-54-52-761Z,0,bebe49a7-f055-44f0-bd54-cb3af0130e2c,ToB_Differentiation_Elder,actual_7_10,0.5333333333333333,2900,14733,13875537,true,0.01287887,4.363,0.31,1103,0.15,600,762,215.58000000000004,5000
sim_layered_newflow_2026-07-10T23-54-52-761Z,0,bebe49a7-f055-44f0-bd54-cb3af0130e2c,ToB_Differentiation_Elder,actual_7_10,0.5333333333333333,3000,14143,14374543,true,0.01236235,4.363,0.31,1188,0.15,600,762,215.58000000000004,5000
sim_layered_newflow_2026-07-10T23-54-52-761Z,0,bebe49a7-f055-44f0-bd54-cb3af0130e2c,ToB_Differentiation_Elder,actual_7_10,0.5333333333333333,3100,13575,14804938,true,0.0118663,4.363,0.31,1273,0.15,600,762,215.58000000000004,5000
sim_layered_newflow_2026-07-10T23-54-52-761Z,0,bebe49a7-f055-44f0-bd54-cb3af0130e2c,ToB_Differentiation_Elder,actual_7_10,0.5333333333333333,3200,13030,15171382,true,0.01138992,4.363,0.31,1358,0.15,600,762,215.58000000000004,5000
sim_layered_newflow_2026-07-10T23-54-52-761Z,0,bebe49a7-f055-44f0-bd54-cb3af0130e2c,ToB_Differentiation_Elder,actual_7_10,0.5333333333333333,3300,12507,15478282,true,0.01093246,4.363,0.31,1443,0.15,600,762,215.58000000000004,5000
sim_layered_newflow_2026-07-10T23-54-52-761Z,0,bebe49a7-f055-44f0-bd54-cb3af0130e2c,ToB_Differentiation_Elder,actual_7_10,0.5333333333333333,3400,12004,15729798,true,0.01049318,4.363,0.31,1528,0.15,600,762,215.58000000000004,5000
sim_layered_newflow_2026-07-10T23-54-52-761Z,0,bebe49a7-f055-44f0-bd54-cb3af0130e2c,ToB_Differentiation_Elder,actual_7_10,0.5333333333333333,3500,11522,15929859,true,0.01007136,4.363,0.31,1613,0.15,600,762,215.58000000000004,5000
sim_layered_newflow_2026-07-10T23-54-52-761Z,0,bebe49a7-f055-44f0-bd54-cb3af0130e2c,ToB_Differentiation_Elder,actual_7_10,0.5333333333333333,3600,11058,16082171,true,0.00966634,4.363,0.31,1698,0.15,600,762,215.58000000000004,5000
sim_layered_newflow_2026-07-10T23-54-52-761Z,0,bebe49a7-f055-44f0-bd54-cb3af0130e2c,ToB_Differentiation_Elder,actual_7_10,0.5333333333333333,3700,10613,16190231,true,0.00927745,4.363,0.31,1783,0.15,600,762,215.58000000000004,5000
sim_layered_newflow_2026-07-10T23-54-52-761Z,0,bebe49a7-f055-44f0-bd54-cb3af0130e2c,ToB_Differentiation_Elder,actual_7_10,0.5333333333333333,3800,10186,16257334,true,0.00890407,4.363,0.31,1868,0.15,600,762,215.58000000000004,5000
sim_layered_newflow_2026-07-10T23-54-52-761Z,0,bebe49a7-f055-44f0-bd54-cb3af0130e2c,ToB_Differentiation_Elder,actual_7_10,0.5333333333333333,3900,9776,16286588,true,0.00854558,4.363,0.31,1953,0.15,600,762,215.58000000000004,5000
sim_layered_newflow_2026-07-10T23-54-52-761Z,0,bebe49a7-f055-44f0-bd54-cb3af0130e2c,ToB_Differentiation_Elder,actual_7_10,0.5333333333333333,4000,9382,16280918,true,0.00820141,4.363,0.31,2038,0.15,600,762,215.58000000000004,5000
sim_layered_newflow_2026-07-10T23-54-52-761Z,0,bebe49a7-f055-44f0-bd54-cb3af0130e2c,ToB_Differentiation_Elder,actual_7_10,0.5333333333333333,4100,9004,16243079,true,0.00787099,4.363,0.31,2123,0.15,600,762,215.58000000000004,5000
sim_layered_newflow_2026-07-10T23-54-52-761Z,0,bebe49a7-f055-44f0-bd54-cb3af0130e2c,ToB_Differentiation_Elder,actual_7_10,0.5333333333333333,4200,8642,16175663,true,0.00755378,4.363,0.31,2208,0.15,600,762,215.58000000000004,5000
sim_layered_newflow_2026-07-10T23-54-52-761Z,0,bebe49a7-f055-44f0-bd54-cb3af0130e2c,ToB_Differentiation_Elder,actual_7_10,0.5333333333333333,4300,8293,16081107,true,0.00724926,4.363,0.31,2293,0.15,600,762,215.58000000000004,5000
sim_layered_newflow_2026-07-10T23-54-52-761Z,0,bebe49a7-f055-44f0-bd54-cb3af0130e2c,ToB_Differentiation_Elder,actual_7_10,0.5333333333333333,4400,7959,15961703,true,0.00695694,4.363,0.31,2378,0.15,600,762,215.58000000000004,5000
sim_layered_newflow_2026-07-10T23-54-52-761Z,0,bebe49a7-f055-44f0-bd54-cb3af0130e2c,ToB_Differentiation_Elder,actual_7_10,0.5333333333333333,4500,7638,15819602,true,0.00667632,4.363,0.31,2463,0.15,600,762,215.58000000000004,5000
sim_layered_newflow_2026-07-10T23-54-52-761Z,0,bebe49a7-f055-44f0-bd54-cb3af0130e2c,ToB_Differentiation_Elder,actual_7_10,0.5333333333333333,4600,7330,15656826,true,0.00640694,4.363,0.31,2548,0.15,600,762,215.58000000000004,5000
sim_layered_newflow_2026-07-10T23-54-52-761Z,0,bebe49a7-f055-44f0-bd54-cb3af0130e2c,ToB_Differentiation_Elder,actual_7_10,0.5333333333333333,4700,7034,15475272,true,0.00614837,4.363,0.31,2633,0.15,600,762,215.58000000000004,5000
sim_layered_newflow_2026-07-10T23-54-52-761Z,0,bebe49a7-f055-44f0-bd54-cb3af0130e2c,ToB_Differentiation_Elder,actual_7_10,0.5333333333333333,4800,6750,15276717,true,0.00590017,4.363,0.31,2718,0.15,600,762,215.58000000000004,5000
sim_layered_newflow_2026-07-10T23-54-52-761Z,0,bebe49a7-f055-44f0-bd54-cb3af0130e2c,ToB_Differentiation_Elder,actual_7_10,0.5333333333333333,4900,6477,15062829,true,0.00566193,4.363,0.31,2803,0.15,600,762,215.58000000000004,5000
sim_layered_newflow_2026-07-10T23-54-52-761Z,0,bebe49a7-f055-44f0-bd54-cb3af0130e2c,ToB_Differentiation_Elder,actual_7_10,0.5333333333333333,5000,6216,14835167,true,0.00543327,4.363,0.31,2888,0.15,600,762,215.58000000000004,5000
sim_layered_newflow_2026-07-10T23-54-52-761Z,0,bebe49a7-f055-44f0-bd54-cb3af0130e2c,ToB_Differentiation_Elder,actual_7_10,0.5333333333333333,5100,5965,14595192,true,0.00521378,4.363,0.31,2973,0.15,600,762,215.58000000000004,5000
sim_layered_newflow_2026-07-10T23-54-52-761Z,0,bebe49a7-f055-44f0-bd54-cb3af0130e2c,ToB_Differentiation_Elder,actual_7_10,0.5333333333333333,5200,5724,14344271,true,0.00500312,4.363,0.31,3058,0.15,600,762,215.58000000000004,5000
sim_layered_newflow_2026-07-10T23-54-52-761Z,0,bebe49a7-f055-44f0-bd54-cb3af0130e2c,ToB_Differentiation_Elder,actual_7_10,0.5333333333333333,5300,5492,14083679,true,0.00480093,4.363,0.31,3143,0.15,600,762,215.58000000000004,5000
sim_layered_newflow_2026-07-10T23-54-52-761Z,0,bebe49a7-f055-44f0-bd54-cb3af0130e2c,ToB_Differentiation_Elder,actual_7_10,0.5333333333333333,5400,5270,13814608,true,0.00460687,4.363,0.31,3228,0.15,600,762,215.58000000000004,5000
sim_layered_newflow_2026-07-10T23-54-52-761Z,0,bebe49a7-f055-44f0-bd54-cb3af0130e2c,ToB_Differentiation_Elder,actual_7_10,0.5333333333333333,5500,5057,13538171,true,0.00442063,4.363,0.31,3313,0.15,600,762,215.58000000000004,5000
sim_layered_newflow_2026-07-10T23-54-52-761Z,0,bebe49a7-f055-44f0-bd54-cb3af0130e2c,ToB_Differentiation_Elder,actual_7_10,0.5333333333333333,5600,4853,13255403,true,0.00424188,4.363,0.31,3398,0.15,600,762,215.58000000000004,5000
sim_layered_newflow_2026-07-10T23-54-52-761Z,0,bebe49a7-f055-44f0-bd54-cb3af0130e2c,ToB_Differentiation_Elder,actual_7_10,0.5333333333333333,5700,4656,12967269,true,0.00407032,4.363,0.31,3483,0.15,600,762,215.58000000000004,5000
sim_layered_newflow_2026-07-10T23-54-52-761Z,0,bebe49a7-f055-44f0-bd54-cb3af0130e2c,ToB_Differentiation_Elder,actual_7_10,0.5333333333333333,5800,4468,12674668,true,0.00390568,4.363,0.31,3568,0.15,600,762,215.58000000000004,5000
sim_layered_newflow_2026-07-10T23-54-52-761Z,0,bebe49a7-f055-44f0-bd54-cb3af0130e2c,ToB_Differentiation_Elder,actual_7_10,0.5333333333333333,5900,4287,12378432,true,0.00374767,4.363,0.31,3653,0.15,600,762,215.58000000000004,5000
sim_layered_newflow_2026-07-10T23-54-52-761Z,0,bebe49a7-f055-44f0-bd54-cb3af0130e2c,ToB_Differentiation_Elder,actual_7_10,0.5333333333333333,6000,4114,12079337,true,0.00359604,4.363,0.31,3738,0.15,600,762,215.58000000000004,5000
sim_layered_newflow_2026-07-10T23-54-52-761Z,0,bebe49a7-f055-44f0-bd54-cb3af0130e2c,ToB_Differentiation_Elder,actual_7_10,0.5333333333333333,6100,3947,11778100,true,0.00345051,4.363,0.31,3823,0.15,600,762,215.58000000000004,5000
sim_layered_newflow_2026-07-10T23-54-52-761Z,0,bebe49a7-f055-44f0-bd54-cb3af0130e2c,ToB_Differentiation_Elder,actual_7_10,0.5333333333333333,6200,3788,11475386,true,0.00331086,4.363,0.31,3908,0.15,600,762,215.58000000000004,5000
sim_layered_newflow_2026-07-10T23-54-52-761Z,0,bebe49a7-f055-44f0-bd54-cb3af0130e2c,ToB_Differentiation_Elder,actual_7_10,0.5333333333333333,6300,3634,11171810,true,0.00317684,4.363,0.31,3993,0.15,600,762,215.58000000000004,5000
sim_layered_newflow_2026-07-10T23-54-52-761Z,0,bebe49a7-f055-44f0-bd54-cb3af0130e2c,ToB_Differentiation_Elder,actual_7_10,0.5333333333333333,6400,3487,10867938,true,0.00304823,4.363,0.31,4078,0.15,600,762,215.58000000000004,5000
sim_layered_newflow_2026-07-10T23-54-52-761Z,0,bebe49a7-f055-44f0-bd54-cb3af0130e2c,ToB_Differentiation_Elder,actual_7_10,0.5333333333333333,6500,3346,10564294,true,0.00292481,4.363,0.31,4163,0.15,600,762,215.58000000000004,5000
sim_layered_newflow_2026-07-10T23-54-52-761Z,0,bebe49a7-f055-44f0-bd54-cb3af0130e2c,ToB_Differentiation_Elder,actual_7_10,0.5333333333333333,6600,3210,10261359,true,0.00280637,4.363,0.31,4248,0.15,600,762,215.58000000000004,5000
sim_layered_newflow_2026-07-10T23-54-52-761Z,0,bebe49a7-f055-44f0-bd54-cb3af0130e2c,ToB_Differentiation_Elder,actual_7_10,0.5333333333333333,6700,3080,9959575,true,0.00269272,4.363,0.31,4333,0.15,600,762,215.58000000000004,5000
sim_layered_newflow_2026-07-10T23-54-52-761Z,0,bebe49a7-f055-44f0-bd54-cb3af0130e2c,ToB_Differentiation_Elder,actual_7_10,0.5333333333333333,6800,2956,9659348,true,0.00258366,4.363,0.31,4418,0.15,600,762,215.58000000000004,5000
sim_layered_newflow_2026-07-10T23-54-52-761Z,0,bebe49a7-f055-44f0-bd54-cb3af0130e2c,ToB_Differentiation_Elder,actual_7_10,0.5333333333333333,6900,2836,9361047,true,0.002479,4.363,0.31,4503,0.15,600,762,215.58000000000004,5000
sim_layered_newflow_2026-07-10T23-54-52-761Z,0,bebe49a7-f055-44f0-bd54-cb3af0130e2c,ToB_Differentiation_Elder,actual_7_10,0.5333333333333333,7000,2721,9065011,true,0.00237857,4.363,0.31,4588,0.15,600,762,215.58000000000004,5000
sim_layered_newflow_2026-07-10T23-54-52-761Z,0,bebe49a7-f055-44f0-bd54-cb3af0130e2c,ToB_Differentiation_Elder,low_0.35,0.35,1000,11281,-8657559,false,0.0098607,3.35045,0.2275,-512,0.15,600,762,215.58000000000004,5000
sim_layered_newflow_2026-07-10T23-54-52-761Z,0,bebe49a7-f055-44f0-bd54-cb3af0130e2c,ToB_Differentiation_Elder,low_0.35,0.35,1100,10779,-7518756,false,0.00942181,3.35045,0.2275,-427,0.15,600,762,215.58000000000004,5000
sim_layered_newflow_2026-07-10T23-54-52-761Z,0,bebe49a7-f055-44f0-bd54-cb3af0130e2c,ToB_Differentiation_Elder,low_0.35,0.35,1200,10299,-6471364,false,0.00900227,3.35045,0.2275,-342,0.15,600,762,215.58000000000004,5000
sim_layered_newflow_2026-07-10T23-54-52-761Z,0,bebe49a7-f055-44f0-bd54-cb3af0130e2c,ToB_Differentiation_Elder,low_0.35,0.35,1300,9840,-5509555,false,0.00860125,3.35045,0.2275,-257,0.15,600,762,215.58000000000004,5000
sim_layered_newflow_2026-07-10T23-54-52-761Z,0,bebe49a7-f055-44f0-bd54-cb3af0130e2c,ToB_Differentiation_Elder,low_0.35,0.35,1400,9401,-4627832,false,0.00821794,3.35045,0.2275,-172,0.15,600,762,215.58000000000004,5000
sim_layered_newflow_2026-07-10T23-54-52-761Z,0,bebe49a7-f055-44f0-bd54-cb3af0130e2c,ToB_Differentiation_Elder,low_0.35,0.35,1500,8982,-3821010,false,0.00785159,3.35045,0.2275,-87,0.15,600,762,215.58000000000004,5000
sim_layered_newflow_2026-07-10T23-54-52-761Z,0,bebe49a7-f055-44f0-bd54-cb3af0130e2c,ToB_Differentiation_Elder,low_0.35,0.35,1600,8582,-3084202,false,0.00750144,3.35045,0.2275,-2,0.15,600,762,215.58000000000004,5000
sim_layered_newflow_2026-07-10T23-54-52-761Z,0,bebe49a7-f055-44f0-bd54-cb3af0130e2c,ToB_Differentiation_Elder,low_0.35,0.35,1700,8199,-2412803,false,0.00716679,3.35045,0.2275,83,0.15,600,762,215.58000000000004,5000
sim_layered_newflow_2026-07-10T23-54-52-761Z,0,bebe49a7-f055-44f0-bd54-cb3af0130e2c,ToB_Differentiation_Elder,low_0.35,0.35,1800,7833,-1802473,false,0.00684697,3.35045,0.2275,168,0.15,600,762,215.58000000000004,5000
sim_layered_newflow_2026-07-10T23-54-52-761Z,0,bebe49a7-f055-44f0-bd54-cb3af0130e2c,ToB_Differentiation_Elder,low_0.35,0.35,1900,7483,-1249125,false,0.00654133,3.35045,0.2275,253,0.15,600,762,215.58000000000004,5000
sim_layered_newflow_2026-07-10T23-54-52-761Z,0,bebe49a7-f055-44f0-bd54-cb3af0130e2c,ToB_Differentiation_Elder,low_0.35,0.35,2000,7149,-748912,false,0.00624924,3.35045,0.2275,338,0.15,600,762,215.58000000000004,5000
sim_layered_newflow_2026-07-10T23-54-52-761Z,0,bebe49a7-f055-44f0-bd54-cb3af0130e2c,ToB_Differentiation_Elder,low_0.35,0.35,2100,6830,-298213,false,0.00597012,3.35045,0.2275,423,0.15,600,762,215.58000000000004,5000
sim_layered_newflow_2026-07-10T23-54-52-761Z,0,bebe49a7-f055-44f0-bd54-cb3af0130e2c,ToB_Differentiation_Elder,low_0.35,0.35,2200,6525,106379,true,0.0057034,3.35045,0.2275,508,0.15,600,762,215.58000000000004,5000
sim_layered_newflow_2026-07-10T23-54-52-761Z,0,bebe49a7-f055-44f0-bd54-cb3af0130e2c,ToB_Differentiation_Elder,low_0.35,0.35,2300,6233,468069,true,0.00544852,3.35045,0.2275,593,0.15,600,762,215.58000000000004,5000
sim_layered_newflow_2026-07-10T23-54-52-761Z,0,bebe49a7-f055-44f0-bd54-cb3af0130e2c,ToB_Differentiation_Elder,low_0.35,0.35,2400,5954,789867,true,0.00520498,3.35045,0.2275,678,0.15,600,762,215.58000000000004,5000
sim_layered_newflow_2026-07-10T23-54-52-761Z,0,bebe49a7-f055-44f0-bd54-cb3af0130e2c,ToB_Differentiation_Elder,low_0.35,0.35,2500,5688,1074606,true,0.00497227,3.35045,0.2275,763,0.15,600,762,215.58000000000004,5000
sim_layered_newflow_2026-07-10T23-54-52-761Z,0,bebe49a7-f055-44f0-bd54-cb3af0130e2c,ToB_Differentiation_Elder,low_0.35,0.35,2600,5434,1324945,true,0.00474991,3.35045,0.2275,848,0.15,600,762,215.58000000000004,5000
sim_layered_newflow_2026-07-10T23-54-52-761Z,0,bebe49a7-f055-44f0-bd54-cb3af0130e2c,ToB_Differentiation_Elder,low_0.35,0.35,2700,5191,1543383,true,0.00453745,3.35045,0.2275,933,0.15,600,762,215.58000000000004,5000
sim_layered_newflow_2026-07-10T23-54-52-761Z,0,bebe49a7-f055-44f0-bd54-cb3af0130e2c,ToB_Differentiation_Elder,low_0.35,0.35,2800,4959,1732262,true,0.00433445,3.35045,0.2275,1018,0.15,600,762,215.58000000000004,5000
sim_layered_newflow_2026-07-10T23-54-52-761Z,0,bebe49a7-f055-44f0-bd54-cb3af0130e2c,ToB_Differentiation_Elder,low_0.35,0.35,2900,4737,1893785,true,0.0041405,3.35045,0.2275,1103,0.15,600,762,215.58000000000004,5000
sim_layered_newflow_2026-07-10T23-54-52-761Z,0,bebe49a7-f055-44f0-bd54-cb3af0130e2c,ToB_Differentiation_Elder,low_0.35,0.35,3000,4525,2030014,true,0.00395519,3.35045,0.2275,1188,0.15,600,762,215.58000000000004,5000
sim_layered_newflow_2026-07-10T23-54-52-761Z,0,bebe49a7-f055-44f0-bd54-cb3af0130e2c,ToB_Differentiation_Elder,low_0.35,0.35,3100,4322,2142885,true,0.00377814,3.35045,0.2275,1273,0.15,600,762,215.58000000000004,5000
sim_layered_newflow_2026-07-10T23-54-52-761Z,0,bebe49a7-f055-44f0-bd54-cb3af0130e2c,ToB_Differentiation_Elder,low_0.35,0.35,3200,4129,2234211,true,0.00360899,3.35045,0.2275,1358,0.15,600,762,215.58000000000004,5000
sim_layered_newflow_2026-07-10T23-54-52-761Z,0,bebe49a7-f055-44f0-bd54-cb3af0130e2c,ToB_Differentiation_Elder,low_0.35,0.35,3300,3944,2305691,true,0.00344739,3.35045,0.2275,1443,0.15,600,762,215.58000000000004,5000
sim_layered_newflow_2026-07-10T23-54-52-761Z,0,bebe49a7-f055-44f0-bd54-cb3af0130e2c,ToB_Differentiation_Elder,low_0.35,0.35,3400,3767,2358916,true,0.003293,3.35045,0.2275,1528,0.15,600,762,215.58000000000004,5000
sim_layered_newflow_2026-07-10T23-54-52-761Z,0,bebe49a7-f055-44f0-bd54-cb3af0130e2c,ToB_Differentiation_Elder,low_0.35,0.35,3500,3598,2395375,true,0.0031455,3.35045,0.2275,1613,0.15,600,762,215.58000000000004,5000
sim_layered_newflow_2026-07-10T23-54-52-761Z,0,bebe49a7-f055-44f0-bd54-cb3af0130e2c,ToB_Differentiation_Elder,low_0.35,0.35,3600,3437,2416460,true,0.00300458,3.35045,0.2275,1698,0.15,600,762,215.58000000000004,5000
sim_layered_newflow_2026-07-10T23-54-52-761Z,0,bebe49a7-f055-44f0-bd54-cb3af0130e2c,ToB_Differentiation_Elder,low_0.35,0.35,3700,3283,2423474,true,0.00286997,3.35045,0.2275,1783,0.15,600,762,215.58000000000004,5000
sim_layered_newflow_2026-07-10T23-54-52-761Z,0,bebe49a7-f055-44f0-bd54-cb3af0130e2c,ToB_Differentiation_Elder,low_0.35,0.35,3800,3136,2417633,true,0.00274136,3.35045,0.2275,1868,0.15,600,762,215.58000000000004,5000
sim_layered_newflow_2026-07-10T23-54-52-761Z,0,bebe49a7-f055-44f0-bd54-cb3af0130e2c,ToB_Differentiation_Elder,low_0.35,0.35,3900,2996,2400073,true,0.00261851,3.35045,0.2275,1953,0.15,600,762,215.58000000000004,5000
sim_layered_newflow_2026-07-10T23-54-52-761Z,0,bebe49a7-f055-44f0-bd54-cb3af0130e2c,ToB_Differentiation_Elder,low_0.35,0.35,4000,2861,2371857,true,0.00250115,3.35045,0.2275,2038,0.15,600,762,215.58000000000004,5000
sim_layered_newflow_2026-07-10T23-54-52-761Z,0,bebe49a7-f055-44f0-bd54-cb3af0130e2c,ToB_Differentiation_Elder,low_0.35,0.35,4100,2733,2333972,true,0.00238903,3.35045,0.2275,2123,0.15,600,762,215.58000000000004,5000
sim_layered_newflow_2026-07-10T23-54-52-761Z,0,bebe49a7-f055-44f0-bd54-cb3af0130e2c,ToB_Differentiation_Elder,low_0.35,0.35,4200,2611,2287343,true,0.00228193,3.35045,0.2275,2208,0.15,600,762,215.58000000000004,5000
sim_layered_newflow_2026-07-10T23-54-52-761Z,0,bebe49a7-f055-44f0-bd54-cb3af0130e2c,ToB_Differentiation_Elder,low_0.35,0.35,4300,2493,2232827,true,0.00217962,3.35045,0.2275,2293,0.15,600,762,215.58000000000004,5000
sim_layered_newflow_2026-07-10T23-54-52-761Z,0,bebe49a7-f055-44f0-bd54-cb3af0130e2c,ToB_Differentiation_Elder,low_0.35,0.35,4400,2382,2171227,true,0.00208189,3.35045,0.2275,2378,0.15,600,762,215.58000000000004,5000
sim_layered_newflow_2026-07-10T23-54-52-761Z,0,bebe49a7-f055-44f0-bd54-cb3af0130e2c,ToB_Differentiation_Elder,low_0.35,0.35,4500,2275,2103286,true,0.00198853,3.35045,0.2275,2463,0.15,600,762,215.58000000000004,5000
sim_layered_newflow_2026-07-10T23-54-52-761Z,0,bebe49a7-f055-44f0-bd54-cb3af0130e2c,ToB_Differentiation_Elder,low_0.35,0.35,4600,2173,2029697,true,0.00189935,3.35045,0.2275,2548,0.15,600,762,215.58000000000004,5000
sim_layered_newflow_2026-07-10T23-54-52-761Z,0,bebe49a7-f055-44f0-bd54-cb3af0130e2c,ToB_Differentiation_Elder,low_0.35,0.35,4700,2075,1951102,true,0.00181416,3.35045,0.2275,2633,0.15,600,762,215.58000000000004,5000
sim_layered_newflow_2026-07-10T23-54-52-761Z,0,bebe49a7-f055-44f0-bd54-cb3af0130e2c,ToB_Differentiation_Elder,low_0.35,0.35,4800,1982,1868099,true,0.00173278,3.35045,0.2275,2718,0.15,600,762,215.58000000000004,5000
sim_layered_newflow_2026-07-10T23-54-52-761Z,0,bebe49a7-f055-44f0-bd54-cb3af0130e2c,ToB_Differentiation_Elder,low_0.35,0.35,4900,1893,1781242,true,0.00165505,3.35045,0.2275,2803,0.15,600,762,215.58000000000004,5000
sim_layered_newflow_2026-07-10T23-54-52-761Z,0,bebe49a7-f055-44f0-bd54-cb3af0130e2c,ToB_Differentiation_Elder,low_0.35,0.35,5000,1808,1691043,true,0.0015808,3.35045,0.2275,2888,0.15,600,762,215.58000000000004,5000
sim_layered_newflow_2026-07-10T23-54-52-761Z,0,bebe49a7-f055-44f0-bd54-cb3af0130e2c,ToB_Differentiation_Elder,low_0.35,0.35,5100,1727,1597976,true,0.00150988,3.35045,0.2275,2973,0.15,600,762,215.58000000000004,5000
sim_layered_newflow_2026-07-10T23-54-52-761Z,0,bebe49a7-f055-44f0-bd54-cb3af0130e2c,ToB_Differentiation_Elder,low_0.35,0.35,5200,1650,1502482,true,0.00144213,3.35045,0.2275,3058,0.15,600,762,215.58000000000004,5000
sim_layered_newflow_2026-07-10T23-54-52-761Z,0,bebe49a7-f055-44f0-bd54-cb3af0130e2c,ToB_Differentiation_Elder,low_0.35,0.35,5300,1576,1404965,true,0.00137742,3.35045,0.2275,3143,0.15,600,762,215.58000000000004,5000
sim_layered_newflow_2026-07-10T23-54-52-761Z,0,bebe49a7-f055-44f0-bd54-cb3af0130e2c,ToB_Differentiation_Elder,low_0.35,0.35,5400,1505,1305799,true,0.00131561,3.35045,0.2275,3228,0.15,600,762,215.58000000000004,5000
sim_layered_newflow_2026-07-10T23-54-52-761Z,0,bebe49a7-f055-44f0-bd54-cb3af0130e2c,ToB_Differentiation_Elder,low_0.35,0.35,5500,1438,1205329,true,0.00125657,3.35045,0.2275,3313,0.15,600,762,215.58000000000004,5000
sim_layered_newflow_2026-07-10T23-54-52-761Z,0,bebe49a7-f055-44f0-bd54-cb3af0130e2c,ToB_Differentiation_Elder,low_0.35,0.35,5600,1373,1103871,true,0.00120018,3.35045,0.2275,3398,0.15,600,762,215.58000000000004,5000
sim_layered_newflow_2026-07-10T23-54-52-761Z,0,bebe49a7-f055-44f0-bd54-cb3af0130e2c,ToB_Differentiation_Elder,low_0.35,0.35,5700,1311,1001717,true,0.00114631,3.35045,0.2275,3483,0.15,600,762,215.58000000000004,5000
sim_layered_newflow_2026-07-10T23-54-52-761Z,0,bebe49a7-f055-44f0-bd54-cb3af0130e2c,ToB_Differentiation_Elder,low_0.35,0.35,5800,1253,899135,true,0.00109486,3.35045,0.2275,3568,0.15,600,762,215.58000000000004,5000
sim_layered_newflow_2026-07-10T23-54-52-761Z,0,bebe49a7-f055-44f0-bd54-cb3af0130e2c,ToB_Differentiation_Elder,low_0.35,0.35,5900,1196,796367,true,0.00104572,3.35045,0.2275,3653,0.15,600,762,215.58000000000004,5000
sim_layered_newflow_2026-07-10T23-54-52-761Z,0,bebe49a7-f055-44f0-bd54-cb3af0130e2c,ToB_Differentiation_Elder,low_0.35,0.35,6000,1143,693639,true,0.00099878,3.35045,0.2275,3738,0.15,600,762,215.58000000000004,5000
sim_layered_newflow_2026-07-10T23-54-52-761Z,0,bebe49a7-f055-44f0-bd54-cb3af0130e2c,ToB_Differentiation_Elder,low_0.35,0.35,6100,1091,591154,true,0.00095394,3.35045,0.2275,3823,0.15,600,762,215.58000000000004,5000
sim_layered_newflow_2026-07-10T23-54-52-761Z,0,bebe49a7-f055-44f0-bd54-cb3af0130e2c,ToB_Differentiation_Elder,low_0.35,0.35,6200,1042,489096,true,0.00091112,3.35045,0.2275,3908,0.15,600,762,215.58000000000004,5000
sim_layered_newflow_2026-07-10T23-54-52-761Z,0,bebe49a7-f055-44f0-bd54-cb3af0130e2c,ToB_Differentiation_Elder,low_0.35,0.35,6300,996,387635,true,0.00087022,3.35045,0.2275,3993,0.15,600,762,215.58000000000004,5000
sim_layered_newflow_2026-07-10T23-54-52-761Z,0,bebe49a7-f055-44f0-bd54-cb3af0130e2c,ToB_Differentiation_Elder,low_0.35,0.35,6400,951,286923,true,0.00083115,3.35045,0.2275,4078,0.15,600,762,215.58000000000004,5000
sim_layered_newflow_2026-07-10T23-54-52-761Z,0,bebe49a7-f055-44f0-bd54-cb3af0130e2c,ToB_Differentiation_Elder,low_0.35,0.35,6500,908,187097,true,0.00079383,3.35045,0.2275,4163,0.15,600,762,215.58000000000004,5000
sim_layered_newflow_2026-07-10T23-54-52-761Z,0,bebe49a7-f055-44f0-bd54-cb3af0130e2c,ToB_Differentiation_Elder,low_0.35,0.35,6600,867,88281,true,0.00075819,3.35045,0.2275,4248,0.15,600,762,215.58000000000004,5000
sim_layered_newflow_2026-07-10T23-54-52-761Z,0,bebe49a7-f055-44f0-bd54-cb3af0130e2c,ToB_Differentiation_Elder,low_0.35,0.35,6700,828,-9414,false,0.00072414,3.35045,0.2275,4333,0.15,600,762,215.58000000000004,5000
sim_layered_newflow_2026-07-10T23-54-52-761Z,0,bebe49a7-f055-44f0-bd54-cb3af0130e2c,ToB_Differentiation_Elder,low_0.35,0.35,6800,791,-105890,false,0.00069163,3.35045,0.2275,4418,0.15,600,762,215.58000000000004,5000
sim_layered_newflow_2026-07-10T23-54-52-761Z,0,bebe49a7-f055-44f0-bd54-cb3af0130e2c,ToB_Differentiation_Elder,low_0.35,0.35,6900,756,-201058,false,0.00066057,3.35045,0.2275,4503,0.15,600,762,215.58000000000004,5000
sim_layered_newflow_2026-07-10T23-54-52-761Z,0,bebe49a7-f055-44f0-bd54-cb3af0130e2c,ToB_Differentiation_Elder,low_0.35,0.35,7000,722,-294843,false,0.00063091,3.35045,0.2275,4588,0.15,600,762,215.58000000000004,5000
sim_layered_newflow_2026-07-10T23-54-52-761Z,0,bebe49a7-f055-44f0-bd54-cb3af0130e2c,ToB_Differentiation_Elder,mid_0.50,0.5,1000,26461,-14992512,false,0.02313061,4.1789,0.295,-512,0.15,600,762,215.58000000000004,5000
sim_layered_newflow_2026-07-10T23-54-52-761Z,0,bebe49a7-f055-44f0-bd54-cb3af0130e2c,ToB_Differentiation_Elder,mid_0.50,0.5,1100,25392,-12376031,false,0.02219581,4.1789,0.295,-427,0.15,600,762,215.58000000000004,5000
sim_layered_newflow_2026-07-10T23-54-52-761Z,0,bebe49a7-f055-44f0-bd54-cb3af0130e2c,ToB_Differentiation_Elder,mid_0.50,0.5,1200,24365,-9952275,false,0.02129797,4.1789,0.295,-342,0.15,600,762,215.58000000000004,5000
sim_layered_newflow_2026-07-10T23-54-52-761Z,0,bebe49a7-f055-44f0-bd54-cb3af0130e2c,ToB_Differentiation_Elder,mid_0.50,0.5,1300,23378,-7710186,false,0.02043569,4.1789,0.295,-257,0.15,600,762,215.58000000000004,5000
sim_layered_newflow_2026-07-10T23-54-52-761Z,0,bebe49a7-f055-44f0-bd54-cb3af0130e2c,ToB_Differentiation_Elder,mid_0.50,0.5,1400,22431,-5639254,false,0.01960762,4.1789,0.295,-172,0.15,600,762,215.58000000000004,5000
sim_layered_newflow_2026-07-10T23-54-52-761Z,0,bebe49a7-f055-44f0-bd54-cb3af0130e2c,ToB_Differentiation_Elder,mid_0.50,0.5,1500,21521,-3729494,false,0.01881246,4.1789,0.295,-87,0.15,600,762,215.58000000000004,5000
sim_layered_newflow_2026-07-10T23-54-52-761Z,0,bebe49a7-f055-44f0-bd54-cb3af0130e2c,ToB_Differentiation_Elder,mid_0.50,0.5,1600,20648,-1971423,false,0.01804895,4.1789,0.295,-2,0.15,600,762,215.58000000000004,5000
sim_layered_newflow_2026-07-10T23-54-52-761Z,0,bebe49a7-f055-44f0-bd54-cb3af0130e2c,ToB_Differentiation_Elder,mid_0.50,0.5,1700,19809,-356038,false,0.01731589,4.1789,0.295,83,0.15,600,762,215.58000000000004,5000
sim_layered_newflow_2026-07-10T23-54-52-761Z,0,bebe49a7-f055-44f0-bd54-cb3af0130e2c,ToB_Differentiation_Elder,mid_0.50,0.5,1800,19004,1125204,true,0.01661209,4.1789,0.295,168,0.15,600,762,215.58000000000004,5000
sim_layered_newflow_2026-07-10T23-54-52-761Z,0,bebe49a7-f055-44f0-bd54-cb3af0130e2c,ToB_Differentiation_Elder,mid_0.50,0.5,1900,18231,2480407,true,0.01593643,4.1789,0.295,253,0.15,600,762,215.58000000000004,5000
sim_layered_newflow_2026-07-10T23-54-52-761Z,0,bebe49a7-f055-44f0-bd54-cb3af0130e2c,ToB_Differentiation_Elder,mid_0.50,0.5,2000,17489,3717256,true,0.01528783,4.1789,0.295,338,0.15,600,762,215.58000000000004,5000
sim_layered_newflow_2026-07-10T23-54-52-761Z,0,bebe49a7-f055-44f0-bd54-cb3af0130e2c,ToB_Differentiation_Elder,mid_0.50,0.5,2100,16777,4843036,true,0.01466523,4.1789,0.295,423,0.15,600,762,215.58000000000004,5000
sim_layered_newflow_2026-07-10T23-54-52-761Z,0,bebe49a7-f055-44f0-bd54-cb3af0130e2c,ToB_Differentiation_Elder,mid_0.50,0.5,2200,16093,5864646,true,0.01406763,4.1789,0.295,508,0.15,600,762,215.58000000000004,5000
sim_layered_newflow_2026-07-10T23-54-52-761Z,0,bebe49a7-f055-44f0-bd54-cb3af0130e2c,ToB_Differentiation_Elder,mid_0.50,0.5,2300,15437,6788625,true,0.01349404,4.1789,0.295,593,0.15,600,762,215.58000000000004,5000
sim_layered_newflow_2026-07-10T23-54-52-761Z,0,bebe49a7-f055-44f0-bd54-cb3af0130e2c,ToB_Differentiation_Elder,mid_0.50,0.5,2400,14807,7621162,true,0.01294354,4.1789,0.295,678,0.15,600,762,215.58000000000004,5000
sim_layered_newflow_2026-07-10T23-54-52-761Z,0,bebe49a7-f055-44f0-bd54-cb3af0130e2c,ToB_Differentiation_Elder,mid_0.50,0.5,2500,14203,8368113,true,0.01241521,4.1789,0.295,763,0.15,600,762,215.58000000000004,5000
sim_layered_newflow_2026-07-10T23-54-52-761Z,0,bebe49a7-f055-44f0-bd54-cb3af0130e2c,ToB_Differentiation_Elder,mid_0.50,0.5,2600,13623,9035020,true,0.01190818,4.1789,0.295,848,0.15,600,762,215.58000000000004,5000
sim_layered_newflow_2026-07-10T23-54-52-761Z,0,bebe49a7-f055-44f0-bd54-cb3af0130e2c,ToB_Differentiation_Elder,mid_0.50,0.5,2700,13066,9627123,true,0.01142162,4.1789,0.295,933,0.15,600,762,215.58000000000004,5000
sim_layered_newflow_2026-07-10T23-54-52-761Z,0,bebe49a7-f055-44f0-bd54-cb3af0130e2c,ToB_Differentiation_Elder,mid_0.50,0.5,2800,12532,10149375,true,0.01095473,4.1789,0.295,1018,0.15,600,762,215.58000000000004,5000
sim_layered_newflow_2026-07-10T23-54-52-761Z,0,bebe49a7-f055-44f0-bd54-cb3af0130e2c,ToB_Differentiation_Elder,mid_0.50,0.5,2900,12020,10606459,true,0.01050671,4.1789,0.295,1103,0.15,600,762,215.58000000000004,5000
sim_layered_newflow_2026-07-10T23-54-52-761Z,0,bebe49a7-f055-44f0-bd54-cb3af0130e2c,ToB_Differentiation_Elder,mid_0.50,0.5,3000,11528,11002794,true,0.01007683,4.1789,0.295,1188,0.15,600,762,215.58000000000004,5000
sim_layered_newflow_2026-07-10T23-54-52-761Z,0,bebe49a7-f055-44f0-bd54-cb3af0130e2c,ToB_Differentiation_Elder,mid_0.50,0.5,3100,11056,11342555,true,0.00966437,4.1789,0.295,1273,0.15,600,762,215.58000000000004,5000
sim_layered_newflow_2026-07-10T23-54-52-761Z,0,bebe49a7-f055-44f0-bd54-cb3af0130e2c,ToB_Differentiation_Elder,mid_0.50,0.5,3200,10603,11629683,true,0.00926863,4.1789,0.295,1358,0.15,600,762,215.58000000000004,5000
sim_layered_newflow_2026-07-10T23-54-52-761Z,0,bebe49a7-f055-44f0-bd54-cb3af0130e2c,ToB_Differentiation_Elder,mid_0.50,0.5,3300,10169,11867893,true,0.00888895,4.1789,0.295,1443,0.15,600,762,215.58000000000004,5000
sim_layered_newflow_2026-07-10T23-54-52-761Z,0,bebe49a7-f055-44f0-bd54-cb3af0130e2c,ToB_Differentiation_Elder,mid_0.50,0.5,3400,9752,12060691,true,0.00852469,4.1789,0.295,1528,0.15,600,762,215.58000000000004,5000
sim_layered_newflow_2026-07-10T23-54-52-761Z,0,bebe49a7-f055-44f0-bd54-cb3af0130e2c,ToB_Differentiation_Elder,mid_0.50,0.5,3500,9352,12211381,true,0.00817524,4.1789,0.295,1613,0.15,600,762,215.58000000000004,5000
sim_layered_newflow_2026-07-10T23-54-52-761Z,0,bebe49a7-f055-44f0-bd54-cb3af0130e2c,ToB_Differentiation_Elder,mid_0.50,0.5,3600,8969,12323074,true,0.00784,4.1789,0.295,1698,0.15,600,762,215.58000000000004,5000
sim_layered_newflow_2026-07-10T23-54-52-761Z,0,bebe49a7-f055-44f0-bd54-cb3af0130e2c,ToB_Differentiation_Elder,mid_0.50,0.5,3700,8601,12398702,true,0.0075184,4.1789,0.295,1783,0.15,600,762,215.58000000000004,5000
sim_layered_newflow_2026-07-10T23-54-52-761Z,0,bebe49a7-f055-44f0-bd54-cb3af0130e2c,ToB_Differentiation_Elder,mid_0.50,0.5,3800,8248,12441025,true,0.00720989,4.1789,0.295,1868,0.15,600,762,215.58000000000004,5000
sim_layered_newflow_2026-07-10T23-54-52-761Z,0,bebe49a7-f055-44f0-bd54-cb3af0130e2c,ToB_Differentiation_Elder,mid_0.50,0.5,3900,7910,12452637,true,0.00691396,4.1789,0.295,1953,0.15,600,762,215.58000000000004,5000
sim_layered_newflow_2026-07-10T23-54-52-761Z,0,bebe49a7-f055-44f0-bd54-cb3af0130e2c,ToB_Differentiation_Elder,mid_0.50,0.5,4000,7585,12435980,true,0.00663009,4.1789,0.295,2038,0.15,600,762,215.58000000000004,5000
sim_layered_newflow_2026-07-10T23-54-52-761Z,0,bebe49a7-f055-44f0-bd54-cb3af0130e2c,ToB_Differentiation_Elder,mid_0.50,0.5,4100,7273,12393349,true,0.0063578,4.1789,0.295,2123,0.15,600,762,215.58000000000004,5000
sim_layered_newflow_2026-07-10T23-54-52-761Z,0,bebe49a7-f055-44f0-bd54-cb3af0130e2c,ToB_Differentiation_Elder,mid_0.50,0.5,4200,6975,12326899,true,0.00609663,4.1789,0.295,2208,0.15,600,762,215.58000000000004,5000
sim_layered_newflow_2026-07-10T23-54-52-761Z,0,bebe49a7-f055-44f0-bd54-cb3af0130e2c,ToB_Differentiation_Elder,mid_0.50,0.5,4300,6688,12238654,true,0.00584612,4.1789,0.295,2293,0.15,600,762,215.58000000000004,5000
sim_layered_newflow_2026-07-10T23-54-52-761Z,0,bebe49a7-f055-44f0-bd54-cb3af0130e2c,ToB_Differentiation_Elder,mid_0.50,0.5,4400,6413,12130513,true,0.00560585,4.1789,0.295,2378,0.15,600,762,215.58000000000004,5000
sim_layered_newflow_2026-07-10T23-54-52-761Z,0,bebe49a7-f055-44f0-bd54-cb3af0130e2c,ToB_Differentiation_Elder,mid_0.50,0.5,4500,6149,12004257,true,0.0053754,4.1789,0.295,2463,0.15,600,762,215.58000000000004,5000
sim_layered_newflow_2026-07-10T23-54-52-761Z,0,bebe49a7-f055-44f0-bd54-cb3af0130e2c,ToB_Differentiation_Elder,mid_0.50,0.5,4600,5897,11861556,true,0.00515437,4.1789,0.295,2548,0.15,600,762,215.58000000000004,5000
sim_layered_newflow_2026-07-10T23-54-52-761Z,0,bebe49a7-f055-44f0-bd54-cb3af0130e2c,ToB_Differentiation_Elder,mid_0.50,0.5,4700,5654,11703973,true,0.00494239,4.1789,0.295,2633,0.15,600,762,215.58000000000004,5000
sim_layered_newflow_2026-07-10T23-54-52-761Z,0,bebe49a7-f055-44f0-bd54-cb3af0130e2c,ToB_Differentiation_Elder,mid_0.50,0.5,4800,5422,11532972,true,0.00473908,4.1789,0.295,2718,0.15,600,762,215.58000000000004,5000
sim_layered_newflow_2026-07-10T23-54-52-761Z,0,bebe49a7-f055-44f0-bd54-cb3af0130e2c,ToB_Differentiation_Elder,mid_0.50,0.5,4900,5198,11349923,true,0.0045441,4.1789,0.295,2803,0.15,600,762,215.58000000000004,5000
sim_layered_newflow_2026-07-10T23-54-52-761Z,0,bebe49a7-f055-44f0-bd54-cb3af0130e2c,ToB_Differentiation_Elder,mid_0.50,0.5,5000,4985,11156106,true,0.00435711,4.1789,0.295,2888,0.15,600,762,215.58000000000004,5000
sim_layered_newflow_2026-07-10T23-54-52-761Z,0,bebe49a7-f055-44f0-bd54-cb3af0130e2c,ToB_Differentiation_Elder,mid_0.50,0.5,5100,4779,10952716,true,0.00417777,4.1789,0.295,2973,0.15,600,762,215.58000000000004,5000
sim_layered_newflow_2026-07-10T23-54-52-761Z,0,bebe49a7-f055-44f0-bd54-cb3af0130e2c,ToB_Differentiation_Elder,mid_0.50,0.5,5200,4583,10740871,true,0.00400579,4.1789,0.295,3058,0.15,600,762,215.58000000000004,5000
sim_layered_newflow_2026-07-10T23-54-52-761Z,0,bebe49a7-f055-44f0-bd54-cb3af0130e2c,ToB_Differentiation_Elder,mid_0.50,0.5,5300,4394,10521611,true,0.00384086,4.1789,0.295,3143,0.15,600,762,215.58000000000004,5000
sim_layered_newflow_2026-07-10T23-54-52-761Z,0,bebe49a7-f055-44f0-bd54-cb3af0130e2c,ToB_Differentiation_Elder,mid_0.50,0.5,5400,4213,10295905,true,0.0036827,4.1789,0.295,3228,0.15,600,762,215.58000000000004,5000
sim_layered_newflow_2026-07-10T23-54-52-761Z,0,bebe49a7-f055-44f0-bd54-cb3af0130e2c,ToB_Differentiation_Elder,mid_0.50,0.5,5500,4039,10064658,true,0.00353103,4.1789,0.295,3313,0.15,600,762,215.58000000000004,5000
sim_layered_newflow_2026-07-10T23-54-52-761Z,0,bebe49a7-f055-44f0-bd54-cb3af0130e2c,ToB_Differentiation_Elder,mid_0.50,0.5,5600,3873,9828709,true,0.00338558,4.1789,0.295,3398,0.15,600,762,215.58000000000004,5000
sim_layered_newflow_2026-07-10T23-54-52-761Z,0,bebe49a7-f055-44f0-bd54-cb3af0130e2c,ToB_Differentiation_Elder,mid_0.50,0.5,5700,3714,9588839,true,0.00324611,4.1789,0.295,3483,0.15,600,762,215.58000000000004,5000
sim_layered_newflow_2026-07-10T23-54-52-761Z,0,bebe49a7-f055-44f0-bd54-cb3af0130e2c,ToB_Differentiation_Elder,mid_0.50,0.5,5800,3561,9345771,true,0.00311236,4.1789,0.295,3568,0.15,600,762,215.58000000000004,5000
sim_layered_newflow_2026-07-10T23-54-52-761Z,0,bebe49a7-f055-44f0-bd54-cb3af0130e2c,ToB_Differentiation_Elder,mid_0.50,0.5,5900,3414,9100179,true,0.0029841,4.1789,0.295,3653,0.15,600,762,215.58000000000004,5000
sim_layered_newflow_2026-07-10T23-54-52-761Z,0,bebe49a7-f055-44f0-bd54-cb3af0130e2c,ToB_Differentiation_Elder,mid_0.50,0.5,6000,3273,8852683,true,0.00286112,4.1789,0.295,3738,0.15,600,762,215.58000000000004,5000
sim_layered_newflow_2026-07-10T23-54-52-761Z,0,bebe49a7-f055-44f0-bd54-cb3af0130e2c,ToB_Differentiation_Elder,mid_0.50,0.5,6100,3138,8603858,true,0.00274319,4.1789,0.295,3823,0.15,600,762,215.58000000000004,5000
sim_layered_newflow_2026-07-10T23-54-52-761Z,0,bebe49a7-f055-44f0-bd54-cb3af0130e2c,ToB_Differentiation_Elder,mid_0.50,0.5,6200,3009,8354237,true,0.00263011,4.1789,0.295,3908,0.15,600,762,215.58000000000004,5000
sim_layered_newflow_2026-07-10T23-54-52-761Z,0,bebe49a7-f055-44f0-bd54-cb3af0130e2c,ToB_Differentiation_Elder,mid_0.50,0.5,6300,2885,8104307,true,0.00252168,4.1789,0.295,3993,0.15,600,762,215.58000000000004,5000
sim_layered_newflow_2026-07-10T23-54-52-761Z,0,bebe49a7-f055-44f0-bd54-cb3af0130e2c,ToB_Differentiation_Elder,mid_0.50,0.5,6400,2766,7854521,true,0.00241771,4.1789,0.295,4078,0.15,600,762,215.58000000000004,5000
sim_layered_newflow_2026-07-10T23-54-52-761Z,0,bebe49a7-f055-44f0-bd54-cb3af0130e2c,ToB_Differentiation_Elder,mid_0.50,0.5,6500,2652,7605292,true,0.00231801,4.1789,0.295,4163,0.15,600,762,215.58000000000004,5000
sim_layered_newflow_2026-07-10T23-54-52-761Z,0,bebe49a7-f055-44f0-bd54-cb3af0130e2c,ToB_Differentiation_Elder,mid_0.50,0.5,6600,2542,7357000,true,0.00222242,4.1789,0.295,4248,0.15,600,762,215.58000000000004,5000
sim_layered_newflow_2026-07-10T23-54-52-761Z,0,bebe49a7-f055-44f0-bd54-cb3af0130e2c,ToB_Differentiation_Elder,mid_0.50,0.5,6700,2438,7109993,true,0.00213076,4.1789,0.295,4333,0.15,600,762,215.58000000000004,5000
sim_layered_newflow_2026-07-10T23-54-52-761Z,0,bebe49a7-f055-44f0-bd54-cb3af0130e2c,ToB_Differentiation_Elder,mid_0.50,0.5,6800,2337,6864588,true,0.00204287,4.1789,0.295,4418,0.15,600,762,215.58000000000004,5000
sim_layered_newflow_2026-07-10T23-54-52-761Z,0,bebe49a7-f055-44f0-bd54-cb3af0130e2c,ToB_Differentiation_Elder,mid_0.50,0.5,6900,2241,6621074,true,0.0019586,4.1789,0.295,4503,0.15,600,762,215.58000000000004,5000
sim_layered_newflow_2026-07-10T23-54-52-761Z,0,bebe49a7-f055-44f0-bd54-cb3af0130e2c,ToB_Differentiation_Elder,mid_0.50,0.5,7000,2148,6379714,true,0.0018778,4.1789,0.295,4588,0.15,600,762,215.58000000000004,5000
sim_layered_newflow_2026-07-10T23-54-52-761Z,0,bebe49a7-f055-44f0-bd54-cb3af0130e2c,ToB_Differentiation_Elder,high_0.65,0.65,1000,60644,-28729306,false,0.05301031,5.00735,0.3625,-512,0.15,600,762,215.58000000000004,5000
sim_layered_newflow_2026-07-10T23-54-52-761Z,0,bebe49a7-f055-44f0-bd54-cb3af0130e2c,ToB_Differentiation_Elder,high_0.65,0.65,1100,58442,-22851349,false,0.05108555,5.00735,0.3625,-427,0.15,600,762,215.58000000000004,5000
sim_layered_newflow_2026-07-10T23-54-52-761Z,0,bebe49a7-f055-44f0-bd54-cb3af0130e2c,ToB_Differentiation_Elder,high_0.65,0.65,1200,56316,-17366172,false,0.04922705,5.00735,0.3625,-342,0.15,600,762,215.58000000000004,5000
sim_layered_newflow_2026-07-10T23-54-52-761Z,0,bebe49a7-f055-44f0-bd54-cb3af0130e2c,ToB_Differentiation_Elder,high_0.65,0.65,1300,54263,-12254080,false,0.04743277,5.00735,0.3625,-257,0.15,600,762,215.58000000000004,5000
sim_layered_newflow_2026-07-10T23-54-52-761Z,0,bebe49a7-f055-44f0-bd54-cb3af0130e2c,ToB_Differentiation_Elder,high_0.65,0.65,1400,52282,-7496171,false,0.04570076,5.00735,0.3625,-172,0.15,600,762,215.58000000000004,5000
sim_layered_newflow_2026-07-10T23-54-52-761Z,0,bebe49a7-f055-44f0-bd54-cb3af0130e2c,ToB_Differentiation_Elder,high_0.65,0.65,1500,50369,-3074307,false,0.04402906,5.00735,0.3625,-87,0.15,600,762,215.58000000000004,5000
sim_layered_newflow_2026-07-10T23-54-52-761Z,0,bebe49a7-f055-44f0-bd54-cb3af0130e2c,ToB_Differentiation_Elder,high_0.65,0.65,1600,48524,1028899,true,0.0424158,5.00735,0.3625,-2,0.15,600,762,215.58000000000004,5000
sim_layered_newflow_2026-07-10T23-54-52-761Z,0,bebe49a7-f055-44f0-bd54-cb3af0130e2c,ToB_Differentiation_Elder,high_0.65,0.65,1700,46743,4830109,true,0.04085912,5.00735,0.3625,83,0.15,600,762,215.58000000000004,5000
sim_layered_newflow_2026-07-10T23-54-52-761Z,0,bebe49a7-f055-44f0-bd54-cb3af0130e2c,ToB_Differentiation_Elder,high_0.65,0.65,1800,45025,8345281,true,0.03935722,5.00735,0.3625,168,0.15,600,762,215.58000000000004,5000
sim_layered_newflow_2026-07-10T23-54-52-761Z,0,bebe49a7-f055-44f0-bd54-cb3af0130e2c,ToB_Differentiation_Elder,high_0.65,0.65,1900,43367,11589689,true,0.03790835,5.00735,0.3625,253,0.15,600,762,215.58000000000004,5000
sim_layered_newflow_2026-07-10T23-54-52-761Z,0,bebe49a7-f055-44f0-bd54-cb3af0130e2c,ToB_Differentiation_Elder,high_0.65,0.65,2000,41768,14577945,true,0.03651079,5.00735,0.3625,338,0.15,600,762,215.58000000000004,5000
sim_layered_newflow_2026-07-10T23-54-52-761Z,0,bebe49a7-f055-44f0-bd54-cb3af0130e2c,ToB_Differentiation_Elder,high_0.65,0.65,2100,40226,17324021,true,0.03516287,5.00735,0.3625,423,0.15,600,762,215.58000000000004,5000
sim_layered_newflow_2026-07-10T23-54-52-761Z,0,bebe49a7-f055-44f0-bd54-cb3af0130e2c,ToB_Differentiation_Elder,high_0.65,0.65,2200,38739,19841271,true,0.03386296,5.00735,0.3625,508,0.15,600,762,215.58000000000004,5000
sim_layered_newflow_2026-07-10T23-54-52-761Z,0,bebe49a7-f055-44f0-bd54-cb3af0130e2c,ToB_Differentiation_Elder,high_0.65,0.65,2300,37305,22142447,true,0.03260949,5.00735,0.3625,593,0.15,600,762,215.58000000000004,5000
sim_layered_newflow_2026-07-10T23-54-52-761Z,0,bebe49a7-f055-44f0-bd54-cb3af0130e2c,ToB_Differentiation_Elder,high_0.65,0.65,2400,35923,24239727,true,0.0314009,5.00735,0.3625,678,0.15,600,762,215.58000000000004,5000
sim_layered_newflow_2026-07-10T23-54-52-761Z,0,bebe49a7-f055-44f0-bd54-cb3af0130e2c,ToB_Differentiation_Elder,high_0.65,0.65,2500,34590,26144730,true,0.03023571,5.00735,0.3625,763,0.15,600,762,215.58000000000004,5000
sim_layered_newflow_2026-07-10T23-54-52-761Z,0,bebe49a7-f055-44f0-bd54-cb3af0130e2c,ToB_Differentiation_Elder,high_0.65,0.65,2600,33305,27868537,true,0.02911246,5.00735,0.3625,848,0.15,600,762,215.58000000000004,5000
sim_layered_newflow_2026-07-10T23-54-52-761Z,0,bebe49a7-f055-44f0-bd54-cb3af0130e2c,ToB_Differentiation_Elder,high_0.65,0.65,2700,32066,29421715,true,0.02802973,5.00735,0.3625,933,0.15,600,762,215.58000000000004,5000
sim_layered_newflow_2026-07-10T23-54-52-761Z,0,bebe49a7-f055-44f0-bd54-cb3af0130e2c,ToB_Differentiation_Elder,high_0.65,0.65,2800,30872,30814329,true,0.02698614,5.00735,0.3625,1018,0.15,600,762,215.58000000000004,5000
sim_layered_newflow_2026-07-10T23-54-52-761Z,0,bebe49a7-f055-44f0-bd54-cb3af0130e2c,ToB_Differentiation_Elder,high_0.65,0.65,2900,29722,32055967,true,0.02598038,5.00735,0.3625,1103,0.15,600,762,215.58000000000004,5000
sim_layered_newflow_2026-07-10T23-54-52-761Z,0,bebe49a7-f055-44f0-bd54-cb3af0130e2c,ToB_Differentiation_Elder,high_0.65,0.65,3000,28613,33155755,true,0.02501113,5.00735,0.3625,1188,0.15,600,762,215.58000000000004,5000
sim_layered_newflow_2026-07-10T23-54-52-761Z,0,bebe49a7-f055-44f0-bd54-cb3af0130e2c,ToB_Differentiation_Elder,high_0.65,0.65,3100,27544,34122378,true,0.02407715,5.00735,0.3625,1273,0.15,600,762,215.58000000000004,5000
sim_layered_newflow_2026-07-10T23-54-52-761Z,0,bebe49a7-f055-44f0-bd54-cb3af0130e2c,ToB_Differentiation_Elder,high_0.65,0.65,3200,26515,34964094,true,0.02317722,5.00735,0.3625,1358,0.15,600,762,215.58000000000004,5000
sim_layered_newflow_2026-07-10T23-54-52-761Z,0,bebe49a7-f055-44f0-bd54-cb3af0130e2c,ToB_Differentiation_Elder,high_0.65,0.65,3300,25523,35688755,true,0.02231015,5.00735,0.3625,1443,0.15,600,762,215.58000000000004,5000
sim_layered_newflow_2026-07-10T23-54-52-761Z,0,bebe49a7-f055-44f0-bd54-cb3af0130e2c,ToB_Differentiation_Elder,high_0.65,0.65,3400,24567,36303820,true,0.02147481,5.00735,0.3625,1528,0.15,600,762,215.58000000000004,5000
sim_layered_newflow_2026-07-10T23-54-52-761Z,0,bebe49a7-f055-44f0-bd54-cb3af0130e2c,ToB_Differentiation_Elder,high_0.65,0.65,3500,23647,36816374,true,0.02067009,5.00735,0.3625,1613,0.15,600,762,215.58000000000004,5000
sim_layered_newflow_2026-07-10T23-54-52-761Z,0,bebe49a7-f055-44f0-bd54-cb3af0130e2c,ToB_Differentiation_Elder,high_0.65,0.65,3600,22760,37233141,true,0.0198949,5.00735,0.3625,1698,0.15,600,762,215.58000000000004,5000
sim_layered_newflow_2026-07-10T23-54-52-761Z,0,bebe49a7-f055-44f0-bd54-cb3af0130e2c,ToB_Differentiation_Elder,high_0.65,0.65,3700,21906,37560504,true,0.01914822,5.00735,0.3625,1783,0.15,600,762,215.58000000000004,5000
sim_layered_newflow_2026-07-10T23-54-52-761Z,0,bebe49a7-f055-44f0-bd54-cb3af0130e2c,ToB_Differentiation_Elder,high_0.65,0.65,3800,21083,37804512,true,0.01842904,5.00735,0.3625,1868,0.15,600,762,215.58000000000004,5000
sim_layered_newflow_2026-07-10T23-54-52-761Z,0,bebe49a7-f055-44f0-bd54-cb3af0130e2c,ToB_Differentiation_Elder,high_0.65,0.65,3900,20290,37970903,true,0.01773638,5.00735,0.3625,1953,0.15,600,762,215.58000000000004,5000
sim_layered_newflow_2026-07-10T23-54-52-761Z,0,bebe49a7-f055-44f0-bd54-cb3af0130e2c,ToB_Differentiation_Elder,high_0.65,0.65,4000,19527,38065111,true,0.0170693,5.00735,0.3625,2038,0.15,600,762,215.58000000000004,5000
sim_layered_newflow_2026-07-10T23-54-52-761Z,0,bebe49a7-f055-44f0-bd54-cb3af0130e2c,ToB_Differentiation_Elder,high_0.65,0.65,4100,18792,38092282,true,0.01642689,5.00735,0.3625,2123,0.15,600,762,215.58000000000004,5000
sim_layered_newflow_2026-07-10T23-54-52-761Z,0,bebe49a7-f055-44f0-bd54-cb3af0130e2c,ToB_Differentiation_Elder,high_0.65,0.65,4200,18085,38057288,true,0.01580827,5.00735,0.3625,2208,0.15,600,762,215.58000000000004,5000
sim_layered_newflow_2026-07-10T23-54-52-761Z,0,bebe49a7-f055-44f0-bd54-cb3af0130e2c,ToB_Differentiation_Elder,high_0.65,0.65,4300,17403,37964736,true,0.01521259,5.00735,0.3625,2293,0.15,600,762,215.58000000000004,5000
sim_layered_newflow_2026-07-10T23-54-52-761Z,0,bebe49a7-f055-44f0-bd54-cb3af0130e2c,ToB_Differentiation_Elder,high_0.65,0.65,4400,16747,37818984,true,0.01463902,5.00735,0.3625,2378,0.15,600,762,215.58000000000004,5000
sim_layered_newflow_2026-07-10T23-54-52-761Z,0,bebe49a7-f055-44f0-bd54-cb3af0130e2c,ToB_Differentiation_Elder,high_0.65,0.65,4500,16115,37624150,true,0.01408676,5.00735,0.3625,2463,0.15,600,762,215.58000000000004,5000
sim_layered_newflow_2026-07-10T23-54-52-761Z,0,bebe49a7-f055-44f0-bd54-cb3af0130e2c,ToB_Differentiation_Elder,high_0.65,0.65,4600,15507,37384123,true,0.01355506,5.00735,0.3625,2548,0.15,600,762,215.58000000000004,5000
sim_layered_newflow_2026-07-10T23-54-52-761Z,0,bebe49a7-f055-44f0-bd54-cb3af0130e2c,ToB_Differentiation_Elder,high_0.65,0.65,4700,14921,37102575,true,0.01304315,5.00735,0.3625,2633,0.15,600,762,215.58000000000004,5000
sim_layered_newflow_2026-07-10T23-54-52-761Z,0,bebe49a7-f055-44f0-bd54-cb3af0130e2c,ToB_Differentiation_Elder,high_0.65,0.65,4800,14358,36782969,true,0.01255033,5.00735,0.3625,2718,0.15,600,762,215.58000000000004,5000
sim_layered_newflow_2026-07-10T23-54-52-761Z,0,bebe49a7-f055-44f0-bd54-cb3af0130e2c,ToB_Differentiation_Elder,high_0.65,0.65,4900,13815,36428571,true,0.01207591,5.00735,0.3625,2803,0.15,600,762,215.58000000000004,5000
sim_layered_newflow_2026-07-10T23-54-52-761Z,0,bebe49a7-f055-44f0-bd54-cb3af0130e2c,ToB_Differentiation_Elder,high_0.65,0.65,5000,13292,36042461,true,0.01161921,5.00735,0.3625,2888,0.15,600,762,215.58000000000004,5000
sim_layered_newflow_2026-07-10T23-54-52-761Z,0,bebe49a7-f055-44f0-bd54-cb3af0130e2c,ToB_Differentiation_Elder,high_0.65,0.65,5100,12789,35627535,true,0.01117958,5.00735,0.3625,2973,0.15,600,762,215.58000000000004,5000
sim_layered_newflow_2026-07-10T23-54-52-761Z,0,bebe49a7-f055-44f0-bd54-cb3af0130e2c,ToB_Differentiation_Elder,high_0.65,0.65,5200,12305,35186524,true,0.01075641,5.00735,0.3625,3058,0.15,600,762,215.58000000000004,5000
sim_layered_newflow_2026-07-10T23-54-52-761Z,0,bebe49a7-f055-44f0-bd54-cb3af0130e2c,ToB_Differentiation_Elder,high_0.65,0.65,5300,11839,34721992,true,0.01034909,5.00735,0.3625,3143,0.15,600,762,215.58000000000004,5000
sim_layered_newflow_2026-07-10T23-54-52-761Z,0,bebe49a7-f055-44f0-bd54-cb3af0130e2c,ToB_Differentiation_Elder,high_0.65,0.65,5400,11391,34236352,true,0.00995703,5.00735,0.3625,3228,0.15,600,762,215.58000000000004,5000
sim_layered_newflow_2026-07-10T23-54-52-761Z,0,bebe49a7-f055-44f0-bd54-cb3af0130e2c,ToB_Differentiation_Elder,high_0.65,0.65,5500,10959,33731870,true,0.00957969,5.00735,0.3625,3313,0.15,600,762,215.58000000000004,5000
sim_layered_newflow_2026-07-10T23-54-52-761Z,0,bebe49a7-f055-44f0-bd54-cb3af0130e2c,ToB_Differentiation_Elder,high_0.65,0.65,5600,10544,33210671,true,0.00921651,5.00735,0.3625,3398,0.15,600,762,215.58000000000004,5000
sim_layered_newflow_2026-07-10T23-54-52-761Z,0,bebe49a7-f055-44f0-bd54-cb3af0130e2c,ToB_Differentiation_Elder,high_0.65,0.65,5700,10144,32674750,true,0.00886698,5.00735,0.3625,3483,0.15,600,762,215.58000000000004,5000
sim_layered_newflow_2026-07-10T23-54-52-761Z,0,bebe49a7-f055-44f0-bd54-cb3af0130e2c,ToB_Differentiation_Elder,high_0.65,0.65,5800,9759,32125975,true,0.00853059,5.00735,0.3625,3568,0.15,600,762,215.58000000000004,5000
sim_layered_newflow_2026-07-10T23-54-52-761Z,0,bebe49a7-f055-44f0-bd54-cb3af0130e2c,ToB_Differentiation_Elder,high_0.65,0.65,5900,9389,31566096,true,0.00820685,5.00735,0.3625,3653,0.15,600,762,215.58000000000004,5000
sim_layered_newflow_2026-07-10T23-54-52-761Z,0,bebe49a7-f055-44f0-bd54-cb3af0130e2c,ToB_Differentiation_Elder,high_0.65,0.65,6000,9032,30996749,true,0.00789531,5.00735,0.3625,3738,0.15,600,762,215.58000000000004,5000
sim_layered_newflow_2026-07-10T23-54-52-761Z,0,bebe49a7-f055-44f0-bd54-cb3af0130e2c,ToB_Differentiation_Elder,high_0.65,0.65,6100,8689,30419465,true,0.00759549,5.00735,0.3625,3823,0.15,600,762,215.58000000000004,5000
sim_layered_newflow_2026-07-10T23-54-52-761Z,0,bebe49a7-f055-44f0-bd54-cb3af0130e2c,ToB_Differentiation_Elder,high_0.65,0.65,6200,8359,29835672,true,0.00730699,5.00735,0.3625,3908,0.15,600,762,215.58000000000004,5000
sim_layered_newflow_2026-07-10T23-54-52-761Z,0,bebe49a7-f055-44f0-bd54-cb3af0130e2c,ToB_Differentiation_Elder,high_0.65,0.65,6300,8042,29246701,true,0.00702936,5.00735,0.3625,3993,0.15,600,762,215.58000000000004,5000
sim_layered_newflow_2026-07-10T23-54-52-761Z,0,bebe49a7-f055-44f0-bd54-cb3af0130e2c,ToB_Differentiation_Elder,high_0.65,0.65,6400,7736,28653794,true,0.00676221,5.00735,0.3625,4078,0.15,600,762,215.58000000000004,5000
sim_layered_newflow_2026-07-10T23-54-52-761Z,0,bebe49a7-f055-44f0-bd54-cb3af0130e2c,ToB_Differentiation_Elder,high_0.65,0.65,6500,7442,28058105,true,0.00650514,5.00735,0.3625,4163,0.15,600,762,215.58000000000004,5000
sim_layered_newflow_2026-07-10T23-54-52-761Z,0,bebe49a7-f055-44f0-bd54-cb3af0130e2c,ToB_Differentiation_Elder,high_0.65,0.65,6600,7159,27460709,true,0.00625779,5.00735,0.3625,4248,0.15,600,762,215.58000000000004,5000
sim_layered_newflow_2026-07-10T23-54-52-761Z,0,bebe49a7-f055-44f0-bd54-cb3af0130e2c,ToB_Differentiation_Elder,high_0.65,0.65,6700,6887,26862602,true,0.00601978,5.00735,0.3625,4333,0.15,600,762,215.58000000000004,5000
sim_layered_newflow_2026-07-10T23-54-52-761Z,0,bebe49a7-f055-44f0-bd54-cb3af0130e2c,ToB_Differentiation_Elder,high_0.65,0.65,6800,6625,26264706,true,0.00579077,5.00735,0.3625,4418,0.15,600,762,215.58000000000004,5000
sim_layered_newflow_2026-07-10T23-54-52-761Z,0,bebe49a7-f055-44f0-bd54-cb3af0130e2c,ToB_Differentiation_Elder,high_0.65,0.65,6900,6373,25667877,true,0.00557043,5.00735,0.3625,4503,0.15,600,762,215.58000000000004,5000
sim_layered_newflow_2026-07-10T23-54-52-761Z,0,bebe49a7-f055-44f0-bd54-cb3af0130e2c,ToB_Differentiation_Elder,high_0.65,0.65,7000,6130,25072905,true,0.00535843,5.00735,0.3625,4588,0.15,600,762,215.58000000000004,5000
sim_layered_newflow_2026-07-10T23-54-52-761Z,1,b35400f2-0cd7-4a30-a10b-57210a5a58f8,ToB_Differentiation_Adult,actual_7_10,0.43333333333333335,1000,6020,-7793382,false,0.00668896,2.9549,0.170833,-662,0.15,600,912,262.8,4000
sim_layered_newflow_2026-07-10T23-54-52-761Z,1,b35400f2-0cd7-4a30-a10b-57210a5a58f8,ToB_Differentiation_Adult,actual_7_10,0.43333333333333335,1100,5754,-7142151,false,0.00639303,2.9549,0.170833,-577,0.15,600,912,262.8,4000
sim_layered_newflow_2026-07-10T23-54-52-761Z,1,b35400f2-0cd7-4a30-a10b-57210a5a58f8,ToB_Differentiation_Adult,actual_7_10,0.43333333333333335,1200,5499,-6541337,false,0.00611011,2.9549,0.170833,-492,0.15,600,912,262.8,4000
sim_layered_newflow_2026-07-10T23-54-52-761Z,1,b35400f2-0cd7-4a30-a10b-57210a5a58f8,ToB_Differentiation_Adult,actual_7_10,0.43333333333333335,1300,5256,-5987775,false,0.00583963,2.9549,0.170833,-407,0.15,600,912,262.8,4000
sim_layered_newflow_2026-07-10T23-54-52-761Z,1,b35400f2-0cd7-4a30-a10b-57210a5a58f8,ToB_Differentiation_Adult,actual_7_10,0.43333333333333335,1400,5023,-5478476,false,0.00558106,2.9549,0.170833,-322,0.15,600,912,262.8,4000
sim_layered_newflow_2026-07-10T23-54-52-761Z,1,b35400f2-0cd7-4a30-a10b-57210a5a58f8,ToB_Differentiation_Adult,actual_7_10,0.43333333333333335,1500,4800,-5010622,false,0.00533388,2.9549,0.170833,-237,0.15,600,912,262.8,4000
sim_layered_newflow_2026-07-10T23-54-52-761Z,1,b35400f2-0cd7-4a30-a10b-57210a5a58f8,ToB_Differentiation_Adult,actual_7_10,0.43333333333333335,1600,4588,-4581557,false,0.00509759,2.9549,0.170833,-152,0.15,600,912,262.8,4000
sim_layered_newflow_2026-07-10T23-54-52-761Z,1,b35400f2-0cd7-4a30-a10b-57210a5a58f8,ToB_Differentiation_Adult,actual_7_10,0.43333333333333335,1700,4385,-4188773,false,0.00487172,2.9549,0.170833,-67,0.15,600,912,262.8,4000
sim_layered_newflow_2026-07-10T23-54-52-761Z,1,b35400f2-0cd7-4a30-a10b-57210a5a58f8,ToB_Differentiation_Adult,actual_7_10,0.43333333333333335,1800,4190,-3829910,false,0.00465581,2.9549,0.170833,18,0.15,600,912,262.8,4000
sim_layered_newflow_2026-07-10T23-54-52-761Z,1,b35400f2-0cd7-4a30-a10b-57210a5a58f8,ToB_Differentiation_Adult,actual_7_10,0.43333333333333335,1900,4004,-3502744,false,0.00444942,2.9549,0.170833,103,0.15,600,912,262.8,4000
sim_layered_newflow_2026-07-10T23-54-52-761Z,1,b35400f2-0cd7-4a30-a10b-57210a5a58f8,ToB_Differentiation_Adult,actual_7_10,0.43333333333333335,2000,3827,-3205177,false,0.00425215,2.9549,0.170833,188,0.15,600,912,262.8,4000
sim_layered_newflow_2026-07-10T23-54-52-761Z,1,b35400f2-0cd7-4a30-a10b-57210a5a58f8,ToB_Differentiation_Adult,actual_7_10,0.43333333333333335,2100,3657,-2935236,false,0.00406358,2.9549,0.170833,273,0.15,600,912,262.8,4000
sim_layered_newflow_2026-07-10T23-54-52-761Z,1,b35400f2-0cd7-4a30-a10b-57210a5a58f8,ToB_Differentiation_Adult,actual_7_10,0.43333333333333335,2200,3495,-2691064,false,0.00388335,2.9549,0.170833,358,0.15,600,912,262.8,4000
sim_layered_newflow_2026-07-10T23-54-52-761Z,1,b35400f2-0cd7-4a30-a10b-57210a5a58f8,ToB_Differentiation_Adult,actual_7_10,0.43333333333333335,2300,3340,-2470911,false,0.00371107,2.9549,0.170833,443,0.15,600,912,262.8,4000
sim_layered_newflow_2026-07-10T23-54-52-761Z,1,b35400f2-0cd7-4a30-a10b-57210a5a58f8,ToB_Differentiation_Adult,actual_7_10,0.43333333333333335,2400,3192,-2273134,false,0.00354642,2.9549,0.170833,528,0.15,600,912,262.8,4000
sim_layered_newflow_2026-07-10T23-54-52-761Z,1,b35400f2-0cd7-4a30-a10b-57210a5a58f8,ToB_Differentiation_Adult,actual_7_10,0.43333333333333335,2500,3050,-2096183,false,0.00338904,2.9549,0.170833,613,0.15,600,912,262.8,4000
sim_layered_newflow_2026-07-10T23-54-52-761Z,1,b35400f2-0cd7-4a30-a10b-57210a5a58f8,ToB_Differentiation_Adult,actual_7_10,0.43333333333333335,2600,2915,-1938605,false,0.00323863,2.9549,0.170833,698,0.15,600,912,262.8,4000
sim_layered_newflow_2026-07-10T23-54-52-761Z,1,b35400f2-0cd7-4a30-a10b-57210a5a58f8,ToB_Differentiation_Adult,actual_7_10,0.43333333333333335,2700,2785,-1799033,false,0.00309487,2.9549,0.170833,783,0.15,600,912,262.8,4000
sim_layered_newflow_2026-07-10T23-54-52-761Z,1,b35400f2-0cd7-4a30-a10b-57210a5a58f8,ToB_Differentiation_Adult,actual_7_10,0.43333333333333335,2800,2662,-1676181,false,0.00295747,2.9549,0.170833,868,0.15,600,912,262.8,4000
sim_layered_newflow_2026-07-10T23-54-52-761Z,1,b35400f2-0cd7-4a30-a10b-57210a5a58f8,ToB_Differentiation_Adult,actual_7_10,0.43333333333333335,2900,2544,-1568843,false,0.00282616,2.9549,0.170833,953,0.15,600,912,262.8,4000
sim_layered_newflow_2026-07-10T23-54-52-761Z,1,b35400f2-0cd7-4a30-a10b-57210a5a58f8,ToB_Differentiation_Adult,actual_7_10,0.43333333333333335,3000,2431,-1475886,false,0.00270066,2.9549,0.170833,1038,0.15,600,912,262.8,4000
sim_layered_newflow_2026-07-10T23-54-52-761Z,1,b35400f2-0cd7-4a30-a10b-57210a5a58f8,ToB_Differentiation_Adult,actual_7_10,0.43333333333333335,3100,2323,-1396246,false,0.00258072,2.9549,0.170833,1123,0.15,600,912,262.8,4000
sim_layered_newflow_2026-07-10T23-54-52-761Z,1,b35400f2-0cd7-4a30-a10b-57210a5a58f8,ToB_Differentiation_Adult,actual_7_10,0.43333333333333335,3200,2219,-1328927,false,0.00246609,2.9549,0.170833,1208,0.15,600,912,262.8,4000
sim_layered_newflow_2026-07-10T23-54-52-761Z,1,b35400f2-0cd7-4a30-a10b-57210a5a58f8,ToB_Differentiation_Adult,actual_7_10,0.43333333333333335,3300,2121,-1272991,false,0.00235654,2.9549,0.170833,1293,0.15,600,912,262.8,4000
sim_layered_newflow_2026-07-10T23-54-52-761Z,1,b35400f2-0cd7-4a30-a10b-57210a5a58f8,ToB_Differentiation_Adult,actual_7_10,0.43333333333333335,3400,2027,-1227563,false,0.00225185,2.9549,0.170833,1378,0.15,600,912,262.8,4000
sim_layered_newflow_2026-07-10T23-54-52-761Z,1,b35400f2-0cd7-4a30-a10b-57210a5a58f8,ToB_Differentiation_Adult,actual_7_10,0.43333333333333335,3500,1937,-1191820,false,0.0021518,2.9549,0.170833,1463,0.15,600,912,262.8,4000
sim_layered_newflow_2026-07-10T23-54-52-761Z,1,b35400f2-0cd7-4a30-a10b-57210a5a58f8,ToB_Differentiation_Adult,actual_7_10,0.43333333333333335,3600,1851,-1164991,false,0.00205618,2.9549,0.170833,1548,0.15,600,912,262.8,4000
sim_layered_newflow_2026-07-10T23-54-52-761Z,1,b35400f2-0cd7-4a30-a10b-57210a5a58f8,ToB_Differentiation_Adult,actual_7_10,0.43333333333333335,3700,1768,-1146358,false,0.00196481,2.9549,0.170833,1633,0.15,600,912,262.8,4000
sim_layered_newflow_2026-07-10T23-54-52-761Z,1,b35400f2-0cd7-4a30-a10b-57210a5a58f8,ToB_Differentiation_Adult,actual_7_10,0.43333333333333335,3800,1690,-1135244,false,0.00187748,2.9549,0.170833,1718,0.15,600,912,262.8,4000
sim_layered_newflow_2026-07-10T23-54-52-761Z,1,b35400f2-0cd7-4a30-a10b-57210a5a58f8,ToB_Differentiation_Adult,actual_7_10,0.43333333333333335,3900,1615,-1131019,false,0.00179404,2.9549,0.170833,1803,0.15,600,912,262.8,4000
sim_layered_newflow_2026-07-10T23-54-52-761Z,1,b35400f2-0cd7-4a30-a10b-57210a5a58f8,ToB_Differentiation_Adult,actual_7_10,0.43333333333333335,4000,1543,-1133093,false,0.00171429,2.9549,0.170833,1888,0.15,600,912,262.8,4000
sim_layered_newflow_2026-07-10T23-54-52-761Z,1,b35400f2-0cd7-4a30-a10b-57210a5a58f8,ToB_Differentiation_Adult,actual_7_10,0.43333333333333335,4100,1474,-1140915,false,0.00163808,2.9549,0.170833,1973,0.15,600,912,262.8,4000
sim_layered_newflow_2026-07-10T23-54-52-761Z,1,b35400f2-0cd7-4a30-a10b-57210a5a58f8,ToB_Differentiation_Adult,actual_7_10,0.43333333333333335,4200,1409,-1153969,false,0.00156526,2.9549,0.170833,2058,0.15,600,912,262.8,4000
sim_layered_newflow_2026-07-10T23-54-52-761Z,1,b35400f2-0cd7-4a30-a10b-57210a5a58f8,ToB_Differentiation_Adult,actual_7_10,0.43333333333333335,4300,1346,-1171777,false,0.00149567,2.9549,0.170833,2143,0.15,600,912,262.8,4000
sim_layered_newflow_2026-07-10T23-54-52-761Z,1,b35400f2-0cd7-4a30-a10b-57210a5a58f8,ToB_Differentiation_Adult,actual_7_10,0.43333333333333335,4400,1286,-1193889,false,0.00142916,2.9549,0.170833,2228,0.15,600,912,262.8,4000
sim_layered_newflow_2026-07-10T23-54-52-761Z,1,b35400f2-0cd7-4a30-a10b-57210a5a58f8,ToB_Differentiation_Adult,actual_7_10,0.43333333333333335,4500,1229,-1219887,false,0.00136562,2.9549,0.170833,2313,0.15,600,912,262.8,4000
sim_layered_newflow_2026-07-10T23-54-52-761Z,1,b35400f2-0cd7-4a30-a10b-57210a5a58f8,ToB_Differentiation_Adult,actual_7_10,0.43333333333333335,4600,1174,-1249383,false,0.00130489,2.9549,0.170833,2398,0.15,600,912,262.8,4000
sim_layered_newflow_2026-07-10T23-54-52-761Z,1,b35400f2-0cd7-4a30-a10b-57210a5a58f8,ToB_Differentiation_Adult,actual_7_10,0.43333333333333335,4700,1122,-1282014,false,0.00124686,2.9549,0.170833,2483,0.15,600,912,262.8,4000
sim_layered_newflow_2026-07-10T23-54-52-761Z,1,b35400f2-0cd7-4a30-a10b-57210a5a58f8,ToB_Differentiation_Adult,actual_7_10,0.43333333333333335,4800,1072,-1317443,false,0.00119141,2.9549,0.170833,2568,0.15,600,912,262.8,4000
sim_layered_newflow_2026-07-10T23-54-52-761Z,1,b35400f2-0cd7-4a30-a10b-57210a5a58f8,ToB_Differentiation_Adult,actual_7_10,0.43333333333333335,4900,1025,-1355356,false,0.00113842,2.9549,0.170833,2653,0.15,600,912,262.8,4000
sim_layered_newflow_2026-07-10T23-54-52-761Z,1,b35400f2-0cd7-4a30-a10b-57210a5a58f8,ToB_Differentiation_Adult,actual_7_10,0.43333333333333335,5000,979,-1395464,false,0.00108778,2.9549,0.170833,2738,0.15,600,912,262.8,4000
sim_layered_newflow_2026-07-10T23-54-52-761Z,1,b35400f2-0cd7-4a30-a10b-57210a5a58f8,ToB_Differentiation_Adult,actual_7_10,0.43333333333333335,5100,935,-1437494,false,0.0010394,2.9549,0.170833,2823,0.15,600,912,262.8,4000
sim_layered_newflow_2026-07-10T23-54-52-761Z,1,b35400f2-0cd7-4a30-a10b-57210a5a58f8,ToB_Differentiation_Adult,actual_7_10,0.43333333333333335,5200,894,-1481198,false,0.00099316,2.9549,0.170833,2908,0.15,600,912,262.8,4000
sim_layered_newflow_2026-07-10T23-54-52-761Z,1,b35400f2-0cd7-4a30-a10b-57210a5a58f8,ToB_Differentiation_Adult,actual_7_10,0.43333333333333335,5300,854,-1526343,false,0.00094898,2.9549,0.170833,2993,0.15,600,912,262.8,4000
sim_layered_newflow_2026-07-10T23-54-52-761Z,1,b35400f2-0cd7-4a30-a10b-57210a5a58f8,ToB_Differentiation_Adult,actual_7_10,0.43333333333333335,5400,816,-1572713,false,0.00090676,2.9549,0.170833,3078,0.15,600,912,262.8,4000
sim_layered_newflow_2026-07-10T23-54-52-761Z,1,b35400f2-0cd7-4a30-a10b-57210a5a58f8,ToB_Differentiation_Adult,actual_7_10,0.43333333333333335,5500,780,-1620112,false,0.00086642,2.9549,0.170833,3163,0.15,600,912,262.8,4000
sim_layered_newflow_2026-07-10T23-54-52-761Z,1,b35400f2-0cd7-4a30-a10b-57210a5a58f8,ToB_Differentiation_Adult,actual_7_10,0.43333333333333335,5600,745,-1668355,false,0.00082788,2.9549,0.170833,3248,0.15,600,912,262.8,4000
sim_layered_newflow_2026-07-10T23-54-52-761Z,1,b35400f2-0cd7-4a30-a10b-57210a5a58f8,ToB_Differentiation_Adult,actual_7_10,0.43333333333333335,5700,712,-1717273,false,0.00079104,2.9549,0.170833,3333,0.15,600,912,262.8,4000
sim_layered_newflow_2026-07-10T23-54-52-761Z,1,b35400f2-0cd7-4a30-a10b-57210a5a58f8,ToB_Differentiation_Adult,actual_7_10,0.43333333333333335,5800,680,-1766712,false,0.00075585,2.9549,0.170833,3418,0.15,600,912,262.8,4000
sim_layered_newflow_2026-07-10T23-54-52-761Z,1,b35400f2-0cd7-4a30-a10b-57210a5a58f8,ToB_Differentiation_Adult,actual_7_10,0.43333333333333335,5900,650,-1816527,false,0.00072222,2.9549,0.170833,3503,0.15,600,912,262.8,4000
sim_layered_newflow_2026-07-10T23-54-52-761Z,1,b35400f2-0cd7-4a30-a10b-57210a5a58f8,ToB_Differentiation_Adult,actual_7_10,0.43333333333333335,6000,621,-1866587,false,0.00069008,2.9549,0.170833,3588,0.15,600,912,262.8,4000
sim_layered_newflow_2026-07-10T23-54-52-761Z,1,b35400f2-0cd7-4a30-a10b-57210a5a58f8,ToB_Differentiation_Adult,actual_7_10,0.43333333333333335,6100,593,-1916772,false,0.00065937,2.9549,0.170833,3673,0.15,600,912,262.8,4000
sim_layered_newflow_2026-07-10T23-54-52-761Z,1,b35400f2-0cd7-4a30-a10b-57210a5a58f8,ToB_Differentiation_Adult,actual_7_10,0.43333333333333335,6200,567,-1966971,false,0.00063003,2.9549,0.170833,3758,0.15,600,912,262.8,4000
sim_layered_newflow_2026-07-10T23-54-52-761Z,1,b35400f2-0cd7-4a30-a10b-57210a5a58f8,ToB_Differentiation_Adult,actual_7_10,0.43333333333333335,6300,542,-2017084,false,0.000602,2.9549,0.170833,3843,0.15,600,912,262.8,4000
sim_layered_newflow_2026-07-10T23-54-52-761Z,1,b35400f2-0cd7-4a30-a10b-57210a5a58f8,ToB_Differentiation_Adult,actual_7_10,0.43333333333333335,6400,518,-2067019,false,0.00057521,2.9549,0.170833,3928,0.15,600,912,262.8,4000
sim_layered_newflow_2026-07-10T23-54-52-761Z,1,b35400f2-0cd7-4a30-a10b-57210a5a58f8,ToB_Differentiation_Adult,actual_7_10,0.43333333333333335,6500,495,-2116692,false,0.00054961,2.9549,0.170833,4013,0.15,600,912,262.8,4000
sim_layered_newflow_2026-07-10T23-54-52-761Z,1,b35400f2-0cd7-4a30-a10b-57210a5a58f8,ToB_Differentiation_Adult,actual_7_10,0.43333333333333335,6600,473,-2166028,false,0.00052515,2.9549,0.170833,4098,0.15,600,912,262.8,4000
sim_layered_newflow_2026-07-10T23-54-52-761Z,1,b35400f2-0cd7-4a30-a10b-57210a5a58f8,ToB_Differentiation_Adult,actual_7_10,0.43333333333333335,6700,452,-2214959,false,0.00050178,2.9549,0.170833,4183,0.15,600,912,262.8,4000
sim_layered_newflow_2026-07-10T23-54-52-761Z,1,b35400f2-0cd7-4a30-a10b-57210a5a58f8,ToB_Differentiation_Adult,actual_7_10,0.43333333333333335,6800,432,-2263422,false,0.00047945,2.9549,0.170833,4268,0.15,600,912,262.8,4000
sim_layered_newflow_2026-07-10T23-54-52-761Z,1,b35400f2-0cd7-4a30-a10b-57210a5a58f8,ToB_Differentiation_Adult,actual_7_10,0.43333333333333335,6900,412,-2311362,false,0.00045811,2.9549,0.170833,4353,0.15,600,912,262.8,4000
sim_layered_newflow_2026-07-10T23-54-52-761Z,1,b35400f2-0cd7-4a30-a10b-57210a5a58f8,ToB_Differentiation_Adult,actual_7_10,0.43333333333333335,7000,394,-2358730,false,0.00043772,2.9549,0.170833,4438,0.15,600,912,262.8,4000
sim_layered_newflow_2026-07-10T23-54-52-761Z,1,b35400f2-0cd7-4a30-a10b-57210a5a58f8,ToB_Differentiation_Adult,low_0.35,0.35,1000,3712,-6419150,false,0.00412479,2.49465,0.133333,-662,0.15,600,912,262.8,4000
sim_layered_newflow_2026-07-10T23-54-52-761Z,1,b35400f2-0cd7-4a30-a10b-57210a5a58f8,ToB_Differentiation_Adult,low_0.35,0.35,1100,3539,-6011142,false,0.00393174,2.49465,0.133333,-577,0.15,600,912,262.8,4000
sim_layered_newflow_2026-07-10T23-54-52-761Z,1,b35400f2-0cd7-4a30-a10b-57210a5a58f8,ToB_Differentiation_Adult,low_0.35,0.35,1200,3373,-5636294,false,0.00374769,2.49465,0.133333,-492,0.15,600,912,262.8,4000
sim_layered_newflow_2026-07-10T23-54-52-761Z,1,b35400f2-0cd7-4a30-a10b-57210a5a58f8,ToB_Differentiation_Adult,low_0.35,0.35,1300,3215,-5292402,false,0.00357223,2.49465,0.133333,-407,0.15,600,912,262.8,4000
sim_layered_newflow_2026-07-10T23-54-52-761Z,1,b35400f2-0cd7-4a30-a10b-57210a5a58f8,ToB_Differentiation_Adult,low_0.35,0.35,1400,3064,-4977398,false,0.00340496,2.49465,0.133333,-322,0.15,600,912,262.8,4000
sim_layered_newflow_2026-07-10T23-54-52-761Z,1,b35400f2-0cd7-4a30-a10b-57210a5a58f8,ToB_Differentiation_Adult,low_0.35,0.35,1500,2921,-4689338,false,0.00324549,2.49465,0.133333,-237,0.15,600,912,262.8,4000
sim_layered_newflow_2026-07-10T23-54-52-761Z,1,b35400f2-0cd7-4a30-a10b-57210a5a58f8,ToB_Differentiation_Adult,low_0.35,0.35,1600,2784,-4426394,false,0.00309347,2.49465,0.133333,-152,0.15,600,912,262.8,4000
sim_layered_newflow_2026-07-10T23-54-52-761Z,1,b35400f2-0cd7-4a30-a10b-57210a5a58f8,ToB_Differentiation_Adult,low_0.35,0.35,1700,2654,-4186850,false,0.00294855,2.49465,0.133333,-67,0.15,600,912,262.8,4000
sim_layered_newflow_2026-07-10T23-54-52-761Z,1,b35400f2-0cd7-4a30-a10b-57210a5a58f8,ToB_Differentiation_Adult,low_0.35,0.35,1800,2529,-3969097,false,0.0028104,2.49465,0.133333,18,0.15,600,912,262.8,4000
sim_layered_newflow_2026-07-10T23-54-52-761Z,1,b35400f2-0cd7-4a30-a10b-57210a5a58f8,ToB_Differentiation_Adult,low_0.35,0.35,1900,2411,-3771623,false,0.0026787,2.49465,0.133333,103,0.15,600,912,262.8,4000
sim_layered_newflow_2026-07-10T23-54-52-761Z,1,b35400f2-0cd7-4a30-a10b-57210a5a58f8,ToB_Differentiation_Adult,low_0.35,0.35,2000,2298,-3593008,false,0.00255316,2.49465,0.133333,188,0.15,600,912,262.8,4000
sim_layered_newflow_2026-07-10T23-54-52-761Z,1,b35400f2-0cd7-4a30-a10b-57210a5a58f8,ToB_Differentiation_Adult,low_0.35,0.35,2100,2190,-3431922,false,0.00243349,2.49465,0.133333,273,0.15,600,912,262.8,4000
sim_layered_newflow_2026-07-10T23-54-52-761Z,1,b35400f2-0cd7-4a30-a10b-57210a5a58f8,ToB_Differentiation_Adult,low_0.35,0.35,2200,2087,-3287117,false,0.00231942,2.49465,0.133333,358,0.15,600,912,262.8,4000
sim_layered_newflow_2026-07-10T23-54-52-761Z,1,b35400f2-0cd7-4a30-a10b-57210a5a58f8,ToB_Differentiation_Adult,low_0.35,0.35,2300,1990,-3157422,false,0.00221068,2.49465,0.133333,443,0.15,600,912,262.8,4000
sim_layered_newflow_2026-07-10T23-54-52-761Z,1,b35400f2-0cd7-4a30-a10b-57210a5a58f8,ToB_Differentiation_Adult,low_0.35,0.35,2400,1896,-3041743,false,0.00210702,2.49465,0.133333,528,0.15,600,912,262.8,4000
sim_layered_newflow_2026-07-10T23-54-52-761Z,1,b35400f2-0cd7-4a30-a10b-57210a5a58f8,ToB_Differentiation_Adult,low_0.35,0.35,2500,1807,-2939050,false,0.00200822,2.49465,0.133333,613,0.15,600,912,262.8,4000
sim_layered_newflow_2026-07-10T23-54-52-761Z,1,b35400f2-0cd7-4a30-a10b-57210a5a58f8,ToB_Differentiation_Adult,low_0.35,0.35,2600,1723,-2848383,false,0.00191404,2.49465,0.133333,698,0.15,600,912,262.8,4000
sim_layered_newflow_2026-07-10T23-54-52-761Z,1,b35400f2-0cd7-4a30-a10b-57210a5a58f8,ToB_Differentiation_Adult,low_0.35,0.35,2700,1642,-2768840,false,0.00182428,2.49465,0.133333,783,0.15,600,912,262.8,4000
sim_layered_newflow_2026-07-10T23-54-52-761Z,1,b35400f2-0cd7-4a30-a10b-57210a5a58f8,ToB_Differentiation_Adult,low_0.35,0.35,2800,1565,-2699580,false,0.00173871,2.49465,0.133333,868,0.15,600,912,262.8,4000
sim_layered_newflow_2026-07-10T23-54-52-761Z,1,b35400f2-0cd7-4a30-a10b-57210a5a58f8,ToB_Differentiation_Adult,low_0.35,0.35,2900,1491,-2639812,false,0.00165715,2.49465,0.133333,953,0.15,600,912,262.8,4000
sim_layered_newflow_2026-07-10T23-54-52-761Z,1,b35400f2-0cd7-4a30-a10b-57210a5a58f8,ToB_Differentiation_Adult,low_0.35,0.35,3000,1421,-2588801,false,0.00157941,2.49465,0.133333,1038,0.15,600,912,262.8,4000
sim_layered_newflow_2026-07-10T23-54-52-761Z,1,b35400f2-0cd7-4a30-a10b-57210a5a58f8,ToB_Differentiation_Adult,low_0.35,0.35,3100,1355,-2545857,false,0.00150531,2.49465,0.133333,1123,0.15,600,912,262.8,4000
sim_layered_newflow_2026-07-10T23-54-52-761Z,1,b35400f2-0cd7-4a30-a10b-57210a5a58f8,ToB_Differentiation_Adult,low_0.35,0.35,3200,1291,-2510336,false,0.00143468,2.49465,0.133333,1208,0.15,600,912,262.8,4000
sim_layered_newflow_2026-07-10T23-54-52-761Z,1,b35400f2-0cd7-4a30-a10b-57210a5a58f8,ToB_Differentiation_Adult,low_0.35,0.35,3300,1231,-2481636,false,0.00136737,2.49465,0.133333,1293,0.15,600,912,262.8,4000
sim_layered_newflow_2026-07-10T23-54-52-761Z,1,b35400f2-0cd7-4a30-a10b-57210a5a58f8,ToB_Differentiation_Adult,low_0.35,0.35,3400,1173,-2459197,false,0.0013032,2.49465,0.133333,1378,0.15,600,912,262.8,4000
sim_layered_newflow_2026-07-10T23-54-52-761Z,1,b35400f2-0cd7-4a30-a10b-57210a5a58f8,ToB_Differentiation_Adult,low_0.35,0.35,3500,1118,-2442494,false,0.00124205,2.49465,0.133333,1463,0.15,600,912,262.8,4000
sim_layered_newflow_2026-07-10T23-54-52-761Z,1,b35400f2-0cd7-4a30-a10b-57210a5a58f8,ToB_Differentiation_Adult,low_0.35,0.35,3600,1065,-2431038,false,0.00118376,2.49465,0.133333,1548,0.15,600,912,262.8,4000
sim_layered_newflow_2026-07-10T23-54-52-761Z,1,b35400f2-0cd7-4a30-a10b-57210a5a58f8,ToB_Differentiation_Adult,low_0.35,0.35,3700,1015,-2424374,false,0.0011282,2.49465,0.133333,1633,0.15,600,912,262.8,4000
sim_layered_newflow_2026-07-10T23-54-52-761Z,1,b35400f2-0cd7-4a30-a10b-57210a5a58f8,ToB_Differentiation_Adult,low_0.35,0.35,3800,968,-2422079,false,0.00107525,2.49465,0.133333,1718,0.15,600,912,262.8,4000
sim_layered_newflow_2026-07-10T23-54-52-761Z,1,b35400f2-0cd7-4a30-a10b-57210a5a58f8,ToB_Differentiation_Adult,low_0.35,0.35,3900,922,-2423756,false,0.00102478,2.49465,0.133333,1803,0.15,600,912,262.8,4000
sim_layered_newflow_2026-07-10T23-54-52-761Z,1,b35400f2-0cd7-4a30-a10b-57210a5a58f8,ToB_Differentiation_Adult,low_0.35,0.35,4000,879,-2429038,false,0.00097667,2.49465,0.133333,1888,0.15,600,912,262.8,4000
sim_layered_newflow_2026-07-10T23-54-52-761Z,1,b35400f2-0cd7-4a30-a10b-57210a5a58f8,ToB_Differentiation_Adult,low_0.35,0.35,4100,838,-2437583,false,0.00093083,2.49465,0.133333,1973,0.15,600,912,262.8,4000
sim_layered_newflow_2026-07-10T23-54-52-761Z,1,b35400f2-0cd7-4a30-a10b-57210a5a58f8,ToB_Differentiation_Adult,low_0.35,0.35,4200,798,-2449073,false,0.00088713,2.49465,0.133333,2058,0.15,600,912,262.8,4000
sim_layered_newflow_2026-07-10T23-54-52-761Z,1,b35400f2-0cd7-4a30-a10b-57210a5a58f8,ToB_Differentiation_Adult,low_0.35,0.35,4300,761,-2463214,false,0.00084548,2.49465,0.133333,2143,0.15,600,912,262.8,4000
sim_layered_newflow_2026-07-10T23-54-52-761Z,1,b35400f2-0cd7-4a30-a10b-57210a5a58f8,ToB_Differentiation_Adult,low_0.35,0.35,4400,725,-2479730,false,0.00080579,2.49465,0.133333,2228,0.15,600,912,262.8,4000
sim_layered_newflow_2026-07-10T23-54-52-761Z,1,b35400f2-0cd7-4a30-a10b-57210a5a58f8,ToB_Differentiation_Adult,low_0.35,0.35,4500,691,-2498368,false,0.00076796,2.49465,0.133333,2313,0.15,600,912,262.8,4000
sim_layered_newflow_2026-07-10T23-54-52-761Z,1,b35400f2-0cd7-4a30-a10b-57210a5a58f8,ToB_Differentiation_Adult,low_0.35,0.35,4600,659,-2518891,false,0.0007319,2.49465,0.133333,2398,0.15,600,912,262.8,4000
sim_layered_newflow_2026-07-10T23-54-52-761Z,1,b35400f2-0cd7-4a30-a10b-57210a5a58f8,ToB_Differentiation_Adult,low_0.35,0.35,4700,628,-2541083,false,0.00069753,2.49465,0.133333,2483,0.15,600,912,262.8,4000
sim_layered_newflow_2026-07-10T23-54-52-761Z,1,b35400f2-0cd7-4a30-a10b-57210a5a58f8,ToB_Differentiation_Adult,low_0.35,0.35,4800,598,-2564741,false,0.00066478,2.49465,0.133333,2568,0.15,600,912,262.8,4000
sim_layered_newflow_2026-07-10T23-54-52-761Z,1,b35400f2-0cd7-4a30-a10b-57210a5a58f8,ToB_Differentiation_Adult,low_0.35,0.35,4900,570,-2589678,false,0.00063357,2.49465,0.133333,2653,0.15,600,912,262.8,4000
sim_layered_newflow_2026-07-10T23-54-52-761Z,1,b35400f2-0cd7-4a30-a10b-57210a5a58f8,ToB_Differentiation_Adult,low_0.35,0.35,5000,543,-2615722,false,0.00060381,2.49465,0.133333,2738,0.15,600,912,262.8,4000
sim_layered_newflow_2026-07-10T23-54-52-761Z,1,b35400f2-0cd7-4a30-a10b-57210a5a58f8,ToB_Differentiation_Adult,low_0.35,0.35,5100,518,-2642715,false,0.00057546,2.49465,0.133333,2823,0.15,600,912,262.8,4000
sim_layered_newflow_2026-07-10T23-54-52-761Z,1,b35400f2-0cd7-4a30-a10b-57210a5a58f8,ToB_Differentiation_Adult,low_0.35,0.35,5200,494,-2670509,false,0.00054844,2.49465,0.133333,2908,0.15,600,912,262.8,4000
sim_layered_newflow_2026-07-10T23-54-52-761Z,1,b35400f2-0cd7-4a30-a10b-57210a5a58f8,ToB_Differentiation_Adult,low_0.35,0.35,5300,470,-2698970,false,0.00052268,2.49465,0.133333,2993,0.15,600,912,262.8,4000
sim_layered_newflow_2026-07-10T23-54-52-761Z,1,b35400f2-0cd7-4a30-a10b-57210a5a58f8,ToB_Differentiation_Adult,low_0.35,0.35,5400,448,-2727974,false,0.00049813,2.49465,0.133333,3078,0.15,600,912,262.8,4000
sim_layered_newflow_2026-07-10T23-54-52-761Z,1,b35400f2-0cd7-4a30-a10b-57210a5a58f8,ToB_Differentiation_Adult,low_0.35,0.35,5500,427,-2757407,false,0.00047474,2.49465,0.133333,3163,0.15,600,912,262.8,4000
sim_layered_newflow_2026-07-10T23-54-52-761Z,1,b35400f2-0cd7-4a30-a10b-57210a5a58f8,ToB_Differentiation_Adult,low_0.35,0.35,5600,407,-2787165,false,0.00045244,2.49465,0.133333,3248,0.15,600,912,262.8,4000
sim_layered_newflow_2026-07-10T23-54-52-761Z,1,b35400f2-0cd7-4a30-a10b-57210a5a58f8,ToB_Differentiation_Adult,low_0.35,0.35,5700,388,-2817152,false,0.00043119,2.49465,0.133333,3333,0.15,600,912,262.8,4000
sim_layered_newflow_2026-07-10T23-54-52-761Z,1,b35400f2-0cd7-4a30-a10b-57210a5a58f8,ToB_Differentiation_Adult,low_0.35,0.35,5800,370,-2847281,false,0.00041094,2.49465,0.133333,3418,0.15,600,912,262.8,4000
sim_layered_newflow_2026-07-10T23-54-52-761Z,1,b35400f2-0cd7-4a30-a10b-57210a5a58f8,ToB_Differentiation_Adult,low_0.35,0.35,5900,352,-2877473,false,0.00039164,2.49465,0.133333,3503,0.15,600,912,262.8,4000
sim_layered_newflow_2026-07-10T23-54-52-761Z,1,b35400f2-0cd7-4a30-a10b-57210a5a58f8,ToB_Differentiation_Adult,low_0.35,0.35,6000,336,-2907655,false,0.00037325,2.49465,0.133333,3588,0.15,600,912,262.8,4000
sim_layered_newflow_2026-07-10T23-54-52-761Z,1,b35400f2-0cd7-4a30-a10b-57210a5a58f8,ToB_Differentiation_Adult,low_0.35,0.35,6100,320,-2937761,false,0.00035572,2.49465,0.133333,3673,0.15,600,912,262.8,4000
sim_layered_newflow_2026-07-10T23-54-52-761Z,1,b35400f2-0cd7-4a30-a10b-57210a5a58f8,ToB_Differentiation_Adult,low_0.35,0.35,6200,305,-2967733,false,0.00033901,2.49465,0.133333,3758,0.15,600,912,262.8,4000
sim_layered_newflow_2026-07-10T23-54-52-761Z,1,b35400f2-0cd7-4a30-a10b-57210a5a58f8,ToB_Differentiation_Adult,low_0.35,0.35,6300,291,-2997516,false,0.00032308,2.49465,0.133333,3843,0.15,600,912,262.8,4000
sim_layered_newflow_2026-07-10T23-54-52-761Z,1,b35400f2-0cd7-4a30-a10b-57210a5a58f8,ToB_Differentiation_Adult,low_0.35,0.35,6400,277,-3027062,false,0.00030791,2.49465,0.133333,3928,0.15,600,912,262.8,4000
sim_layered_newflow_2026-07-10T23-54-52-761Z,1,b35400f2-0cd7-4a30-a10b-57210a5a58f8,ToB_Differentiation_Adult,low_0.35,0.35,6500,264,-3056327,false,0.00029345,2.49465,0.133333,4013,0.15,600,912,262.8,4000
sim_layered_newflow_2026-07-10T23-54-52-761Z,1,b35400f2-0cd7-4a30-a10b-57210a5a58f8,ToB_Differentiation_Adult,low_0.35,0.35,6600,252,-3085272,false,0.00027966,2.49465,0.133333,4098,0.15,600,912,262.8,4000
sim_layered_newflow_2026-07-10T23-54-52-761Z,1,b35400f2-0cd7-4a30-a10b-57210a5a58f8,ToB_Differentiation_Adult,low_0.35,0.35,6700,240,-3113864,false,0.00026652,2.49465,0.133333,4183,0.15,600,912,262.8,4000
sim_layered_newflow_2026-07-10T23-54-52-761Z,1,b35400f2-0cd7-4a30-a10b-57210a5a58f8,ToB_Differentiation_Adult,low_0.35,0.35,6800,229,-3142071,false,0.000254,2.49465,0.133333,4268,0.15,600,912,262.8,4000
sim_layered_newflow_2026-07-10T23-54-52-761Z,1,b35400f2-0cd7-4a30-a10b-57210a5a58f8,ToB_Differentiation_Adult,low_0.35,0.35,6900,218,-3169866,false,0.00024207,2.49465,0.133333,4353,0.15,600,912,262.8,4000
sim_layered_newflow_2026-07-10T23-54-52-761Z,1,b35400f2-0cd7-4a30-a10b-57210a5a58f8,ToB_Differentiation_Adult,low_0.35,0.35,7000,208,-3197226,false,0.0002307,2.49465,0.133333,4438,0.15,600,912,262.8,4000
sim_layered_newflow_2026-07-10T23-54-52-761Z,1,b35400f2-0cd7-4a30-a10b-57210a5a58f8,ToB_Differentiation_Adult,mid_0.50,0.5,1000,8836,-9449222,false,0.00981799,3.3231,0.200833,-662,0.15,600,912,262.8,4000
sim_layered_newflow_2026-07-10T23-54-52-761Z,1,b35400f2-0cd7-4a30-a10b-57210a5a58f8,ToB_Differentiation_Adult,mid_0.50,0.5,1100,8462,-8504667,false,0.00940234,3.3231,0.200833,-577,0.15,600,912,262.8,4000
sim_layered_newflow_2026-07-10T23-54-52-761Z,1,b35400f2-0cd7-4a30-a10b-57210a5a58f8,ToB_Differentiation_Adult,mid_0.50,0.5,1200,8104,-7630490,false,0.00900413,3.3231,0.200833,-492,0.15,600,912,262.8,4000
sim_layered_newflow_2026-07-10T23-54-52-761Z,1,b35400f2-0cd7-4a30-a10b-57210a5a58f8,ToB_Differentiation_Adult,mid_0.50,0.5,1300,7760,-6822462,false,0.00862263,3.3231,0.200833,-407,0.15,600,912,262.8,4000
sim_layered_newflow_2026-07-10T23-54-52-761Z,1,b35400f2-0cd7-4a30-a10b-57210a5a58f8,ToB_Differentiation_Adult,mid_0.50,0.5,1400,7431,-6076586,false,0.00825717,3.3231,0.200833,-322,0.15,600,912,262.8,4000
sim_layered_newflow_2026-07-10T23-54-52-761Z,1,b35400f2-0cd7-4a30-a10b-57210a5a58f8,ToB_Differentiation_Adult,mid_0.50,0.5,1500,7116,-5389076,false,0.00790707,3.3231,0.200833,-237,0.15,600,912,262.8,4000
sim_layered_newflow_2026-07-10T23-54-52-761Z,1,b35400f2-0cd7-4a30-a10b-57210a5a58f8,ToB_Differentiation_Adult,mid_0.50,0.5,1600,6815,-4756354,false,0.0075717,3.3231,0.200833,-152,0.15,600,912,262.8,4000
sim_layered_newflow_2026-07-10T23-54-52-761Z,1,b35400f2-0cd7-4a30-a10b-57210a5a58f8,ToB_Differentiation_Adult,mid_0.50,0.5,1700,6525,-4175035,false,0.00725046,3.3231,0.200833,-67,0.15,600,912,262.8,4000
sim_layered_newflow_2026-07-10T23-54-52-761Z,1,b35400f2-0cd7-4a30-a10b-57210a5a58f8,ToB_Differentiation_Adult,mid_0.50,0.5,1800,6248,-3641919,false,0.00694274,3.3231,0.200833,18,0.15,600,912,262.8,4000
sim_layered_newflow_2026-07-10T23-54-52-761Z,1,b35400f2-0cd7-4a30-a10b-57210a5a58f8,ToB_Differentiation_Adult,mid_0.50,0.5,1900,5983,-3153982,false,0.006648,3.3231,0.200833,103,0.15,600,912,262.8,4000
sim_layered_newflow_2026-07-10T23-54-52-761Z,1,b35400f2-0cd7-4a30-a10b-57210a5a58f8,ToB_Differentiation_Adult,mid_0.50,0.5,2000,5729,-2708368,false,0.0063657,3.3231,0.200833,188,0.15,600,912,262.8,4000
sim_layered_newflow_2026-07-10T23-54-52-761Z,1,b35400f2-0cd7-4a30-a10b-57210a5a58f8,ToB_Differentiation_Adult,mid_0.50,0.5,2100,5486,-2302379,false,0.0060953,3.3231,0.200833,273,0.15,600,912,262.8,4000
sim_layered_newflow_2026-07-10T23-54-52-761Z,1,b35400f2-0cd7-4a30-a10b-57210a5a58f8,ToB_Differentiation_Adult,mid_0.50,0.5,2200,5253,-1933466,false,0.00583633,3.3231,0.200833,358,0.15,600,912,262.8,4000
sim_layered_newflow_2026-07-10T23-54-52-761Z,1,b35400f2-0cd7-4a30-a10b-57210a5a58f8,ToB_Differentiation_Adult,mid_0.50,0.5,2300,5029,-1599226,false,0.00558829,3.3231,0.200833,443,0.15,600,912,262.8,4000
sim_layered_newflow_2026-07-10T23-54-52-761Z,1,b35400f2-0cd7-4a30-a10b-57210a5a58f8,ToB_Differentiation_Adult,mid_0.50,0.5,2400,4816,-1297388,false,0.00535074,3.3231,0.200833,528,0.15,600,912,262.8,4000
sim_layered_newflow_2026-07-10T23-54-52-761Z,1,b35400f2-0cd7-4a30-a10b-57210a5a58f8,ToB_Differentiation_Adult,mid_0.50,0.5,2500,4611,-1025813,false,0.00512324,3.3231,0.200833,613,0.15,600,912,262.8,4000
sim_layered_newflow_2026-07-10T23-54-52-761Z,1,b35400f2-0cd7-4a30-a10b-57210a5a58f8,ToB_Differentiation_Adult,mid_0.50,0.5,2600,4415,-782482,false,0.00490536,3.3231,0.200833,698,0.15,600,912,262.8,4000
sim_layered_newflow_2026-07-10T23-54-52-761Z,1,b35400f2-0cd7-4a30-a10b-57210a5a58f8,ToB_Differentiation_Adult,mid_0.50,0.5,2700,4227,-565490,false,0.0046967,3.3231,0.200833,783,0.15,600,912,262.8,4000
sim_layered_newflow_2026-07-10T23-54-52-761Z,1,b35400f2-0cd7-4a30-a10b-57210a5a58f8,ToB_Differentiation_Adult,mid_0.50,0.5,2800,4047,-373046,false,0.00449688,3.3231,0.200833,868,0.15,600,912,262.8,4000
sim_layered_newflow_2026-07-10T23-54-52-761Z,1,b35400f2-0cd7-4a30-a10b-57210a5a58f8,ToB_Differentiation_Adult,mid_0.50,0.5,2900,3875,-203458,false,0.00430553,3.3231,0.200833,953,0.15,600,912,262.8,4000
sim_layered_newflow_2026-07-10T23-54-52-761Z,1,b35400f2-0cd7-4a30-a10b-57210a5a58f8,ToB_Differentiation_Adult,mid_0.50,0.5,3000,3710,-55136,false,0.00412228,3.3231,0.200833,1038,0.15,600,912,262.8,4000
sim_layered_newflow_2026-07-10T23-54-52-761Z,1,b35400f2-0cd7-4a30-a10b-57210a5a58f8,ToB_Differentiation_Adult,mid_0.50,0.5,3100,3552,73418,true,0.0039468,3.3231,0.200833,1123,0.15,600,912,262.8,4000
sim_layered_newflow_2026-07-10T23-54-52-761Z,1,b35400f2-0cd7-4a30-a10b-57210a5a58f8,ToB_Differentiation_Adult,mid_0.50,0.5,3200,3401,183615,true,0.00377876,3.3231,0.200833,1208,0.15,600,912,262.8,4000
sim_layered_newflow_2026-07-10T23-54-52-761Z,1,b35400f2-0cd7-4a30-a10b-57210a5a58f8,ToB_Differentiation_Adult,mid_0.50,0.5,3300,3256,276781,true,0.00361785,3.3231,0.200833,1293,0.15,600,912,262.8,4000
sim_layered_newflow_2026-07-10T23-54-52-761Z,1,b35400f2-0cd7-4a30-a10b-57210a5a58f8,ToB_Differentiation_Adult,mid_0.50,0.5,3400,3117,354164,true,0.00346377,3.3231,0.200833,1378,0.15,600,912,262.8,4000
sim_layered_newflow_2026-07-10T23-54-52-761Z,1,b35400f2-0cd7-4a30-a10b-57210a5a58f8,ToB_Differentiation_Adult,mid_0.50,0.5,3500,2985,416936,true,0.00331623,3.3231,0.200833,1463,0.15,600,912,262.8,4000
sim_layered_newflow_2026-07-10T23-54-52-761Z,1,b35400f2-0cd7-4a30-a10b-57210a5a58f8,ToB_Differentiation_Adult,mid_0.50,0.5,3600,2857,466199,true,0.00317495,3.3231,0.200833,1548,0.15,600,912,262.8,4000
sim_layered_newflow_2026-07-10T23-54-52-761Z,1,b35400f2-0cd7-4a30-a10b-57210a5a58f8,ToB_Differentiation_Adult,mid_0.50,0.5,3700,2736,502988,true,0.00303968,3.3231,0.200833,1633,0.15,600,912,262.8,4000
sim_layered_newflow_2026-07-10T23-54-52-761Z,1,b35400f2-0cd7-4a30-a10b-57210a5a58f8,ToB_Differentiation_Adult,mid_0.50,0.5,3800,2619,528275,true,0.00291015,3.3231,0.200833,1718,0.15,600,912,262.8,4000
sim_layered_newflow_2026-07-10T23-54-52-761Z,1,b35400f2-0cd7-4a30-a10b-57210a5a58f8,ToB_Differentiation_Adult,mid_0.50,0.5,3900,2508,542972,true,0.00278612,3.3231,0.200833,1803,0.15,600,912,262.8,4000
sim_layered_newflow_2026-07-10T23-54-52-761Z,1,b35400f2-0cd7-4a30-a10b-57210a5a58f8,ToB_Differentiation_Adult,mid_0.50,0.5,4000,2401,547934,true,0.00266737,3.3231,0.200833,1888,0.15,600,912,262.8,4000
sim_layered_newflow_2026-07-10T23-54-52-761Z,1,b35400f2-0cd7-4a30-a10b-57210a5a58f8,ToB_Differentiation_Adult,mid_0.50,0.5,4100,2298,543964,true,0.00255367,3.3231,0.200833,1973,0.15,600,912,262.8,4000
sim_layered_newflow_2026-07-10T23-54-52-761Z,1,b35400f2-0cd7-4a30-a10b-57210a5a58f8,ToB_Differentiation_Adult,mid_0.50,0.5,4200,2200,531812,true,0.0024448,3.3231,0.200833,2058,0.15,600,912,262.8,4000
sim_layered_newflow_2026-07-10T23-54-52-761Z,1,b35400f2-0cd7-4a30-a10b-57210a5a58f8,ToB_Differentiation_Adult,mid_0.50,0.5,4300,2107,512184,true,0.00234056,3.3231,0.200833,2143,0.15,600,912,262.8,4000
sim_layered_newflow_2026-07-10T23-54-52-761Z,1,b35400f2-0cd7-4a30-a10b-57210a5a58f8,ToB_Differentiation_Adult,mid_0.50,0.5,4400,2017,485737,true,0.00224075,3.3231,0.200833,2228,0.15,600,912,262.8,4000
sim_layered_newflow_2026-07-10T23-54-52-761Z,1,b35400f2-0cd7-4a30-a10b-57210a5a58f8,ToB_Differentiation_Adult,mid_0.50,0.5,4500,1931,453090,true,0.00214519,3.3231,0.200833,2313,0.15,600,912,262.8,4000
sim_layered_newflow_2026-07-10T23-54-52-761Z,1,b35400f2-0cd7-4a30-a10b-57210a5a58f8,ToB_Differentiation_Adult,mid_0.50,0.5,4600,1848,414817,true,0.0020537,3.3231,0.200833,2398,0.15,600,912,262.8,4000
sim_layered_newflow_2026-07-10T23-54-52-761Z,1,b35400f2-0cd7-4a30-a10b-57210a5a58f8,ToB_Differentiation_Adult,mid_0.50,0.5,4700,1769,371459,true,0.00196611,3.3231,0.200833,2483,0.15,600,912,262.8,4000
sim_layered_newflow_2026-07-10T23-54-52-761Z,1,b35400f2-0cd7-4a30-a10b-57210a5a58f8,ToB_Differentiation_Adult,mid_0.50,0.5,4800,1694,323518,true,0.00188224,3.3231,0.200833,2568,0.15,600,912,262.8,4000
sim_layered_newflow_2026-07-10T23-54-52-761Z,1,b35400f2-0cd7-4a30-a10b-57210a5a58f8,ToB_Differentiation_Adult,mid_0.50,0.5,4900,1622,271464,true,0.00180194,3.3231,0.200833,2653,0.15,600,912,262.8,4000
sim_layered_newflow_2026-07-10T23-54-52-761Z,1,b35400f2-0cd7-4a30-a10b-57210a5a58f8,ToB_Differentiation_Adult,mid_0.50,0.5,5000,1553,215735,true,0.00172506,3.3231,0.200833,2738,0.15,600,912,262.8,4000
sim_layered_newflow_2026-07-10T23-54-52-761Z,1,b35400f2-0cd7-4a30-a10b-57210a5a58f8,ToB_Differentiation_Adult,mid_0.50,0.5,5100,1486,156740,true,0.00165146,3.3231,0.200833,2823,0.15,600,912,262.8,4000
sim_layered_newflow_2026-07-10T23-54-52-761Z,1,b35400f2-0cd7-4a30-a10b-57210a5a58f8,ToB_Differentiation_Adult,mid_0.50,0.5,5200,1423,94858,true,0.00158099,3.3231,0.200833,2908,0.15,600,912,262.8,4000
sim_layered_newflow_2026-07-10T23-54-52-761Z,1,b35400f2-0cd7-4a30-a10b-57210a5a58f8,ToB_Differentiation_Adult,mid_0.50,0.5,5300,1362,30443,true,0.00151353,3.3231,0.200833,2993,0.15,600,912,262.8,4000
sim_layered_newflow_2026-07-10T23-54-52-761Z,1,b35400f2-0cd7-4a30-a10b-57210a5a58f8,ToB_Differentiation_Adult,mid_0.50,0.5,5400,1304,-36176,false,0.00144894,3.3231,0.200833,3078,0.15,600,912,262.8,4000
sim_layered_newflow_2026-07-10T23-54-52-761Z,1,b35400f2-0cd7-4a30-a10b-57210a5a58f8,ToB_Differentiation_Adult,mid_0.50,0.5,5500,1248,-104693,false,0.0013871,3.3231,0.200833,3163,0.15,600,912,262.8,4000
sim_layered_newflow_2026-07-10T23-54-52-761Z,1,b35400f2-0cd7-4a30-a10b-57210a5a58f8,ToB_Differentiation_Adult,mid_0.50,0.5,5600,1195,-174825,false,0.0013279,3.3231,0.200833,3248,0.15,600,912,262.8,4000
sim_layered_newflow_2026-07-10T23-54-52-761Z,1,b35400f2-0cd7-4a30-a10b-57210a5a58f8,ToB_Differentiation_Adult,mid_0.50,0.5,5700,1144,-246309,false,0.00127122,3.3231,0.200833,3333,0.15,600,912,262.8,4000
sim_layered_newflow_2026-07-10T23-54-52-761Z,1,b35400f2-0cd7-4a30-a10b-57210a5a58f8,ToB_Differentiation_Adult,mid_0.50,0.5,5800,1095,-318903,false,0.00121696,3.3231,0.200833,3418,0.15,600,912,262.8,4000
sim_layered_newflow_2026-07-10T23-54-52-761Z,1,b35400f2-0cd7-4a30-a10b-57210a5a58f8,ToB_Differentiation_Adult,mid_0.50,0.5,5900,1049,-392380,false,0.00116501,3.3231,0.200833,3503,0.15,600,912,262.8,4000
sim_layered_newflow_2026-07-10T23-54-52-761Z,1,b35400f2-0cd7-4a30-a10b-57210a5a58f8,ToB_Differentiation_Adult,mid_0.50,0.5,6000,1004,-466533,false,0.00111528,3.3231,0.200833,3588,0.15,600,912,262.8,4000
sim_layered_newflow_2026-07-10T23-54-52-761Z,1,b35400f2-0cd7-4a30-a10b-57210a5a58f8,ToB_Differentiation_Adult,mid_0.50,0.5,6100,961,-541170,false,0.00106766,3.3231,0.200833,3673,0.15,600,912,262.8,4000
sim_layered_newflow_2026-07-10T23-54-52-761Z,1,b35400f2-0cd7-4a30-a10b-57210a5a58f8,ToB_Differentiation_Adult,mid_0.50,0.5,6200,920,-616115,false,0.00102208,3.3231,0.200833,3758,0.15,600,912,262.8,4000
sim_layered_newflow_2026-07-10T23-54-52-761Z,1,b35400f2-0cd7-4a30-a10b-57210a5a58f8,ToB_Differentiation_Adult,mid_0.50,0.5,6300,881,-691206,false,0.00097844,3.3231,0.200833,3843,0.15,600,912,262.8,4000
sim_layered_newflow_2026-07-10T23-54-52-761Z,1,b35400f2-0cd7-4a30-a10b-57210a5a58f8,ToB_Differentiation_Adult,mid_0.50,0.5,6400,843,-766292,false,0.00093667,3.3231,0.200833,3928,0.15,600,912,262.8,4000
sim_layered_newflow_2026-07-10T23-54-52-761Z,1,b35400f2-0cd7-4a30-a10b-57210a5a58f8,ToB_Differentiation_Adult,mid_0.50,0.5,6500,807,-841237,false,0.00089667,3.3231,0.200833,4013,0.15,600,912,262.8,4000
sim_layered_newflow_2026-07-10T23-54-52-761Z,1,b35400f2-0cd7-4a30-a10b-57210a5a58f8,ToB_Differentiation_Adult,mid_0.50,0.5,6600,773,-915917,false,0.00085838,3.3231,0.200833,4098,0.15,600,912,262.8,4000
sim_layered_newflow_2026-07-10T23-54-52-761Z,1,b35400f2-0cd7-4a30-a10b-57210a5a58f8,ToB_Differentiation_Adult,mid_0.50,0.5,6700,740,-990218,false,0.00082173,3.3231,0.200833,4183,0.15,600,912,262.8,4000
sim_layered_newflow_2026-07-10T23-54-52-761Z,1,b35400f2-0cd7-4a30-a10b-57210a5a58f8,ToB_Differentiation_Adult,mid_0.50,0.5,6800,708,-1064034,false,0.00078664,3.3231,0.200833,4268,0.15,600,912,262.8,4000
sim_layered_newflow_2026-07-10T23-54-52-761Z,1,b35400f2-0cd7-4a30-a10b-57210a5a58f8,ToB_Differentiation_Adult,mid_0.50,0.5,6900,678,-1137273,false,0.00075304,3.3231,0.200833,4353,0.15,600,912,262.8,4000
sim_layered_newflow_2026-07-10T23-54-52-761Z,1,b35400f2-0cd7-4a30-a10b-57210a5a58f8,ToB_Differentiation_Adult,mid_0.50,0.5,7000,649,-1209848,false,0.00072088,3.3231,0.200833,4438,0.15,600,912,262.8,4000
sim_layered_newflow_2026-07-10T23-54-52-761Z,1,b35400f2-0cd7-4a30-a10b-57210a5a58f8,ToB_Differentiation_Adult,high_0.65,0.65,1000,20715,-16292483,false,0.02301633,4.15155,0.268333,-662,0.15,600,912,262.8,4000
sim_layered_newflow_2026-07-10T23-54-52-761Z,1,b35400f2-0cd7-4a30-a10b-57210a5a58f8,ToB_Differentiation_Adult,high_0.65,0.65,1100,19921,-14133007,false,0.02213422,4.15155,0.268333,-577,0.15,600,912,262.8,4000
sim_layered_newflow_2026-07-10T23-54-52-761Z,1,b35400f2-0cd7-4a30-a10b-57210a5a58f8,ToB_Differentiation_Adult,high_0.65,0.65,1200,19157,-12120912,false,0.02128519,4.15155,0.268333,-492,0.15,600,912,262.8,4000
sim_layered_newflow_2026-07-10T23-54-52-761Z,1,b35400f2-0cd7-4a30-a10b-57210a5a58f8,ToB_Differentiation_Adult,high_0.65,0.65,1300,18421,-10248254,false,0.02046803,4.15155,0.268333,-407,0.15,600,912,262.8,4000
sim_layered_newflow_2026-07-10T23-54-52-761Z,1,b35400f2-0cd7-4a30-a10b-57210a5a58f8,ToB_Differentiation_Adult,high_0.65,0.65,1400,17713,-8507461,false,0.01968162,4.15155,0.268333,-322,0.15,600,912,262.8,4000
sim_layered_newflow_2026-07-10T23-54-52-761Z,1,b35400f2-0cd7-4a30-a10b-57210a5a58f8,ToB_Differentiation_Adult,high_0.65,0.65,1500,17032,-6891315,false,0.01892484,4.15155,0.268333,-237,0.15,600,912,262.8,4000
sim_layered_newflow_2026-07-10T23-54-52-761Z,1,b35400f2-0cd7-4a30-a10b-57210a5a58f8,ToB_Differentiation_Adult,high_0.65,0.65,1600,16377,-5392942,false,0.01819662,4.15155,0.268333,-152,0.15,600,912,262.8,4000
sim_layered_newflow_2026-07-10T23-54-52-761Z,1,b35400f2-0cd7-4a30-a10b-57210a5a58f8,ToB_Differentiation_Adult,high_0.65,0.65,1700,15746,-4005795,false,0.01749592,4.15155,0.268333,-67,0.15,600,912,262.8,4000
sim_layered_newflow_2026-07-10T23-54-52-761Z,1,b35400f2-0cd7-4a30-a10b-57210a5a58f8,ToB_Differentiation_Adult,high_0.65,0.65,1800,15140,-2723641,false,0.01682174,4.15155,0.268333,18,0.15,600,912,262.8,4000
sim_layered_newflow_2026-07-10T23-54-52-761Z,1,b35400f2-0cd7-4a30-a10b-57210a5a58f8,ToB_Differentiation_Adult,high_0.65,0.65,1900,14556,-1540549,false,0.01617311,4.15155,0.268333,103,0.15,600,912,262.8,4000
sim_layered_newflow_2026-07-10T23-54-52-761Z,1,b35400f2-0cd7-4a30-a10b-57210a5a58f8,ToB_Differentiation_Adult,high_0.65,0.65,2000,13994,-450876,false,0.01554909,4.15155,0.268333,188,0.15,600,912,262.8,4000
sim_layered_newflow_2026-07-10T23-54-52-761Z,1,b35400f2-0cd7-4a30-a10b-57210a5a58f8,ToB_Differentiation_Adult,high_0.65,0.65,2100,13454,550744,true,0.01494879,4.15155,0.268333,273,0.15,600,912,262.8,4000
sim_layered_newflow_2026-07-10T23-54-52-761Z,1,b35400f2-0cd7-4a30-a10b-57210a5a58f8,ToB_Differentiation_Adult,high_0.65,0.65,2200,12934,1469412,true,0.01437132,4.15155,0.268333,358,0.15,600,912,262.8,4000
sim_layered_newflow_2026-07-10T23-54-52-761Z,1,b35400f2-0cd7-4a30-a10b-57210a5a58f8,ToB_Differentiation_Adult,high_0.65,0.65,2300,12434,2309977,true,0.01381585,4.15155,0.268333,443,0.15,600,912,262.8,4000
sim_layered_newflow_2026-07-10T23-54-52-761Z,1,b35400f2-0cd7-4a30-a10b-57210a5a58f8,ToB_Differentiation_Adult,high_0.65,0.65,2400,11953,3077045,true,0.01328156,4.15155,0.268333,528,0.15,600,912,262.8,4000
sim_layered_newflow_2026-07-10T23-54-52-761Z,1,b35400f2-0cd7-4a30-a10b-57210a5a58f8,ToB_Differentiation_Adult,high_0.65,0.65,2500,11491,3774991,true,0.01276767,4.15155,0.268333,613,0.15,600,912,262.8,4000
sim_layered_newflow_2026-07-10T23-54-52-761Z,1,b35400f2-0cd7-4a30-a10b-57210a5a58f8,ToB_Differentiation_Adult,high_0.65,0.65,2600,11046,4407967,true,0.01227341,4.15155,0.268333,698,0.15,600,912,262.8,4000
sim_layered_newflow_2026-07-10T23-54-52-761Z,1,b35400f2-0cd7-4a30-a10b-57210a5a58f8,ToB_Differentiation_Adult,high_0.65,0.65,2700,10618,4979916,true,0.01179805,4.15155,0.268333,783,0.15,600,912,262.8,4000
sim_layered_newflow_2026-07-10T23-54-52-761Z,1,b35400f2-0cd7-4a30-a10b-57210a5a58f8,ToB_Differentiation_Adult,high_0.65,0.65,2800,10207,5494577,true,0.0113409,4.15155,0.268333,868,0.15,600,912,262.8,4000
sim_layered_newflow_2026-07-10T23-54-52-761Z,1,b35400f2-0cd7-4a30-a10b-57210a5a58f8,ToB_Differentiation_Adult,high_0.65,0.65,2900,9811,5955499,true,0.01090126,4.15155,0.268333,953,0.15,600,912,262.8,4000
sim_layered_newflow_2026-07-10T23-54-52-761Z,1,b35400f2-0cd7-4a30-a10b-57210a5a58f8,ToB_Differentiation_Adult,high_0.65,0.65,3000,9431,6366043,true,0.01047848,4.15155,0.268333,1038,0.15,600,912,262.8,4000
sim_layered_newflow_2026-07-10T23-54-52-761Z,1,b35400f2-0cd7-4a30-a10b-57210a5a58f8,ToB_Differentiation_Adult,high_0.65,0.65,3100,9065,6729397,true,0.01007194,4.15155,0.268333,1123,0.15,600,912,262.8,4000
sim_layered_newflow_2026-07-10T23-54-52-761Z,1,b35400f2-0cd7-4a30-a10b-57210a5a58f8,ToB_Differentiation_Adult,high_0.65,0.65,3200,8713,7048581,true,0.00968101,4.15155,0.268333,1208,0.15,600,912,262.8,4000
sim_layered_newflow_2026-07-10T23-54-52-761Z,1,b35400f2-0cd7-4a30-a10b-57210a5a58f8,ToB_Differentiation_Adult,high_0.65,0.65,3300,8375,7326457,true,0.00930512,4.15155,0.268333,1293,0.15,600,912,262.8,4000
sim_layered_newflow_2026-07-10T23-54-52-761Z,1,b35400f2-0cd7-4a30-a10b-57210a5a58f8,ToB_Differentiation_Adult,high_0.65,0.65,3400,8049,7565731,true,0.00894368,4.15155,0.268333,1378,0.15,600,912,262.8,4000
sim_layered_newflow_2026-07-10T23-54-52-761Z,1,b35400f2-0cd7-4a30-a10b-57210a5a58f8,ToB_Differentiation_Adult,high_0.65,0.65,3500,7737,7768966,true,0.00859617,4.15155,0.268333,1463,0.15,600,912,262.8,4000
sim_layered_newflow_2026-07-10T23-54-52-761Z,1,b35400f2-0cd7-4a30-a10b-57210a5a58f8,ToB_Differentiation_Adult,high_0.65,0.65,3600,7436,7938589,true,0.00826204,4.15155,0.268333,1548,0.15,600,912,262.8,4000
sim_layered_newflow_2026-07-10T23-54-52-761Z,1,b35400f2-0cd7-4a30-a10b-57210a5a58f8,ToB_Differentiation_Adult,high_0.65,0.65,3700,7147,8076892,true,0.0079408,4.15155,0.268333,1633,0.15,600,912,262.8,4000
sim_layered_newflow_2026-07-10T23-54-52-761Z,1,b35400f2-0cd7-4a30-a10b-57210a5a58f8,ToB_Differentiation_Adult,high_0.65,0.65,3800,6869,8186042,true,0.00763195,4.15155,0.268333,1718,0.15,600,912,262.8,4000
sim_layered_newflow_2026-07-10T23-54-52-761Z,1,b35400f2-0cd7-4a30-a10b-57210a5a58f8,ToB_Differentiation_Adult,high_0.65,0.65,3900,6602,8268089,true,0.00733503,4.15155,0.268333,1803,0.15,600,912,262.8,4000
sim_layered_newflow_2026-07-10T23-54-52-761Z,1,b35400f2-0cd7-4a30-a10b-57210a5a58f8,ToB_Differentiation_Adult,high_0.65,0.65,4000,6345,8324969,true,0.00704958,4.15155,0.268333,1888,0.15,600,912,262.8,4000
sim_layered_newflow_2026-07-10T23-54-52-761Z,1,b35400f2-0cd7-4a30-a10b-57210a5a58f8,ToB_Differentiation_Adult,high_0.65,0.65,4100,6098,8358507,true,0.00677515,4.15155,0.268333,1973,0.15,600,912,262.8,4000
sim_layered_newflow_2026-07-10T23-54-52-761Z,1,b35400f2-0cd7-4a30-a10b-57210a5a58f8,ToB_Differentiation_Adult,high_0.65,0.65,4200,5860,8370430,true,0.00651135,4.15155,0.268333,2058,0.15,600,912,262.8,4000
sim_layered_newflow_2026-07-10T23-54-52-761Z,1,b35400f2-0cd7-4a30-a10b-57210a5a58f8,ToB_Differentiation_Adult,high_0.65,0.65,4300,5632,8362363,true,0.00625774,4.15155,0.268333,2143,0.15,600,912,262.8,4000
sim_layered_newflow_2026-07-10T23-54-52-761Z,1,b35400f2-0cd7-4a30-a10b-57210a5a58f8,ToB_Differentiation_Adult,high_0.65,0.65,4400,5413,8335842,true,0.00601396,4.15155,0.268333,2228,0.15,600,912,262.8,4000
sim_layered_newflow_2026-07-10T23-54-52-761Z,1,b35400f2-0cd7-4a30-a10b-57210a5a58f8,ToB_Differentiation_Adult,high_0.65,0.65,4500,5202,8292313,true,0.00577962,4.15155,0.268333,2313,0.15,600,912,262.8,4000
sim_layered_newflow_2026-07-10T23-54-52-761Z,1,b35400f2-0cd7-4a30-a10b-57210a5a58f8,ToB_Differentiation_Adult,high_0.65,0.65,4600,4999,8233137,true,0.00555436,4.15155,0.268333,2398,0.15,600,912,262.8,4000
sim_layered_newflow_2026-07-10T23-54-52-761Z,1,b35400f2-0cd7-4a30-a10b-57210a5a58f8,ToB_Differentiation_Adult,high_0.65,0.65,4700,4804,8159599,true,0.00533783,4.15155,0.268333,2483,0.15,600,912,262.8,4000
sim_layered_newflow_2026-07-10T23-54-52-761Z,1,b35400f2-0cd7-4a30-a10b-57210a5a58f8,ToB_Differentiation_Adult,high_0.65,0.65,4800,4617,8072905,true,0.0051297,4.15155,0.268333,2568,0.15,600,912,262.8,4000
sim_layered_newflow_2026-07-10T23-54-52-761Z,1,b35400f2-0cd7-4a30-a10b-57210a5a58f8,ToB_Differentiation_Adult,high_0.65,0.65,4900,4437,7974191,true,0.00492964,4.15155,0.268333,2653,0.15,600,912,262.8,4000
sim_layered_newflow_2026-07-10T23-54-52-761Z,1,b35400f2-0cd7-4a30-a10b-57210a5a58f8,ToB_Differentiation_Adult,high_0.65,0.65,5000,4264,7864526,true,0.00473735,4.15155,0.268333,2738,0.15,600,912,262.8,4000
sim_layered_newflow_2026-07-10T23-54-52-761Z,1,b35400f2-0cd7-4a30-a10b-57210a5a58f8,ToB_Differentiation_Adult,high_0.65,0.65,5100,4097,7744912,true,0.00455252,4.15155,0.268333,2823,0.15,600,912,262.8,4000
sim_layered_newflow_2026-07-10T23-54-52-761Z,1,b35400f2-0cd7-4a30-a10b-57210a5a58f8,ToB_Differentiation_Adult,high_0.65,0.65,5200,3937,7616293,true,0.00437488,4.15155,0.268333,2908,0.15,600,912,262.8,4000
sim_layered_newflow_2026-07-10T23-54-52-761Z,1,b35400f2-0cd7-4a30-a10b-57210a5a58f8,ToB_Differentiation_Adult,high_0.65,0.65,5300,3784,7479552,true,0.00420413,4.15155,0.268333,2993,0.15,600,912,262.8,4000
sim_layered_newflow_2026-07-10T23-54-52-761Z,1,b35400f2-0cd7-4a30-a10b-57210a5a58f8,ToB_Differentiation_Adult,high_0.65,0.65,5400,3636,7335518,true,0.00404003,4.15155,0.268333,3078,0.15,600,912,262.8,4000
sim_layered_newflow_2026-07-10T23-54-52-761Z,1,b35400f2-0cd7-4a30-a10b-57210a5a58f8,ToB_Differentiation_Adult,high_0.65,0.65,5500,3494,7184971,true,0.0038823,4.15155,0.268333,3163,0.15,600,912,262.8,4000
sim_layered_newflow_2026-07-10T23-54-52-761Z,1,b35400f2-0cd7-4a30-a10b-57210a5a58f8,ToB_Differentiation_Adult,high_0.65,0.65,5600,3358,7028637,true,0.00373071,4.15155,0.268333,3248,0.15,600,912,262.8,4000
sim_layered_newflow_2026-07-10T23-54-52-761Z,1,b35400f2-0cd7-4a30-a10b-57210a5a58f8,ToB_Differentiation_Adult,high_0.65,0.65,5700,3227,6867198,true,0.00358502,4.15155,0.268333,3333,0.15,600,912,262.8,4000
sim_layered_newflow_2026-07-10T23-54-52-761Z,1,b35400f2-0cd7-4a30-a10b-57210a5a58f8,ToB_Differentiation_Adult,high_0.65,0.65,5800,3100,6701291,true,0.003445,4.15155,0.268333,3418,0.15,600,912,262.8,4000
sim_layered_newflow_2026-07-10T23-54-52-761Z,1,b35400f2-0cd7-4a30-a10b-57210a5a58f8,ToB_Differentiation_Adult,high_0.65,0.65,5900,2979,6531513,true,0.00331042,4.15155,0.268333,3503,0.15,600,912,262.8,4000
sim_layered_newflow_2026-07-10T23-54-52-761Z,1,b35400f2-0cd7-4a30-a10b-57210a5a58f8,ToB_Differentiation_Adult,high_0.65,0.65,6000,2863,6358418,true,0.00318109,4.15155,0.268333,3588,0.15,600,912,262.8,4000
sim_layered_newflow_2026-07-10T23-54-52-761Z,1,b35400f2-0cd7-4a30-a10b-57210a5a58f8,ToB_Differentiation_Adult,high_0.65,0.65,6100,2751,6182527,true,0.0030568,4.15155,0.268333,3673,0.15,600,912,262.8,4000
sim_layered_newflow_2026-07-10T23-54-52-761Z,1,b35400f2-0cd7-4a30-a10b-57210a5a58f8,ToB_Differentiation_Adult,high_0.65,0.65,6200,2644,6004321,true,0.00293734,4.15155,0.268333,3758,0.15,600,912,262.8,4000
sim_layered_newflow_2026-07-10T23-54-52-761Z,1,b35400f2-0cd7-4a30-a10b-57210a5a58f8,ToB_Differentiation_Adult,high_0.65,0.65,6300,2540,5824252,true,0.00282255,4.15155,0.268333,3843,0.15,600,912,262.8,4000
sim_layered_newflow_2026-07-10T23-54-52-761Z,1,b35400f2-0cd7-4a30-a10b-57210a5a58f8,ToB_Differentiation_Adult,high_0.65,0.65,6400,2441,5642738,true,0.00271222,4.15155,0.268333,3928,0.15,600,912,262.8,4000
sim_layered_newflow_2026-07-10T23-54-52-761Z,1,b35400f2-0cd7-4a30-a10b-57210a5a58f8,ToB_Differentiation_Adult,high_0.65,0.65,6500,2346,5460167,true,0.0026062,4.15155,0.268333,4013,0.15,600,912,262.8,4000
sim_layered_newflow_2026-07-10T23-54-52-761Z,1,b35400f2-0cd7-4a30-a10b-57210a5a58f8,ToB_Differentiation_Adult,high_0.65,0.65,6600,2254,5276900,true,0.00250431,4.15155,0.268333,4098,0.15,600,912,262.8,4000
sim_layered_newflow_2026-07-10T23-54-52-761Z,1,b35400f2-0cd7-4a30-a10b-57210a5a58f8,ToB_Differentiation_Adult,high_0.65,0.65,6700,2166,5093271,true,0.0024064,4.15155,0.268333,4183,0.15,600,912,262.8,4000
sim_layered_newflow_2026-07-10T23-54-52-761Z,1,b35400f2-0cd7-4a30-a10b-57210a5a58f8,ToB_Differentiation_Adult,high_0.65,0.65,6800,2081,4909590,true,0.0023123,4.15155,0.268333,4268,0.15,600,912,262.8,4000
sim_layered_newflow_2026-07-10T23-54-52-761Z,1,b35400f2-0cd7-4a30-a10b-57210a5a58f8,ToB_Differentiation_Adult,high_0.65,0.65,6900,2000,4726141,true,0.00222188,4.15155,0.268333,4353,0.15,600,912,262.8,4000
sim_layered_newflow_2026-07-10T23-54-52-761Z,1,b35400f2-0cd7-4a30-a10b-57210a5a58f8,ToB_Differentiation_Adult,high_0.65,0.65,7000,1921,4543189,true,0.00213498,4.15155,0.268333,4438,0.15,600,912,262.8,4000
sim_layered_newflow_2026-07-10T23-54-52-761Z,2,6db294cc-f426-4741-9dfe-10c54b7fdfc1,ToB_Differentiation_Child,actual_7_10,0.62,1000,23304,-14211467,false,0.01752175,3.90046,0.2425,-518,0.15,600,768,230.28,4000
sim_layered_newflow_2026-07-10T23-54-52-761Z,2,6db294cc-f426-4741-9dfe-10c54b7fdfc1,ToB_Differentiation_Child,actual_7_10,0.62,1100,22346,-11884184,false,0.01680146,3.90046,0.2425,-433,0.15,600,768,230.28,4000
sim_layered_newflow_2026-07-10T23-54-52-761Z,2,6db294cc-f426-4741-9dfe-10c54b7fdfc1,ToB_Differentiation_Child,actual_7_10,0.62,1200,21427,-9730471,false,0.01611031,3.90046,0.2425,-348,0.15,600,768,230.28,4000
sim_layered_newflow_2026-07-10T23-54-52-761Z,2,6db294cc-f426-4741-9dfe-10c54b7fdfc1,ToB_Differentiation_Child,actual_7_10,0.62,1300,20545,-7740163,false,0.01544713,3.90046,0.2425,-263,0.15,600,768,230.28,4000
sim_layered_newflow_2026-07-10T23-54-52-761Z,2,6db294cc-f426-4741-9dfe-10c54b7fdfc1,ToB_Differentiation_Child,actual_7_10,0.62,1400,19698,-5903612,false,0.01481085,3.90046,0.2425,-178,0.15,600,768,230.28,4000
sim_layered_newflow_2026-07-10T23-54-52-761Z,2,6db294cc-f426-4741-9dfe-10c54b7fdfc1,ToB_Differentiation_Child,actual_7_10,0.62,1500,18887,-4211669,false,0.0142004,3.90046,0.2425,-93,0.15,600,768,230.28,4000
sim_layered_newflow_2026-07-10T23-54-52-761Z,2,6db294cc-f426-4741-9dfe-10c54b7fdfc1,ToB_Differentiation_Child,actual_7_10,0.62,1600,18108,-2655659,false,0.01361476,3.90046,0.2425,-8,0.15,600,768,230.28,4000
sim_layered_newflow_2026-07-10T23-54-52-761Z,2,6db294cc-f426-4741-9dfe-10c54b7fdfc1,ToB_Differentiation_Child,actual_7_10,0.62,1700,17360,-1227359,false,0.01305295,3.90046,0.2425,77,0.15,600,768,230.28,4000
sim_layered_newflow_2026-07-10T23-54-52-761Z,2,6db294cc-f426-4741-9dfe-10c54b7fdfc1,ToB_Differentiation_Child,actual_7_10,0.62,1800,16644,81020,true,0.01251403,3.90046,0.2425,162,0.15,600,768,230.28,4000
sim_layered_newflow_2026-07-10T23-54-52-761Z,2,6db294cc-f426-4741-9dfe-10c54b7fdfc1,ToB_Differentiation_Child,actual_7_10,0.62,1900,15956,1276855,true,0.01199709,3.90046,0.2425,247,0.15,600,768,230.28,4000
sim_layered_newflow_2026-07-10T23-54-52-761Z,2,6db294cc-f426-4741-9dfe-10c54b7fdfc1,ToB_Differentiation_Child,actual_7_10,0.62,2000,15297,2367133,true,0.01150126,3.90046,0.2425,332,0.15,600,768,230.28,4000
sim_layered_newflow_2026-07-10T23-54-52-761Z,2,6db294cc-f426-4741-9dfe-10c54b7fdfc1,ToB_Differentiation_Child,actual_7_10,0.62,2100,14664,3358465,true,0.01102569,3.90046,0.2425,417,0.15,600,768,230.28,4000
sim_layered_newflow_2026-07-10T23-54-52-761Z,2,6db294cc-f426-4741-9dfe-10c54b7fdfc1,ToB_Differentiation_Child,actual_7_10,0.62,2200,14058,4257105,true,0.01056957,3.90046,0.2425,502,0.15,600,768,230.28,4000
sim_layered_newflow_2026-07-10T23-54-52-761Z,2,6db294cc-f426-4741-9dfe-10c54b7fdfc1,ToB_Differentiation_Child,actual_7_10,0.62,2300,13476,5068969,true,0.01013213,3.90046,0.2425,587,0.15,600,768,230.28,4000
sim_layered_newflow_2026-07-10T23-54-52-761Z,2,6db294cc-f426-4741-9dfe-10c54b7fdfc1,ToB_Differentiation_Child,actual_7_10,0.62,2400,12918,5799652,true,0.00971262,3.90046,0.2425,672,0.15,600,768,230.28,4000
sim_layered_newflow_2026-07-10T23-54-52-761Z,2,6db294cc-f426-4741-9dfe-10c54b7fdfc1,ToB_Differentiation_Child,actual_7_10,0.62,2500,12383,6454439,true,0.00931031,3.90046,0.2425,757,0.15,600,768,230.28,4000
sim_layered_newflow_2026-07-10T23-54-52-761Z,2,6db294cc-f426-4741-9dfe-10c54b7fdfc1,ToB_Differentiation_Child,actual_7_10,0.62,2600,11870,7038325,true,0.00892452,3.90046,0.2425,842,0.15,600,768,230.28,4000
sim_layered_newflow_2026-07-10T23-54-52-761Z,2,6db294cc-f426-4741-9dfe-10c54b7fdfc1,ToB_Differentiation_Child,actual_7_10,0.62,2700,11378,7556026,true,0.00855457,3.90046,0.2425,927,0.15,600,768,230.28,4000
sim_layered_newflow_2026-07-10T23-54-52-761Z,2,6db294cc-f426-4741-9dfe-10c54b7fdfc1,ToB_Differentiation_Child,actual_7_10,0.62,2800,10906,8011996,true,0.00819984,3.90046,0.2425,1012,0.15,600,768,230.28,4000
sim_layered_newflow_2026-07-10T23-54-52-761Z,2,6db294cc-f426-4741-9dfe-10c54b7fdfc1,ToB_Differentiation_Child,actual_7_10,0.62,2900,10453,8410436,true,0.00785969,3.90046,0.2425,1097,0.15,600,768,230.28,4000
sim_layered_newflow_2026-07-10T23-54-52-761Z,2,6db294cc-f426-4741-9dfe-10c54b7fdfc1,ToB_Differentiation_Child,actual_7_10,0.62,3000,10020,8755312,true,0.00753355,3.90046,0.2425,1182,0.15,600,768,230.28,4000
sim_layered_newflow_2026-07-10T23-54-52-761Z,2,6db294cc-f426-4741-9dfe-10c54b7fdfc1,ToB_Differentiation_Child,actual_7_10,0.62,3100,9604,9050361,true,0.00722085,3.90046,0.2425,1267,0.15,600,768,230.28,4000
sim_layered_newflow_2026-07-10T23-54-52-761Z,2,6db294cc-f426-4741-9dfe-10c54b7fdfc1,ToB_Differentiation_Child,actual_7_10,0.62,3200,9205,9299108,true,0.00692103,3.90046,0.2425,1352,0.15,600,768,230.28,4000
sim_layered_newflow_2026-07-10T23-54-52-761Z,2,6db294cc-f426-4741-9dfe-10c54b7fdfc1,ToB_Differentiation_Child,actual_7_10,0.62,3300,8823,9504873,true,0.00663358,3.90046,0.2425,1437,0.15,600,768,230.28,4000
sim_layered_newflow_2026-07-10T23-54-52-761Z,2,6db294cc-f426-4741-9dfe-10c54b7fdfc1,ToB_Differentiation_Child,actual_7_10,0.62,3400,8456,9670783,true,0.00635799,3.90046,0.2425,1522,0.15,600,768,230.28,4000
sim_layered_newflow_2026-07-10T23-54-52-761Z,2,6db294cc-f426-4741-9dfe-10c54b7fdfc1,ToB_Differentiation_Child,actual_7_10,0.62,3500,8105,9799783,true,0.00609378,3.90046,0.2425,1607,0.15,600,768,230.28,4000
sim_layered_newflow_2026-07-10T23-54-52-761Z,2,6db294cc-f426-4741-9dfe-10c54b7fdfc1,ToB_Differentiation_Child,actual_7_10,0.62,3600,7768,9894643,true,0.00584049,3.90046,0.2425,1692,0.15,600,768,230.28,4000
sim_layered_newflow_2026-07-10T23-54-52-761Z,2,6db294cc-f426-4741-9dfe-10c54b7fdfc1,ToB_Differentiation_Child,actual_7_10,0.62,3700,7445,9957969,true,0.00559766,3.90046,0.2425,1777,0.15,600,768,230.28,4000
sim_layered_newflow_2026-07-10T23-54-52-761Z,2,6db294cc-f426-4741-9dfe-10c54b7fdfc1,ToB_Differentiation_Child,actual_7_10,0.62,3800,7135,9992213,true,0.00536488,3.90046,0.2425,1862,0.15,600,768,230.28,4000
sim_layered_newflow_2026-07-10T23-54-52-761Z,2,6db294cc-f426-4741-9dfe-10c54b7fdfc1,ToB_Differentiation_Child,actual_7_10,0.62,3900,6838,9999676,true,0.00514172,3.90046,0.2425,1947,0.15,600,768,230.28,4000
sim_layered_newflow_2026-07-10T23-54-52-761Z,2,6db294cc-f426-4741-9dfe-10c54b7fdfc1,ToB_Differentiation_Child,actual_7_10,0.62,4000,6554,9982522,true,0.0049278,3.90046,0.2425,2032,0.15,600,768,230.28,4000
sim_layered_newflow_2026-07-10T23-54-52-761Z,2,6db294cc-f426-4741-9dfe-10c54b7fdfc1,ToB_Differentiation_Child,actual_7_10,0.62,4100,6281,9942781,true,0.00472274,3.90046,0.2425,2117,0.15,600,768,230.28,4000
sim_layered_newflow_2026-07-10T23-54-52-761Z,2,6db294cc-f426-4741-9dfe-10c54b7fdfc1,ToB_Differentiation_Child,actual_7_10,0.62,4200,6020,9882359,true,0.00452618,3.90046,0.2425,2202,0.15,600,768,230.28,4000
sim_layered_newflow_2026-07-10T23-54-52-761Z,2,6db294cc-f426-4741-9dfe-10c54b7fdfc1,ToB_Differentiation_Child,actual_7_10,0.62,4300,5769,9803044,true,0.00433776,3.90046,0.2425,2287,0.15,600,768,230.28,4000
sim_layered_newflow_2026-07-10T23-54-52-761Z,2,6db294cc-f426-4741-9dfe-10c54b7fdfc1,ToB_Differentiation_Child,actual_7_10,0.62,4400,5529,9706509,true,0.00415715,3.90046,0.2425,2372,0.15,600,768,230.28,4000
sim_layered_newflow_2026-07-10T23-54-52-761Z,2,6db294cc-f426-4741-9dfe-10c54b7fdfc1,ToB_Differentiation_Child,actual_7_10,0.62,4500,5299,9594326,true,0.00398403,3.90046,0.2425,2457,0.15,600,768,230.28,4000
sim_layered_newflow_2026-07-10T23-54-52-761Z,2,6db294cc-f426-4741-9dfe-10c54b7fdfc1,ToB_Differentiation_Child,actual_7_10,0.62,4600,5078,9467961,true,0.00381809,3.90046,0.2425,2542,0.15,600,768,230.28,4000
sim_layered_newflow_2026-07-10T23-54-52-761Z,2,6db294cc-f426-4741-9dfe-10c54b7fdfc1,ToB_Differentiation_Child,actual_7_10,0.62,4700,4867,9328791,true,0.00365904,3.90046,0.2425,2627,0.15,600,768,230.28,4000
sim_layered_newflow_2026-07-10T23-54-52-761Z,2,6db294cc-f426-4741-9dfe-10c54b7fdfc1,ToB_Differentiation_Child,actual_7_10,0.62,4800,4664,9178100,true,0.00350659,3.90046,0.2425,2712,0.15,600,768,230.28,4000
sim_layered_newflow_2026-07-10T23-54-52-761Z,2,6db294cc-f426-4741-9dfe-10c54b7fdfc1,ToB_Differentiation_Child,actual_7_10,0.62,4900,4469,9017089,true,0.00336047,3.90046,0.2425,2797,0.15,600,768,230.28,4000
sim_layered_newflow_2026-07-10T23-54-52-761Z,2,6db294cc-f426-4741-9dfe-10c54b7fdfc1,ToB_Differentiation_Child,actual_7_10,0.62,5000,4283,8846880,true,0.00322042,3.90046,0.2425,2882,0.15,600,768,230.28,4000
sim_layered_newflow_2026-07-10T23-54-52-761Z,2,6db294cc-f426-4741-9dfe-10c54b7fdfc1,ToB_Differentiation_Child,actual_7_10,0.62,5100,4105,8668519,true,0.00308619,3.90046,0.2425,2967,0.15,600,768,230.28,4000
sim_layered_newflow_2026-07-10T23-54-52-761Z,2,6db294cc-f426-4741-9dfe-10c54b7fdfc1,ToB_Differentiation_Child,actual_7_10,0.62,5200,3934,8482981,true,0.00295754,3.90046,0.2425,3052,0.15,600,768,230.28,4000
sim_layered_newflow_2026-07-10T23-54-52-761Z,2,6db294cc-f426-4741-9dfe-10c54b7fdfc1,ToB_Differentiation_Child,actual_7_10,0.62,5300,3770,8291174,true,0.00283423,3.90046,0.2425,3137,0.15,600,768,230.28,4000
sim_layered_newflow_2026-07-10T23-54-52-761Z,2,6db294cc-f426-4741-9dfe-10c54b7fdfc1,ToB_Differentiation_Child,actual_7_10,0.62,5400,3612,8093944,true,0.00271605,3.90046,0.2425,3222,0.15,600,768,230.28,4000
sim_layered_newflow_2026-07-10T23-54-52-761Z,2,6db294cc-f426-4741-9dfe-10c54b7fdfc1,ToB_Differentiation_Child,actual_7_10,0.62,5500,3462,7892077,true,0.00260279,3.90046,0.2425,3307,0.15,600,768,230.28,4000
sim_layered_newflow_2026-07-10T23-54-52-761Z,2,6db294cc-f426-4741-9dfe-10c54b7fdfc1,ToB_Differentiation_Child,actual_7_10,0.62,5600,3317,7686304,true,0.00249424,3.90046,0.2425,3392,0.15,600,768,230.28,4000
sim_layered_newflow_2026-07-10T23-54-52-761Z,2,6db294cc-f426-4741-9dfe-10c54b7fdfc1,ToB_Differentiation_Child,actual_7_10,0.62,5700,3179,7477301,true,0.0023902,3.90046,0.2425,3477,0.15,600,768,230.28,4000
sim_layered_newflow_2026-07-10T23-54-52-761Z,2,6db294cc-f426-4741-9dfe-10c54b7fdfc1,ToB_Differentiation_Child,actual_7_10,0.62,5800,3046,7265697,true,0.0022905,3.90046,0.2425,3562,0.15,600,768,230.28,4000
sim_layered_newflow_2026-07-10T23-54-52-761Z,2,6db294cc-f426-4741-9dfe-10c54b7fdfc1,ToB_Differentiation_Child,actual_7_10,0.62,5900,2919,7052073,true,0.00219494,3.90046,0.2425,3647,0.15,600,768,230.28,4000
sim_layered_newflow_2026-07-10T23-54-52-761Z,2,6db294cc-f426-4741-9dfe-10c54b7fdfc1,ToB_Differentiation_Child,actual_7_10,0.62,6000,2797,6836967,true,0.00210336,3.90046,0.2425,3732,0.15,600,768,230.28,4000
sim_layered_newflow_2026-07-10T23-54-52-761Z,2,6db294cc-f426-4741-9dfe-10c54b7fdfc1,ToB_Differentiation_Child,actual_7_10,0.62,6100,2681,6620875,true,0.0020156,3.90046,0.2425,3817,0.15,600,768,230.28,4000
sim_layered_newflow_2026-07-10T23-54-52-761Z,2,6db294cc-f426-4741-9dfe-10c54b7fdfc1,ToB_Differentiation_Child,actual_7_10,0.62,6200,2569,6404254,true,0.00193149,3.90046,0.2425,3902,0.15,600,768,230.28,4000
sim_layered_newflow_2026-07-10T23-54-52-761Z,2,6db294cc-f426-4741-9dfe-10c54b7fdfc1,ToB_Differentiation_Child,actual_7_10,0.62,6300,2462,6187525,true,0.00185088,3.90046,0.2425,3987,0.15,600,768,230.28,4000
sim_layered_newflow_2026-07-10T23-54-52-761Z,2,6db294cc-f426-4741-9dfe-10c54b7fdfc1,ToB_Differentiation_Child,actual_7_10,0.62,6400,2359,5971076,true,0.00177363,3.90046,0.2425,4072,0.15,600,768,230.28,4000
sim_layered_newflow_2026-07-10T23-54-52-761Z,2,6db294cc-f426-4741-9dfe-10c54b7fdfc1,ToB_Differentiation_Child,actual_7_10,0.62,6500,2260,5755262,true,0.0016996,3.90046,0.2425,4157,0.15,600,768,230.28,4000
sim_layered_newflow_2026-07-10T23-54-52-761Z,2,6db294cc-f426-4741-9dfe-10c54b7fdfc1,ToB_Differentiation_Child,actual_7_10,0.62,6600,2166,5540406,true,0.00162866,3.90046,0.2425,4242,0.15,600,768,230.28,4000
sim_layered_newflow_2026-07-10T23-54-52-761Z,2,6db294cc-f426-4741-9dfe-10c54b7fdfc1,ToB_Differentiation_Child,actual_7_10,0.62,6700,2076,5326807,true,0.00156067,3.90046,0.2425,4327,0.15,600,768,230.28,4000
sim_layered_newflow_2026-07-10T23-54-52-761Z,2,6db294cc-f426-4741-9dfe-10c54b7fdfc1,ToB_Differentiation_Child,actual_7_10,0.62,6800,1989,5114734,true,0.00149551,3.90046,0.2425,4412,0.15,600,768,230.28,4000
sim_layered_newflow_2026-07-10T23-54-52-761Z,2,6db294cc-f426-4741-9dfe-10c54b7fdfc1,ToB_Differentiation_Child,actual_7_10,0.62,6900,1906,4904432,true,0.00143308,3.90046,0.2425,4497,0.15,600,768,230.28,4000
sim_layered_newflow_2026-07-10T23-54-52-761Z,2,6db294cc-f426-4741-9dfe-10c54b7fdfc1,ToB_Differentiation_Child,actual_7_10,0.62,7000,1826,4696124,true,0.00137324,3.90046,0.2425,4582,0.15,600,768,230.28,4000
sim_layered_newflow_2026-07-10T23-54-52-761Z,2,6db294cc-f426-4741-9dfe-10c54b7fdfc1,ToB_Differentiation_Child,low_0.35,0.35,1000,4912,-6128910,false,0.00369295,2.40925,0.121,-518,0.15,600,768,230.28,4000
sim_layered_newflow_2026-07-10T23-54-52-761Z,2,6db294cc-f426-4741-9dfe-10c54b7fdfc1,ToB_Differentiation_Child,low_0.35,0.35,1100,4670,-5617420,false,0.00351107,2.40925,0.121,-433,0.15,600,768,230.28,4000
sim_layered_newflow_2026-07-10T23-54-52-761Z,2,6db294cc-f426-4741-9dfe-10c54b7fdfc1,ToB_Differentiation_Child,low_0.35,0.35,1200,4440,-5150658,false,0.00333812,2.40925,0.121,-348,0.15,600,768,230.28,4000
sim_layered_newflow_2026-07-10T23-54-52-761Z,2,6db294cc-f426-4741-9dfe-10c54b7fdfc1,ToB_Differentiation_Child,low_0.35,0.35,1300,4221,-4725470,false,0.00317365,2.40925,0.121,-263,0.15,600,768,230.28,4000
sim_layered_newflow_2026-07-10T23-54-52-761Z,2,6db294cc-f426-4741-9dfe-10c54b7fdfc1,ToB_Differentiation_Child,low_0.35,0.35,1400,4013,-4338903,false,0.00301727,2.40925,0.121,-178,0.15,600,768,230.28,4000
sim_layered_newflow_2026-07-10T23-54-52-761Z,2,6db294cc-f426-4741-9dfe-10c54b7fdfc1,ToB_Differentiation_Child,low_0.35,0.35,1500,3815,-3988190,false,0.00286857,2.40925,0.121,-93,0.15,600,768,230.28,4000
sim_layered_newflow_2026-07-10T23-54-52-761Z,2,6db294cc-f426-4741-9dfe-10c54b7fdfc1,ToB_Differentiation_Child,low_0.35,0.35,1600,3627,-3670745,false,0.00272718,2.40925,0.121,-8,0.15,600,768,230.28,4000
sim_layered_newflow_2026-07-10T23-54-52-761Z,2,6db294cc-f426-4741-9dfe-10c54b7fdfc1,ToB_Differentiation_Child,low_0.35,0.35,1700,3448,-3384146,false,0.00259274,2.40925,0.121,77,0.15,600,768,230.28,4000
sim_layered_newflow_2026-07-10T23-54-52-761Z,2,6db294cc-f426-4741-9dfe-10c54b7fdfc1,ToB_Differentiation_Child,low_0.35,0.35,1800,3278,-3126129,false,0.00246491,2.40925,0.121,162,0.15,600,768,230.28,4000
sim_layered_newflow_2026-07-10T23-54-52-761Z,2,6db294cc-f426-4741-9dfe-10c54b7fdfc1,ToB_Differentiation_Child,low_0.35,0.35,1900,3117,-2894577,false,0.00234337,2.40925,0.121,247,0.15,600,768,230.28,4000
sim_layered_newflow_2026-07-10T23-54-52-761Z,2,6db294cc-f426-4741-9dfe-10c54b7fdfc1,ToB_Differentiation_Child,low_0.35,0.35,2000,2963,-2687512,false,0.0022278,2.40925,0.121,332,0.15,600,768,230.28,4000
sim_layered_newflow_2026-07-10T23-54-52-761Z,2,6db294cc-f426-4741-9dfe-10c54b7fdfc1,ToB_Differentiation_Child,low_0.35,0.35,2100,2817,-2503087,false,0.00211793,2.40925,0.121,417,0.15,600,768,230.28,4000
sim_layered_newflow_2026-07-10T23-54-52-761Z,2,6db294cc-f426-4741-9dfe-10c54b7fdfc1,ToB_Differentiation_Child,low_0.35,0.35,2200,2678,-2339573,false,0.00201346,2.40925,0.121,502,0.15,600,768,230.28,4000
sim_layered_newflow_2026-07-10T23-54-52-761Z,2,6db294cc-f426-4741-9dfe-10c54b7fdfc1,ToB_Differentiation_Child,low_0.35,0.35,2300,2546,-2195361,false,0.00191414,2.40925,0.121,587,0.15,600,768,230.28,4000
sim_layered_newflow_2026-07-10T23-54-52-761Z,2,6db294cc-f426-4741-9dfe-10c54b7fdfc1,ToB_Differentiation_Child,low_0.35,0.35,2400,2420,-2068947,false,0.0018197,2.40925,0.121,672,0.15,600,768,230.28,4000
sim_layered_newflow_2026-07-10T23-54-52-761Z,2,6db294cc-f426-4741-9dfe-10c54b7fdfc1,ToB_Differentiation_Child,low_0.35,0.35,2500,2301,-1958926,false,0.00172992,2.40925,0.121,757,0.15,600,768,230.28,4000
sim_layered_newflow_2026-07-10T23-54-52-761Z,2,6db294cc-f426-4741-9dfe-10c54b7fdfc1,ToB_Differentiation_Child,low_0.35,0.35,2600,2187,-1863991,false,0.00164456,2.40925,0.121,842,0.15,600,768,230.28,4000
sim_layered_newflow_2026-07-10T23-54-52-761Z,2,6db294cc-f426-4741-9dfe-10c54b7fdfc1,ToB_Differentiation_Child,low_0.35,0.35,2700,2079,-1782924,false,0.00156341,2.40925,0.121,927,0.15,600,768,230.28,4000
sim_layered_newflow_2026-07-10T23-54-52-761Z,2,6db294cc-f426-4741-9dfe-10c54b7fdfc1,ToB_Differentiation_Child,low_0.35,0.35,2800,1977,-1714587,false,0.00148625,2.40925,0.121,1012,0.15,600,768,230.28,4000
sim_layered_newflow_2026-07-10T23-54-52-761Z,2,6db294cc-f426-4741-9dfe-10c54b7fdfc1,ToB_Differentiation_Child,low_0.35,0.35,2900,1879,-1657922,false,0.0014129,2.40925,0.121,1097,0.15,600,768,230.28,4000
sim_layered_newflow_2026-07-10T23-54-52-761Z,2,6db294cc-f426-4741-9dfe-10c54b7fdfc1,ToB_Differentiation_Child,low_0.35,0.35,3000,1786,-1611946,false,0.00134316,2.40925,0.121,1182,0.15,600,768,230.28,4000
sim_layered_newflow_2026-07-10T23-54-52-761Z,2,6db294cc-f426-4741-9dfe-10c54b7fdfc1,ToB_Differentiation_Child,low_0.35,0.35,3100,1698,-1575741,false,0.00127686,2.40925,0.121,1267,0.15,600,768,230.28,4000
sim_layered_newflow_2026-07-10T23-54-52-761Z,2,6db294cc-f426-4741-9dfe-10c54b7fdfc1,ToB_Differentiation_Child,low_0.35,0.35,3200,1614,-1548457,false,0.00121383,2.40925,0.121,1352,0.15,600,768,230.28,4000
sim_layered_newflow_2026-07-10T23-54-52-761Z,2,6db294cc-f426-4741-9dfe-10c54b7fdfc1,ToB_Differentiation_Child,low_0.35,0.35,3300,1535,-1529300,false,0.0011539,2.40925,0.121,1437,0.15,600,768,230.28,4000
sim_layered_newflow_2026-07-10T23-54-52-761Z,2,6db294cc-f426-4741-9dfe-10c54b7fdfc1,ToB_Differentiation_Child,low_0.35,0.35,3400,1459,-1517535,false,0.00109693,2.40925,0.121,1522,0.15,600,768,230.28,4000
sim_layered_newflow_2026-07-10T23-54-52-761Z,2,6db294cc-f426-4741-9dfe-10c54b7fdfc1,ToB_Differentiation_Child,low_0.35,0.35,3500,1387,-1512480,false,0.00104277,2.40925,0.121,1607,0.15,600,768,230.28,4000
sim_layered_newflow_2026-07-10T23-54-52-761Z,2,6db294cc-f426-4741-9dfe-10c54b7fdfc1,ToB_Differentiation_Child,low_0.35,0.35,3600,1318,-1513502,false,0.00099129,2.40925,0.121,1692,0.15,600,768,230.28,4000
sim_layered_newflow_2026-07-10T23-54-52-761Z,2,6db294cc-f426-4741-9dfe-10c54b7fdfc1,ToB_Differentiation_Child,low_0.35,0.35,3700,1253,-1520012,false,0.00094234,2.40925,0.121,1777,0.15,600,768,230.28,4000
sim_layered_newflow_2026-07-10T23-54-52-761Z,2,6db294cc-f426-4741-9dfe-10c54b7fdfc1,ToB_Differentiation_Child,low_0.35,0.35,3800,1191,-1531466,false,0.00089581,2.40925,0.121,1862,0.15,600,768,230.28,4000
sim_layered_newflow_2026-07-10T23-54-52-761Z,2,6db294cc-f426-4741-9dfe-10c54b7fdfc1,ToB_Differentiation_Child,low_0.35,0.35,3900,1133,-1547361,false,0.00085157,2.40925,0.121,1947,0.15,600,768,230.28,4000
sim_layered_newflow_2026-07-10T23-54-52-761Z,2,6db294cc-f426-4741-9dfe-10c54b7fdfc1,ToB_Differentiation_Child,low_0.35,0.35,4000,1077,-1567229,false,0.00080951,2.40925,0.121,2032,0.15,600,768,230.28,4000
sim_layered_newflow_2026-07-10T23-54-52-761Z,2,6db294cc-f426-4741-9dfe-10c54b7fdfc1,ToB_Differentiation_Child,low_0.35,0.35,4100,1023,-1590641,false,0.00076953,2.40925,0.121,2117,0.15,600,768,230.28,4000
sim_layered_newflow_2026-07-10T23-54-52-761Z,2,6db294cc-f426-4741-9dfe-10c54b7fdfc1,ToB_Differentiation_Child,low_0.35,0.35,4200,973,-1617197,false,0.00073153,2.40925,0.121,2202,0.15,600,768,230.28,4000
sim_layered_newflow_2026-07-10T23-54-52-761Z,2,6db294cc-f426-4741-9dfe-10c54b7fdfc1,ToB_Differentiation_Child,low_0.35,0.35,4300,925,-1646530,false,0.0006954,2.40925,0.121,2287,0.15,600,768,230.28,4000
sim_layered_newflow_2026-07-10T23-54-52-761Z,2,6db294cc-f426-4741-9dfe-10c54b7fdfc1,ToB_Differentiation_Child,low_0.35,0.35,4400,879,-1678301,false,0.00066105,2.40925,0.121,2372,0.15,600,768,230.28,4000
sim_layered_newflow_2026-07-10T23-54-52-761Z,2,6db294cc-f426-4741-9dfe-10c54b7fdfc1,ToB_Differentiation_Child,low_0.35,0.35,4500,836,-1712197,false,0.0006284,2.40925,0.121,2457,0.15,600,768,230.28,4000
sim_layered_newflow_2026-07-10T23-54-52-761Z,2,6db294cc-f426-4741-9dfe-10c54b7fdfc1,ToB_Differentiation_Child,low_0.35,0.35,4600,794,-1747932,false,0.00059736,2.40925,0.121,2542,0.15,600,768,230.28,4000
sim_layered_newflow_2026-07-10T23-54-52-761Z,2,6db294cc-f426-4741-9dfe-10c54b7fdfc1,ToB_Differentiation_Child,low_0.35,0.35,4700,755,-1785240,false,0.00056785,2.40925,0.121,2627,0.15,600,768,230.28,4000
sim_layered_newflow_2026-07-10T23-54-52-761Z,2,6db294cc-f426-4741-9dfe-10c54b7fdfc1,ToB_Differentiation_Child,low_0.35,0.35,4800,718,-1823879,false,0.0005398,2.40925,0.121,2712,0.15,600,768,230.28,4000
sim_layered_newflow_2026-07-10T23-54-52-761Z,2,6db294cc-f426-4741-9dfe-10c54b7fdfc1,ToB_Differentiation_Child,low_0.35,0.35,4900,682,-1863626,false,0.00051313,2.40925,0.121,2797,0.15,600,768,230.28,4000
sim_layered_newflow_2026-07-10T23-54-52-761Z,2,6db294cc-f426-4741-9dfe-10c54b7fdfc1,ToB_Differentiation_Child,low_0.35,0.35,5000,649,-1904278,false,0.00048779,2.40925,0.121,2882,0.15,600,768,230.28,4000
sim_layered_newflow_2026-07-10T23-54-52-761Z,2,6db294cc-f426-4741-9dfe-10c54b7fdfc1,ToB_Differentiation_Child,low_0.35,0.35,5100,617,-1945649,false,0.00046369,2.40925,0.121,2967,0.15,600,768,230.28,4000
sim_layered_newflow_2026-07-10T23-54-52-761Z,2,6db294cc-f426-4741-9dfe-10c54b7fdfc1,ToB_Differentiation_Child,low_0.35,0.35,5200,586,-1987567,false,0.00044078,2.40925,0.121,3052,0.15,600,768,230.28,4000
sim_layered_newflow_2026-07-10T23-54-52-761Z,2,6db294cc-f426-4741-9dfe-10c54b7fdfc1,ToB_Differentiation_Child,low_0.35,0.35,5300,557,-2029879,false,0.000419,2.40925,0.121,3137,0.15,600,768,230.28,4000
sim_layered_newflow_2026-07-10T23-54-52-761Z,2,6db294cc-f426-4741-9dfe-10c54b7fdfc1,ToB_Differentiation_Child,low_0.35,0.35,5400,530,-2072442,false,0.0003983,2.40925,0.121,3222,0.15,600,768,230.28,4000
sim_layered_newflow_2026-07-10T23-54-52-761Z,2,6db294cc-f426-4741-9dfe-10c54b7fdfc1,ToB_Differentiation_Child,low_0.35,0.35,5500,504,-2115128,false,0.00037862,2.40925,0.121,3307,0.15,600,768,230.28,4000
sim_layered_newflow_2026-07-10T23-54-52-761Z,2,6db294cc-f426-4741-9dfe-10c54b7fdfc1,ToB_Differentiation_Child,low_0.35,0.35,5600,479,-2157822,false,0.00035992,2.40925,0.121,3392,0.15,600,768,230.28,4000
sim_layered_newflow_2026-07-10T23-54-52-761Z,2,6db294cc-f426-4741-9dfe-10c54b7fdfc1,ToB_Differentiation_Child,low_0.35,0.35,5700,455,-2200419,false,0.00034214,2.40925,0.121,3477,0.15,600,768,230.28,4000
sim_layered_newflow_2026-07-10T23-54-52-761Z,2,6db294cc-f426-4741-9dfe-10c54b7fdfc1,ToB_Differentiation_Child,low_0.35,0.35,5800,433,-2242823,false,0.00032523,2.40925,0.121,3562,0.15,600,768,230.28,4000
sim_layered_newflow_2026-07-10T23-54-52-761Z,2,6db294cc-f426-4741-9dfe-10c54b7fdfc1,ToB_Differentiation_Child,low_0.35,0.35,5900,411,-2284950,false,0.00030916,2.40925,0.121,3647,0.15,600,768,230.28,4000
sim_layered_newflow_2026-07-10T23-54-52-761Z,2,6db294cc-f426-4741-9dfe-10c54b7fdfc1,ToB_Differentiation_Child,low_0.35,0.35,6000,391,-2326723,false,0.00029389,2.40925,0.121,3732,0.15,600,768,230.28,4000
sim_layered_newflow_2026-07-10T23-54-52-761Z,2,6db294cc-f426-4741-9dfe-10c54b7fdfc1,ToB_Differentiation_Child,low_0.35,0.35,6100,372,-2368075,false,0.00027936,2.40925,0.121,3817,0.15,600,768,230.28,4000
sim_layered_newflow_2026-07-10T23-54-52-761Z,2,6db294cc-f426-4741-9dfe-10c54b7fdfc1,ToB_Differentiation_Child,low_0.35,0.35,6200,353,-2408946,false,0.00026556,2.40925,0.121,3902,0.15,600,768,230.28,4000
sim_layered_newflow_2026-07-10T23-54-52-761Z,2,6db294cc-f426-4741-9dfe-10c54b7fdfc1,ToB_Differentiation_Child,low_0.35,0.35,6300,336,-2449281,false,0.00025244,2.40925,0.121,3987,0.15,600,768,230.28,4000
sim_layered_newflow_2026-07-10T23-54-52-761Z,2,6db294cc-f426-4741-9dfe-10c54b7fdfc1,ToB_Differentiation_Child,low_0.35,0.35,6400,319,-2489034,false,0.00023997,2.40925,0.121,4072,0.15,600,768,230.28,4000
sim_layered_newflow_2026-07-10T23-54-52-761Z,2,6db294cc-f426-4741-9dfe-10c54b7fdfc1,ToB_Differentiation_Child,low_0.35,0.35,6500,303,-2528164,false,0.00022811,2.40925,0.121,4157,0.15,600,768,230.28,4000
sim_layered_newflow_2026-07-10T23-54-52-761Z,2,6db294cc-f426-4741-9dfe-10c54b7fdfc1,ToB_Differentiation_Child,low_0.35,0.35,6600,288,-2566636,false,0.00021684,2.40925,0.121,4242,0.15,600,768,230.28,4000
sim_layered_newflow_2026-07-10T23-54-52-761Z,2,6db294cc-f426-4741-9dfe-10c54b7fdfc1,ToB_Differentiation_Child,low_0.35,0.35,6700,274,-2604418,false,0.00020612,2.40925,0.121,4327,0.15,600,768,230.28,4000
sim_layered_newflow_2026-07-10T23-54-52-761Z,2,6db294cc-f426-4741-9dfe-10c54b7fdfc1,ToB_Differentiation_Child,low_0.35,0.35,6800,261,-2641486,false,0.00019594,2.40925,0.121,4412,0.15,600,768,230.28,4000
sim_layered_newflow_2026-07-10T23-54-52-761Z,2,6db294cc-f426-4741-9dfe-10c54b7fdfc1,ToB_Differentiation_Child,low_0.35,0.35,6900,248,-2677817,false,0.00018625,2.40925,0.121,4497,0.15,600,768,230.28,4000
sim_layered_newflow_2026-07-10T23-54-52-761Z,2,6db294cc-f426-4741-9dfe-10c54b7fdfc1,ToB_Differentiation_Child,low_0.35,0.35,7000,235,-2713394,false,0.00017705,2.40925,0.121,4582,0.15,600,768,230.28,4000
sim_layered_newflow_2026-07-10T23-54-52-761Z,2,6db294cc-f426-4741-9dfe-10c54b7fdfc1,ToB_Differentiation_Child,mid_0.50,0.5,1000,11735,-9184617,false,0.00882309,3.2377,0.1885,-518,0.15,600,768,230.28,4000
sim_layered_newflow_2026-07-10T23-54-52-761Z,2,6db294cc-f426-4741-9dfe-10c54b7fdfc1,ToB_Differentiation_Child,mid_0.50,0.5,1100,11212,-7992039,false,0.00843042,3.2377,0.1885,-433,0.15,600,768,230.28,4000
sim_layered_newflow_2026-07-10T23-54-52-761Z,2,6db294cc-f426-4741-9dfe-10c54b7fdfc1,ToB_Differentiation_Child,mid_0.50,0.5,1200,10713,-6894899,false,0.00805508,3.2377,0.1885,-348,0.15,600,768,230.28,4000
sim_layered_newflow_2026-07-10T23-54-52-761Z,2,6db294cc-f426-4741-9dfe-10c54b7fdfc1,ToB_Differentiation_Child,mid_0.50,0.5,1300,10236,-5887114,false,0.00769632,3.2377,0.1885,-263,0.15,600,768,230.28,4000
sim_layered_newflow_2026-07-10T23-54-52-761Z,2,6db294cc-f426-4741-9dfe-10c54b7fdfc1,ToB_Differentiation_Child,mid_0.50,0.5,1400,9780,-4962946,false,0.00735342,3.2377,0.1885,-178,0.15,600,768,230.28,4000
sim_layered_newflow_2026-07-10T23-54-52-761Z,2,6db294cc-f426-4741-9dfe-10c54b7fdfc1,ToB_Differentiation_Child,mid_0.50,0.5,1500,9344,-4116986,false,0.00702569,3.2377,0.1885,-93,0.15,600,768,230.28,4000
sim_layered_newflow_2026-07-10T23-54-52-761Z,2,6db294cc-f426-4741-9dfe-10c54b7fdfc1,ToB_Differentiation_Child,mid_0.50,0.5,1600,8928,-3344134,false,0.00671247,3.2377,0.1885,-8,0.15,600,768,230.28,4000
sim_layered_newflow_2026-07-10T23-54-52-761Z,2,6db294cc-f426-4741-9dfe-10c54b7fdfc1,ToB_Differentiation_Child,mid_0.50,0.5,1700,8529,-2639586,false,0.00641312,3.2377,0.1885,77,0.15,600,768,230.28,4000
sim_layered_newflow_2026-07-10T23-54-52-761Z,2,6db294cc-f426-4741-9dfe-10c54b7fdfc1,ToB_Differentiation_Child,mid_0.50,0.5,1800,8149,-1998813,false,0.00612704,3.2377,0.1885,162,0.15,600,768,230.28,4000
sim_layered_newflow_2026-07-10T23-54-52-761Z,2,6db294cc-f426-4741-9dfe-10c54b7fdfc1,ToB_Differentiation_Child,mid_0.50,0.5,1900,7785,-1417554,false,0.00585365,3.2377,0.1885,247,0.15,600,768,230.28,4000
sim_layered_newflow_2026-07-10T23-54-52-761Z,2,6db294cc-f426-4741-9dfe-10c54b7fdfc1,ToB_Differentiation_Child,mid_0.50,0.5,2000,7438,-891795,false,0.00559238,3.2377,0.1885,332,0.15,600,768,230.28,4000
sim_layered_newflow_2026-07-10T23-54-52-761Z,2,6db294cc-f426-4741-9dfe-10c54b7fdfc1,ToB_Differentiation_Child,mid_0.50,0.5,2100,7106,-417759,false,0.00534272,3.2377,0.1885,417,0.15,600,768,230.28,4000
sim_layered_newflow_2026-07-10T23-54-52-761Z,2,6db294cc-f426-4741-9dfe-10c54b7fdfc1,ToB_Differentiation_Child,mid_0.50,0.5,2200,6789,8106,true,0.00510414,3.2377,0.1885,502,0.15,600,768,230.28,4000
sim_layered_newflow_2026-07-10T23-54-52-761Z,2,6db294cc-f426-4741-9dfe-10c54b7fdfc1,ToB_Differentiation_Child,mid_0.50,0.5,2300,6485,389144,true,0.00487617,3.2377,0.1885,587,0.15,600,768,230.28,4000
sim_layered_newflow_2026-07-10T23-54-52-761Z,2,6db294cc-f426-4741-9dfe-10c54b7fdfc1,ToB_Differentiation_Child,mid_0.50,0.5,2400,6196,728494,true,0.00465832,3.2377,0.1885,672,0.15,600,768,230.28,4000
sim_layered_newflow_2026-07-10T23-54-52-761Z,2,6db294cc-f426-4741-9dfe-10c54b7fdfc1,ToB_Differentiation_Child,mid_0.50,0.5,2500,5919,1029110,true,0.00445017,3.2377,0.1885,757,0.15,600,768,230.28,4000
sim_layered_newflow_2026-07-10T23-54-52-761Z,2,6db294cc-f426-4741-9dfe-10c54b7fdfc1,ToB_Differentiation_Child,mid_0.50,0.5,2600,5654,1293766,true,0.00425128,3.2377,0.1885,842,0.15,600,768,230.28,4000
sim_layered_newflow_2026-07-10T23-54-52-761Z,2,6db294cc-f426-4741-9dfe-10c54b7fdfc1,ToB_Differentiation_Child,mid_0.50,0.5,2700,5401,1525066,true,0.00406124,3.2377,0.1885,927,0.15,600,768,230.28,4000
sim_layered_newflow_2026-07-10T23-54-52-761Z,2,6db294cc-f426-4741-9dfe-10c54b7fdfc1,ToB_Differentiation_Child,mid_0.50,0.5,2800,5160,1725456,true,0.00387967,3.2377,0.1885,1012,0.15,600,768,230.28,4000
sim_layered_newflow_2026-07-10T23-54-52-761Z,2,6db294cc-f426-4741-9dfe-10c54b7fdfc1,ToB_Differentiation_Child,mid_0.50,0.5,2900,4929,1897231,true,0.00370618,3.2377,0.1885,1097,0.15,600,768,230.28,4000
sim_layered_newflow_2026-07-10T23-54-52-761Z,2,6db294cc-f426-4741-9dfe-10c54b7fdfc1,ToB_Differentiation_Child,mid_0.50,0.5,3000,4709,2042544,true,0.00354042,3.2377,0.1885,1182,0.15,600,768,230.28,4000
sim_layered_newflow_2026-07-10T23-54-52-761Z,2,6db294cc-f426-4741-9dfe-10c54b7fdfc1,ToB_Differentiation_Child,mid_0.50,0.5,3100,4498,2163412,true,0.00338205,3.2377,0.1885,1267,0.15,600,768,230.28,4000
sim_layered_newflow_2026-07-10T23-54-52-761Z,2,6db294cc-f426-4741-9dfe-10c54b7fdfc1,ToB_Differentiation_Child,mid_0.50,0.5,3200,4297,2261727,true,0.00323074,3.2377,0.1885,1352,0.15,600,768,230.28,4000
sim_layered_newflow_2026-07-10T23-54-52-761Z,2,6db294cc-f426-4741-9dfe-10c54b7fdfc1,ToB_Differentiation_Child,mid_0.50,0.5,3300,4105,2339263,true,0.00308618,3.2377,0.1885,1437,0.15,600,768,230.28,4000
sim_layered_newflow_2026-07-10T23-54-52-761Z,2,6db294cc-f426-4741-9dfe-10c54b7fdfc1,ToB_Differentiation_Child,mid_0.50,0.5,3400,3921,2397677,true,0.00294807,3.2377,0.1885,1522,0.15,600,768,230.28,4000
sim_layered_newflow_2026-07-10T23-54-52-761Z,2,6db294cc-f426-4741-9dfe-10c54b7fdfc1,ToB_Differentiation_Child,mid_0.50,0.5,3500,3745,2438524,true,0.00281613,3.2377,0.1885,1607,0.15,600,768,230.28,4000
sim_layered_newflow_2026-07-10T23-54-52-761Z,2,6db294cc-f426-4741-9dfe-10c54b7fdfc1,ToB_Differentiation_Child,mid_0.50,0.5,3600,3578,2463256,true,0.00269007,3.2377,0.1885,1692,0.15,600,768,230.28,4000
sim_layered_newflow_2026-07-10T23-54-52-761Z,2,6db294cc-f426-4741-9dfe-10c54b7fdfc1,ToB_Differentiation_Child,mid_0.50,0.5,3700,3418,2473233,true,0.00256964,3.2377,0.1885,1777,0.15,600,768,230.28,4000
sim_layered_newflow_2026-07-10T23-54-52-761Z,2,6db294cc-f426-4741-9dfe-10c54b7fdfc1,ToB_Differentiation_Child,mid_0.50,0.5,3800,3265,2469724,true,0.00245459,3.2377,0.1885,1862,0.15,600,768,230.28,4000
sim_layered_newflow_2026-07-10T23-54-52-761Z,2,6db294cc-f426-4741-9dfe-10c54b7fdfc1,ToB_Differentiation_Child,mid_0.50,0.5,3900,3118,2453916,true,0.00234467,3.2377,0.1885,1947,0.15,600,768,230.28,4000
sim_layered_newflow_2026-07-10T23-54-52-761Z,2,6db294cc-f426-4741-9dfe-10c54b7fdfc1,ToB_Differentiation_Child,mid_0.50,0.5,4000,2979,2426916,true,0.00223967,3.2377,0.1885,2032,0.15,600,768,230.28,4000
sim_layered_newflow_2026-07-10T23-54-52-761Z,2,6db294cc-f426-4741-9dfe-10c54b7fdfc1,ToB_Differentiation_Child,mid_0.50,0.5,4100,2845,2389757,true,0.00213936,3.2377,0.1885,2117,0.15,600,768,230.28,4000
sim_layered_newflow_2026-07-10T23-54-52-761Z,2,6db294cc-f426-4741-9dfe-10c54b7fdfc1,ToB_Differentiation_Child,mid_0.50,0.5,4200,2718,2343402,true,0.00204354,3.2377,0.1885,2202,0.15,600,768,230.28,4000
sim_layered_newflow_2026-07-10T23-54-52-761Z,2,6db294cc-f426-4741-9dfe-10c54b7fdfc1,ToB_Differentiation_Child,mid_0.50,0.5,4300,2596,2288750,true,0.00195199,3.2377,0.1885,2287,0.15,600,768,230.28,4000
sim_layered_newflow_2026-07-10T23-54-52-761Z,2,6db294cc-f426-4741-9dfe-10c54b7fdfc1,ToB_Differentiation_Child,mid_0.50,0.5,4400,2480,2226635,true,0.00186454,3.2377,0.1885,2372,0.15,600,768,230.28,4000
sim_layered_newflow_2026-07-10T23-54-52-761Z,2,6db294cc-f426-4741-9dfe-10c54b7fdfc1,ToB_Differentiation_Child,mid_0.50,0.5,4500,2369,2157837,true,0.00178101,3.2377,0.1885,2457,0.15,600,768,230.28,4000
sim_layered_newflow_2026-07-10T23-54-52-761Z,2,6db294cc-f426-4741-9dfe-10c54b7fdfc1,ToB_Differentiation_Child,mid_0.50,0.5,4600,2263,2083078,true,0.0017012,3.2377,0.1885,2542,0.15,600,768,230.28,4000
sim_layered_newflow_2026-07-10T23-54-52-761Z,2,6db294cc-f426-4741-9dfe-10c54b7fdfc1,ToB_Differentiation_Child,mid_0.50,0.5,4700,2161,2003031,true,0.00162497,3.2377,0.1885,2627,0.15,600,768,230.28,4000
sim_layered_newflow_2026-07-10T23-54-52-761Z,2,6db294cc-f426-4741-9dfe-10c54b7fdfc1,ToB_Differentiation_Child,mid_0.50,0.5,4800,2064,1918320,true,0.00155215,3.2377,0.1885,2712,0.15,600,768,230.28,4000
sim_layered_newflow_2026-07-10T23-54-52-761Z,2,6db294cc-f426-4741-9dfe-10c54b7fdfc1,ToB_Differentiation_Child,mid_0.50,0.5,4900,1972,1829522,true,0.00148259,3.2377,0.1885,2797,0.15,600,768,230.28,4000
sim_layered_newflow_2026-07-10T23-54-52-761Z,2,6db294cc-f426-4741-9dfe-10c54b7fdfc1,ToB_Differentiation_Child,mid_0.50,0.5,5000,1883,1737176,true,0.00141614,3.2377,0.1885,2882,0.15,600,768,230.28,4000
sim_layered_newflow_2026-07-10T23-54-52-761Z,2,6db294cc-f426-4741-9dfe-10c54b7fdfc1,ToB_Differentiation_Child,mid_0.50,0.5,5100,1799,1641776,true,0.00135266,3.2377,0.1885,2967,0.15,600,768,230.28,4000
sim_layered_newflow_2026-07-10T23-54-52-761Z,2,6db294cc-f426-4741-9dfe-10c54b7fdfc1,ToB_Differentiation_Child,mid_0.50,0.5,5200,1718,1543784,true,0.00129203,3.2377,0.1885,3052,0.15,600,768,230.28,4000
sim_layered_newflow_2026-07-10T23-54-52-761Z,2,6db294cc-f426-4741-9dfe-10c54b7fdfc1,ToB_Differentiation_Child,mid_0.50,0.5,5300,1641,1443622,true,0.00123411,3.2377,0.1885,3137,0.15,600,768,230.28,4000
sim_layered_newflow_2026-07-10T23-54-52-761Z,2,6db294cc-f426-4741-9dfe-10c54b7fdfc1,ToB_Differentiation_Child,mid_0.50,0.5,5400,1568,1341682,true,0.00117878,3.2377,0.1885,3222,0.15,600,768,230.28,4000
sim_layered_newflow_2026-07-10T23-54-52-761Z,2,6db294cc-f426-4741-9dfe-10c54b7fdfc1,ToB_Differentiation_Child,mid_0.50,0.5,5500,1497,1238326,true,0.00112593,3.2377,0.1885,3307,0.15,600,768,230.28,4000
sim_layered_newflow_2026-07-10T23-54-52-761Z,2,6db294cc-f426-4741-9dfe-10c54b7fdfc1,ToB_Differentiation_Child,mid_0.50,0.5,5600,1430,1133885,true,0.00107545,3.2377,0.1885,3392,0.15,600,768,230.28,4000
sim_layered_newflow_2026-07-10T23-54-52-761Z,2,6db294cc-f426-4741-9dfe-10c54b7fdfc1,ToB_Differentiation_Child,mid_0.50,0.5,5700,1366,1028665,true,0.00102723,3.2377,0.1885,3477,0.15,600,768,230.28,4000
sim_layered_newflow_2026-07-10T23-54-52-761Z,2,6db294cc-f426-4741-9dfe-10c54b7fdfc1,ToB_Differentiation_Child,mid_0.50,0.5,5800,1305,922946,true,0.00098117,3.2377,0.1885,3562,0.15,600,768,230.28,4000
sim_layered_newflow_2026-07-10T23-54-52-761Z,2,6db294cc-f426-4741-9dfe-10c54b7fdfc1,ToB_Differentiation_Child,mid_0.50,0.5,5900,1246,816984,true,0.00093717,3.2377,0.1885,3647,0.15,600,768,230.28,4000
sim_layered_newflow_2026-07-10T23-54-52-761Z,2,6db294cc-f426-4741-9dfe-10c54b7fdfc1,ToB_Differentiation_Child,mid_0.50,0.5,6000,1191,711013,true,0.00089515,3.2377,0.1885,3732,0.15,600,768,230.28,4000
sim_layered_newflow_2026-07-10T23-54-52-761Z,2,6db294cc-f426-4741-9dfe-10c54b7fdfc1,ToB_Differentiation_Child,mid_0.50,0.5,6100,1137,605248,true,0.00085501,3.2377,0.1885,3817,0.15,600,768,230.28,4000
sim_layered_newflow_2026-07-10T23-54-52-761Z,2,6db294cc-f426-4741-9dfe-10c54b7fdfc1,ToB_Differentiation_Child,mid_0.50,0.5,6200,1086,499884,true,0.00081666,3.2377,0.1885,3902,0.15,600,768,230.28,4000
sim_layered_newflow_2026-07-10T23-54-52-761Z,2,6db294cc-f426-4741-9dfe-10c54b7fdfc1,ToB_Differentiation_Child,mid_0.50,0.5,6300,1037,395098,true,0.00078003,3.2377,0.1885,3987,0.15,600,768,230.28,4000
sim_layered_newflow_2026-07-10T23-54-52-761Z,2,6db294cc-f426-4741-9dfe-10c54b7fdfc1,ToB_Differentiation_Child,mid_0.50,0.5,6400,991,291049,true,0.00074505,3.2377,0.1885,4072,0.15,600,768,230.28,4000
sim_layered_newflow_2026-07-10T23-54-52-761Z,2,6db294cc-f426-4741-9dfe-10c54b7fdfc1,ToB_Differentiation_Child,mid_0.50,0.5,6500,946,187883,true,0.00071163,3.2377,0.1885,4157,0.15,600,768,230.28,4000
sim_layered_newflow_2026-07-10T23-54-52-761Z,2,6db294cc-f426-4741-9dfe-10c54b7fdfc1,ToB_Differentiation_Child,mid_0.50,0.5,6600,904,85730,true,0.00067971,3.2377,0.1885,4242,0.15,600,768,230.28,4000
sim_layered_newflow_2026-07-10T23-54-52-761Z,2,6db294cc-f426-4741-9dfe-10c54b7fdfc1,ToB_Differentiation_Child,mid_0.50,0.5,6700,863,-15293,false,0.00064923,3.2377,0.1885,4327,0.15,600,768,230.28,4000
sim_layered_newflow_2026-07-10T23-54-52-761Z,2,6db294cc-f426-4741-9dfe-10c54b7fdfc1,ToB_Differentiation_Child,mid_0.50,0.5,6800,825,-115082,false,0.0006201,3.2377,0.1885,4412,0.15,600,768,230.28,4000
sim_layered_newflow_2026-07-10T23-54-52-761Z,2,6db294cc-f426-4741-9dfe-10c54b7fdfc1,ToB_Differentiation_Child,mid_0.50,0.5,6900,788,-213543,false,0.00059229,3.2377,0.1885,4497,0.15,600,768,230.28,4000
sim_layered_newflow_2026-07-10T23-54-52-761Z,2,6db294cc-f426-4741-9dfe-10c54b7fdfc1,ToB_Differentiation_Child,mid_0.50,0.5,7000,752,-310597,false,0.00056572,3.2377,0.1885,4582,0.15,600,768,230.28,4000
sim_layered_newflow_2026-07-10T23-54-52-761Z,2,6db294cc-f426-4741-9dfe-10c54b7fdfc1,ToB_Differentiation_Child,high_0.65,0.65,1000,27615,-16054201,false,0.02076294,4.06615,0.256,-518,0.15,600,768,230.28,4000
sim_layered_newflow_2026-07-10T23-54-52-761Z,2,6db294cc-f426-4741-9dfe-10c54b7fdfc1,ToB_Differentiation_Child,high_0.65,0.65,1100,26502,-13307937,false,0.01992645,4.06615,0.256,-433,0.15,600,768,230.28,4000
sim_layered_newflow_2026-07-10T23-54-52-761Z,2,6db294cc-f426-4741-9dfe-10c54b7fdfc1,ToB_Differentiation_Child,high_0.65,0.65,1200,25434,-10762829,false,0.019123,4.06615,0.256,-348,0.15,600,768,230.28,4000
sim_layered_newflow_2026-07-10T23-54-52-761Z,2,6db294cc-f426-4741-9dfe-10c54b7fdfc1,ToB_Differentiation_Child,high_0.65,0.65,1300,24407,-8407356,false,0.01835134,4.06615,0.256,-263,0.15,600,768,230.28,4000
sim_layered_newflow_2026-07-10T23-54-52-761Z,2,6db294cc-f426-4741-9dfe-10c54b7fdfc1,ToB_Differentiation_Child,high_0.65,0.65,1400,23422,-6230571,false,0.01761027,4.06615,0.256,-178,0.15,600,768,230.28,4000
sim_layered_newflow_2026-07-10T23-54-52-761Z,2,6db294cc-f426-4741-9dfe-10c54b7fdfc1,ToB_Differentiation_Child,high_0.65,0.65,1500,22475,-4222073,false,0.0168986,4.06615,0.256,-93,0.15,600,768,230.28,4000
sim_layered_newflow_2026-07-10T23-54-52-761Z,2,6db294cc-f426-4741-9dfe-10c54b7fdfc1,ToB_Differentiation_Child,high_0.65,0.65,1600,21566,-2371987,false,0.01621522,4.06615,0.256,-8,0.15,600,768,230.28,4000
sim_layered_newflow_2026-07-10T23-54-52-761Z,2,6db294cc-f426-4741-9dfe-10c54b7fdfc1,ToB_Differentiation_Child,high_0.65,0.65,1700,20694,-670939,false,0.01555904,4.06615,0.256,77,0.15,600,768,230.28,4000
sim_layered_newflow_2026-07-10T23-54-52-761Z,2,6db294cc-f426-4741-9dfe-10c54b7fdfc1,ToB_Differentiation_Child,high_0.65,0.65,1800,19856,889967,true,0.014929,4.06615,0.256,162,0.15,600,768,230.28,4000
sim_layered_newflow_2026-07-10T23-54-52-761Z,2,6db294cc-f426-4741-9dfe-10c54b7fdfc1,ToB_Differentiation_Child,high_0.65,0.65,1900,19051,2319167,true,0.01432411,4.06615,0.256,247,0.15,600,768,230.28,4000
sim_layered_newflow_2026-07-10T23-54-52-761Z,2,6db294cc-f426-4741-9dfe-10c54b7fdfc1,ToB_Differentiation_Child,high_0.65,0.65,2000,18279,3624662,true,0.01374339,4.06615,0.256,332,0.15,600,768,230.28,4000
sim_layered_newflow_2026-07-10T23-54-52-761Z,2,6db294cc-f426-4741-9dfe-10c54b7fdfc1,ToB_Differentiation_Child,high_0.65,0.65,2100,17537,4814035,true,0.01318589,4.06615,0.256,417,0.15,600,768,230.28,4000
sim_layered_newflow_2026-07-10T23-54-52-761Z,2,6db294cc-f426-4741-9dfe-10c54b7fdfc1,ToB_Differentiation_Child,high_0.65,0.65,2200,16825,5894471,true,0.01265072,4.06615,0.256,502,0.15,600,768,230.28,4000
sim_layered_newflow_2026-07-10T23-54-52-761Z,2,6db294cc-f426-4741-9dfe-10c54b7fdfc1,ToB_Differentiation_Child,high_0.65,0.65,2300,16142,6872776,true,0.01213701,4.06615,0.256,587,0.15,600,768,230.28,4000
sim_layered_newflow_2026-07-10T23-54-52-761Z,2,6db294cc-f426-4741-9dfe-10c54b7fdfc1,ToB_Differentiation_Child,high_0.65,0.65,2400,15486,7755391,true,0.0116439,4.06615,0.256,672,0.15,600,768,230.28,4000
sim_layered_newflow_2026-07-10T23-54-52-761Z,2,6db294cc-f426-4741-9dfe-10c54b7fdfc1,ToB_Differentiation_Child,high_0.65,0.65,2500,14857,8548417,true,0.01117061,4.06615,0.256,757,0.15,600,768,230.28,4000
sim_layered_newflow_2026-07-10T23-54-52-761Z,2,6db294cc-f426-4741-9dfe-10c54b7fdfc1,ToB_Differentiation_Child,high_0.65,0.65,2600,14253,9257623,true,0.01071634,4.06615,0.256,842,0.15,600,768,230.28,4000
sim_layered_newflow_2026-07-10T23-54-52-761Z,2,6db294cc-f426-4741-9dfe-10c54b7fdfc1,ToB_Differentiation_Child,high_0.65,0.65,2700,13673,9888467,true,0.01028036,4.06615,0.256,927,0.15,600,768,230.28,4000
sim_layered_newflow_2026-07-10T23-54-52-761Z,2,6db294cc-f426-4741-9dfe-10c54b7fdfc1,ToB_Differentiation_Child,high_0.65,0.65,2800,13116,10446106,true,0.00986193,4.06615,0.256,1012,0.15,600,768,230.28,4000
sim_layered_newflow_2026-07-10T23-54-52-761Z,2,6db294cc-f426-4741-9dfe-10c54b7fdfc1,ToB_Differentiation_Child,high_0.65,0.65,2900,12582,10935418,true,0.00946038,4.06615,0.256,1097,0.15,600,768,230.28,4000
sim_layered_newflow_2026-07-10T23-54-52-761Z,2,6db294cc-f426-4741-9dfe-10c54b7fdfc1,ToB_Differentiation_Child,high_0.65,0.65,3000,12070,11361009,true,0.00907502,4.06615,0.256,1182,0.15,600,768,230.28,4000
sim_layered_newflow_2026-07-10T23-54-52-761Z,2,6db294cc-f426-4741-9dfe-10c54b7fdfc1,ToB_Differentiation_Child,high_0.65,0.65,3100,11578,11727227,true,0.00870523,4.06615,0.256,1267,0.15,600,768,230.28,4000
sim_layered_newflow_2026-07-10T23-54-52-761Z,2,6db294cc-f426-4741-9dfe-10c54b7fdfc1,ToB_Differentiation_Child,high_0.65,0.65,3200,11106,12038180,true,0.00835037,4.06615,0.256,1352,0.15,600,768,230.28,4000
sim_layered_newflow_2026-07-10T23-54-52-761Z,2,6db294cc-f426-4741-9dfe-10c54b7fdfc1,ToB_Differentiation_Child,high_0.65,0.65,3300,10653,12297741,true,0.00800987,4.06615,0.256,1437,0.15,600,768,230.28,4000
sim_layered_newflow_2026-07-10T23-54-52-761Z,2,6db294cc-f426-4741-9dfe-10c54b7fdfc1,ToB_Differentiation_Child,high_0.65,0.65,3400,10219,12509565,true,0.00768314,4.06615,0.256,1522,0.15,600,768,230.28,4000
sim_layered_newflow_2026-07-10T23-54-52-761Z,2,6db294cc-f426-4741-9dfe-10c54b7fdfc1,ToB_Differentiation_Child,high_0.65,0.65,3500,9802,12677097,true,0.00736964,4.06615,0.256,1607,0.15,600,768,230.28,4000
sim_layered_newflow_2026-07-10T23-54-52-761Z,2,6db294cc-f426-4741-9dfe-10c54b7fdfc1,ToB_Differentiation_Child,high_0.65,0.65,3600,9402,12803585,true,0.00706884,4.06615,0.256,1692,0.15,600,768,230.28,4000
sim_layered_newflow_2026-07-10T23-54-52-761Z,2,6db294cc-f426-4741-9dfe-10c54b7fdfc1,ToB_Differentiation_Child,high_0.65,0.65,3700,9018,12892085,true,0.00678023,4.06615,0.256,1777,0.15,600,768,230.28,4000
sim_layered_newflow_2026-07-10T23-54-52-761Z,2,6db294cc-f426-4741-9dfe-10c54b7fdfc1,ToB_Differentiation_Child,high_0.65,0.65,3800,8649,12945478,true,0.00650333,4.06615,0.256,1862,0.15,600,768,230.28,4000
sim_layered_newflow_2026-07-10T23-54-52-761Z,2,6db294cc-f426-4741-9dfe-10c54b7fdfc1,ToB_Differentiation_Child,high_0.65,0.65,3900,8296,12966475,true,0.00623767,4.06615,0.256,1947,0.15,600,768,230.28,4000
sim_layered_newflow_2026-07-10T23-54-52-761Z,2,6db294cc-f426-4741-9dfe-10c54b7fdfc1,ToB_Differentiation_Child,high_0.65,0.65,4000,7957,12957625,true,0.00598279,4.06615,0.256,2032,0.15,600,768,230.28,4000
sim_layered_newflow_2026-07-10T23-54-52-761Z,2,6db294cc-f426-4741-9dfe-10c54b7fdfc1,ToB_Differentiation_Child,high_0.65,0.65,4100,7632,12921325,true,0.00573827,4.06615,0.256,2117,0.15,600,768,230.28,4000
sim_layered_newflow_2026-07-10T23-54-52-761Z,2,6db294cc-f426-4741-9dfe-10c54b7fdfc1,ToB_Differentiation_Child,high_0.65,0.65,4200,7320,12859827,true,0.00550369,4.06615,0.256,2202,0.15,600,768,230.28,4000
sim_layered_newflow_2026-07-10T23-54-52-761Z,2,6db294cc-f426-4741-9dfe-10c54b7fdfc1,ToB_Differentiation_Child,high_0.65,0.65,4300,7021,12775249,true,0.00527864,4.06615,0.256,2287,0.15,600,768,230.28,4000
sim_layered_newflow_2026-07-10T23-54-52-761Z,2,6db294cc-f426-4741-9dfe-10c54b7fdfc1,ToB_Differentiation_Child,high_0.65,0.65,4400,6733,12669575,true,0.00506275,4.06615,0.256,2372,0.15,600,768,230.28,4000
sim_layered_newflow_2026-07-10T23-54-52-761Z,2,6db294cc-f426-4741-9dfe-10c54b7fdfc1,ToB_Differentiation_Child,high_0.65,0.65,4500,6458,12544670,true,0.00485565,4.06615,0.256,2457,0.15,600,768,230.28,4000
sim_layered_newflow_2026-07-10T23-54-52-761Z,2,6db294cc-f426-4741-9dfe-10c54b7fdfc1,ToB_Differentiation_Child,high_0.65,0.65,4600,6194,12402281,true,0.00465698,4.06615,0.256,2542,0.15,600,768,230.28,4000
sim_layered_newflow_2026-07-10T23-54-52-761Z,2,6db294cc-f426-4741-9dfe-10c54b7fdfc1,ToB_Differentiation_Child,high_0.65,0.65,4700,5940,12244047,true,0.0044664,4.06615,0.256,2627,0.15,600,768,230.28,4000
sim_layered_newflow_2026-07-10T23-54-52-761Z,2,6db294cc-f426-4741-9dfe-10c54b7fdfc1,ToB_Differentiation_Child,high_0.65,0.65,4800,5697,12071500,true,0.00428359,4.06615,0.256,2712,0.15,600,768,230.28,4000
sim_layered_newflow_2026-07-10T23-54-52-761Z,2,6db294cc-f426-4741-9dfe-10c54b7fdfc1,ToB_Differentiation_Child,high_0.65,0.65,4900,5464,11886077,true,0.00410823,4.06615,0.256,2797,0.15,600,768,230.28,4000
sim_layered_newflow_2026-07-10T23-54-52-761Z,2,6db294cc-f426-4741-9dfe-10c54b7fdfc1,ToB_Differentiation_Child,high_0.65,0.65,5000,5240,11689120,true,0.00394002,4.06615,0.256,2882,0.15,600,768,230.28,4000
sim_layered_newflow_2026-07-10T23-54-52-761Z,2,6db294cc-f426-4741-9dfe-10c54b7fdfc1,ToB_Differentiation_Child,high_0.65,0.65,5100,5026,11481884,true,0.00377867,4.06615,0.256,2967,0.15,600,768,230.28,4000
sim_layered_newflow_2026-07-10T23-54-52-761Z,2,6db294cc-f426-4741-9dfe-10c54b7fdfc1,ToB_Differentiation_Child,high_0.65,0.65,5200,4820,11265541,true,0.00362391,4.06615,0.256,3052,0.15,600,768,230.28,4000
sim_layered_newflow_2026-07-10T23-54-52-761Z,2,6db294cc-f426-4741-9dfe-10c54b7fdfc1,ToB_Differentiation_Child,high_0.65,0.65,5300,4622,11041185,true,0.00347546,4.06615,0.256,3137,0.15,600,768,230.28,4000
sim_layered_newflow_2026-07-10T23-54-52-761Z,2,6db294cc-f426-4741-9dfe-10c54b7fdfc1,ToB_Differentiation_Child,high_0.65,0.65,5400,4433,10809836,true,0.00333307,4.06615,0.256,3222,0.15,600,768,230.28,4000
sim_layered_newflow_2026-07-10T23-54-52-761Z,2,6db294cc-f426-4741-9dfe-10c54b7fdfc1,ToB_Differentiation_Child,high_0.65,0.65,5500,4251,10572443,true,0.0031965,4.06615,0.256,3307,0.15,600,768,230.28,4000
sim_layered_newflow_2026-07-10T23-54-52-761Z,2,6db294cc-f426-4741-9dfe-10c54b7fdfc1,ToB_Differentiation_Child,high_0.65,0.65,5600,4077,10329891,true,0.0030655,4.06615,0.256,3392,0.15,600,768,230.28,4000
sim_layered_newflow_2026-07-10T23-54-52-761Z,2,6db294cc-f426-4741-9dfe-10c54b7fdfc1,ToB_Differentiation_Child,high_0.65,0.65,5700,3910,10083002,true,0.00293986,4.06615,0.256,3477,0.15,600,768,230.28,4000
sim_layered_newflow_2026-07-10T23-54-52-761Z,2,6db294cc-f426-4741-9dfe-10c54b7fdfc1,ToB_Differentiation_Child,high_0.65,0.65,5800,3750,9832540,true,0.00281935,4.06615,0.256,3562,0.15,600,768,230.28,4000
sim_layered_newflow_2026-07-10T23-54-52-761Z,2,6db294cc-f426-4741-9dfe-10c54b7fdfc1,ToB_Differentiation_Child,high_0.65,0.65,5900,3596,9579214,true,0.00270377,4.06615,0.256,3647,0.15,600,768,230.28,4000
sim_layered_newflow_2026-07-10T23-54-52-761Z,2,6db294cc-f426-4741-9dfe-10c54b7fdfc1,ToB_Differentiation_Child,high_0.65,0.65,6000,3449,9323679,true,0.00259292,4.06615,0.256,3732,0.15,600,768,230.28,4000
sim_layered_newflow_2026-07-10T23-54-52-761Z,2,6db294cc-f426-4741-9dfe-10c54b7fdfc1,ToB_Differentiation_Child,high_0.65,0.65,6100,3307,9066545,true,0.00248659,4.06615,0.256,3817,0.15,600,768,230.28,4000
sim_layered_newflow_2026-07-10T23-54-52-761Z,2,6db294cc-f426-4741-9dfe-10c54b7fdfc1,ToB_Differentiation_Child,high_0.65,0.65,6200,3172,8808372,true,0.00238462,4.06615,0.256,3902,0.15,600,768,230.28,4000
sim_layered_newflow_2026-07-10T23-54-52-761Z,2,6db294cc-f426-4741-9dfe-10c54b7fdfc1,ToB_Differentiation_Child,high_0.65,0.65,6300,3041,8549680,true,0.00228682,4.06615,0.256,3987,0.15,600,768,230.28,4000
sim_layered_newflow_2026-07-10T23-54-52-761Z,2,6db294cc-f426-4741-9dfe-10c54b7fdfc1,ToB_Differentiation_Child,high_0.65,0.65,6400,2917,8290946,true,0.00219303,4.06615,0.256,4072,0.15,600,768,230.28,4000
sim_layered_newflow_2026-07-10T23-54-52-761Z,2,6db294cc-f426-4741-9dfe-10c54b7fdfc1,ToB_Differentiation_Child,high_0.65,0.65,6500,2797,8032610,true,0.00210307,4.06615,0.256,4157,0.15,600,768,230.28,4000
sim_layered_newflow_2026-07-10T23-54-52-761Z,2,6db294cc-f426-4741-9dfe-10c54b7fdfc1,ToB_Differentiation_Child,high_0.65,0.65,6600,2682,7775075,true,0.00201679,4.06615,0.256,4242,0.15,600,768,230.28,4000
sim_layered_newflow_2026-07-10T23-54-52-761Z,2,6db294cc-f426-4741-9dfe-10c54b7fdfc1,ToB_Differentiation_Child,high_0.65,0.65,6700,2572,7518712,true,0.00193405,4.06615,0.256,4327,0.15,600,768,230.28,4000
sim_layered_newflow_2026-07-10T23-54-52-761Z,2,6db294cc-f426-4741-9dfe-10c54b7fdfc1,ToB_Differentiation_Child,high_0.65,0.65,6800,2467,7263858,true,0.00185469,4.06615,0.256,4412,0.15,600,768,230.28,4000
sim_layered_newflow_2026-07-10T23-54-52-761Z,2,6db294cc-f426-4741-9dfe-10c54b7fdfc1,ToB_Differentiation_Child,high_0.65,0.65,6900,2366,7010824,true,0.00177859,4.06615,0.256,4497,0.15,600,768,230.28,4000
sim_layered_newflow_2026-07-10T23-54-52-761Z,2,6db294cc-f426-4741-9dfe-10c54b7fdfc1,ToB_Differentiation_Child,high_0.65,0.65,7000,2268,6759888,true,0.0017056,4.06615,0.256,4582,0.15,600,768,230.28,4000
sim_layered_newflow_2026-07-10T23-54-52-761Z,3,08441e53-3598-40f1-9618-1f76c20383be,ToB_Cost_Elder,actual_7_10,0.5,1000,20602,-9828176,false,0.00900426,3.393,0.18775,-350,0.15,600,600,200.16000000000003,4000
sim_layered_newflow_2026-07-10T23-54-52-761Z,3,08441e53-3598-40f1-9618-1f76c20383be,ToB_Cost_Elder,actual_7_10,0.5,1100,19424,-7815397,false,0.00848938,3.393,0.18775,-265,0.15,600,600,200.16000000000003,4000
sim_layered_newflow_2026-07-10T23-54-52-761Z,3,08441e53-3598-40f1-9618-1f76c20383be,ToB_Cost_Elder,actual_7_10,0.5,1200,18312,-6012046,false,0.0080037,3.393,0.18775,-180,0.15,600,600,200.16000000000003,4000
sim_layered_newflow_2026-07-10T23-54-52-761Z,3,08441e53-3598-40f1-9618-1f76c20383be,ToB_Cost_Elder,actual_7_10,0.5,1300,17264,-4400889,false,0.0075456,3.393,0.18775,-95,0.15,600,600,200.16000000000003,4000
sim_layered_newflow_2026-07-10T23-54-52-761Z,3,08441e53-3598-40f1-9618-1f76c20383be,ToB_Cost_Elder,actual_7_10,0.5,1400,16276,-2965956,false,0.00711353,3.393,0.18775,-10,0.15,600,600,200.16000000000003,4000
sim_layered_newflow_2026-07-10T23-54-52-761Z,3,08441e53-3598-40f1-9618-1f76c20383be,ToB_Cost_Elder,actual_7_10,0.5,1500,15343,-1692451,false,0.00670603,3.393,0.18775,75,0.15,600,600,200.16000000000003,4000
sim_layered_newflow_2026-07-10T23-54-52-761Z,3,08441e53-3598-40f1-9618-1f76c20383be,ToB_Cost_Elder,actual_7_10,0.5,1600,14464,-566678,false,0.00632173,3.393,0.18775,160,0.15,600,600,200.16000000000003,4000
sim_layered_newflow_2026-07-10T23-54-52-761Z,3,08441e53-3598-40f1-9618-1f76c20383be,ToB_Cost_Elder,actual_7_10,0.5,1700,13635,424038,true,0.00595932,3.393,0.18775,245,0.15,600,600,200.16000000000003,4000
sim_layered_newflow_2026-07-10T23-54-52-761Z,3,08441e53-3598-40f1-9618-1f76c20383be,ToB_Cost_Elder,actual_7_10,0.5,1800,12853,1291417,true,0.00561757,3.393,0.18775,330,0.15,600,600,200.16000000000003,4000
sim_layered_newflow_2026-07-10T23-54-52-761Z,3,08441e53-3598-40f1-9618-1f76c20383be,ToB_Cost_Elder,actual_7_10,0.5,1900,12116,2046293,true,0.00529531,3.393,0.18775,415,0.15,600,600,200.16000000000003,4000
sim_layered_newflow_2026-07-10T23-54-52-761Z,3,08441e53-3598-40f1-9618-1f76c20383be,ToB_Cost_Elder,actual_7_10,0.5,2000,11420,2698671,true,0.00499145,3.393,0.18775,500,0.15,600,600,200.16000000000003,4000
sim_layered_newflow_2026-07-10T23-54-52-761Z,3,08441e53-3598-40f1-9618-1f76c20383be,ToB_Cost_Elder,actual_7_10,0.5,2100,10765,3257791,true,0.00470494,3.393,0.18775,585,0.15,600,600,200.16000000000003,4000
sim_layered_newflow_2026-07-10T23-54-52-761Z,3,08441e53-3598-40f1-9618-1f76c20383be,ToB_Cost_Elder,actual_7_10,0.5,2200,10147,3732176,true,0.0044348,3.393,0.18775,670,0.15,600,600,200.16000000000003,4000
sim_layered_newflow_2026-07-10T23-54-52-761Z,3,08441e53-3598-40f1-9618-1f76c20383be,ToB_Cost_Elder,actual_7_10,0.5,2300,9564,4129684,true,0.00418011,3.393,0.18775,755,0.15,600,600,200.16000000000003,4000
sim_layered_newflow_2026-07-10T23-54-52-761Z,3,08441e53-3598-40f1-9618-1f76c20383be,ToB_Cost_Elder,actual_7_10,0.5,2400,9015,4457559,true,0.00393998,3.393,0.18775,840,0.15,600,600,200.16000000000003,4000
sim_layered_newflow_2026-07-10T23-54-52-761Z,3,08441e53-3598-40f1-9618-1f76c20383be,ToB_Cost_Elder,actual_7_10,0.5,2500,8497,4722469,true,0.0037136,3.393,0.18775,925,0.15,600,600,200.16000000000003,4000
sim_layered_newflow_2026-07-10T23-54-52-761Z,3,08441e53-3598-40f1-9618-1f76c20383be,ToB_Cost_Elder,actual_7_10,0.5,2600,8008,4930551,true,0.00350018,3.393,0.18775,1010,0.15,600,600,200.16000000000003,4000
sim_layered_newflow_2026-07-10T23-54-52-761Z,3,08441e53-3598-40f1-9618-1f76c20383be,ToB_Cost_Elder,actual_7_10,0.5,2700,7548,5087449,true,0.00329899,3.393,0.18775,1095,0.15,600,600,200.16000000000003,4000
sim_layered_newflow_2026-07-10T23-54-52-761Z,3,08441e53-3598-40f1-9618-1f76c20383be,ToB_Cost_Elder,actual_7_10,0.5,2800,7114,5198347,true,0.00310932,3.393,0.18775,1180,0.15,600,600,200.16000000000003,4000
sim_layered_newflow_2026-07-10T23-54-52-761Z,3,08441e53-3598-40f1-9618-1f76c20383be,ToB_Cost_Elder,actual_7_10,0.5,2900,6705,5268008,true,0.00293053,3.393,0.18775,1265,0.15,600,600,200.16000000000003,4000
sim_layered_newflow_2026-07-10T23-54-52-761Z,3,08441e53-3598-40f1-9618-1f76c20383be,ToB_Cost_Elder,actual_7_10,0.5,3000,6319,5300801,true,0.00276199,3.393,0.18775,1350,0.15,600,600,200.16000000000003,4000
sim_layered_newflow_2026-07-10T23-54-52-761Z,3,08441e53-3598-40f1-9618-1f76c20383be,ToB_Cost_Elder,actual_7_10,0.5,3100,5956,5300729,true,0.00260312,3.393,0.18775,1435,0.15,600,600,200.16000000000003,4000
sim_layered_newflow_2026-07-10T23-54-52-761Z,3,08441e53-3598-40f1-9618-1f76c20383be,ToB_Cost_Elder,actual_7_10,0.5,3200,5613,5271460,true,0.00245336,3.393,0.18775,1520,0.15,600,600,200.16000000000003,4000
sim_layered_newflow_2026-07-10T23-54-52-761Z,3,08441e53-3598-40f1-9618-1f76c20383be,ToB_Cost_Elder,actual_7_10,0.5,3300,5290,5216351,true,0.0023122,3.393,0.18775,1605,0.15,600,600,200.16000000000003,4000
sim_layered_newflow_2026-07-10T23-54-52-761Z,3,08441e53-3598-40f1-9618-1f76c20383be,ToB_Cost_Elder,actual_7_10,0.5,3400,4986,5138469,true,0.00217914,3.393,0.18775,1690,0.15,600,600,200.16000000000003,4000
sim_layered_newflow_2026-07-10T23-54-52-761Z,3,08441e53-3598-40f1-9618-1f76c20383be,ToB_Cost_Elder,actual_7_10,0.5,3500,4699,5040615,true,0.00205372,3.393,0.18775,1775,0.15,600,600,200.16000000000003,4000
sim_layered_newflow_2026-07-10T23-54-52-761Z,3,08441e53-3598-40f1-9618-1f76c20383be,ToB_Cost_Elder,actual_7_10,0.5,3600,4428,4925345,true,0.00193551,3.393,0.18775,1860,0.15,600,600,200.16000000000003,4000
sim_layered_newflow_2026-07-10T23-54-52-761Z,3,08441e53-3598-40f1-9618-1f76c20383be,ToB_Cost_Elder,actual_7_10,0.5,3700,4174,4794987,true,0.00182409,3.393,0.18775,1945,0.15,600,600,200.16000000000003,4000
sim_layered_newflow_2026-07-10T23-54-52-761Z,3,08441e53-3598-40f1-9618-1f76c20383be,ToB_Cost_Elder,actual_7_10,0.5,3800,3933,4651659,true,0.00171907,3.393,0.18775,2030,0.15,600,600,200.16000000000003,4000
sim_layered_newflow_2026-07-10T23-54-52-761Z,3,08441e53-3598-40f1-9618-1f76c20383be,ToB_Cost_Elder,actual_7_10,0.5,3900,3707,4497286,true,0.00162009,3.393,0.18775,2115,0.15,600,600,200.16000000000003,4000
sim_layered_newflow_2026-07-10T23-54-52-761Z,3,08441e53-3598-40f1-9618-1f76c20383be,ToB_Cost_Elder,actual_7_10,0.5,4000,3493,4333616,true,0.0015268,3.393,0.18775,2200,0.15,600,600,200.16000000000003,4000
sim_layered_newflow_2026-07-10T23-54-52-761Z,3,08441e53-3598-40f1-9618-1f76c20383be,ToB_Cost_Elder,actual_7_10,0.5,4100,3292,4162230,true,0.00143888,3.393,0.18775,2285,0.15,600,600,200.16000000000003,4000
sim_layered_newflow_2026-07-10T23-54-52-761Z,3,08441e53-3598-40f1-9618-1f76c20383be,ToB_Cost_Elder,actual_7_10,0.5,4200,3103,3984562,true,0.00135601,3.393,0.18775,2370,0.15,600,600,200.16000000000003,4000
sim_layered_newflow_2026-07-10T23-54-52-761Z,3,08441e53-3598-40f1-9618-1f76c20383be,ToB_Cost_Elder,actual_7_10,0.5,4300,2924,3801902,true,0.0012779,3.393,0.18775,2455,0.15,600,600,200.16000000000003,4000
sim_layered_newflow_2026-07-10T23-54-52-761Z,3,08441e53-3598-40f1-9618-1f76c20383be,ToB_Cost_Elder,actual_7_10,0.5,4400,2755,3615417,true,0.00120429,3.393,0.18775,2540,0.15,600,600,200.16000000000003,4000
sim_layered_newflow_2026-07-10T23-54-52-761Z,3,08441e53-3598-40f1-9618-1f76c20383be,ToB_Cost_Elder,actual_7_10,0.5,4500,2597,3426154,true,0.00113492,3.393,0.18775,2625,0.15,600,600,200.16000000000003,4000
sim_layered_newflow_2026-07-10T23-54-52-761Z,3,08441e53-3598-40f1-9618-1f76c20383be,ToB_Cost_Elder,actual_7_10,0.5,4600,2447,3235051,true,0.00106954,3.393,0.18775,2710,0.15,600,600,200.16000000000003,4000
sim_layered_newflow_2026-07-10T23-54-52-761Z,3,08441e53-3598-40f1-9618-1f76c20383be,ToB_Cost_Elder,actual_7_10,0.5,4700,2306,3042950,true,0.00100792,3.393,0.18775,2795,0.15,600,600,200.16000000000003,4000
sim_layered_newflow_2026-07-10T23-54-52-761Z,3,08441e53-3598-40f1-9618-1f76c20383be,ToB_Cost_Elder,actual_7_10,0.5,4800,2173,2850601,true,0.00094984,3.393,0.18775,2880,0.15,600,600,200.16000000000003,4000
sim_layered_newflow_2026-07-10T23-54-52-761Z,3,08441e53-3598-40f1-9618-1f76c20383be,ToB_Cost_Elder,actual_7_10,0.5,4900,2048,2658670,true,0.00089511,3.393,0.18775,2965,0.15,600,600,200.16000000000003,4000
sim_layered_newflow_2026-07-10T23-54-52-761Z,3,08441e53-3598-40f1-9618-1f76c20383be,ToB_Cost_Elder,actual_7_10,0.5,5000,1930,2467749,true,0.00084354,3.393,0.18775,3050,0.15,600,600,200.16000000000003,4000
sim_layered_newflow_2026-07-10T23-54-52-761Z,3,08441e53-3598-40f1-9618-1f76c20383be,ToB_Cost_Elder,actual_7_10,0.5,5100,1819,2278359,true,0.00079493,3.393,0.18775,3135,0.15,600,600,200.16000000000003,4000
sim_layered_newflow_2026-07-10T23-54-52-761Z,3,08441e53-3598-40f1-9618-1f76c20383be,ToB_Cost_Elder,actual_7_10,0.5,5200,1714,2090958,true,0.00074912,3.393,0.18775,3220,0.15,600,600,200.16000000000003,4000
sim_layered_newflow_2026-07-10T23-54-52-761Z,3,08441e53-3598-40f1-9618-1f76c20383be,ToB_Cost_Elder,actual_7_10,0.5,5300,1615,1905947,true,0.00070594,3.393,0.18775,3305,0.15,600,600,200.16000000000003,4000
sim_layered_newflow_2026-07-10T23-54-52-761Z,3,08441e53-3598-40f1-9618-1f76c20383be,ToB_Cost_Elder,actual_7_10,0.5,5400,1522,1723673,true,0.00066526,3.393,0.18775,3390,0.15,600,600,200.16000000000003,4000
sim_layered_newflow_2026-07-10T23-54-52-761Z,3,08441e53-3598-40f1-9618-1f76c20383be,ToB_Cost_Elder,actual_7_10,0.5,5500,1434,1544435,true,0.00062692,3.393,0.18775,3475,0.15,600,600,200.16000000000003,4000
sim_layered_newflow_2026-07-10T23-54-52-761Z,3,08441e53-3598-40f1-9618-1f76c20383be,ToB_Cost_Elder,actual_7_10,0.5,5600,1352,1368490,true,0.00059078,3.393,0.18775,3560,0.15,600,600,200.16000000000003,4000
sim_layered_newflow_2026-07-10T23-54-52-761Z,3,08441e53-3598-40f1-9618-1f76c20383be,ToB_Cost_Elder,actual_7_10,0.5,5700,1274,1196054,true,0.00055673,3.393,0.18775,3645,0.15,600,600,200.16000000000003,4000
sim_layered_newflow_2026-07-10T23-54-52-761Z,3,08441e53-3598-40f1-9618-1f76c20383be,ToB_Cost_Elder,actual_7_10,0.5,5800,1200,1027308,true,0.00052464,3.393,0.18775,3730,0.15,600,600,200.16000000000003,4000
sim_layered_newflow_2026-07-10T23-54-52-761Z,3,08441e53-3598-40f1-9618-1f76c20383be,ToB_Cost_Elder,actual_7_10,0.5,5900,1131,862399,true,0.0004944,3.393,0.18775,3815,0.15,600,600,200.16000000000003,4000
sim_layered_newflow_2026-07-10T23-54-52-761Z,3,08441e53-3598-40f1-9618-1f76c20383be,ToB_Cost_Elder,actual_7_10,0.5,6000,1066,701446,true,0.0004659,3.393,0.18775,3900,0.15,600,600,200.16000000000003,4000
sim_layered_newflow_2026-07-10T23-54-52-761Z,3,08441e53-3598-40f1-9618-1f76c20383be,ToB_Cost_Elder,actual_7_10,0.5,6100,1005,544541,true,0.00043904,3.393,0.18775,3985,0.15,600,600,200.16000000000003,4000
sim_layered_newflow_2026-07-10T23-54-52-761Z,3,08441e53-3598-40f1-9618-1f76c20383be,ToB_Cost_Elder,actual_7_10,0.5,6200,947,391753,true,0.00041373,3.393,0.18775,4070,0.15,600,600,200.16000000000003,4000
sim_layered_newflow_2026-07-10T23-54-52-761Z,3,08441e53-3598-40f1-9618-1f76c20383be,ToB_Cost_Elder,actual_7_10,0.5,6300,892,243130,true,0.00038988,3.393,0.18775,4155,0.15,600,600,200.16000000000003,4000
sim_layered_newflow_2026-07-10T23-54-52-761Z,3,08441e53-3598-40f1-9618-1f76c20383be,ToB_Cost_Elder,actual_7_10,0.5,6400,841,98698,true,0.0003674,3.393,0.18775,4240,0.15,600,600,200.16000000000003,4000
sim_layered_newflow_2026-07-10T23-54-52-761Z,3,08441e53-3598-40f1-9618-1f76c20383be,ToB_Cost_Elder,actual_7_10,0.5,6500,792,-41532,false,0.00034622,3.393,0.18775,4325,0.15,600,600,200.16000000000003,4000
sim_layered_newflow_2026-07-10T23-54-52-761Z,3,08441e53-3598-40f1-9618-1f76c20383be,ToB_Cost_Elder,actual_7_10,0.5,6600,746,-177562,false,0.00032626,3.393,0.18775,4410,0.15,600,600,200.16000000000003,4000
sim_layered_newflow_2026-07-10T23-54-52-761Z,3,08441e53-3598-40f1-9618-1f76c20383be,ToB_Cost_Elder,actual_7_10,0.5,6700,703,-309412,false,0.00030745,3.393,0.18775,4495,0.15,600,600,200.16000000000003,4000
sim_layered_newflow_2026-07-10T23-54-52-761Z,3,08441e53-3598-40f1-9618-1f76c20383be,ToB_Cost_Elder,actual_7_10,0.5,6800,663,-437111,false,0.00028973,3.393,0.18775,4580,0.15,600,600,200.16000000000003,4000
sim_layered_newflow_2026-07-10T23-54-52-761Z,3,08441e53-3598-40f1-9618-1f76c20383be,ToB_Cost_Elder,actual_7_10,0.5,6900,625,-560699,false,0.00027302,3.393,0.18775,4665,0.15,600,600,200.16000000000003,4000
sim_layered_newflow_2026-07-10T23-54-52-761Z,3,08441e53-3598-40f1-9618-1f76c20383be,ToB_Cost_Elder,actual_7_10,0.5,7000,589,-680226,false,0.00025728,3.393,0.18775,4750,0.15,600,600,200.16000000000003,4000
sim_layered_newflow_2026-07-10T23-54-52-761Z,3,08441e53-3598-40f1-9618-1f76c20383be,ToB_Cost_Elder,low_0.35,0.35,1000,9043,-6414029,false,0.00395244,2.56455,0.12025,-350,0.15,600,600,200.16000000000003,4000
sim_layered_newflow_2026-07-10T23-54-52-761Z,3,08441e53-3598-40f1-9618-1f76c20383be,ToB_Cost_Elder,low_0.35,0.35,1100,8524,-5522186,false,0.00372534,2.56455,0.12025,-265,0.15,600,600,200.16000000000003,4000
sim_layered_newflow_2026-07-10T23-54-52-761Z,3,08441e53-3598-40f1-9618-1f76c20383be,ToB_Cost_Elder,low_0.35,0.35,1200,8034,-4723197,false,0.00351125,2.56455,0.12025,-180,0.15,600,600,200.16000000000003,4000
sim_layered_newflow_2026-07-10T23-54-52-761Z,3,08441e53-3598-40f1-9618-1f76c20383be,ToB_Cost_Elder,low_0.35,0.35,1300,7572,-4009362,false,0.00330942,2.56455,0.12025,-95,0.15,600,600,200.16000000000003,4000
sim_layered_newflow_2026-07-10T23-54-52-761Z,3,08441e53-3598-40f1-9618-1f76c20383be,ToB_Cost_Elder,low_0.35,0.35,1400,7137,-3373556,false,0.00311916,2.56455,0.12025,-10,0.15,600,600,200.16000000000003,4000
sim_layered_newflow_2026-07-10T23-54-52-761Z,3,08441e53-3598-40f1-9618-1f76c20383be,ToB_Cost_Elder,low_0.35,0.35,1500,6726,-2809186,false,0.0029398,2.56455,0.12025,75,0.15,600,600,200.16000000000003,4000
sim_layered_newflow_2026-07-10T23-54-52-761Z,3,08441e53-3598-40f1-9618-1f76c20383be,ToB_Cost_Elder,low_0.35,0.35,1600,6339,-2310157,false,0.00277073,2.56455,0.12025,160,0.15,600,600,200.16000000000003,4000
sim_layered_newflow_2026-07-10T23-54-52-761Z,3,08441e53-3598-40f1-9618-1f76c20383be,ToB_Cost_Elder,low_0.35,0.35,1700,5975,-1870834,false,0.00261135,2.56455,0.12025,245,0.15,600,600,200.16000000000003,4000
sim_layered_newflow_2026-07-10T23-54-52-761Z,3,08441e53-3598-40f1-9618-1f76c20383be,ToB_Cost_Elder,low_0.35,0.35,1800,5631,-1486012,false,0.00246112,2.56455,0.12025,330,0.15,600,600,200.16000000000003,4000
sim_layered_newflow_2026-07-10T23-54-52-761Z,3,08441e53-3598-40f1-9618-1f76c20383be,ToB_Cost_Elder,low_0.35,0.35,1900,5307,-1150884,false,0.00231952,2.56455,0.12025,415,0.15,600,600,200.16000000000003,4000
sim_layered_newflow_2026-07-10T23-54-52-761Z,3,08441e53-3598-40f1-9618-1f76c20383be,ToB_Cost_Elder,low_0.35,0.35,2000,5002,-861016,false,0.00218604,2.56455,0.12025,500,0.15,600,600,200.16000000000003,4000
sim_layered_newflow_2026-07-10T23-54-52-761Z,3,08441e53-3598-40f1-9618-1f76c20383be,ToB_Cost_Elder,low_0.35,0.35,2100,4714,-612316,false,0.00206023,2.56455,0.12025,585,0.15,600,600,200.16000000000003,4000
sim_layered_newflow_2026-07-10T23-54-52-761Z,3,08441e53-3598-40f1-9618-1f76c20383be,ToB_Cost_Elder,low_0.35,0.35,2200,4442,-401011,false,0.00194164,2.56455,0.12025,670,0.15,600,600,200.16000000000003,4000
sim_layered_newflow_2026-07-10T23-54-52-761Z,3,08441e53-3598-40f1-9618-1f76c20383be,ToB_Cost_Elder,low_0.35,0.35,2300,4187,-223627,false,0.00182987,2.56455,0.12025,755,0.15,600,600,200.16000000000003,4000
sim_layered_newflow_2026-07-10T23-54-52-761Z,3,08441e53-3598-40f1-9618-1f76c20383be,ToB_Cost_Elder,low_0.35,0.35,2400,3946,-76962,false,0.00172452,2.56455,0.12025,840,0.15,600,600,200.16000000000003,4000
sim_layered_newflow_2026-07-10T23-54-52-761Z,3,08441e53-3598-40f1-9618-1f76c20383be,ToB_Cost_Elder,low_0.35,0.35,2500,3719,41929,true,0.00162523,2.56455,0.12025,925,0.15,600,600,200.16000000000003,4000
sim_layered_newflow_2026-07-10T23-54-52-761Z,3,08441e53-3598-40f1-9618-1f76c20383be,ToB_Cost_Elder,low_0.35,0.35,2600,3504,135755,true,0.00153164,2.56455,0.12025,1010,0.15,600,600,200.16000000000003,4000
sim_layered_newflow_2026-07-10T23-54-52-761Z,3,08441e53-3598-40f1-9618-1f76c20383be,ToB_Cost_Elder,low_0.35,0.35,2700,3303,207006,true,0.00144344,2.56455,0.12025,1095,0.15,600,600,200.16000000000003,4000
sim_layered_newflow_2026-07-10T23-54-52-761Z,3,08441e53-3598-40f1-9618-1f76c20383be,ToB_Cost_Elder,low_0.35,0.35,2800,3112,257968,true,0.0013603,2.56455,0.12025,1180,0.15,600,600,200.16000000000003,4000
sim_layered_newflow_2026-07-10T23-54-52-761Z,3,08441e53-3598-40f1-9618-1f76c20383be,ToB_Cost_Elder,low_0.35,0.35,2900,2933,290741,true,0.00128195,2.56455,0.12025,1265,0.15,600,600,200.16000000000003,4000
sim_layered_newflow_2026-07-10T23-54-52-761Z,3,08441e53-3598-40f1-9618-1f76c20383be,ToB_Cost_Elder,low_0.35,0.35,3000,2764,307248,true,0.00120811,2.56455,0.12025,1350,0.15,600,600,200.16000000000003,4000
sim_layered_newflow_2026-07-10T23-54-52-761Z,3,08441e53-3598-40f1-9618-1f76c20383be,ToB_Cost_Elder,low_0.35,0.35,3100,2605,309255,true,0.00113852,2.56455,0.12025,1435,0.15,600,600,200.16000000000003,4000
sim_layered_newflow_2026-07-10T23-54-52-761Z,3,08441e53-3598-40f1-9618-1f76c20383be,ToB_Cost_Elder,low_0.35,0.35,3200,2455,298377,true,0.00107293,2.56455,0.12025,1520,0.15,600,600,200.16000000000003,4000
sim_layered_newflow_2026-07-10T23-54-52-761Z,3,08441e53-3598-40f1-9618-1f76c20383be,ToB_Cost_Elder,low_0.35,0.35,3300,2313,276089,true,0.00101111,2.56455,0.12025,1605,0.15,600,600,200.16000000000003,4000
sim_layered_newflow_2026-07-10T23-54-52-761Z,3,08441e53-3598-40f1-9618-1f76c20383be,ToB_Cost_Elder,low_0.35,0.35,3400,2180,243743,true,0.00095286,2.56455,0.12025,1690,0.15,600,600,200.16000000000003,4000
sim_layered_newflow_2026-07-10T23-54-52-761Z,3,08441e53-3598-40f1-9618-1f76c20383be,ToB_Cost_Elder,low_0.35,0.35,3500,2055,202572,true,0.00089795,2.56455,0.12025,1775,0.15,600,600,200.16000000000003,4000
sim_layered_newflow_2026-07-10T23-54-52-761Z,3,08441e53-3598-40f1-9618-1f76c20383be,ToB_Cost_Elder,low_0.35,0.35,3600,1936,153699,true,0.00084621,2.56455,0.12025,1860,0.15,600,600,200.16000000000003,4000
sim_layered_newflow_2026-07-10T23-54-52-761Z,3,08441e53-3598-40f1-9618-1f76c20383be,ToB_Cost_Elder,low_0.35,0.35,3700,1825,98148,true,0.00079745,2.56455,0.12025,1945,0.15,600,600,200.16000000000003,4000
sim_layered_newflow_2026-07-10T23-54-52-761Z,3,08441e53-3598-40f1-9618-1f76c20383be,ToB_Cost_Elder,low_0.35,0.35,3800,1719,36851,true,0.00075149,2.56455,0.12025,2030,0.15,600,600,200.16000000000003,4000
sim_layered_newflow_2026-07-10T23-54-52-761Z,3,08441e53-3598-40f1-9618-1f76c20383be,ToB_Cost_Elder,low_0.35,0.35,3900,1620,-29345,false,0.00070818,2.56455,0.12025,2115,0.15,600,600,200.16000000000003,4000
sim_layered_newflow_2026-07-10T23-54-52-761Z,3,08441e53-3598-40f1-9618-1f76c20383be,ToB_Cost_Elder,low_0.35,0.35,4000,1527,-99671,false,0.00066737,2.56455,0.12025,2200,0.15,600,600,200.16000000000003,4000
sim_layered_newflow_2026-07-10T23-54-52-761Z,3,08441e53-3598-40f1-9618-1f76c20383be,ToB_Cost_Elder,low_0.35,0.35,4100,1439,-173433,false,0.0006289,2.56455,0.12025,2285,0.15,600,600,200.16000000000003,4000
sim_layered_newflow_2026-07-10T23-54-52-761Z,3,08441e53-3598-40f1-9618-1f76c20383be,ToB_Cost_Elder,low_0.35,0.35,4200,1356,-249999,false,0.00059266,2.56455,0.12025,2370,0.15,600,600,200.16000000000003,4000
sim_layered_newflow_2026-07-10T23-54-52-761Z,3,08441e53-3598-40f1-9618-1f76c20383be,ToB_Cost_Elder,low_0.35,0.35,4300,1278,-328803,false,0.0005585,2.56455,0.12025,2455,0.15,600,600,200.16000000000003,4000
sim_layered_newflow_2026-07-10T23-54-52-761Z,3,08441e53-3598-40f1-9618-1f76c20383be,ToB_Cost_Elder,low_0.35,0.35,4400,1204,-409331,false,0.0005263,2.56455,0.12025,2540,0.15,600,600,200.16000000000003,4000
sim_layered_newflow_2026-07-10T23-54-52-761Z,3,08441e53-3598-40f1-9618-1f76c20383be,ToB_Cost_Elder,low_0.35,0.35,4500,1135,-491123,false,0.00049597,2.56455,0.12025,2625,0.15,600,600,200.16000000000003,4000
sim_layered_newflow_2026-07-10T23-54-52-761Z,3,08441e53-3598-40f1-9618-1f76c20383be,ToB_Cost_Elder,low_0.35,0.35,4600,1069,-573765,false,0.00046738,2.56455,0.12025,2710,0.15,600,600,200.16000000000003,4000
sim_layered_newflow_2026-07-10T23-54-52-761Z,3,08441e53-3598-40f1-9618-1f76c20383be,ToB_Cost_Elder,low_0.35,0.35,4700,1008,-656888,false,0.00044043,2.56455,0.12025,2795,0.15,600,600,200.16000000000003,4000
sim_layered_newflow_2026-07-10T23-54-52-761Z,3,08441e53-3598-40f1-9618-1f76c20383be,ToB_Cost_Elder,low_0.35,0.35,4800,950,-740160,false,0.00041504,2.56455,0.12025,2880,0.15,600,600,200.16000000000003,4000
sim_layered_newflow_2026-07-10T23-54-52-761Z,3,08441e53-3598-40f1-9618-1f76c20383be,ToB_Cost_Elder,low_0.35,0.35,4900,895,-823290,false,0.00039112,2.56455,0.12025,2965,0.15,600,600,200.16000000000003,4000
sim_layered_newflow_2026-07-10T23-54-52-761Z,3,08441e53-3598-40f1-9618-1f76c20383be,ToB_Cost_Elder,low_0.35,0.35,5000,843,-906016,false,0.00036857,2.56455,0.12025,3050,0.15,600,600,200.16000000000003,4000
sim_layered_newflow_2026-07-10T23-54-52-761Z,3,08441e53-3598-40f1-9618-1f76c20383be,ToB_Cost_Elder,low_0.35,0.35,5100,795,-988108,false,0.00034732,2.56455,0.12025,3135,0.15,600,600,200.16000000000003,4000
sim_layered_newflow_2026-07-10T23-54-52-761Z,3,08441e53-3598-40f1-9618-1f76c20383be,ToB_Cost_Elder,low_0.35,0.35,5200,749,-1069365,false,0.0003273,2.56455,0.12025,3220,0.15,600,600,200.16000000000003,4000
sim_layered_newflow_2026-07-10T23-54-52-761Z,3,08441e53-3598-40f1-9618-1f76c20383be,ToB_Cost_Elder,low_0.35,0.35,5300,706,-1149609,false,0.00030843,2.56455,0.12025,3305,0.15,600,600,200.16000000000003,4000
sim_layered_newflow_2026-07-10T23-54-52-761Z,3,08441e53-3598-40f1-9618-1f76c20383be,ToB_Cost_Elder,low_0.35,0.35,5400,665,-1228688,false,0.00029064,2.56455,0.12025,3390,0.15,600,600,200.16000000000003,4000
sim_layered_newflow_2026-07-10T23-54-52-761Z,3,08441e53-3598-40f1-9618-1f76c20383be,ToB_Cost_Elder,low_0.35,0.35,5500,627,-1306469,false,0.00027389,2.56455,0.12025,3475,0.15,600,600,200.16000000000003,4000
sim_layered_newflow_2026-07-10T23-54-52-761Z,3,08441e53-3598-40f1-9618-1f76c20383be,ToB_Cost_Elder,low_0.35,0.35,5600,591,-1382838,false,0.0002581,2.56455,0.12025,3560,0.15,600,600,200.16000000000003,4000
sim_layered_newflow_2026-07-10T23-54-52-761Z,3,08441e53-3598-40f1-9618-1f76c20383be,ToB_Cost_Elder,low_0.35,0.35,5700,556,-1457700,false,0.00024321,2.56455,0.12025,3645,0.15,600,600,200.16000000000003,4000
sim_layered_newflow_2026-07-10T23-54-52-761Z,3,08441e53-3598-40f1-9618-1f76c20383be,ToB_Cost_Elder,low_0.35,0.35,5800,524,-1530974,false,0.00022919,2.56455,0.12025,3730,0.15,600,600,200.16000000000003,4000
sim_layered_newflow_2026-07-10T23-54-52-761Z,3,08441e53-3598-40f1-9618-1f76c20383be,ToB_Cost_Elder,low_0.35,0.35,5900,494,-1602596,false,0.00021598,2.56455,0.12025,3815,0.15,600,600,200.16000000000003,4000
sim_layered_newflow_2026-07-10T23-54-52-761Z,3,08441e53-3598-40f1-9618-1f76c20383be,ToB_Cost_Elder,low_0.35,0.35,6000,466,-1672510,false,0.00020352,2.56455,0.12025,3900,0.15,600,600,200.16000000000003,4000
sim_layered_newflow_2026-07-10T23-54-52-761Z,3,08441e53-3598-40f1-9618-1f76c20383be,ToB_Cost_Elder,low_0.35,0.35,6100,439,-1740678,false,0.00019179,2.56455,0.12025,3985,0.15,600,600,200.16000000000003,4000
sim_layered_newflow_2026-07-10T23-54-52-761Z,3,08441e53-3598-40f1-9618-1f76c20383be,ToB_Cost_Elder,low_0.35,0.35,6200,414,-1807066,false,0.00018073,2.56455,0.12025,4070,0.15,600,600,200.16000000000003,4000
sim_layered_newflow_2026-07-10T23-54-52-761Z,3,08441e53-3598-40f1-9618-1f76c20383be,ToB_Cost_Elder,low_0.35,0.35,6300,390,-1871654,false,0.00017031,2.56455,0.12025,4155,0.15,600,600,200.16000000000003,4000
sim_layered_newflow_2026-07-10T23-54-52-761Z,3,08441e53-3598-40f1-9618-1f76c20383be,ToB_Cost_Elder,low_0.35,0.35,6400,367,-1934429,false,0.00016049,2.56455,0.12025,4240,0.15,600,600,200.16000000000003,4000
sim_layered_newflow_2026-07-10T23-54-52-761Z,3,08441e53-3598-40f1-9618-1f76c20383be,ToB_Cost_Elder,low_0.35,0.35,6500,346,-1995384,false,0.00015123,2.56455,0.12025,4325,0.15,600,600,200.16000000000003,4000
sim_layered_newflow_2026-07-10T23-54-52-761Z,3,08441e53-3598-40f1-9618-1f76c20383be,ToB_Cost_Elder,low_0.35,0.35,6600,326,-2054521,false,0.00014251,2.56455,0.12025,4410,0.15,600,600,200.16000000000003,4000
sim_layered_newflow_2026-07-10T23-54-52-761Z,3,08441e53-3598-40f1-9618-1f76c20383be,ToB_Cost_Elder,low_0.35,0.35,6700,307,-2111848,false,0.0001343,2.56455,0.12025,4495,0.15,600,600,200.16000000000003,4000
sim_layered_newflow_2026-07-10T23-54-52-761Z,3,08441e53-3598-40f1-9618-1f76c20383be,ToB_Cost_Elder,low_0.35,0.35,6800,290,-2167375,false,0.00012655,2.56455,0.12025,4580,0.15,600,600,200.16000000000003,4000
sim_layered_newflow_2026-07-10T23-54-52-761Z,3,08441e53-3598-40f1-9618-1f76c20383be,ToB_Cost_Elder,low_0.35,0.35,6900,273,-2221120,false,0.00011925,2.56455,0.12025,4665,0.15,600,600,200.16000000000003,4000
sim_layered_newflow_2026-07-10T23-54-52-761Z,3,08441e53-3598-40f1-9618-1f76c20383be,ToB_Cost_Elder,low_0.35,0.35,7000,257,-2273104,false,0.00011238,2.56455,0.12025,4750,0.15,600,600,200.16000000000003,4000
sim_layered_newflow_2026-07-10T23-54-52-761Z,3,08441e53-3598-40f1-9618-1f76c20383be,ToB_Cost_Elder,mid_0.50,0.5,1000,20602,-9828176,false,0.00900426,3.393,0.18775,-350,0.15,600,600,200.16000000000003,4000
sim_layered_newflow_2026-07-10T23-54-52-761Z,3,08441e53-3598-40f1-9618-1f76c20383be,ToB_Cost_Elder,mid_0.50,0.5,1100,19424,-7815397,false,0.00848938,3.393,0.18775,-265,0.15,600,600,200.16000000000003,4000
sim_layered_newflow_2026-07-10T23-54-52-761Z,3,08441e53-3598-40f1-9618-1f76c20383be,ToB_Cost_Elder,mid_0.50,0.5,1200,18312,-6012046,false,0.0080037,3.393,0.18775,-180,0.15,600,600,200.16000000000003,4000
sim_layered_newflow_2026-07-10T23-54-52-761Z,3,08441e53-3598-40f1-9618-1f76c20383be,ToB_Cost_Elder,mid_0.50,0.5,1300,17264,-4400889,false,0.0075456,3.393,0.18775,-95,0.15,600,600,200.16000000000003,4000
sim_layered_newflow_2026-07-10T23-54-52-761Z,3,08441e53-3598-40f1-9618-1f76c20383be,ToB_Cost_Elder,mid_0.50,0.5,1400,16276,-2965956,false,0.00711353,3.393,0.18775,-10,0.15,600,600,200.16000000000003,4000
sim_layered_newflow_2026-07-10T23-54-52-761Z,3,08441e53-3598-40f1-9618-1f76c20383be,ToB_Cost_Elder,mid_0.50,0.5,1500,15343,-1692451,false,0.00670603,3.393,0.18775,75,0.15,600,600,200.16000000000003,4000
sim_layered_newflow_2026-07-10T23-54-52-761Z,3,08441e53-3598-40f1-9618-1f76c20383be,ToB_Cost_Elder,mid_0.50,0.5,1600,14464,-566678,false,0.00632173,3.393,0.18775,160,0.15,600,600,200.16000000000003,4000
sim_layered_newflow_2026-07-10T23-54-52-761Z,3,08441e53-3598-40f1-9618-1f76c20383be,ToB_Cost_Elder,mid_0.50,0.5,1700,13635,424038,true,0.00595932,3.393,0.18775,245,0.15,600,600,200.16000000000003,4000
sim_layered_newflow_2026-07-10T23-54-52-761Z,3,08441e53-3598-40f1-9618-1f76c20383be,ToB_Cost_Elder,mid_0.50,0.5,1800,12853,1291417,true,0.00561757,3.393,0.18775,330,0.15,600,600,200.16000000000003,4000
sim_layered_newflow_2026-07-10T23-54-52-761Z,3,08441e53-3598-40f1-9618-1f76c20383be,ToB_Cost_Elder,mid_0.50,0.5,1900,12116,2046293,true,0.00529531,3.393,0.18775,415,0.15,600,600,200.16000000000003,4000
sim_layered_newflow_2026-07-10T23-54-52-761Z,3,08441e53-3598-40f1-9618-1f76c20383be,ToB_Cost_Elder,mid_0.50,0.5,2000,11420,2698671,true,0.00499145,3.393,0.18775,500,0.15,600,600,200.16000000000003,4000
sim_layered_newflow_2026-07-10T23-54-52-761Z,3,08441e53-3598-40f1-9618-1f76c20383be,ToB_Cost_Elder,mid_0.50,0.5,2100,10765,3257791,true,0.00470494,3.393,0.18775,585,0.15,600,600,200.16000000000003,4000
sim_layered_newflow_2026-07-10T23-54-52-761Z,3,08441e53-3598-40f1-9618-1f76c20383be,ToB_Cost_Elder,mid_0.50,0.5,2200,10147,3732176,true,0.0044348,3.393,0.18775,670,0.15,600,600,200.16000000000003,4000
sim_layered_newflow_2026-07-10T23-54-52-761Z,3,08441e53-3598-40f1-9618-1f76c20383be,ToB_Cost_Elder,mid_0.50,0.5,2300,9564,4129684,true,0.00418011,3.393,0.18775,755,0.15,600,600,200.16000000000003,4000
sim_layered_newflow_2026-07-10T23-54-52-761Z,3,08441e53-3598-40f1-9618-1f76c20383be,ToB_Cost_Elder,mid_0.50,0.5,2400,9015,4457559,true,0.00393998,3.393,0.18775,840,0.15,600,600,200.16000000000003,4000
sim_layered_newflow_2026-07-10T23-54-52-761Z,3,08441e53-3598-40f1-9618-1f76c20383be,ToB_Cost_Elder,mid_0.50,0.5,2500,8497,4722469,true,0.0037136,3.393,0.18775,925,0.15,600,600,200.16000000000003,4000
sim_layered_newflow_2026-07-10T23-54-52-761Z,3,08441e53-3598-40f1-9618-1f76c20383be,ToB_Cost_Elder,mid_0.50,0.5,2600,8008,4930551,true,0.00350018,3.393,0.18775,1010,0.15,600,600,200.16000000000003,4000
sim_layered_newflow_2026-07-10T23-54-52-761Z,3,08441e53-3598-40f1-9618-1f76c20383be,ToB_Cost_Elder,mid_0.50,0.5,2700,7548,5087449,true,0.00329899,3.393,0.18775,1095,0.15,600,600,200.16000000000003,4000
sim_layered_newflow_2026-07-10T23-54-52-761Z,3,08441e53-3598-40f1-9618-1f76c20383be,ToB_Cost_Elder,mid_0.50,0.5,2800,7114,5198347,true,0.00310932,3.393,0.18775,1180,0.15,600,600,200.16000000000003,4000
sim_layered_newflow_2026-07-10T23-54-52-761Z,3,08441e53-3598-40f1-9618-1f76c20383be,ToB_Cost_Elder,mid_0.50,0.5,2900,6705,5268008,true,0.00293053,3.393,0.18775,1265,0.15,600,600,200.16000000000003,4000
sim_layered_newflow_2026-07-10T23-54-52-761Z,3,08441e53-3598-40f1-9618-1f76c20383be,ToB_Cost_Elder,mid_0.50,0.5,3000,6319,5300801,true,0.00276199,3.393,0.18775,1350,0.15,600,600,200.16000000000003,4000
sim_layered_newflow_2026-07-10T23-54-52-761Z,3,08441e53-3598-40f1-9618-1f76c20383be,ToB_Cost_Elder,mid_0.50,0.5,3100,5956,5300729,true,0.00260312,3.393,0.18775,1435,0.15,600,600,200.16000000000003,4000
sim_layered_newflow_2026-07-10T23-54-52-761Z,3,08441e53-3598-40f1-9618-1f76c20383be,ToB_Cost_Elder,mid_0.50,0.5,3200,5613,5271460,true,0.00245336,3.393,0.18775,1520,0.15,600,600,200.16000000000003,4000
sim_layered_newflow_2026-07-10T23-54-52-761Z,3,08441e53-3598-40f1-9618-1f76c20383be,ToB_Cost_Elder,mid_0.50,0.5,3300,5290,5216351,true,0.0023122,3.393,0.18775,1605,0.15,600,600,200.16000000000003,4000
sim_layered_newflow_2026-07-10T23-54-52-761Z,3,08441e53-3598-40f1-9618-1f76c20383be,ToB_Cost_Elder,mid_0.50,0.5,3400,4986,5138469,true,0.00217914,3.393,0.18775,1690,0.15,600,600,200.16000000000003,4000
sim_layered_newflow_2026-07-10T23-54-52-761Z,3,08441e53-3598-40f1-9618-1f76c20383be,ToB_Cost_Elder,mid_0.50,0.5,3500,4699,5040615,true,0.00205372,3.393,0.18775,1775,0.15,600,600,200.16000000000003,4000
sim_layered_newflow_2026-07-10T23-54-52-761Z,3,08441e53-3598-40f1-9618-1f76c20383be,ToB_Cost_Elder,mid_0.50,0.5,3600,4428,4925345,true,0.00193551,3.393,0.18775,1860,0.15,600,600,200.16000000000003,4000
sim_layered_newflow_2026-07-10T23-54-52-761Z,3,08441e53-3598-40f1-9618-1f76c20383be,ToB_Cost_Elder,mid_0.50,0.5,3700,4174,4794987,true,0.00182409,3.393,0.18775,1945,0.15,600,600,200.16000000000003,4000
sim_layered_newflow_2026-07-10T23-54-52-761Z,3,08441e53-3598-40f1-9618-1f76c20383be,ToB_Cost_Elder,mid_0.50,0.5,3800,3933,4651659,true,0.00171907,3.393,0.18775,2030,0.15,600,600,200.16000000000003,4000
sim_layered_newflow_2026-07-10T23-54-52-761Z,3,08441e53-3598-40f1-9618-1f76c20383be,ToB_Cost_Elder,mid_0.50,0.5,3900,3707,4497286,true,0.00162009,3.393,0.18775,2115,0.15,600,600,200.16000000000003,4000
sim_layered_newflow_2026-07-10T23-54-52-761Z,3,08441e53-3598-40f1-9618-1f76c20383be,ToB_Cost_Elder,mid_0.50,0.5,4000,3493,4333616,true,0.0015268,3.393,0.18775,2200,0.15,600,600,200.16000000000003,4000
sim_layered_newflow_2026-07-10T23-54-52-761Z,3,08441e53-3598-40f1-9618-1f76c20383be,ToB_Cost_Elder,mid_0.50,0.5,4100,3292,4162230,true,0.00143888,3.393,0.18775,2285,0.15,600,600,200.16000000000003,4000
sim_layered_newflow_2026-07-10T23-54-52-761Z,3,08441e53-3598-40f1-9618-1f76c20383be,ToB_Cost_Elder,mid_0.50,0.5,4200,3103,3984562,true,0.00135601,3.393,0.18775,2370,0.15,600,600,200.16000000000003,4000
sim_layered_newflow_2026-07-10T23-54-52-761Z,3,08441e53-3598-40f1-9618-1f76c20383be,ToB_Cost_Elder,mid_0.50,0.5,4300,2924,3801902,true,0.0012779,3.393,0.18775,2455,0.15,600,600,200.16000000000003,4000
sim_layered_newflow_2026-07-10T23-54-52-761Z,3,08441e53-3598-40f1-9618-1f76c20383be,ToB_Cost_Elder,mid_0.50,0.5,4400,2755,3615417,true,0.00120429,3.393,0.18775,2540,0.15,600,600,200.16000000000003,4000
sim_layered_newflow_2026-07-10T23-54-52-761Z,3,08441e53-3598-40f1-9618-1f76c20383be,ToB_Cost_Elder,mid_0.50,0.5,4500,2597,3426154,true,0.00113492,3.393,0.18775,2625,0.15,600,600,200.16000000000003,4000
sim_layered_newflow_2026-07-10T23-54-52-761Z,3,08441e53-3598-40f1-9618-1f76c20383be,ToB_Cost_Elder,mid_0.50,0.5,4600,2447,3235051,true,0.00106954,3.393,0.18775,2710,0.15,600,600,200.16000000000003,4000
sim_layered_newflow_2026-07-10T23-54-52-761Z,3,08441e53-3598-40f1-9618-1f76c20383be,ToB_Cost_Elder,mid_0.50,0.5,4700,2306,3042950,true,0.00100792,3.393,0.18775,2795,0.15,600,600,200.16000000000003,4000
sim_layered_newflow_2026-07-10T23-54-52-761Z,3,08441e53-3598-40f1-9618-1f76c20383be,ToB_Cost_Elder,mid_0.50,0.5,4800,2173,2850601,true,0.00094984,3.393,0.18775,2880,0.15,600,600,200.16000000000003,4000
sim_layered_newflow_2026-07-10T23-54-52-761Z,3,08441e53-3598-40f1-9618-1f76c20383be,ToB_Cost_Elder,mid_0.50,0.5,4900,2048,2658670,true,0.00089511,3.393,0.18775,2965,0.15,600,600,200.16000000000003,4000
sim_layered_newflow_2026-07-10T23-54-52-761Z,3,08441e53-3598-40f1-9618-1f76c20383be,ToB_Cost_Elder,mid_0.50,0.5,5000,1930,2467749,true,0.00084354,3.393,0.18775,3050,0.15,600,600,200.16000000000003,4000
sim_layered_newflow_2026-07-10T23-54-52-761Z,3,08441e53-3598-40f1-9618-1f76c20383be,ToB_Cost_Elder,mid_0.50,0.5,5100,1819,2278359,true,0.00079493,3.393,0.18775,3135,0.15,600,600,200.16000000000003,4000
sim_layered_newflow_2026-07-10T23-54-52-761Z,3,08441e53-3598-40f1-9618-1f76c20383be,ToB_Cost_Elder,mid_0.50,0.5,5200,1714,2090958,true,0.00074912,3.393,0.18775,3220,0.15,600,600,200.16000000000003,4000
sim_layered_newflow_2026-07-10T23-54-52-761Z,3,08441e53-3598-40f1-9618-1f76c20383be,ToB_Cost_Elder,mid_0.50,0.5,5300,1615,1905947,true,0.00070594,3.393,0.18775,3305,0.15,600,600,200.16000000000003,4000
sim_layered_newflow_2026-07-10T23-54-52-761Z,3,08441e53-3598-40f1-9618-1f76c20383be,ToB_Cost_Elder,mid_0.50,0.5,5400,1522,1723673,true,0.00066526,3.393,0.18775,3390,0.15,600,600,200.16000000000003,4000
sim_layered_newflow_2026-07-10T23-54-52-761Z,3,08441e53-3598-40f1-9618-1f76c20383be,ToB_Cost_Elder,mid_0.50,0.5,5500,1434,1544435,true,0.00062692,3.393,0.18775,3475,0.15,600,600,200.16000000000003,4000
sim_layered_newflow_2026-07-10T23-54-52-761Z,3,08441e53-3598-40f1-9618-1f76c20383be,ToB_Cost_Elder,mid_0.50,0.5,5600,1352,1368490,true,0.00059078,3.393,0.18775,3560,0.15,600,600,200.16000000000003,4000
sim_layered_newflow_2026-07-10T23-54-52-761Z,3,08441e53-3598-40f1-9618-1f76c20383be,ToB_Cost_Elder,mid_0.50,0.5,5700,1274,1196054,true,0.00055673,3.393,0.18775,3645,0.15,600,600,200.16000000000003,4000
sim_layered_newflow_2026-07-10T23-54-52-761Z,3,08441e53-3598-40f1-9618-1f76c20383be,ToB_Cost_Elder,mid_0.50,0.5,5800,1200,1027308,true,0.00052464,3.393,0.18775,3730,0.15,600,600,200.16000000000003,4000
sim_layered_newflow_2026-07-10T23-54-52-761Z,3,08441e53-3598-40f1-9618-1f76c20383be,ToB_Cost_Elder,mid_0.50,0.5,5900,1131,862399,true,0.0004944,3.393,0.18775,3815,0.15,600,600,200.16000000000003,4000
sim_layered_newflow_2026-07-10T23-54-52-761Z,3,08441e53-3598-40f1-9618-1f76c20383be,ToB_Cost_Elder,mid_0.50,0.5,6000,1066,701446,true,0.0004659,3.393,0.18775,3900,0.15,600,600,200.16000000000003,4000
sim_layered_newflow_2026-07-10T23-54-52-761Z,3,08441e53-3598-40f1-9618-1f76c20383be,ToB_Cost_Elder,mid_0.50,0.5,6100,1005,544541,true,0.00043904,3.393,0.18775,3985,0.15,600,600,200.16000000000003,4000
sim_layered_newflow_2026-07-10T23-54-52-761Z,3,08441e53-3598-40f1-9618-1f76c20383be,ToB_Cost_Elder,mid_0.50,0.5,6200,947,391753,true,0.00041373,3.393,0.18775,4070,0.15,600,600,200.16000000000003,4000
sim_layered_newflow_2026-07-10T23-54-52-761Z,3,08441e53-3598-40f1-9618-1f76c20383be,ToB_Cost_Elder,mid_0.50,0.5,6300,892,243130,true,0.00038988,3.393,0.18775,4155,0.15,600,600,200.16000000000003,4000
sim_layered_newflow_2026-07-10T23-54-52-761Z,3,08441e53-3598-40f1-9618-1f76c20383be,ToB_Cost_Elder,mid_0.50,0.5,6400,841,98698,true,0.0003674,3.393,0.18775,4240,0.15,600,600,200.16000000000003,4000
sim_layered_newflow_2026-07-10T23-54-52-761Z,3,08441e53-3598-40f1-9618-1f76c20383be,ToB_Cost_Elder,mid_0.50,0.5,6500,792,-41532,false,0.00034622,3.393,0.18775,4325,0.15,600,600,200.16000000000003,4000
sim_layered_newflow_2026-07-10T23-54-52-761Z,3,08441e53-3598-40f1-9618-1f76c20383be,ToB_Cost_Elder,mid_0.50,0.5,6600,746,-177562,false,0.00032626,3.393,0.18775,4410,0.15,600,600,200.16000000000003,4000
sim_layered_newflow_2026-07-10T23-54-52-761Z,3,08441e53-3598-40f1-9618-1f76c20383be,ToB_Cost_Elder,mid_0.50,0.5,6700,703,-309412,false,0.00030745,3.393,0.18775,4495,0.15,600,600,200.16000000000003,4000
sim_layered_newflow_2026-07-10T23-54-52-761Z,3,08441e53-3598-40f1-9618-1f76c20383be,ToB_Cost_Elder,mid_0.50,0.5,6800,663,-437111,false,0.00028973,3.393,0.18775,4580,0.15,600,600,200.16000000000003,4000
sim_layered_newflow_2026-07-10T23-54-52-761Z,3,08441e53-3598-40f1-9618-1f76c20383be,ToB_Cost_Elder,mid_0.50,0.5,6900,625,-560699,false,0.00027302,3.393,0.18775,4665,0.15,600,600,200.16000000000003,4000
sim_layered_newflow_2026-07-10T23-54-52-761Z,3,08441e53-3598-40f1-9618-1f76c20383be,ToB_Cost_Elder,mid_0.50,0.5,7000,589,-680226,false,0.00025728,3.393,0.18775,4750,0.15,600,600,200.16000000000003,4000
sim_layered_newflow_2026-07-10T23-54-52-761Z,3,08441e53-3598-40f1-9618-1f76c20383be,ToB_Cost_Elder,high_0.65,0.65,1000,46632,-17123661,false,0.02038096,4.22145,0.25525,-350,0.15,600,600,200.16000000000003,4000
sim_layered_newflow_2026-07-10T23-54-52-761Z,3,08441e53-3598-40f1-9618-1f76c20383be,ToB_Cost_Elder,high_0.65,0.65,1100,43994,-12613670,false,0.01922816,4.22145,0.25525,-265,0.15,600,600,200.16000000000003,4000
sim_layered_newflow_2026-07-10T23-54-52-761Z,3,08441e53-3598-40f1-9618-1f76c20383be,ToB_Cost_Elder,high_0.65,0.65,1200,41503,-8569954,false,0.01813936,4.22145,0.25525,-180,0.15,600,600,200.16000000000003,4000
sim_layered_newflow_2026-07-10T23-54-52-761Z,3,08441e53-3598-40f1-9618-1f76c20383be,ToB_Cost_Elder,high_0.65,0.65,1300,39150,-4954883,false,0.01711113,4.22145,0.25525,-95,0.15,600,600,200.16000000000003,4000
sim_layered_newflow_2026-07-10T23-54-52-761Z,3,08441e53-3598-40f1-9618-1f76c20383be,ToB_Cost_Elder,high_0.65,0.65,1400,36929,-1733470,false,0.01614024,4.22145,0.25525,-10,0.15,600,600,200.16000000000003,4000
sim_layered_newflow_2026-07-10T23-54-52-761Z,3,08441e53-3598-40f1-9618-1f76c20383be,ToB_Cost_Elder,high_0.65,0.65,1500,34832,1126793,true,0.01522358,4.22145,0.25525,75,0.15,600,600,200.16000000000003,4000
sim_layered_newflow_2026-07-10T23-54-52-761Z,3,08441e53-3598-40f1-9618-1f76c20383be,ToB_Cost_Elder,high_0.65,0.65,1600,32852,3656086,true,0.01435822,4.22145,0.25525,160,0.15,600,600,200.16000000000003,4000
sim_layered_newflow_2026-07-10T23-54-52-761Z,3,08441e53-3598-40f1-9618-1f76c20383be,ToB_Cost_Elder,high_0.65,0.65,1700,30983,5882408,true,0.01354137,4.22145,0.25525,245,0.15,600,600,200.16000000000003,4000
sim_layered_newflow_2026-07-10T23-54-52-761Z,3,08441e53-3598-40f1-9618-1f76c20383be,ToB_Cost_Elder,high_0.65,0.65,1800,29219,7831716,true,0.01277039,4.22145,0.25525,330,0.15,600,600,200.16000000000003,4000
sim_layered_newflow_2026-07-10T23-54-52-761Z,3,08441e53-3598-40f1-9618-1f76c20383be,ToB_Cost_Elder,high_0.65,0.65,1900,27554,9528057,true,0.01204278,4.22145,0.25525,415,0.15,600,600,200.16000000000003,4000
sim_layered_newflow_2026-07-10T23-54-52-761Z,3,08441e53-3598-40f1-9618-1f76c20383be,ToB_Cost_Elder,high_0.65,0.65,2000,25983,10993694,true,0.01135614,4.22145,0.25525,500,0.15,600,600,200.16000000000003,4000
sim_layered_newflow_2026-07-10T23-54-52-761Z,3,08441e53-3598-40f1-9618-1f76c20383be,ToB_Cost_Elder,high_0.65,0.65,2100,24500,12249217,true,0.01070823,4.22145,0.25525,585,0.15,600,600,200.16000000000003,4000
sim_layered_newflow_2026-07-10T23-54-52-761Z,3,08441e53-3598-40f1-9618-1f76c20383be,ToB_Cost_Elder,high_0.65,0.65,2200,23102,13313662,true,0.0100969,4.22145,0.25525,670,0.15,600,600,200.16000000000003,4000
sim_layered_newflow_2026-07-10T23-54-52-761Z,3,08441e53-3598-40f1-9618-1f76c20383be,ToB_Cost_Elder,high_0.65,0.65,2300,21782,14204611,true,0.00952014,4.22145,0.25525,755,0.15,600,600,200.16000000000003,4000
sim_layered_newflow_2026-07-10T23-54-52-761Z,3,08441e53-3598-40f1-9618-1f76c20383be,ToB_Cost_Elder,high_0.65,0.65,2400,20537,14938293,true,0.00897603,4.22145,0.25525,840,0.15,600,600,200.16000000000003,4000
sim_layered_newflow_2026-07-10T23-54-52-761Z,3,08441e53-3598-40f1-9618-1f76c20383be,ToB_Cost_Elder,high_0.65,0.65,2500,19363,15529673,true,0.00846275,4.22145,0.25525,925,0.15,600,600,200.16000000000003,4000
sim_layered_newflow_2026-07-10T23-54-52-761Z,3,08441e53-3598-40f1-9618-1f76c20383be,ToB_Cost_Elder,high_0.65,0.65,2600,18255,15992545,true,0.00797859,4.22145,0.25525,1010,0.15,600,600,200.16000000000003,4000
sim_layered_newflow_2026-07-10T23-54-52-761Z,3,08441e53-3598-40f1-9618-1f76c20383be,ToB_Cost_Elder,high_0.65,0.65,2700,17210,16339607,true,0.00752191,4.22145,0.25525,1095,0.15,600,600,200.16000000000003,4000
sim_layered_newflow_2026-07-10T23-54-52-761Z,3,08441e53-3598-40f1-9618-1f76c20383be,ToB_Cost_Elder,high_0.65,0.65,2800,16225,16582544,true,0.00709119,4.22145,0.25525,1180,0.15,600,600,200.16000000000003,4000
sim_layered_newflow_2026-07-10T23-54-52-761Z,3,08441e53-3598-40f1-9618-1f76c20383be,ToB_Cost_Elder,high_0.65,0.65,2900,15295,16732097,true,0.00668496,4.22145,0.25525,1265,0.15,600,600,200.16000000000003,4000
sim_layered_newflow_2026-07-10T23-54-52-761Z,3,08441e53-3598-40f1-9618-1f76c20383be,ToB_Cost_Elder,high_0.65,0.65,3000,14419,16798130,true,0.00630186,4.22145,0.25525,1350,0.15,600,600,200.16000000000003,4000
sim_layered_newflow_2026-07-10T23-54-52-761Z,3,08441e53-3598-40f1-9618-1f76c20383be,ToB_Cost_Elder,high_0.65,0.65,3100,13592,16789695,true,0.00594058,4.22145,0.25525,1435,0.15,600,600,200.16000000000003,4000
sim_layered_newflow_2026-07-10T23-54-52-761Z,3,08441e53-3598-40f1-9618-1f76c20383be,ToB_Cost_Elder,high_0.65,0.65,3200,12813,16715088,true,0.0055999,4.22145,0.25525,1520,0.15,600,600,200.16000000000003,4000
sim_layered_newflow_2026-07-10T23-54-52-761Z,3,08441e53-3598-40f1-9618-1f76c20383be,ToB_Cost_Elder,high_0.65,0.65,3300,12078,16581908,true,0.00527865,4.22145,0.25525,1605,0.15,600,600,200.16000000000003,4000
sim_layered_newflow_2026-07-10T23-54-52-761Z,3,08441e53-3598-40f1-9618-1f76c20383be,ToB_Cost_Elder,high_0.65,0.65,3400,11384,16397108,true,0.00497574,4.22145,0.25525,1690,0.15,600,600,200.16000000000003,4000
sim_layered_newflow_2026-07-10T23-54-52-761Z,3,08441e53-3598-40f1-9618-1f76c20383be,ToB_Cost_Elder,high_0.65,0.65,3500,10731,16167038,true,0.00469012,4.22145,0.25525,1775,0.15,600,600,200.16000000000003,4000
sim_layered_newflow_2026-07-10T23-54-52-761Z,3,08441e53-3598-40f1-9618-1f76c20383be,ToB_Cost_Elder,high_0.65,0.65,3600,10115,15897498,true,0.00442083,4.22145,0.25525,1860,0.15,600,600,200.16000000000003,4000
sim_layered_newflow_2026-07-10T23-54-52-761Z,3,08441e53-3598-40f1-9618-1f76c20383be,ToB_Cost_Elder,high_0.65,0.65,3700,9534,15593772,true,0.00416694,4.22145,0.25525,1945,0.15,600,600,200.16000000000003,4000
sim_layered_newflow_2026-07-10T23-54-52-761Z,3,08441e53-3598-40f1-9618-1f76c20383be,ToB_Cost_Elder,high_0.65,0.65,3800,8986,15260674,true,0.00392757,4.22145,0.25525,2030,0.15,600,600,200.16000000000003,4000
sim_layered_newflow_2026-07-10T23-54-52-761Z,3,08441e53-3598-40f1-9618-1f76c20383be,ToB_Cost_Elder,high_0.65,0.65,3900,8470,14902578,true,0.0037019,4.22145,0.25525,2115,0.15,600,600,200.16000000000003,4000
sim_layered_newflow_2026-07-10T23-54-52-761Z,3,08441e53-3598-40f1-9618-1f76c20383be,ToB_Cost_Elder,high_0.65,0.65,4000,7983,14523456,true,0.00348915,4.22145,0.25525,2200,0.15,600,600,200.16000000000003,4000
sim_layered_newflow_2026-07-10T23-54-52-761Z,3,08441e53-3598-40f1-9618-1f76c20383be,ToB_Cost_Elder,high_0.65,0.65,4100,7524,14126908,true,0.00328859,4.22145,0.25525,2285,0.15,600,600,200.16000000000003,4000
sim_layered_newflow_2026-07-10T23-54-52-761Z,3,08441e53-3598-40f1-9618-1f76c20383be,ToB_Cost_Elder,high_0.65,0.65,4200,7092,13716192,true,0.00309952,4.22145,0.25525,2370,0.15,600,600,200.16000000000003,4000
sim_layered_newflow_2026-07-10T23-54-52-761Z,3,08441e53-3598-40f1-9618-1f76c20383be,ToB_Cost_Elder,high_0.65,0.65,4300,6684,13294250,true,0.00292129,4.22145,0.25525,2455,0.15,600,600,200.16000000000003,4000
sim_layered_newflow_2026-07-10T23-54-52-761Z,3,08441e53-3598-40f1-9618-1f76c20383be,ToB_Cost_Elder,high_0.65,0.65,4400,6299,12863733,true,0.00275328,4.22145,0.25525,2540,0.15,600,600,200.16000000000003,4000
sim_layered_newflow_2026-07-10T23-54-52-761Z,3,08441e53-3598-40f1-9618-1f76c20383be,ToB_Cost_Elder,high_0.65,0.65,4500,5937,12427026,true,0.0025949,4.22145,0.25525,2625,0.15,600,600,200.16000000000003,4000
sim_layered_newflow_2026-07-10T23-54-52-761Z,3,08441e53-3598-40f1-9618-1f76c20383be,ToB_Cost_Elder,high_0.65,0.65,4600,5596,11986270,true,0.00244562,4.22145,0.25525,2710,0.15,600,600,200.16000000000003,4000
sim_layered_newflow_2026-07-10T23-54-52-761Z,3,08441e53-3598-40f1-9618-1f76c20383be,ToB_Cost_Elder,high_0.65,0.65,4700,5274,11543378,true,0.0023049,4.22145,0.25525,2795,0.15,600,600,200.16000000000003,4000
sim_layered_newflow_2026-07-10T23-54-52-761Z,3,08441e53-3598-40f1-9618-1f76c20383be,ToB_Cost_Elder,high_0.65,0.65,4800,4970,11100058,true,0.00217226,4.22145,0.25525,2880,0.15,600,600,200.16000000000003,4000
sim_layered_newflow_2026-07-10T23-54-52-761Z,3,08441e53-3598-40f1-9618-1f76c20383be,ToB_Cost_Elder,high_0.65,0.65,4900,4684,10657831,true,0.00204724,4.22145,0.25525,2965,0.15,600,600,200.16000000000003,4000
sim_layered_newflow_2026-07-10T23-54-52-761Z,3,08441e53-3598-40f1-9618-1f76c20383be,ToB_Cost_Elder,high_0.65,0.65,5000,4414,10218041,true,0.0019294,4.22145,0.25525,3050,0.15,600,600,200.16000000000003,4000
sim_layered_newflow_2026-07-10T23-54-52-761Z,3,08441e53-3598-40f1-9618-1f76c20383be,ToB_Cost_Elder,high_0.65,0.65,5100,4160,9781878,true,0.00181833,4.22145,0.25525,3135,0.15,600,600,200.16000000000003,4000
sim_layered_newflow_2026-07-10T23-54-52-761Z,3,08441e53-3598-40f1-9618-1f76c20383be,ToB_Cost_Elder,high_0.65,0.65,5200,3921,9350383,true,0.00171365,4.22145,0.25525,3220,0.15,600,600,200.16000000000003,4000
sim_layered_newflow_2026-07-10T23-54-52-761Z,3,08441e53-3598-40f1-9618-1f76c20383be,ToB_Cost_Elder,high_0.65,0.65,5300,3695,8924468,true,0.00161498,4.22145,0.25525,3305,0.15,600,600,200.16000000000003,4000
sim_layered_newflow_2026-07-10T23-54-52-761Z,3,08441e53-3598-40f1-9618-1f76c20383be,ToB_Cost_Elder,high_0.65,0.65,5400,3482,8504925,true,0.00152198,4.22145,0.25525,3390,0.15,600,600,200.16000000000003,4000
sim_layered_newflow_2026-07-10T23-54-52-761Z,3,08441e53-3598-40f1-9618-1f76c20383be,ToB_Cost_Elder,high_0.65,0.65,5500,3282,8092433,true,0.00143433,4.22145,0.25525,3475,0.15,600,600,200.16000000000003,4000
sim_layered_newflow_2026-07-10T23-54-52-761Z,3,08441e53-3598-40f1-9618-1f76c20383be,ToB_Cost_Elder,high_0.65,0.65,5600,3093,7687575,true,0.00135172,4.22145,0.25525,3560,0.15,600,600,200.16000000000003,4000
sim_layered_newflow_2026-07-10T23-54-52-761Z,3,08441e53-3598-40f1-9618-1f76c20383be,ToB_Cost_Elder,high_0.65,0.65,5700,2915,7290843,true,0.00127387,4.22145,0.25525,3645,0.15,600,600,200.16000000000003,4000
sim_layered_newflow_2026-07-10T23-54-52-761Z,3,08441e53-3598-40f1-9618-1f76c20383be,ToB_Cost_Elder,high_0.65,0.65,5800,2747,6902646,true,0.00120049,4.22145,0.25525,3730,0.15,600,600,200.16000000000003,4000
sim_layered_newflow_2026-07-10T23-54-52-761Z,3,08441e53-3598-40f1-9618-1f76c20383be,ToB_Cost_Elder,high_0.65,0.65,5900,2588,6523319,true,0.00113133,4.22145,0.25525,3815,0.15,600,600,200.16000000000003,4000
sim_layered_newflow_2026-07-10T23-54-52-761Z,3,08441e53-3598-40f1-9618-1f76c20383be,ToB_Cost_Elder,high_0.65,0.65,6000,2439,6153130,true,0.00106616,4.22145,0.25525,3900,0.15,600,600,200.16000000000003,4000
sim_layered_newflow_2026-07-10T23-54-52-761Z,3,08441e53-3598-40f1-9618-1f76c20383be,ToB_Cost_Elder,high_0.65,0.65,6100,2299,5792287,true,0.00100473,4.22145,0.25525,3985,0.15,600,600,200.16000000000003,4000
sim_layered_newflow_2026-07-10T23-54-52-761Z,3,08441e53-3598-40f1-9618-1f76c20383be,ToB_Cost_Elder,high_0.65,0.65,6200,2166,5440945,true,0.00094684,4.22145,0.25525,4070,0.15,600,600,200.16000000000003,4000
sim_layered_newflow_2026-07-10T23-54-52-761Z,3,08441e53-3598-40f1-9618-1f76c20383be,ToB_Cost_Elder,high_0.65,0.65,6300,2042,5099208,true,0.00089229,4.22145,0.25525,4155,0.15,600,600,200.16000000000003,4000
sim_layered_newflow_2026-07-10T23-54-52-761Z,3,08441e53-3598-40f1-9618-1f76c20383be,ToB_Cost_Elder,high_0.65,0.65,6400,1924,4767136,true,0.00084087,4.22145,0.25525,4240,0.15,600,600,200.16000000000003,4000
sim_layered_newflow_2026-07-10T23-54-52-761Z,3,08441e53-3598-40f1-9618-1f76c20383be,ToB_Cost_Elder,high_0.65,0.65,6500,1813,4444753,true,0.00079241,4.22145,0.25525,4325,0.15,600,600,200.16000000000003,4000
sim_layered_newflow_2026-07-10T23-54-52-761Z,3,08441e53-3598-40f1-9618-1f76c20383be,ToB_Cost_Elder,high_0.65,0.65,6600,1709,4132045,true,0.00074675,4.22145,0.25525,4410,0.15,600,600,200.16000000000003,4000
sim_layered_newflow_2026-07-10T23-54-52-761Z,3,08441e53-3598-40f1-9618-1f76c20383be,ToB_Cost_Elder,high_0.65,0.65,6700,1610,3828969,true,0.00070371,4.22145,0.25525,4495,0.15,600,600,200.16000000000003,4000
sim_layered_newflow_2026-07-10T23-54-52-761Z,3,08441e53-3598-40f1-9618-1f76c20383be,ToB_Cost_Elder,high_0.65,0.65,6800,1517,3535456,true,0.00066316,4.22145,0.25525,4580,0.15,600,600,200.16000000000003,4000
sim_layered_newflow_2026-07-10T23-54-52-761Z,3,08441e53-3598-40f1-9618-1f76c20383be,ToB_Cost_Elder,high_0.65,0.65,6900,1430,3251409,true,0.00062493,4.22145,0.25525,4665,0.15,600,600,200.16000000000003,4000
sim_layered_newflow_2026-07-10T23-54-52-761Z,3,08441e53-3598-40f1-9618-1f76c20383be,ToB_Cost_Elder,high_0.65,0.65,7000,1347,2976715,true,0.00058891,4.22145,0.25525,4750,0.15,600,600,200.16000000000003,4000
sim_layered_newflow_2026-07-10T23-54-52-761Z,4,498a8616-eaf7-4514-8128-60c6c73f6e55,ToB_Cost_Adult,actual_7_10,0.4800000000000001,1000,20501,-5646768,false,0.01138936,3.56029,0.2195,-203,0.15,600,453,142.74,3000
sim_layered_newflow_2026-07-10T23-54-52-761Z,4,498a8616-eaf7-4514-8128-60c6c73f6e55,ToB_Cost_Adult,actual_7_10,0.4800000000000001,1100,19466,-3854878,false,0.01081431,3.56029,0.2195,-118,0.15,600,453,142.74,3000
sim_layered_newflow_2026-07-10T23-54-52-761Z,4,498a8616-eaf7-4514-8128-60c6c73f6e55,ToB_Cost_Adult,actual_7_10,0.4800000000000001,1200,18482,-2237021,false,0.01026799,3.56029,0.2195,-33,0.15,600,453,142.74,3000
sim_layered_newflow_2026-07-10T23-54-52-761Z,4,498a8616-eaf7-4514-8128-60c6c73f6e55,ToB_Cost_Adult,actual_7_10,0.4800000000000001,1300,17548,-780320,false,0.00974899,3.56029,0.2195,52,0.15,600,453,142.74,3000
sim_layered_newflow_2026-07-10T23-54-52-761Z,4,498a8616-eaf7-4514-8128-60c6c73f6e55,ToB_Cost_Adult,actual_7_10,0.4800000000000001,1400,16661,527268,true,0.00925599,3.56029,0.2195,137,0.15,600,453,142.74,3000
sim_layered_newflow_2026-07-10T23-54-52-761Z,4,498a8616-eaf7-4514-8128-60c6c73f6e55,ToB_Cost_Adult,actual_7_10,0.4800000000000001,1500,15818,1697000,true,0.00878769,3.56029,0.2195,222,0.15,600,453,142.74,3000
sim_layered_newflow_2026-07-10T23-54-52-761Z,4,498a8616-eaf7-4514-8128-60c6c73f6e55,ToB_Cost_Adult,actual_7_10,0.4800000000000001,1600,15017,2739391,true,0.00834289,3.56029,0.2195,307,0.15,600,453,142.74,3000
sim_layered_newflow_2026-07-10T23-54-52-761Z,4,498a8616-eaf7-4514-8128-60c6c73f6e55,ToB_Cost_Adult,actual_7_10,0.4800000000000001,1700,14257,3664260,true,0.00792042,3.56029,0.2195,392,0.15,600,453,142.74,3000
sim_layered_newflow_2026-07-10T23-54-52-761Z,4,498a8616-eaf7-4514-8128-60c6c73f6e55,ToB_Cost_Adult,actual_7_10,0.4800000000000001,1800,13535,4480771,true,0.00751918,3.56029,0.2195,477,0.15,600,453,142.74,3000
sim_layered_newflow_2026-07-10T23-54-52-761Z,4,498a8616-eaf7-4514-8128-60c6c73f6e55,ToB_Cost_Adult,actual_7_10,0.4800000000000001,1900,12849,5197474,true,0.00713813,3.56029,0.2195,562,0.15,600,453,142.74,3000
sim_layered_newflow_2026-07-10T23-54-52-761Z,4,498a8616-eaf7-4514-8128-60c6c73f6e55,ToB_Cost_Adult,actual_7_10,0.4800000000000001,2000,12197,5822337,true,0.00677625,3.56029,0.2195,647,0.15,600,453,142.74,3000
sim_layered_newflow_2026-07-10T23-54-52-761Z,4,498a8616-eaf7-4514-8128-60c6c73f6e55,ToB_Cost_Adult,actual_7_10,0.4800000000000001,2100,11579,6362790,true,0.0064326,3.56029,0.2195,732,0.15,600,453,142.74,3000
sim_layered_newflow_2026-07-10T23-54-52-761Z,4,498a8616-eaf7-4514-8128-60c6c73f6e55,ToB_Cost_Adult,actual_7_10,0.4800000000000001,2200,10991,6825752,true,0.00610627,3.56029,0.2195,817,0.15,600,453,142.74,3000
sim_layered_newflow_2026-07-10T23-54-52-761Z,4,498a8616-eaf7-4514-8128-60c6c73f6e55,ToB_Cost_Adult,actual_7_10,0.4800000000000001,2300,10434,7217662,true,0.0057964,3.56029,0.2195,902,0.15,600,453,142.74,3000
sim_layered_newflow_2026-07-10T23-54-52-761Z,4,498a8616-eaf7-4514-8128-60c6c73f6e55,ToB_Cost_Adult,actual_7_10,0.4800000000000001,2400,9904,7544514,true,0.00550216,3.56029,0.2195,987,0.15,600,453,142.74,3000
sim_layered_newflow_2026-07-10T23-54-52-761Z,4,498a8616-eaf7-4514-8128-60c6c73f6e55,ToB_Cost_Adult,actual_7_10,0.4800000000000001,2500,9401,7811881,true,0.00522279,3.56029,0.2195,1072,0.15,600,453,142.74,3000
sim_layered_newflow_2026-07-10T23-54-52-761Z,4,498a8616-eaf7-4514-8128-60c6c73f6e55,ToB_Cost_Adult,actual_7_10,0.4800000000000001,2600,8924,8024942,true,0.00495752,3.56029,0.2195,1157,0.15,600,453,142.74,3000
sim_layered_newflow_2026-07-10T23-54-52-761Z,4,498a8616-eaf7-4514-8128-60c6c73f6e55,ToB_Cost_Adult,actual_7_10,0.4800000000000001,2700,8470,8188507,true,0.00470567,3.56029,0.2195,1242,0.15,600,453,142.74,3000
sim_layered_newflow_2026-07-10T23-54-52-761Z,4,498a8616-eaf7-4514-8128-60c6c73f6e55,ToB_Cost_Adult,actual_7_10,0.4800000000000001,2800,8040,8307042,true,0.00446656,3.56029,0.2195,1327,0.15,600,453,142.74,3000
sim_layered_newflow_2026-07-10T23-54-52-761Z,4,498a8616-eaf7-4514-8128-60c6c73f6e55,ToB_Cost_Adult,actual_7_10,0.4800000000000001,2900,7631,8384690,true,0.00423954,3.56029,0.2195,1412,0.15,600,453,142.74,3000
sim_layered_newflow_2026-07-10T23-54-52-761Z,4,498a8616-eaf7-4514-8128-60c6c73f6e55,ToB_Cost_Adult,actual_7_10,0.4800000000000001,3000,7243,8425292,true,0.00402401,3.56029,0.2195,1497,0.15,600,453,142.74,3000
sim_layered_newflow_2026-07-10T23-54-52-761Z,4,498a8616-eaf7-4514-8128-60c6c73f6e55,ToB_Cost_Adult,actual_7_10,0.4800000000000001,3100,6875,8432406,true,0.0038194,3.56029,0.2195,1582,0.15,600,453,142.74,3000
sim_layered_newflow_2026-07-10T23-54-52-761Z,4,498a8616-eaf7-4514-8128-60c6c73f6e55,ToB_Cost_Adult,actual_7_10,0.4800000000000001,3200,6525,8409326,true,0.00362516,3.56029,0.2195,1667,0.15,600,453,142.74,3000
sim_layered_newflow_2026-07-10T23-54-52-761Z,4,498a8616-eaf7-4514-8128-60c6c73f6e55,ToB_Cost_Adult,actual_7_10,0.4800000000000001,3300,6193,8359100,true,0.00344076,3.56029,0.2195,1752,0.15,600,453,142.74,3000
sim_layered_newflow_2026-07-10T23-54-52-761Z,4,498a8616-eaf7-4514-8128-60c6c73f6e55,ToB_Cost_Adult,actual_7_10,0.4800000000000001,3400,5878,8284545,true,0.00326571,3.56029,0.2195,1837,0.15,600,453,142.74,3000
sim_layered_newflow_2026-07-10T23-54-52-761Z,4,498a8616-eaf7-4514-8128-60c6c73f6e55,ToB_Cost_Adult,actual_7_10,0.4800000000000001,3500,5579,8188263,true,0.00309953,3.56029,0.2195,1922,0.15,600,453,142.74,3000
sim_layered_newflow_2026-07-10T23-54-52-761Z,4,498a8616-eaf7-4514-8128-60c6c73f6e55,ToB_Cost_Adult,actual_7_10,0.4800000000000001,3600,5295,8072657,true,0.00294179,3.56029,0.2195,2007,0.15,600,453,142.74,3000
sim_layered_newflow_2026-07-10T23-54-52-761Z,4,498a8616-eaf7-4514-8128-60c6c73f6e55,ToB_Cost_Adult,actual_7_10,0.4800000000000001,3700,5026,7939940,true,0.00279206,3.56029,0.2195,2092,0.15,600,453,142.74,3000
sim_layered_newflow_2026-07-10T23-54-52-761Z,4,498a8616-eaf7-4514-8128-60c6c73f6e55,ToB_Cost_Adult,actual_7_10,0.4800000000000001,3800,4770,7792153,true,0.00264992,3.56029,0.2195,2177,0.15,600,453,142.74,3000
sim_layered_newflow_2026-07-10T23-54-52-761Z,4,498a8616-eaf7-4514-8128-60c6c73f6e55,ToB_Cost_Adult,actual_7_10,0.4800000000000001,3900,4527,7631174,true,0.002515,3.56029,0.2195,2262,0.15,600,453,142.74,3000
sim_layered_newflow_2026-07-10T23-54-52-761Z,4,498a8616-eaf7-4514-8128-60c6c73f6e55,ToB_Cost_Adult,actual_7_10,0.4800000000000001,4000,4296,7458727,true,0.00238694,3.56029,0.2195,2347,0.15,600,453,142.74,3000
sim_layered_newflow_2026-07-10T23-54-52-761Z,4,498a8616-eaf7-4514-8128-60c6c73f6e55,ToB_Cost_Adult,actual_7_10,0.4800000000000001,4100,4078,7276398,true,0.00226538,3.56029,0.2195,2432,0.15,600,453,142.74,3000
sim_layered_newflow_2026-07-10T23-54-52-761Z,4,498a8616-eaf7-4514-8128-60c6c73f6e55,ToB_Cost_Adult,actual_7_10,0.4800000000000001,4200,3870,7085642,true,0.00215,3.56029,0.2195,2517,0.15,600,453,142.74,3000
sim_layered_newflow_2026-07-10T23-54-52-761Z,4,498a8616-eaf7-4514-8128-60c6c73f6e55,ToB_Cost_Adult,actual_7_10,0.4800000000000001,4300,3673,6887789,true,0.00204048,3.56029,0.2195,2602,0.15,600,453,142.74,3000
sim_layered_newflow_2026-07-10T23-54-52-761Z,4,498a8616-eaf7-4514-8128-60c6c73f6e55,ToB_Cost_Adult,actual_7_10,0.4800000000000001,4400,3486,6684058,true,0.00193653,3.56029,0.2195,2687,0.15,600,453,142.74,3000
sim_layered_newflow_2026-07-10T23-54-52-761Z,4,498a8616-eaf7-4514-8128-60c6c73f6e55,ToB_Cost_Adult,actual_7_10,0.4800000000000001,4500,3308,6475562,true,0.00183787,3.56029,0.2195,2772,0.15,600,453,142.74,3000
sim_layered_newflow_2026-07-10T23-54-52-761Z,4,498a8616-eaf7-4514-8128-60c6c73f6e55,ToB_Cost_Adult,actual_7_10,0.4800000000000001,4600,3140,6263315,true,0.00174422,3.56029,0.2195,2857,0.15,600,453,142.74,3000
sim_layered_newflow_2026-07-10T23-54-52-761Z,4,498a8616-eaf7-4514-8128-60c6c73f6e55,ToB_Cost_Adult,actual_7_10,0.4800000000000001,4700,2980,6048243,true,0.00165534,3.56029,0.2195,2942,0.15,600,453,142.74,3000
sim_layered_newflow_2026-07-10T23-54-52-761Z,4,498a8616-eaf7-4514-8128-60c6c73f6e55,ToB_Cost_Adult,actual_7_10,0.4800000000000001,4800,2828,5831185,true,0.00157098,3.56029,0.2195,3027,0.15,600,453,142.74,3000
sim_layered_newflow_2026-07-10T23-54-52-761Z,4,498a8616-eaf7-4514-8128-60c6c73f6e55,ToB_Cost_Adult,actual_7_10,0.4800000000000001,4900,2684,5612902,true,0.00149091,3.56029,0.2195,3112,0.15,600,453,142.74,3000
sim_layered_newflow_2026-07-10T23-54-52-761Z,4,498a8616-eaf7-4514-8128-60c6c73f6e55,ToB_Cost_Adult,actual_7_10,0.4800000000000001,5000,2547,5394085,true,0.00141492,3.56029,0.2195,3197,0.15,600,453,142.74,3000
sim_layered_newflow_2026-07-10T23-54-52-761Z,4,498a8616-eaf7-4514-8128-60c6c73f6e55,ToB_Cost_Adult,actual_7_10,0.4800000000000001,5100,2417,5175355,true,0.0013428,3.56029,0.2195,3282,0.15,600,453,142.74,3000
sim_layered_newflow_2026-07-10T23-54-52-761Z,4,498a8616-eaf7-4514-8128-60c6c73f6e55,ToB_Cost_Adult,actual_7_10,0.4800000000000001,5200,2294,4957273,true,0.00127434,3.56029,0.2195,3367,0.15,600,453,142.74,3000
sim_layered_newflow_2026-07-10T23-54-52-761Z,4,498a8616-eaf7-4514-8128-60c6c73f6e55,ToB_Cost_Adult,actual_7_10,0.4800000000000001,5300,2177,4740342,true,0.00120938,3.56029,0.2195,3452,0.15,600,453,142.74,3000
sim_layered_newflow_2026-07-10T23-54-52-761Z,4,498a8616-eaf7-4514-8128-60c6c73f6e55,ToB_Cost_Adult,actual_7_10,0.4800000000000001,5400,2066,4525013,true,0.00114772,3.56029,0.2195,3537,0.15,600,453,142.74,3000
sim_layered_newflow_2026-07-10T23-54-52-761Z,4,498a8616-eaf7-4514-8128-60c6c73f6e55,ToB_Cost_Adult,actual_7_10,0.4800000000000001,5500,1961,4311686,true,0.0010892,3.56029,0.2195,3622,0.15,600,453,142.74,3000
sim_layered_newflow_2026-07-10T23-54-52-761Z,4,498a8616-eaf7-4514-8128-60c6c73f6e55,ToB_Cost_Adult,actual_7_10,0.4800000000000001,5600,1861,4100719,true,0.00103366,3.56029,0.2195,3707,0.15,600,453,142.74,3000
sim_layered_newflow_2026-07-10T23-54-52-761Z,4,498a8616-eaf7-4514-8128-60c6c73f6e55,ToB_Cost_Adult,actual_7_10,0.4800000000000001,5700,1766,3892425,true,0.00098095,3.56029,0.2195,3792,0.15,600,453,142.74,3000
sim_layered_newflow_2026-07-10T23-54-52-761Z,4,498a8616-eaf7-4514-8128-60c6c73f6e55,ToB_Cost_Adult,actual_7_10,0.4800000000000001,5800,1676,3687081,true,0.00093093,3.56029,0.2195,3877,0.15,600,453,142.74,3000
sim_layered_newflow_2026-07-10T23-54-52-761Z,4,498a8616-eaf7-4514-8128-60c6c73f6e55,ToB_Cost_Adult,actual_7_10,0.4800000000000001,5900,1590,3484930,true,0.00088346,3.56029,0.2195,3962,0.15,600,453,142.74,3000
sim_layered_newflow_2026-07-10T23-54-52-761Z,4,498a8616-eaf7-4514-8128-60c6c73f6e55,ToB_Cost_Adult,actual_7_10,0.4800000000000001,6000,1509,3286179,true,0.0008384,3.56029,0.2195,4047,0.15,600,453,142.74,3000
sim_layered_newflow_2026-07-10T23-54-52-761Z,4,498a8616-eaf7-4514-8128-60c6c73f6e55,ToB_Cost_Adult,actual_7_10,0.4800000000000001,6100,1432,3091008,true,0.00079564,3.56029,0.2195,4132,0.15,600,453,142.74,3000
sim_layered_newflow_2026-07-10T23-54-52-761Z,4,498a8616-eaf7-4514-8128-60c6c73f6e55,ToB_Cost_Adult,actual_7_10,0.4800000000000001,6200,1359,2899571,true,0.00075506,3.56029,0.2195,4217,0.15,600,453,142.74,3000
sim_layered_newflow_2026-07-10T23-54-52-761Z,4,498a8616-eaf7-4514-8128-60c6c73f6e55,ToB_Cost_Adult,actual_7_10,0.4800000000000001,6300,1290,2711993,true,0.00071655,3.56029,0.2195,4302,0.15,600,453,142.74,3000
sim_layered_newflow_2026-07-10T23-54-52-761Z,4,498a8616-eaf7-4514-8128-60c6c73f6e55,ToB_Cost_Adult,actual_7_10,0.4800000000000001,6400,1224,2528381,true,0.00068,3.56029,0.2195,4387,0.15,600,453,142.74,3000
sim_layered_newflow_2026-07-10T23-54-52-761Z,4,498a8616-eaf7-4514-8128-60c6c73f6e55,ToB_Cost_Adult,actual_7_10,0.4800000000000001,6500,1162,2348817,true,0.00064531,3.56029,0.2195,4472,0.15,600,453,142.74,3000
sim_layered_newflow_2026-07-10T23-54-52-761Z,4,498a8616-eaf7-4514-8128-60c6c73f6e55,ToB_Cost_Adult,actual_7_10,0.4800000000000001,6600,1102,2173368,true,0.00061239,3.56029,0.2195,4557,0.15,600,453,142.74,3000
sim_layered_newflow_2026-07-10T23-54-52-761Z,4,498a8616-eaf7-4514-8128-60c6c73f6e55,ToB_Cost_Adult,actual_7_10,0.4800000000000001,6700,1046,2002080,true,0.00058115,3.56029,0.2195,4642,0.15,600,453,142.74,3000
sim_layered_newflow_2026-07-10T23-54-52-761Z,4,498a8616-eaf7-4514-8128-60c6c73f6e55,ToB_Cost_Adult,actual_7_10,0.4800000000000001,6800,993,1834987,true,0.00055151,3.56029,0.2195,4727,0.15,600,453,142.74,3000
sim_layered_newflow_2026-07-10T23-54-52-761Z,4,498a8616-eaf7-4514-8128-60c6c73f6e55,ToB_Cost_Adult,actual_7_10,0.4800000000000001,6900,942,1672107,true,0.00052337,3.56029,0.2195,4812,0.15,600,453,142.74,3000
sim_layered_newflow_2026-07-10T23-54-52-761Z,4,498a8616-eaf7-4514-8128-60c6c73f6e55,ToB_Cost_Adult,actual_7_10,0.4800000000000001,7000,894,1513444,true,0.00049667,3.56029,0.2195,4897,0.15,600,453,142.74,3000
sim_layered_newflow_2026-07-10T23-54-52-761Z,4,498a8616-eaf7-4514-8128-60c6c73f6e55,ToB_Cost_Adult,low_0.35,0.35,1000,10058,-4391982,false,0.00558755,2.8423,0.161,-203,0.15,600,453,142.74,3000
sim_layered_newflow_2026-07-10T23-54-52-761Z,4,498a8616-eaf7-4514-8128-60c6c73f6e55,ToB_Cost_Adult,low_0.35,0.35,1100,9547,-3506132,false,0.00530386,2.8423,0.161,-118,0.15,600,453,142.74,3000
sim_layered_newflow_2026-07-10T23-54-52-761Z,4,498a8616-eaf7-4514-8128-60c6c73f6e55,ToB_Cost_Adult,low_0.35,0.35,1200,9062,-2706462,false,0.0050345,2.8423,0.161,-33,0.15,600,453,142.74,3000
sim_layered_newflow_2026-07-10T23-54-52-761Z,4,498a8616-eaf7-4514-8128-60c6c73f6e55,ToB_Cost_Adult,low_0.35,0.35,1300,8602,-1986536,false,0.00477876,2.8423,0.161,52,0.15,600,453,142.74,3000
sim_layered_newflow_2026-07-10T23-54-52-761Z,4,498a8616-eaf7-4514-8128-60c6c73f6e55,ToB_Cost_Adult,low_0.35,0.35,1400,8165,-1340342,false,0.00453595,2.8423,0.161,137,0.15,600,453,142.74,3000
sim_layered_newflow_2026-07-10T23-54-52-761Z,4,498a8616-eaf7-4514-8128-60c6c73f6e55,ToB_Cost_Adult,low_0.35,0.35,1500,7750,-762272,false,0.00430542,2.8423,0.161,222,0.15,600,453,142.74,3000
sim_layered_newflow_2026-07-10T23-54-52-761Z,4,498a8616-eaf7-4514-8128-60c6c73f6e55,ToB_Cost_Adult,low_0.35,0.35,1600,7356,-247090,false,0.00408656,2.8423,0.161,307,0.15,600,453,142.74,3000
sim_layered_newflow_2026-07-10T23-54-52-761Z,4,498a8616-eaf7-4514-8128-60c6c73f6e55,ToB_Cost_Adult,low_0.35,0.35,1700,6982,210084,true,0.00387878,2.8423,0.161,392,0.15,600,453,142.74,3000
sim_layered_newflow_2026-07-10T23-54-52-761Z,4,498a8616-eaf7-4514-8128-60c6c73f6e55,ToB_Cost_Adult,low_0.35,0.35,1800,6627,613802,true,0.00368152,2.8423,0.161,477,0.15,600,453,142.74,3000
sim_layered_newflow_2026-07-10T23-54-52-761Z,4,498a8616-eaf7-4514-8128-60c6c73f6e55,ToB_Cost_Adult,low_0.35,0.35,1900,6290,968305,true,0.00349427,2.8423,0.161,562,0.15,600,453,142.74,3000
sim_layered_newflow_2026-07-10T23-54-52-761Z,4,498a8616-eaf7-4514-8128-60c6c73f6e55,ToB_Cost_Adult,low_0.35,0.35,2000,5970,1277544,true,0.0033165,2.8423,0.161,647,0.15,600,453,142.74,3000
sim_layered_newflow_2026-07-10T23-54-52-761Z,4,498a8616-eaf7-4514-8128-60c6c73f6e55,ToB_Cost_Adult,low_0.35,0.35,2100,5666,1545196,true,0.00314775,2.8423,0.161,732,0.15,600,453,142.74,3000
sim_layered_newflow_2026-07-10T23-54-52-761Z,4,498a8616-eaf7-4514-8128-60c6c73f6e55,ToB_Cost_Adult,low_0.35,0.35,2200,5378,1774683,true,0.00298757,2.8423,0.161,817,0.15,600,453,142.74,3000
sim_layered_newflow_2026-07-10T23-54-52-761Z,4,498a8616-eaf7-4514-8128-60c6c73f6e55,ToB_Cost_Adult,low_0.35,0.35,2300,5104,1969191,true,0.00283551,2.8423,0.161,902,0.15,600,453,142.74,3000
sim_layered_newflow_2026-07-10T23-54-52-761Z,4,498a8616-eaf7-4514-8128-60c6c73f6e55,ToB_Cost_Adult,low_0.35,0.35,2400,4844,2131678,true,0.00269116,2.8423,0.161,987,0.15,600,453,142.74,3000
sim_layered_newflow_2026-07-10T23-54-52-761Z,4,498a8616-eaf7-4514-8128-60c6c73f6e55,ToB_Cost_Adult,low_0.35,0.35,2500,4597,2264895,true,0.00255415,2.8423,0.161,1072,0.15,600,453,142.74,3000
sim_layered_newflow_2026-07-10T23-54-52-761Z,4,498a8616-eaf7-4514-8128-60c6c73f6e55,ToB_Cost_Adult,low_0.35,0.35,2600,4363,2371398,true,0.0024241,2.8423,0.161,1157,0.15,600,453,142.74,3000
sim_layered_newflow_2026-07-10T23-54-52-761Z,4,498a8616-eaf7-4514-8128-60c6c73f6e55,ToB_Cost_Adult,low_0.35,0.35,2700,4141,2453557,true,0.00230065,2.8423,0.161,1242,0.15,600,453,142.74,3000
sim_layered_newflow_2026-07-10T23-54-52-761Z,4,498a8616-eaf7-4514-8128-60c6c73f6e55,ToB_Cost_Adult,low_0.35,0.35,2800,3930,2513571,true,0.00218348,2.8423,0.161,1327,0.15,600,453,142.74,3000
sim_layered_newflow_2026-07-10T23-54-52-761Z,4,498a8616-eaf7-4514-8128-60c6c73f6e55,ToB_Cost_Adult,low_0.35,0.35,2900,3730,2553482,true,0.00207226,2.8423,0.161,1412,0.15,600,453,142.74,3000
sim_layered_newflow_2026-07-10T23-54-52-761Z,4,498a8616-eaf7-4514-8128-60c6c73f6e55,ToB_Cost_Adult,low_0.35,0.35,3000,3540,2575179,true,0.00196669,2.8423,0.161,1497,0.15,600,453,142.74,3000
sim_layered_newflow_2026-07-10T23-54-52-761Z,4,498a8616-eaf7-4514-8128-60c6c73f6e55,ToB_Cost_Adult,low_0.35,0.35,3100,3360,2580413,true,0.0018665,2.8423,0.161,1582,0.15,600,453,142.74,3000
sim_layered_newflow_2026-07-10T23-54-52-761Z,4,498a8616-eaf7-4514-8128-60c6c73f6e55,ToB_Cost_Adult,low_0.35,0.35,3200,3189,2570802,true,0.00177139,2.8423,0.161,1667,0.15,600,453,142.74,3000
sim_layered_newflow_2026-07-10T23-54-52-761Z,4,498a8616-eaf7-4514-8128-60c6c73f6e55,ToB_Cost_Adult,low_0.35,0.35,3300,3026,2547846,true,0.00168113,2.8423,0.161,1752,0.15,600,453,142.74,3000
sim_layered_newflow_2026-07-10T23-54-52-761Z,4,498a8616-eaf7-4514-8128-60c6c73f6e55,ToB_Cost_Adult,low_0.35,0.35,3400,2872,2512927,true,0.00159546,2.8423,0.161,1837,0.15,600,453,142.74,3000
sim_layered_newflow_2026-07-10T23-54-52-761Z,4,498a8616-eaf7-4514-8128-60c6c73f6e55,ToB_Cost_Adult,low_0.35,0.35,3500,2725,2467325,true,0.00151415,2.8423,0.161,1922,0.15,600,453,142.74,3000
sim_layered_newflow_2026-07-10T23-54-52-761Z,4,498a8616-eaf7-4514-8128-60c6c73f6e55,ToB_Cost_Adult,low_0.35,0.35,3600,2587,2412218,true,0.00143697,2.8423,0.161,2007,0.15,600,453,142.74,3000
sim_layered_newflow_2026-07-10T23-54-52-761Z,4,498a8616-eaf7-4514-8128-60c6c73f6e55,ToB_Cost_Adult,low_0.35,0.35,3700,2455,2348692,true,0.00136372,2.8423,0.161,2092,0.15,600,453,142.74,3000
sim_layered_newflow_2026-07-10T23-54-52-761Z,4,498a8616-eaf7-4514-8128-60c6c73f6e55,ToB_Cost_Adult,low_0.35,0.35,3800,2330,2277750,true,0.00129421,2.8423,0.161,2177,0.15,600,453,142.74,3000
sim_layered_newflow_2026-07-10T23-54-52-761Z,4,498a8616-eaf7-4514-8128-60c6c73f6e55,ToB_Cost_Adult,low_0.35,0.35,3900,2211,2200313,true,0.00122823,2.8423,0.161,2262,0.15,600,453,142.74,3000
sim_layered_newflow_2026-07-10T23-54-52-761Z,4,498a8616-eaf7-4514-8128-60c6c73f6e55,ToB_Cost_Adult,low_0.35,0.35,4000,2098,2117225,true,0.00116561,2.8423,0.161,2347,0.15,600,453,142.74,3000
sim_layered_newflow_2026-07-10T23-54-52-761Z,4,498a8616-eaf7-4514-8128-60c6c73f6e55,ToB_Cost_Adult,low_0.35,0.35,4100,1991,2029266,true,0.00110618,2.8423,0.161,2432,0.15,600,453,142.74,3000
sim_layered_newflow_2026-07-10T23-54-52-761Z,4,498a8616-eaf7-4514-8128-60c6c73f6e55,ToB_Cost_Adult,low_0.35,0.35,4200,1890,1937148,true,0.00104978,2.8423,0.161,2517,0.15,600,453,142.74,3000
sim_layered_newflow_2026-07-10T23-54-52-761Z,4,498a8616-eaf7-4514-8128-60c6c73f6e55,ToB_Cost_Adult,low_0.35,0.35,4300,1793,1841523,true,0.00099625,2.8423,0.161,2602,0.15,600,453,142.74,3000
sim_layered_newflow_2026-07-10T23-54-52-761Z,4,498a8616-eaf7-4514-8128-60c6c73f6e55,ToB_Cost_Adult,low_0.35,0.35,4400,1702,1742989,true,0.00094545,2.8423,0.161,2687,0.15,600,453,142.74,3000
sim_layered_newflow_2026-07-10T23-54-52-761Z,4,498a8616-eaf7-4514-8128-60c6c73f6e55,ToB_Cost_Adult,low_0.35,0.35,4500,1615,1642092,true,0.00089723,2.8423,0.161,2772,0.15,600,453,142.74,3000
sim_layered_newflow_2026-07-10T23-54-52-761Z,4,498a8616-eaf7-4514-8128-60c6c73f6e55,ToB_Cost_Adult,low_0.35,0.35,4600,1533,1539328,true,0.00085147,2.8423,0.161,2857,0.15,600,453,142.74,3000
sim_layered_newflow_2026-07-10T23-54-52-761Z,4,498a8616-eaf7-4514-8128-60c6c73f6e55,ToB_Cost_Adult,low_0.35,0.35,4700,1454,1435151,true,0.00080805,2.8423,0.161,2942,0.15,600,453,142.74,3000
sim_layered_newflow_2026-07-10T23-54-52-761Z,4,498a8616-eaf7-4514-8128-60c6c73f6e55,ToB_Cost_Adult,low_0.35,0.35,4800,1380,1329973,true,0.00076683,2.8423,0.161,3027,0.15,600,453,142.74,3000
sim_layered_newflow_2026-07-10T23-54-52-761Z,4,498a8616-eaf7-4514-8128-60c6c73f6e55,ToB_Cost_Adult,low_0.35,0.35,4900,1310,1224166,true,0.00072772,2.8423,0.161,3112,0.15,600,453,142.74,3000
sim_layered_newflow_2026-07-10T23-54-52-761Z,4,498a8616-eaf7-4514-8128-60c6c73f6e55,ToB_Cost_Adult,low_0.35,0.35,5000,1243,1118069,true,0.0006906,2.8423,0.161,3197,0.15,600,453,142.74,3000
sim_layered_newflow_2026-07-10T23-54-52-761Z,4,498a8616-eaf7-4514-8128-60c6c73f6e55,ToB_Cost_Adult,low_0.35,0.35,5100,1180,1011986,true,0.00065538,2.8423,0.161,3282,0.15,600,453,142.74,3000
sim_layered_newflow_2026-07-10T23-54-52-761Z,4,498a8616-eaf7-4514-8128-60c6c73f6e55,ToB_Cost_Adult,low_0.35,0.35,5200,1119,906193,true,0.00062194,2.8423,0.161,3367,0.15,600,453,142.74,3000
sim_layered_newflow_2026-07-10T23-54-52-761Z,4,498a8616-eaf7-4514-8128-60c6c73f6e55,ToB_Cost_Adult,low_0.35,0.35,5300,1062,800936,true,0.00059022,2.8423,0.161,3452,0.15,600,453,142.74,3000
sim_layered_newflow_2026-07-10T23-54-52-761Z,4,498a8616-eaf7-4514-8128-60c6c73f6e55,ToB_Cost_Adult,low_0.35,0.35,5400,1008,696436,true,0.00056011,2.8423,0.161,3537,0.15,600,453,142.74,3000
sim_layered_newflow_2026-07-10T23-54-52-761Z,4,498a8616-eaf7-4514-8128-60c6c73f6e55,ToB_Cost_Adult,low_0.35,0.35,5500,957,592890,true,0.00053153,2.8423,0.161,3622,0.15,600,453,142.74,3000
sim_layered_newflow_2026-07-10T23-54-52-761Z,4,498a8616-eaf7-4514-8128-60c6c73f6e55,ToB_Cost_Adult,low_0.35,0.35,5600,908,490473,true,0.00050442,2.8423,0.161,3707,0.15,600,453,142.74,3000
sim_layered_newflow_2026-07-10T23-54-52-761Z,4,498a8616-eaf7-4514-8128-60c6c73f6e55,ToB_Cost_Adult,low_0.35,0.35,5700,862,389339,true,0.00047868,2.8423,0.161,3792,0.15,600,453,142.74,3000
sim_layered_newflow_2026-07-10T23-54-52-761Z,4,498a8616-eaf7-4514-8128-60c6c73f6e55,ToB_Cost_Adult,low_0.35,0.35,5800,818,289623,true,0.00045426,2.8423,0.161,3877,0.15,600,453,142.74,3000
sim_layered_newflow_2026-07-10T23-54-52-761Z,4,498a8616-eaf7-4514-8128-60c6c73f6e55,ToB_Cost_Adult,low_0.35,0.35,5900,776,191446,true,0.00043108,2.8423,0.161,3962,0.15,600,453,142.74,3000
sim_layered_newflow_2026-07-10T23-54-52-761Z,4,498a8616-eaf7-4514-8128-60c6c73f6e55,ToB_Cost_Adult,low_0.35,0.35,6000,736,94908,true,0.00040909,2.8423,0.161,4047,0.15,600,453,142.74,3000
sim_layered_newflow_2026-07-10T23-54-52-761Z,4,498a8616-eaf7-4514-8128-60c6c73f6e55,ToB_Cost_Adult,low_0.35,0.35,6100,699,100,true,0.00038822,2.8423,0.161,4132,0.15,600,453,142.74,3000
sim_layered_newflow_2026-07-10T23-54-52-761Z,4,498a8616-eaf7-4514-8128-60c6c73f6e55,ToB_Cost_Adult,low_0.35,0.35,6200,663,-92905,false,0.00036841,2.8423,0.161,4217,0.15,600,453,142.74,3000
sim_layered_newflow_2026-07-10T23-54-52-761Z,4,498a8616-eaf7-4514-8128-60c6c73f6e55,ToB_Cost_Adult,low_0.35,0.35,6300,629,-184044,false,0.00034961,2.8423,0.161,4302,0.15,600,453,142.74,3000
sim_layered_newflow_2026-07-10T23-54-52-761Z,4,498a8616-eaf7-4514-8128-60c6c73f6e55,ToB_Cost_Adult,low_0.35,0.35,6400,597,-273263,false,0.00033177,2.8423,0.161,4387,0.15,600,453,142.74,3000
sim_layered_newflow_2026-07-10T23-54-52-761Z,4,498a8616-eaf7-4514-8128-60c6c73f6e55,ToB_Cost_Adult,low_0.35,0.35,6500,567,-360523,false,0.00031484,2.8423,0.161,4472,0.15,600,453,142.74,3000
sim_layered_newflow_2026-07-10T23-54-52-761Z,4,498a8616-eaf7-4514-8128-60c6c73f6e55,ToB_Cost_Adult,low_0.35,0.35,6600,538,-445791,false,0.00029878,2.8423,0.161,4557,0.15,600,453,142.74,3000
sim_layered_newflow_2026-07-10T23-54-52-761Z,4,498a8616-eaf7-4514-8128-60c6c73f6e55,ToB_Cost_Adult,low_0.35,0.35,6700,510,-529042,false,0.00028353,2.8423,0.161,4642,0.15,600,453,142.74,3000
sim_layered_newflow_2026-07-10T23-54-52-761Z,4,498a8616-eaf7-4514-8128-60c6c73f6e55,ToB_Cost_Adult,low_0.35,0.35,6800,484,-610260,false,0.00026906,2.8423,0.161,4727,0.15,600,453,142.74,3000
sim_layered_newflow_2026-07-10T23-54-52-761Z,4,498a8616-eaf7-4514-8128-60c6c73f6e55,ToB_Cost_Adult,low_0.35,0.35,6900,460,-689436,false,0.00025533,2.8423,0.161,4812,0.15,600,453,142.74,3000
sim_layered_newflow_2026-07-10T23-54-52-761Z,4,498a8616-eaf7-4514-8128-60c6c73f6e55,ToB_Cost_Adult,low_0.35,0.35,7000,436,-766567,false,0.0002423,2.8423,0.161,4897,0.15,600,453,142.74,3000
sim_layered_newflow_2026-07-10T23-54-52-761Z,4,498a8616-eaf7-4514-8128-60c6c73f6e55,ToB_Cost_Adult,mid_0.50,0.5,1000,22865,-5914699,false,0.01270264,3.67075,0.2285,-203,0.15,600,453,142.74,3000
sim_layered_newflow_2026-07-10T23-54-52-761Z,4,498a8616-eaf7-4514-8128-60c6c73f6e55,ToB_Cost_Adult,mid_0.50,0.5,1100,21712,-3918559,false,0.01206209,3.67075,0.2285,-118,0.15,600,453,142.74,3000
sim_layered_newflow_2026-07-10T23-54-52-761Z,4,498a8616-eaf7-4514-8128-60c6c73f6e55,ToB_Cost_Adult,mid_0.50,0.5,1200,20616,-2116168,false,0.01145347,3.67075,0.2285,-33,0.15,600,453,142.74,3000
sim_layered_newflow_2026-07-10T23-54-52-761Z,4,498a8616-eaf7-4514-8128-60c6c73f6e55,ToB_Cost_Adult,mid_0.50,0.5,1300,19575,-493217,false,0.01087521,3.67075,0.2285,52,0.15,600,453,142.74,3000
sim_layered_newflow_2026-07-10T23-54-52-761Z,4,498a8616-eaf7-4514-8128-60c6c73f6e55,ToB_Cost_Adult,mid_0.50,0.5,1400,18587,963674,true,0.01032585,3.67075,0.2285,137,0.15,600,453,142.74,3000
sim_layered_newflow_2026-07-10T23-54-52-761Z,4,498a8616-eaf7-4514-8128-60c6c73f6e55,ToB_Cost_Adult,mid_0.50,0.5,1500,17647,2267017,true,0.00980396,3.67075,0.2285,222,0.15,600,453,142.74,3000
sim_layered_newflow_2026-07-10T23-54-52-761Z,4,498a8616-eaf7-4514-8128-60c6c73f6e55,ToB_Cost_Adult,mid_0.50,0.5,1600,16755,3428505,true,0.0093082,3.67075,0.2285,307,0.15,600,453,142.74,3000
sim_layered_newflow_2026-07-10T23-54-52-761Z,4,498a8616-eaf7-4514-8128-60c6c73f6e55,ToB_Cost_Adult,mid_0.50,0.5,1700,15907,4459056,true,0.00883729,3.67075,0.2285,392,0.15,600,453,142.74,3000
sim_layered_newflow_2026-07-10T23-54-52-761Z,4,498a8616-eaf7-4514-8128-60c6c73f6e55,ToB_Cost_Adult,mid_0.50,0.5,1800,15102,5368866,true,0.00838999,3.67075,0.2285,477,0.15,600,453,142.74,3000
sim_layered_newflow_2026-07-10T23-54-52-761Z,4,498a8616-eaf7-4514-8128-60c6c73f6e55,ToB_Cost_Adult,mid_0.50,0.5,1900,14337,6167448,true,0.00796516,3.67075,0.2285,562,0.15,600,453,142.74,3000
sim_layered_newflow_2026-07-10T23-54-52-761Z,4,498a8616-eaf7-4514-8128-60c6c73f6e55,ToB_Cost_Adult,mid_0.50,0.5,2000,13611,6863672,true,0.00756167,3.67075,0.2285,647,0.15,600,453,142.74,3000
sim_layered_newflow_2026-07-10T23-54-52-761Z,4,498a8616-eaf7-4514-8128-60c6c73f6e55,ToB_Cost_Adult,mid_0.50,0.5,2100,12921,7465807,true,0.00717848,3.67075,0.2285,732,0.15,600,453,142.74,3000
sim_layered_newflow_2026-07-10T23-54-52-761Z,4,498a8616-eaf7-4514-8128-60c6c73f6e55,ToB_Cost_Adult,mid_0.50,0.5,2200,12266,7981558,true,0.00681457,3.67075,0.2285,817,0.15,600,453,142.74,3000
sim_layered_newflow_2026-07-10T23-54-52-761Z,4,498a8616-eaf7-4514-8128-60c6c73f6e55,ToB_Cost_Adult,mid_0.50,0.5,2300,11644,8418096,true,0.00646899,3.67075,0.2285,902,0.15,600,453,142.74,3000
sim_layered_newflow_2026-07-10T23-54-52-761Z,4,498a8616-eaf7-4514-8128-60c6c73f6e55,ToB_Cost_Adult,mid_0.50,0.5,2400,11053,8782097,true,0.00614082,3.67075,0.2285,987,0.15,600,453,142.74,3000
sim_layered_newflow_2026-07-10T23-54-52-761Z,4,498a8616-eaf7-4514-8128-60c6c73f6e55,ToB_Cost_Adult,mid_0.50,0.5,2500,10493,9079770,true,0.00582921,3.67075,0.2285,1072,0.15,600,453,142.74,3000
sim_layered_newflow_2026-07-10T23-54-52-761Z,4,498a8616-eaf7-4514-8128-60c6c73f6e55,ToB_Cost_Adult,mid_0.50,0.5,2600,9960,9316885,true,0.00553332,3.67075,0.2285,1157,0.15,600,453,142.74,3000
sim_layered_newflow_2026-07-10T23-54-52-761Z,4,498a8616-eaf7-4514-8128-60c6c73f6e55,ToB_Cost_Adult,mid_0.50,0.5,2700,9454,9498803,true,0.00525237,3.67075,0.2285,1242,0.15,600,453,142.74,3000
sim_layered_newflow_2026-07-10T23-54-52-761Z,4,498a8616-eaf7-4514-8128-60c6c73f6e55,ToB_Cost_Adult,mid_0.50,0.5,2800,8974,9630501,true,0.00498561,3.67075,0.2285,1327,0.15,600,453,142.74,3000
sim_layered_newflow_2026-07-10T23-54-52-761Z,4,498a8616-eaf7-4514-8128-60c6c73f6e55,ToB_Cost_Adult,mid_0.50,0.5,2900,8518,9716597,true,0.00473234,3.67075,0.2285,1412,0.15,600,453,142.74,3000
sim_layered_newflow_2026-07-10T23-54-52-761Z,4,498a8616-eaf7-4514-8128-60c6c73f6e55,ToB_Cost_Adult,mid_0.50,0.5,3000,8085,9761373,true,0.00449187,3.67075,0.2285,1497,0.15,600,453,142.74,3000
sim_layered_newflow_2026-07-10T23-54-52-761Z,4,498a8616-eaf7-4514-8128-60c6c73f6e55,ToB_Cost_Adult,mid_0.50,0.5,3100,7674,9768797,true,0.00426358,3.67075,0.2285,1582,0.15,600,453,142.74,3000
sim_layered_newflow_2026-07-10T23-54-52-761Z,4,498a8616-eaf7-4514-8128-60c6c73f6e55,ToB_Cost_Adult,mid_0.50,0.5,3200,7284,9742541,true,0.00404683,3.67075,0.2285,1667,0.15,600,453,142.74,3000
sim_layered_newflow_2026-07-10T23-54-52-761Z,4,498a8616-eaf7-4514-8128-60c6c73f6e55,ToB_Cost_Adult,mid_0.50,0.5,3300,6914,9686005,true,0.00384107,3.67075,0.2285,1752,0.15,600,453,142.74,3000
sim_layered_newflow_2026-07-10T23-54-52-761Z,4,498a8616-eaf7-4514-8128-60c6c73f6e55,ToB_Cost_Adult,mid_0.50,0.5,3400,6562,9602330,true,0.00364572,3.67075,0.2285,1837,0.15,600,453,142.74,3000
sim_layered_newflow_2026-07-10T23-54-52-761Z,4,498a8616-eaf7-4514-8128-60c6c73f6e55,ToB_Cost_Adult,mid_0.50,0.5,3500,6229,9494419,true,0.00346028,3.67075,0.2285,1922,0.15,600,453,142.74,3000
sim_layered_newflow_2026-07-10T23-54-52-761Z,4,498a8616-eaf7-4514-8128-60c6c73f6e55,ToB_Cost_Adult,mid_0.50,0.5,3600,5912,9364951,true,0.00328424,3.67075,0.2285,2007,0.15,600,453,142.74,3000
sim_layered_newflow_2026-07-10T23-54-52-761Z,4,498a8616-eaf7-4514-8128-60c6c73f6e55,ToB_Cost_Adult,mid_0.50,0.5,3700,5611,9216397,true,0.00311713,3.67075,0.2285,2092,0.15,600,453,142.74,3000
sim_layered_newflow_2026-07-10T23-54-52-761Z,4,498a8616-eaf7-4514-8128-60c6c73f6e55,ToB_Cost_Adult,mid_0.50,0.5,3800,5325,9051033,true,0.00295849,3.67075,0.2285,2177,0.15,600,453,142.74,3000
sim_layered_newflow_2026-07-10T23-54-52-761Z,4,498a8616-eaf7-4514-8128-60c6c73f6e55,ToB_Cost_Adult,mid_0.50,0.5,3900,5054,8870952,true,0.00280791,3.67075,0.2285,2262,0.15,600,453,142.74,3000
sim_layered_newflow_2026-07-10T23-54-52-761Z,4,498a8616-eaf7-4514-8128-60c6c73f6e55,ToB_Cost_Adult,mid_0.50,0.5,4000,4797,8678081,true,0.00266497,3.67075,0.2285,2347,0.15,600,453,142.74,3000
sim_layered_newflow_2026-07-10T23-54-52-761Z,4,498a8616-eaf7-4514-8128-60c6c73f6e55,ToB_Cost_Adult,mid_0.50,0.5,4100,4553,8474189,true,0.00252929,3.67075,0.2285,2432,0.15,600,453,142.74,3000
sim_layered_newflow_2026-07-10T23-54-52-761Z,4,498a8616-eaf7-4514-8128-60c6c73f6e55,ToB_Cost_Adult,mid_0.50,0.5,4200,4321,8260898,true,0.0024005,3.67075,0.2285,2517,0.15,600,453,142.74,3000
sim_layered_newflow_2026-07-10T23-54-52-761Z,4,498a8616-eaf7-4514-8128-60c6c73f6e55,ToB_Cost_Adult,mid_0.50,0.5,4300,4101,8039694,true,0.00227825,3.67075,0.2285,2602,0.15,600,453,142.74,3000
sim_layered_newflow_2026-07-10T23-54-52-761Z,4,498a8616-eaf7-4514-8128-60c6c73f6e55,ToB_Cost_Adult,mid_0.50,0.5,4400,3892,7811937,true,0.00216221,3.67075,0.2285,2687,0.15,600,453,142.74,3000
sim_layered_newflow_2026-07-10T23-54-52-761Z,4,498a8616-eaf7-4514-8128-60c6c73f6e55,ToB_Cost_Adult,mid_0.50,0.5,4500,3694,7578868,true,0.00205207,3.67075,0.2285,2772,0.15,600,453,142.74,3000
sim_layered_newflow_2026-07-10T23-54-52-761Z,4,498a8616-eaf7-4514-8128-60c6c73f6e55,ToB_Cost_Adult,mid_0.50,0.5,4600,3506,7341620,true,0.00194754,3.67075,0.2285,2857,0.15,600,453,142.74,3000
sim_layered_newflow_2026-07-10T23-54-52-761Z,4,498a8616-eaf7-4514-8128-60c6c73f6e55,ToB_Cost_Adult,mid_0.50,0.5,4700,3327,7101226,true,0.00184831,3.67075,0.2285,2942,0.15,600,453,142.74,3000
sim_layered_newflow_2026-07-10T23-54-52-761Z,4,498a8616-eaf7-4514-8128-60c6c73f6e55,ToB_Cost_Adult,mid_0.50,0.5,4800,3157,6858622,true,0.00175414,3.67075,0.2285,3027,0.15,600,453,142.74,3000
sim_layered_newflow_2026-07-10T23-54-52-761Z,4,498a8616-eaf7-4514-8128-60c6c73f6e55,ToB_Cost_Adult,mid_0.50,0.5,4900,2997,6614659,true,0.00166475,3.67075,0.2285,3112,0.15,600,453,142.74,3000
sim_layered_newflow_2026-07-10T23-54-52-761Z,4,498a8616-eaf7-4514-8128-60c6c73f6e55,ToB_Cost_Adult,mid_0.50,0.5,5000,2844,6370105,true,0.00157991,3.67075,0.2285,3197,0.15,600,453,142.74,3000
sim_layered_newflow_2026-07-10T23-54-52-761Z,4,498a8616-eaf7-4514-8128-60c6c73f6e55,ToB_Cost_Adult,mid_0.50,0.5,5100,2699,6125657,true,0.00149939,3.67075,0.2285,3282,0.15,600,453,142.74,3000
sim_layered_newflow_2026-07-10T23-54-52-761Z,4,498a8616-eaf7-4514-8128-60c6c73f6e55,ToB_Cost_Adult,mid_0.50,0.5,5200,2561,5881939,true,0.00142297,3.67075,0.2285,3367,0.15,600,453,142.74,3000
sim_layered_newflow_2026-07-10T23-54-52-761Z,4,498a8616-eaf7-4514-8128-60c6c73f6e55,ToB_Cost_Adult,mid_0.50,0.5,5300,2431,5639513,true,0.00135043,3.67075,0.2285,3452,0.15,600,453,142.74,3000
sim_layered_newflow_2026-07-10T23-54-52-761Z,4,498a8616-eaf7-4514-8128-60c6c73f6e55,ToB_Cost_Adult,mid_0.50,0.5,5400,2307,5398882,true,0.00128159,3.67075,0.2285,3537,0.15,600,453,142.74,3000
sim_layered_newflow_2026-07-10T23-54-52-761Z,4,498a8616-eaf7-4514-8128-60c6c73f6e55,ToB_Cost_Adult,mid_0.50,0.5,5500,2189,5160493,true,0.00121626,3.67075,0.2285,3622,0.15,600,453,142.74,3000
sim_layered_newflow_2026-07-10T23-54-52-761Z,4,498a8616-eaf7-4514-8128-60c6c73f6e55,ToB_Cost_Adult,mid_0.50,0.5,5600,2078,4924744,true,0.00115425,3.67075,0.2285,3707,0.15,600,453,142.74,3000
sim_layered_newflow_2026-07-10T23-54-52-761Z,4,498a8616-eaf7-4514-8128-60c6c73f6e55,ToB_Cost_Adult,mid_0.50,0.5,5700,1972,4691986,true,0.0010954,3.67075,0.2285,3792,0.15,600,453,142.74,3000
sim_layered_newflow_2026-07-10T23-54-52-761Z,4,498a8616-eaf7-4514-8128-60c6c73f6e55,ToB_Cost_Adult,mid_0.50,0.5,5800,1871,4462529,true,0.00103954,3.67075,0.2285,3877,0.15,600,453,142.74,3000
sim_layered_newflow_2026-07-10T23-54-52-761Z,4,498a8616-eaf7-4514-8128-60c6c73f6e55,ToB_Cost_Adult,mid_0.50,0.5,5900,1776,4236642,true,0.00098653,3.67075,0.2285,3962,0.15,600,453,142.74,3000
sim_layered_newflow_2026-07-10T23-54-52-761Z,4,498a8616-eaf7-4514-8128-60c6c73f6e55,ToB_Cost_Adult,mid_0.50,0.5,6000,1685,4014557,true,0.00093623,3.67075,0.2285,4047,0.15,600,453,142.74,3000
sim_layered_newflow_2026-07-10T23-54-52-761Z,4,498a8616-eaf7-4514-8128-60c6c73f6e55,ToB_Cost_Adult,mid_0.50,0.5,6100,1599,3796476,true,0.00088848,3.67075,0.2285,4132,0.15,600,453,142.74,3000
sim_layered_newflow_2026-07-10T23-54-52-761Z,4,498a8616-eaf7-4514-8128-60c6c73f6e55,ToB_Cost_Adult,mid_0.50,0.5,6200,1518,3582568,true,0.00084317,3.67075,0.2285,4217,0.15,600,453,142.74,3000
sim_layered_newflow_2026-07-10T23-54-52-761Z,4,498a8616-eaf7-4514-8128-60c6c73f6e55,ToB_Cost_Adult,mid_0.50,0.5,6300,1440,3372975,true,0.00080017,3.67075,0.2285,4302,0.15,600,453,142.74,3000
sim_layered_newflow_2026-07-10T23-54-52-761Z,4,498a8616-eaf7-4514-8128-60c6c73f6e55,ToB_Cost_Adult,mid_0.50,0.5,6400,1367,3167815,true,0.00075936,3.67075,0.2285,4387,0.15,600,453,142.74,3000
sim_layered_newflow_2026-07-10T23-54-52-761Z,4,498a8616-eaf7-4514-8128-60c6c73f6e55,ToB_Cost_Adult,mid_0.50,0.5,6500,1297,2967180,true,0.00072062,3.67075,0.2285,4472,0.15,600,453,142.74,3000
sim_layered_newflow_2026-07-10T23-54-52-761Z,4,498a8616-eaf7-4514-8128-60c6c73f6e55,ToB_Cost_Adult,mid_0.50,0.5,6600,1231,2771144,true,0.00068387,3.67075,0.2285,4557,0.15,600,453,142.74,3000
sim_layered_newflow_2026-07-10T23-54-52-761Z,4,498a8616-eaf7-4514-8128-60c6c73f6e55,ToB_Cost_Adult,mid_0.50,0.5,6700,1168,2579760,true,0.00064898,3.67075,0.2285,4642,0.15,600,453,142.74,3000
sim_layered_newflow_2026-07-10T23-54-52-761Z,4,498a8616-eaf7-4514-8128-60c6c73f6e55,ToB_Cost_Adult,mid_0.50,0.5,6800,1109,2393064,true,0.00061588,3.67075,0.2285,4727,0.15,600,453,142.74,3000
sim_layered_newflow_2026-07-10T23-54-52-761Z,4,498a8616-eaf7-4514-8128-60c6c73f6e55,ToB_Cost_Adult,mid_0.50,0.5,6900,1052,2211077,true,0.00058446,3.67075,0.2285,4812,0.15,600,453,142.74,3000
sim_layered_newflow_2026-07-10T23-54-52-761Z,4,498a8616-eaf7-4514-8128-60c6c73f6e55,ToB_Cost_Adult,mid_0.50,0.5,7000,998,2033803,true,0.00055464,3.67075,0.2285,4897,0.15,600,453,142.74,3000
sim_layered_newflow_2026-07-10T23-54-52-761Z,4,498a8616-eaf7-4514-8128-60c6c73f6e55,ToB_Cost_Adult,high_0.65,0.65,1000,51511,-8886300,false,0.02861724,4.4992,0.296,-203,0.15,600,453,142.74,3000
sim_layered_newflow_2026-07-10T23-54-52-761Z,4,498a8616-eaf7-4514-8128-60c6c73f6e55,ToB_Cost_Adult,high_0.65,0.65,1100,48953,-4429385,false,0.02719628,4.4992,0.296,-118,0.15,600,453,142.74,3000
sim_layered_newflow_2026-07-10T23-54-52-761Z,4,498a8616-eaf7-4514-8128-60c6c73f6e55,ToB_Cost_Adult,high_0.65,0.65,1200,46519,-400571,false,0.02584399,4.4992,0.296,-33,0.15,600,453,142.74,3000
sim_layered_newflow_2026-07-10T23-54-52-761Z,4,498a8616-eaf7-4514-8128-60c6c73f6e55,ToB_Cost_Adult,high_0.65,0.65,1300,44203,3230880,true,0.02455725,4.4992,0.296,52,0.15,600,453,142.74,3000
sim_layered_newflow_2026-07-10T23-54-52-761Z,4,498a8616-eaf7-4514-8128-60c6c73f6e55,ToB_Cost_Adult,high_0.65,0.65,1400,41999,6493835,true,0.02333303,4.4992,0.296,137,0.15,600,453,142.74,3000
sim_layered_newflow_2026-07-10T23-54-52-761Z,4,498a8616-eaf7-4514-8128-60c6c73f6e55,ToB_Cost_Adult,high_0.65,0.65,1500,39903,9415389,true,0.02216846,4.4992,0.296,222,0.15,600,453,142.74,3000
sim_layered_newflow_2026-07-10T23-54-52-761Z,4,498a8616-eaf7-4514-8128-60c6c73f6e55,ToB_Cost_Adult,high_0.65,0.65,1600,37909,12020949,true,0.02106076,4.4992,0.296,307,0.15,600,453,142.74,3000
sim_layered_newflow_2026-07-10T23-54-52-761Z,4,498a8616-eaf7-4514-8128-60c6c73f6e55,ToB_Cost_Adult,high_0.65,0.65,1700,36013,14334330,true,0.02000728,4.4992,0.296,392,0.15,600,453,142.74,3000
sim_layered_newflow_2026-07-10T23-54-52-761Z,4,498a8616-eaf7-4514-8128-60c6c73f6e55,ToB_Cost_Adult,high_0.65,0.65,1800,34210,16377833,true,0.01900547,4.4992,0.296,477,0.15,600,453,142.74,3000
sim_layered_newflow_2026-07-10T23-54-52-761Z,4,498a8616-eaf7-4514-8128-60c6c73f6e55,ToB_Cost_Adult,high_0.65,0.65,1900,32495,18172331,true,0.0180529,4.4992,0.296,562,0.15,600,453,142.74,3000
sim_layered_newflow_2026-07-10T23-54-52-761Z,4,498a8616-eaf7-4514-8128-60c6c73f6e55,ToB_Cost_Adult,high_0.65,0.65,2000,30865,19737345,true,0.01714724,4.4992,0.296,647,0.15,600,453,142.74,3000
sim_layered_newflow_2026-07-10T23-54-52-761Z,4,498a8616-eaf7-4514-8128-60c6c73f6e55,ToB_Cost_Adult,high_0.65,0.65,2100,29315,21091122,true,0.01628626,4.4992,0.296,732,0.15,600,453,142.74,3000
sim_layered_newflow_2026-07-10T23-54-52-761Z,4,498a8616-eaf7-4514-8128-60c6c73f6e55,ToB_Cost_Adult,high_0.65,0.65,2200,27842,22250700,true,0.01546783,4.4992,0.296,817,0.15,600,453,142.74,3000
sim_layered_newflow_2026-07-10T23-54-52-761Z,4,498a8616-eaf7-4514-8128-60c6c73f6e55,ToB_Cost_Adult,high_0.65,0.65,2300,26442,23231985,true,0.01468991,4.4992,0.296,902,0.15,600,453,142.74,3000
sim_layered_newflow_2026-07-10T23-54-52-761Z,4,498a8616-eaf7-4514-8128-60c6c73f6e55,ToB_Cost_Adult,high_0.65,0.65,2400,25111,24049812,true,0.01395056,4.4992,0.296,987,0.15,600,453,142.74,3000
sim_layered_newflow_2026-07-10T23-54-52-761Z,4,498a8616-eaf7-4514-8128-60c6c73f6e55,ToB_Cost_Adult,high_0.65,0.65,2500,23846,24718007,true,0.01324793,4.4992,0.296,1072,0.15,600,453,142.74,3000
sim_layered_newflow_2026-07-10T23-54-52-761Z,4,498a8616-eaf7-4514-8128-60c6c73f6e55,ToB_Cost_Adult,high_0.65,0.65,2600,22644,25249446,true,0.01258023,4.4992,0.296,1157,0.15,600,453,142.74,3000
sim_layered_newflow_2026-07-10T23-54-52-761Z,4,498a8616-eaf7-4514-8128-60c6c73f6e55,ToB_Cost_Adult,high_0.65,0.65,2700,21502,25656118,true,0.01194577,4.4992,0.296,1242,0.15,600,453,142.74,3000
sim_layered_newflow_2026-07-10T23-54-52-761Z,4,498a8616-eaf7-4514-8128-60c6c73f6e55,ToB_Cost_Adult,high_0.65,0.65,2800,20417,25949168,true,0.01134295,4.4992,0.296,1327,0.15,600,453,142.74,3000
sim_layered_newflow_2026-07-10T23-54-52-761Z,4,498a8616-eaf7-4514-8128-60c6c73f6e55,ToB_Cost_Adult,high_0.65,0.65,2900,19386,26138957,true,0.01077021,4.4992,0.296,1412,0.15,600,453,142.74,3000
sim_layered_newflow_2026-07-10T23-54-52-761Z,4,498a8616-eaf7-4514-8128-60c6c73f6e55,ToB_Cost_Adult,high_0.65,0.65,3000,18407,26235107,true,0.0102261,4.4992,0.296,1497,0.15,600,453,142.74,3000
sim_layered_newflow_2026-07-10T23-54-52-761Z,4,498a8616-eaf7-4514-8128-60c6c73f6e55,ToB_Cost_Adult,high_0.65,0.65,3100,17477,26246544,true,0.0097092,4.4992,0.296,1582,0.15,600,453,142.74,3000
sim_layered_newflow_2026-07-10T23-54-52-761Z,4,498a8616-eaf7-4514-8128-60c6c73f6e55,ToB_Cost_Adult,high_0.65,0.65,3200,16593,26181547,true,0.00921819,4.4992,0.296,1667,0.15,600,453,142.74,3000
sim_layered_newflow_2026-07-10T23-54-52-761Z,4,498a8616-eaf7-4514-8128-60c6c73f6e55,ToB_Cost_Adult,high_0.65,0.65,3300,15753,26047785,true,0.00875179,4.4992,0.296,1752,0.15,600,453,142.74,3000
sim_layered_newflow_2026-07-10T23-54-52-761Z,4,498a8616-eaf7-4514-8128-60c6c73f6e55,ToB_Cost_Adult,high_0.65,0.65,3400,14956,25852357,true,0.00830879,4.4992,0.296,1837,0.15,600,453,142.74,3000
sim_layered_newflow_2026-07-10T23-54-52-761Z,4,498a8616-eaf7-4514-8128-60c6c73f6e55,ToB_Cost_Adult,high_0.65,0.65,3500,14198,25601827,true,0.00788803,4.4992,0.296,1922,0.15,600,453,142.74,3000
sim_layered_newflow_2026-07-10T23-54-52-761Z,4,498a8616-eaf7-4514-8128-60c6c73f6e55,ToB_Cost_Adult,high_0.65,0.65,3600,13479,25302262,true,0.00748843,4.4992,0.296,2007,0.15,600,453,142.74,3000
sim_layered_newflow_2026-07-10T23-54-52-761Z,4,498a8616-eaf7-4514-8128-60c6c73f6e55,ToB_Cost_Adult,high_0.65,0.65,3700,12796,24959261,true,0.00710892,4.4992,0.296,2092,0.15,600,453,142.74,3000
sim_layered_newflow_2026-07-10T23-54-52-761Z,4,498a8616-eaf7-4514-8128-60c6c73f6e55,ToB_Cost_Adult,high_0.65,0.65,3800,12147,24577988,true,0.00674851,4.4992,0.296,2177,0.15,600,453,142.74,3000
sim_layered_newflow_2026-07-10T23-54-52-761Z,4,498a8616-eaf7-4514-8128-60c6c73f6e55,ToB_Cost_Adult,high_0.65,0.65,3900,11531,24163200,true,0.00640626,4.4992,0.296,2262,0.15,600,453,142.74,3000
sim_layered_newflow_2026-07-10T23-54-52-761Z,4,498a8616-eaf7-4514-8128-60c6c73f6e55,ToB_Cost_Adult,high_0.65,0.65,4000,10946,23719272,true,0.00608125,4.4992,0.296,2347,0.15,600,453,142.74,3000
sim_layered_newflow_2026-07-10T23-54-52-761Z,4,498a8616-eaf7-4514-8128-60c6c73f6e55,ToB_Cost_Adult,high_0.65,0.65,4100,10391,23250230,true,0.00577264,4.4992,0.296,2432,0.15,600,453,142.74,3000
sim_layered_newflow_2026-07-10T23-54-52-761Z,4,498a8616-eaf7-4514-8128-60c6c73f6e55,ToB_Cost_Adult,high_0.65,0.65,4200,9863,22759764,true,0.00547961,4.4992,0.296,2517,0.15,600,453,142.74,3000
sim_layered_newflow_2026-07-10T23-54-52-761Z,4,498a8616-eaf7-4514-8128-60c6c73f6e55,ToB_Cost_Adult,high_0.65,0.65,4300,9362,22251260,true,0.00520137,4.4992,0.296,2602,0.15,600,453,142.74,3000
sim_layered_newflow_2026-07-10T23-54-52-761Z,4,498a8616-eaf7-4514-8128-60c6c73f6e55,ToB_Cost_Adult,high_0.65,0.65,4400,8887,21727818,true,0.00493719,4.4992,0.296,2687,0.15,600,453,142.74,3000
sim_layered_newflow_2026-07-10T23-54-52-761Z,4,498a8616-eaf7-4514-8128-60c6c73f6e55,ToB_Cost_Adult,high_0.65,0.65,4500,8435,21192269,true,0.00468637,4.4992,0.296,2772,0.15,600,453,142.74,3000
sim_layered_newflow_2026-07-10T23-54-52-761Z,4,498a8616-eaf7-4514-8128-60c6c73f6e55,ToB_Cost_Adult,high_0.65,0.65,4600,8007,20647200,true,0.00444823,4.4992,0.296,2857,0.15,600,453,142.74,3000
sim_layered_newflow_2026-07-10T23-54-52-761Z,4,498a8616-eaf7-4514-8128-60c6c73f6e55,ToB_Cost_Adult,high_0.65,0.65,4700,7600,20094965,true,0.00422214,4.4992,0.296,2942,0.15,600,453,142.74,3000
sim_layered_newflow_2026-07-10T23-54-52-761Z,4,498a8616-eaf7-4514-8128-60c6c73f6e55,ToB_Cost_Adult,high_0.65,0.65,4800,7213,19537705,true,0.0040075,4.4992,0.296,3027,0.15,600,453,142.74,3000
sim_layered_newflow_2026-07-10T23-54-52-761Z,4,498a8616-eaf7-4514-8128-60c6c73f6e55,ToB_Cost_Adult,high_0.65,0.65,4900,6847,18977364,true,0.00380372,4.4992,0.296,3112,0.15,600,453,142.74,3000
sim_layered_newflow_2026-07-10T23-54-52-761Z,4,498a8616-eaf7-4514-8128-60c6c73f6e55,ToB_Cost_Adult,high_0.65,0.65,5000,6498,18415701,true,0.00361027,4.4992,0.296,3197,0.15,600,453,142.74,3000
sim_layered_newflow_2026-07-10T23-54-52-761Z,4,498a8616-eaf7-4514-8128-60c6c73f6e55,ToB_Cost_Adult,high_0.65,0.65,5100,6168,17854306,true,0.00342663,4.4992,0.296,3282,0.15,600,453,142.74,3000
sim_layered_newflow_2026-07-10T23-54-52-761Z,4,498a8616-eaf7-4514-8128-60c6c73f6e55,ToB_Cost_Adult,high_0.65,0.65,5200,5854,17294609,true,0.00325229,4.4992,0.296,3367,0.15,600,453,142.74,3000
sim_layered_newflow_2026-07-10T23-54-52-761Z,4,498a8616-eaf7-4514-8128-60c6c73f6e55,ToB_Cost_Adult,high_0.65,0.65,5300,5556,16737897,true,0.0030868,4.4992,0.296,3452,0.15,600,453,142.74,3000
sim_layered_newflow_2026-07-10T23-54-52-761Z,4,498a8616-eaf7-4514-8128-60c6c73f6e55,ToB_Cost_Adult,high_0.65,0.65,5400,5273,16185319,true,0.0029297,4.4992,0.296,3537,0.15,600,453,142.74,3000
sim_layered_newflow_2026-07-10T23-54-52-761Z,4,498a8616-eaf7-4514-8128-60c6c73f6e55,ToB_Cost_Adult,high_0.65,0.65,5500,5005,15637902,true,0.00278058,4.4992,0.296,3622,0.15,600,453,142.74,3000
sim_layered_newflow_2026-07-10T23-54-52-761Z,4,498a8616-eaf7-4514-8128-60c6c73f6e55,ToB_Cost_Adult,high_0.65,0.65,5600,4750,15096557,true,0.00263903,4.4992,0.296,3707,0.15,600,453,142.74,3000
sim_layered_newflow_2026-07-10T23-54-52-761Z,4,498a8616-eaf7-4514-8128-60c6c73f6e55,ToB_Cost_Adult,high_0.65,0.65,5700,4508,14562090,true,0.00250466,4.4992,0.296,3792,0.15,600,453,142.74,3000
sim_layered_newflow_2026-07-10T23-54-52-761Z,4,498a8616-eaf7-4514-8128-60c6c73f6e55,ToB_Cost_Adult,high_0.65,0.65,5800,4279,14035207,true,0.00237712,4.4992,0.296,3877,0.15,600,453,142.74,3000
sim_layered_newflow_2026-07-10T23-54-52-761Z,4,498a8616-eaf7-4514-8128-60c6c73f6e55,ToB_Cost_Adult,high_0.65,0.65,5900,4061,13516527,true,0.00225606,4.4992,0.296,3962,0.15,600,453,142.74,3000
sim_layered_newflow_2026-07-10T23-54-52-761Z,4,498a8616-eaf7-4514-8128-60c6c73f6e55,ToB_Cost_Adult,high_0.65,0.65,6000,3854,13006584,true,0.00214115,4.4992,0.296,4047,0.15,600,453,142.74,3000
sim_layered_newflow_2026-07-10T23-54-52-761Z,4,498a8616-eaf7-4514-8128-60c6c73f6e55,ToB_Cost_Adult,high_0.65,0.65,6100,3658,12505838,true,0.00203209,4.4992,0.296,4132,0.15,600,453,142.74,3000
sim_layered_newflow_2026-07-10T23-54-52-761Z,4,498a8616-eaf7-4514-8128-60c6c73f6e55,ToB_Cost_Adult,high_0.65,0.65,6200,3471,12014678,true,0.00192856,4.4992,0.296,4217,0.15,600,453,142.74,3000
sim_layered_newflow_2026-07-10T23-54-52-761Z,4,498a8616-eaf7-4514-8128-60c6c73f6e55,ToB_Cost_Adult,high_0.65,0.65,6300,3295,11533432,true,0.00183031,4.4992,0.296,4302,0.15,600,453,142.74,3000
sim_layered_newflow_2026-07-10T23-54-52-761Z,4,498a8616-eaf7-4514-8128-60c6c73f6e55,ToB_Cost_Adult,high_0.65,0.65,6400,3127,11062367,true,0.00173705,4.4992,0.296,4387,0.15,600,453,142.74,3000
sim_layered_newflow_2026-07-10T23-54-52-761Z,4,498a8616-eaf7-4514-8128-60c6c73f6e55,ToB_Cost_Adult,high_0.65,0.65,6500,2967,10601699,true,0.00164853,4.4992,0.296,4472,0.15,600,453,142.74,3000
sim_layered_newflow_2026-07-10T23-54-52-761Z,4,498a8616-eaf7-4514-8128-60c6c73f6e55,ToB_Cost_Adult,high_0.65,0.65,6600,2816,10151593,true,0.00156452,4.4992,0.296,4557,0.15,600,453,142.74,3000
sim_layered_newflow_2026-07-10T23-54-52-761Z,4,498a8616-eaf7-4514-8128-60c6c73f6e55,ToB_Cost_Adult,high_0.65,0.65,6700,2673,9712173,true,0.00148478,4.4992,0.296,4642,0.15,600,453,142.74,3000
sim_layered_newflow_2026-07-10T23-54-52-761Z,4,498a8616-eaf7-4514-8128-60c6c73f6e55,ToB_Cost_Adult,high_0.65,0.65,6800,2536,9283520,true,0.0014091,4.4992,0.296,4727,0.15,600,453,142.74,3000
sim_layered_newflow_2026-07-10T23-54-52-761Z,4,498a8616-eaf7-4514-8128-60c6c73f6e55,ToB_Cost_Adult,high_0.65,0.65,6900,2407,8865682,true,0.00133727,4.4992,0.296,4812,0.15,600,453,142.74,3000
sim_layered_newflow_2026-07-10T23-54-52-761Z,4,498a8616-eaf7-4514-8128-60c6c73f6e55,ToB_Cost_Adult,high_0.65,0.65,7000,2284,8458671,true,0.0012691,4.4992,0.296,4897,0.15,600,453,142.74,3000
sim_layered_newflow_2026-07-10T23-54-52-761Z,5,d28dc924-d79a-4074-9674-726172547ff9,ToB_Cost_Child,actual_7_10,0.48571428571428577,1000,27850,-13510864,false,0.01046979,3.5066,0.219071,-428,0.15,600,678,193.44,3000
sim_layered_newflow_2026-07-10T23-54-52-761Z,5,d28dc924-d79a-4074-9674-726172547ff9,ToB_Cost_Child,actual_7_10,0.48571428571428577,1100,26360,-10731319,false,0.00990982,3.5066,0.219071,-343,0.15,600,678,193.44,3000
sim_layered_newflow_2026-07-10T23-54-52-761Z,5,d28dc924-d79a-4074-9674-726172547ff9,ToB_Cost_Child,actual_7_10,0.48571428571428577,1200,24950,-8220129,false,0.00937952,3.5066,0.219071,-258,0.15,600,678,193.44,3000
sim_layered_newflow_2026-07-10T23-54-52-761Z,5,d28dc924-d79a-4074-9674-726172547ff9,ToB_Cost_Child,actual_7_10,0.48571428571428577,1300,23614,-5956735,false,0.00887734,3.5066,0.219071,-173,0.15,600,678,193.44,3000
sim_layered_newflow_2026-07-10T23-54-52-761Z,5,d28dc924-d79a-4074-9674-726172547ff9,ToB_Cost_Child,actual_7_10,0.48571428571428577,1400,22349,-3921974,false,0.00840181,3.5066,0.219071,-88,0.15,600,678,193.44,3000
sim_layered_newflow_2026-07-10T23-54-52-761Z,5,d28dc924-d79a-4074-9674-726172547ff9,ToB_Cost_Child,actual_7_10,0.48571428571428577,1500,21151,-2097997,false,0.00795156,3.5066,0.219071,-3,0.15,600,678,193.44,3000
sim_layered_newflow_2026-07-10T23-54-52-761Z,5,d28dc924-d79a-4074-9674-726172547ff9,ToB_Cost_Child,actual_7_10,0.48571428571428577,1600,20017,-468187,false,0.00752525,3.5066,0.219071,82,0.15,600,678,193.44,3000
sim_layered_newflow_2026-07-10T23-54-52-761Z,5,d28dc924-d79a-4074-9674-726172547ff9,ToB_Cost_Child,actual_7_10,0.48571428571428577,1700,18944,982921,true,0.00712163,3.5066,0.219071,167,0.15,600,678,193.44,3000
sim_layered_newflow_2026-07-10T23-54-52-761Z,5,d28dc924-d79a-4074-9674-726172547ff9,ToB_Cost_Child,actual_7_10,0.48571428571428577,1800,17927,2269711,true,0.00673952,3.5066,0.219071,252,0.15,600,678,193.44,3000
sim_layered_newflow_2026-07-10T23-54-52-761Z,5,d28dc924-d79a-4074-9674-726172547ff9,ToB_Cost_Child,actual_7_10,0.48571428571428577,1900,16965,3405556,true,0.00637777,3.5066,0.219071,337,0.15,600,678,193.44,3000
sim_layered_newflow_2026-07-10T23-54-52-761Z,5,d28dc924-d79a-4074-9674-726172547ff9,ToB_Cost_Child,actual_7_10,0.48571428571428577,2000,16054,4402880,true,0.00603532,3.5066,0.219071,422,0.15,600,678,193.44,3000
sim_layered_newflow_2026-07-10T23-54-52-761Z,5,d28dc924-d79a-4074-9674-726172547ff9,ToB_Cost_Child,actual_7_10,0.48571428571428577,2100,15192,5273223,true,0.00571116,3.5066,0.219071,507,0.15,600,678,193.44,3000
sim_layered_newflow_2026-07-10T23-54-52-761Z,5,d28dc924-d79a-4074-9674-726172547ff9,ToB_Cost_Child,actual_7_10,0.48571428571428577,2200,14375,6027296,true,0.00540431,3.5066,0.219071,592,0.15,600,678,193.44,3000
sim_layered_newflow_2026-07-10T23-54-52-761Z,5,d28dc924-d79a-4074-9674-726172547ff9,ToB_Cost_Child,actual_7_10,0.48571428571428577,2300,13603,6675036,true,0.00511386,3.5066,0.219071,677,0.15,600,678,193.44,3000
sim_layered_newflow_2026-07-10T23-54-52-761Z,5,d28dc924-d79a-4074-9674-726172547ff9,ToB_Cost_Child,actual_7_10,0.48571428571428577,2400,12872,7225657,true,0.00483895,3.5066,0.219071,762,0.15,600,678,193.44,3000
sim_layered_newflow_2026-07-10T23-54-52-761Z,5,d28dc924-d79a-4074-9674-726172547ff9,ToB_Cost_Child,actual_7_10,0.48571428571428577,2500,12179,7687695,true,0.00457875,3.5066,0.219071,847,0.15,600,678,193.44,3000
sim_layered_newflow_2026-07-10T23-54-52-761Z,5,d28dc924-d79a-4074-9674-726172547ff9,ToB_Cost_Child,actual_7_10,0.48571428571428577,2600,11524,8069058,true,0.00433248,3.5066,0.219071,932,0.15,600,678,193.44,3000
sim_layered_newflow_2026-07-10T23-54-52-761Z,5,d28dc924-d79a-4074-9674-726172547ff9,ToB_Cost_Child,actual_7_10,0.48571428571428577,2700,10904,8377066,true,0.0040994,3.5066,0.219071,1017,0.15,600,678,193.44,3000
sim_layered_newflow_2026-07-10T23-54-52-761Z,5,d28dc924-d79a-4074-9674-726172547ff9,ToB_Cost_Child,actual_7_10,0.48571428571428577,2800,10318,8618487,true,0.00387881,3.5066,0.219071,1102,0.15,600,678,193.44,3000
sim_layered_newflow_2026-07-10T23-54-52-761Z,5,d28dc924-d79a-4074-9674-726172547ff9,ToB_Cost_Child,actual_7_10,0.48571428571428577,2900,9762,8799579,true,0.00367005,3.5066,0.219071,1187,0.15,600,678,193.44,3000
sim_layered_newflow_2026-07-10T23-54-52-761Z,5,d28dc924-d79a-4074-9674-726172547ff9,ToB_Cost_Child,actual_7_10,0.48571428571428577,3000,9237,8926125,true,0.00347248,3.5066,0.219071,1272,0.15,600,678,193.44,3000
sim_layered_newflow_2026-07-10T23-54-52-761Z,5,d28dc924-d79a-4074-9674-726172547ff9,ToB_Cost_Child,actual_7_10,0.48571428571428577,3100,8739,9003461,true,0.00328551,3.5066,0.219071,1357,0.15,600,678,193.44,3000
sim_layered_newflow_2026-07-10T23-54-52-761Z,5,d28dc924-d79a-4074-9674-726172547ff9,ToB_Cost_Child,actual_7_10,0.48571428571428577,3200,8269,9036509,true,0.00310858,3.5066,0.219071,1442,0.15,600,678,193.44,3000
sim_layered_newflow_2026-07-10T23-54-52-761Z,5,d28dc924-d79a-4074-9674-726172547ff9,ToB_Cost_Child,actual_7_10,0.48571428571428577,3300,7823,9029810,true,0.00294115,3.5066,0.219071,1527,0.15,600,678,193.44,3000
sim_layered_newflow_2026-07-10T23-54-52-761Z,5,d28dc924-d79a-4074-9674-726172547ff9,ToB_Cost_Child,actual_7_10,0.48571428571428577,3400,7402,8987541,true,0.00278271,3.5066,0.219071,1612,0.15,600,678,193.44,3000
sim_layered_newflow_2026-07-10T23-54-52-761Z,5,d28dc924-d79a-4074-9674-726172547ff9,ToB_Cost_Child,actual_7_10,0.48571428571428577,3500,7003,8913550,true,0.00263279,3.5066,0.219071,1697,0.15,600,678,193.44,3000
sim_layered_newflow_2026-07-10T23-54-52-761Z,5,d28dc924-d79a-4074-9674-726172547ff9,ToB_Cost_Child,actual_7_10,0.48571428571428577,3600,6626,8811375,true,0.00249092,3.5066,0.219071,1782,0.15,600,678,193.44,3000
sim_layered_newflow_2026-07-10T23-54-52-761Z,5,d28dc924-d79a-4074-9674-726172547ff9,ToB_Cost_Child,actual_7_10,0.48571428571428577,3700,6269,8684265,true,0.00235668,3.5066,0.219071,1867,0.15,600,678,193.44,3000
sim_layered_newflow_2026-07-10T23-54-52-761Z,5,d28dc924-d79a-4074-9674-726172547ff9,ToB_Cost_Child,actual_7_10,0.48571428571428577,3800,5931,8535202,true,0.00222965,3.5066,0.219071,1952,0.15,600,678,193.44,3000
sim_layered_newflow_2026-07-10T23-54-52-761Z,5,d28dc924-d79a-4074-9674-726172547ff9,ToB_Cost_Child,actual_7_10,0.48571428571428577,3900,5611,8366920,true,0.00210946,3.5066,0.219071,2037,0.15,600,678,193.44,3000
sim_layered_newflow_2026-07-10T23-54-52-761Z,5,d28dc924-d79a-4074-9674-726172547ff9,ToB_Cost_Child,actual_7_10,0.48571428571428577,4000,5309,8181924,true,0.00199574,3.5066,0.219071,2122,0.15,600,678,193.44,3000
sim_layered_newflow_2026-07-10T23-54-52-761Z,5,d28dc924-d79a-4074-9674-726172547ff9,ToB_Cost_Child,actual_7_10,0.48571428571428577,4100,5022,7982505,true,0.00188813,3.5066,0.219071,2207,0.15,600,678,193.44,3000
sim_layered_newflow_2026-07-10T23-54-52-761Z,5,d28dc924-d79a-4074-9674-726172547ff9,ToB_Cost_Child,actual_7_10,0.48571428571428577,4200,4752,7770754,true,0.00178632,3.5066,0.219071,2292,0.15,600,678,193.44,3000
sim_layered_newflow_2026-07-10T23-54-52-761Z,5,d28dc924-d79a-4074-9674-726172547ff9,ToB_Cost_Child,actual_7_10,0.48571428571428577,4300,4495,7548583,true,0.00168998,3.5066,0.219071,2377,0.15,600,678,193.44,3000
sim_layered_newflow_2026-07-10T23-54-52-761Z,5,d28dc924-d79a-4074-9674-726172547ff9,ToB_Cost_Child,actual_7_10,0.48571428571428577,4400,4253,7317730,true,0.00159884,3.5066,0.219071,2462,0.15,600,678,193.44,3000
sim_layered_newflow_2026-07-10T23-54-52-761Z,5,d28dc924-d79a-4074-9674-726172547ff9,ToB_Cost_Child,actual_7_10,0.48571428571428577,4500,4024,7079780,true,0.0015126,3.5066,0.219071,2547,0.15,600,678,193.44,3000
sim_layered_newflow_2026-07-10T23-54-52-761Z,5,d28dc924-d79a-4074-9674-726172547ff9,ToB_Cost_Child,actual_7_10,0.48571428571428577,4600,3806,6836170,true,0.00143101,3.5066,0.219071,2632,0.15,600,678,193.44,3000
sim_layered_newflow_2026-07-10T23-54-52-761Z,5,d28dc924-d79a-4074-9674-726172547ff9,ToB_Cost_Child,actual_7_10,0.48571428571428577,4700,3601,6588203,true,0.00135381,3.5066,0.219071,2717,0.15,600,678,193.44,3000
sim_layered_newflow_2026-07-10T23-54-52-761Z,5,d28dc924-d79a-4074-9674-726172547ff9,ToB_Cost_Child,actual_7_10,0.48571428571428577,4800,3407,6337060,true,0.00128077,3.5066,0.219071,2802,0.15,600,678,193.44,3000
sim_layered_newflow_2026-07-10T23-54-52-761Z,5,d28dc924-d79a-4074-9674-726172547ff9,ToB_Cost_Child,actual_7_10,0.48571428571428577,4900,3223,6083805,true,0.00121167,3.5066,0.219071,2887,0.15,600,678,193.44,3000
sim_layered_newflow_2026-07-10T23-54-52-761Z,5,d28dc924-d79a-4074-9674-726172547ff9,ToB_Cost_Child,actual_7_10,0.48571428571428577,5000,3049,5829399,true,0.00114629,3.5066,0.219071,2972,0.15,600,678,193.44,3000
sim_layered_newflow_2026-07-10T23-54-52-761Z,5,d28dc924-d79a-4074-9674-726172547ff9,ToB_Cost_Child,actual_7_10,0.48571428571428577,5100,2885,5574704,true,0.00108443,3.5066,0.219071,3057,0.15,600,678,193.44,3000
sim_layered_newflow_2026-07-10T23-54-52-761Z,5,d28dc924-d79a-4074-9674-726172547ff9,ToB_Cost_Child,actual_7_10,0.48571428571428577,5200,2729,5320492,true,0.00102591,3.5066,0.219071,3142,0.15,600,678,193.44,3000
sim_layered_newflow_2026-07-10T23-54-52-761Z,5,d28dc924-d79a-4074-9674-726172547ff9,ToB_Cost_Child,actual_7_10,0.48571428571428577,5300,2582,5067454,true,0.00097055,3.5066,0.219071,3227,0.15,600,678,193.44,3000
sim_layered_newflow_2026-07-10T23-54-52-761Z,5,d28dc924-d79a-4074-9674-726172547ff9,ToB_Cost_Child,actual_7_10,0.48571428571428577,5400,2442,4816205,true,0.00091817,3.5066,0.219071,3312,0.15,600,678,193.44,3000
sim_layered_newflow_2026-07-10T23-54-52-761Z,5,d28dc924-d79a-4074-9674-726172547ff9,ToB_Cost_Child,actual_7_10,0.48571428571428577,5500,2311,4567289,true,0.00086861,3.5066,0.219071,3397,0.15,600,678,193.44,3000
sim_layered_newflow_2026-07-10T23-54-52-761Z,5,d28dc924-d79a-4074-9674-726172547ff9,ToB_Cost_Child,actual_7_10,0.48571428571428577,5600,2186,4321187,true,0.00082173,3.5066,0.219071,3482,0.15,600,678,193.44,3000
sim_layered_newflow_2026-07-10T23-54-52-761Z,5,d28dc924-d79a-4074-9674-726172547ff9,ToB_Cost_Child,actual_7_10,0.48571428571428577,5700,2068,4078321,true,0.00077737,3.5066,0.219071,3567,0.15,600,678,193.44,3000
sim_layered_newflow_2026-07-10T23-54-52-761Z,5,d28dc924-d79a-4074-9674-726172547ff9,ToB_Cost_Child,actual_7_10,0.48571428571428577,5800,1956,3839060,true,0.00073541,3.5066,0.219071,3652,0.15,600,678,193.44,3000
sim_layered_newflow_2026-07-10T23-54-52-761Z,5,d28dc924-d79a-4074-9674-726172547ff9,ToB_Cost_Child,actual_7_10,0.48571428571428577,5900,1851,3603723,true,0.00069571,3.5066,0.219071,3737,0.15,600,678,193.44,3000
sim_layered_newflow_2026-07-10T23-54-52-761Z,5,d28dc924-d79a-4074-9674-726172547ff9,ToB_Cost_Child,actual_7_10,0.48571428571428577,6000,1751,3372583,true,0.00065815,3.5066,0.219071,3822,0.15,600,678,193.44,3000
sim_layered_newflow_2026-07-10T23-54-52-761Z,5,d28dc924-d79a-4074-9674-726172547ff9,ToB_Cost_Child,actual_7_10,0.48571428571428577,6100,1656,3145875,true,0.00062262,3.5066,0.219071,3907,0.15,600,678,193.44,3000
sim_layered_newflow_2026-07-10T23-54-52-761Z,5,d28dc924-d79a-4074-9674-726172547ff9,ToB_Cost_Child,actual_7_10,0.48571428571428577,6200,1567,2923794,true,0.00058901,3.5066,0.219071,3992,0.15,600,678,193.44,3000
sim_layered_newflow_2026-07-10T23-54-52-761Z,5,d28dc924-d79a-4074-9674-726172547ff9,ToB_Cost_Child,actual_7_10,0.48571428571428577,6300,1482,2706502,true,0.00055721,3.5066,0.219071,4077,0.15,600,678,193.44,3000
sim_layered_newflow_2026-07-10T23-54-52-761Z,5,d28dc924-d79a-4074-9674-726172547ff9,ToB_Cost_Child,actual_7_10,0.48571428571428577,6400,1402,2494129,true,0.00052712,3.5066,0.219071,4162,0.15,600,678,193.44,3000
sim_layered_newflow_2026-07-10T23-54-52-761Z,5,d28dc924-d79a-4074-9674-726172547ff9,ToB_Cost_Child,actual_7_10,0.48571428571428577,6500,1326,2286779,true,0.00049866,3.5066,0.219071,4247,0.15,600,678,193.44,3000
sim_layered_newflow_2026-07-10T23-54-52-761Z,5,d28dc924-d79a-4074-9674-726172547ff9,ToB_Cost_Child,actual_7_10,0.48571428571428577,6600,1255,2084527,true,0.00047174,3.5066,0.219071,4332,0.15,600,678,193.44,3000
sim_layered_newflow_2026-07-10T23-54-52-761Z,5,d28dc924-d79a-4074-9674-726172547ff9,ToB_Cost_Child,actual_7_10,0.48571428571428577,6700,1187,1887430,true,0.00044627,3.5066,0.219071,4417,0.15,600,678,193.44,3000
sim_layered_newflow_2026-07-10T23-54-52-761Z,5,d28dc924-d79a-4074-9674-726172547ff9,ToB_Cost_Child,actual_7_10,0.48571428571428577,6800,1123,1695519,true,0.00042217,3.5066,0.219071,4502,0.15,600,678,193.44,3000
sim_layered_newflow_2026-07-10T23-54-52-761Z,5,d28dc924-d79a-4074-9674-726172547ff9,ToB_Cost_Child,actual_7_10,0.48571428571428577,6900,1062,1508811,true,0.00039937,3.5066,0.219071,4587,0.15,600,678,193.44,3000
sim_layered_newflow_2026-07-10T23-54-52-761Z,5,d28dc924-d79a-4074-9674-726172547ff9,ToB_Cost_Child,actual_7_10,0.48571428571428577,7000,1005,1327303,true,0.00037781,3.5066,0.219071,4672,0.15,600,678,193.44,3000
sim_layered_newflow_2026-07-10T23-54-52-761Z,5,d28dc924-d79a-4074-9674-726172547ff9,ToB_Cost_Child,low_0.35,0.35,1000,13234,-8402002,false,0.00497528,2.75705,0.158,-428,0.15,600,678,193.44,3000
sim_layered_newflow_2026-07-10T23-54-52-761Z,5,d28dc924-d79a-4074-9674-726172547ff9,ToB_Cost_Child,low_0.35,0.35,1100,12523,-7070487,false,0.00470778,2.75705,0.158,-343,0.15,600,678,193.44,3000
sim_layered_newflow_2026-07-10T23-54-52-761Z,5,d28dc924-d79a-4074-9674-726172547ff9,ToB_Cost_Child,low_0.35,0.35,1200,11849,-5867756,false,0.0044546,2.75705,0.158,-258,0.15,600,678,193.44,3000
sim_layered_newflow_2026-07-10T23-54-52-761Z,5,d28dc924-d79a-4074-9674-726172547ff9,ToB_Cost_Child,low_0.35,0.35,1300,11212,-4783854,false,0.00421498,2.75705,0.158,-173,0.15,600,678,193.44,3000
sim_layered_newflow_2026-07-10T23-54-52-761Z,5,d28dc924-d79a-4074-9674-726172547ff9,ToB_Cost_Child,low_0.35,0.35,1400,10609,-3809517,false,0.00398819,2.75705,0.158,-88,0.15,600,678,193.44,3000
sim_layered_newflow_2026-07-10T23-54-52-761Z,5,d28dc924-d79a-4074-9674-726172547ff9,ToB_Cost_Child,low_0.35,0.35,1500,10038,-2936126,false,0.00377357,2.75705,0.158,-3,0.15,600,678,193.44,3000
sim_layered_newflow_2026-07-10T23-54-52-761Z,5,d28dc924-d79a-4074-9674-726172547ff9,ToB_Cost_Child,low_0.35,0.35,1600,9497,-2155669,false,0.00357045,2.75705,0.158,82,0.15,600,678,193.44,3000
sim_layered_newflow_2026-07-10T23-54-52-761Z,5,d28dc924-d79a-4074-9674-726172547ff9,ToB_Cost_Child,low_0.35,0.35,1700,8986,-1460696,false,0.00337822,2.75705,0.158,167,0.15,600,678,193.44,3000
sim_layered_newflow_2026-07-10T23-54-52-761Z,5,d28dc924-d79a-4074-9674-726172547ff9,ToB_Cost_Child,low_0.35,0.35,1800,8502,-844287,false,0.00319632,2.75705,0.158,252,0.15,600,678,193.44,3000
sim_layered_newflow_2026-07-10T23-54-52-761Z,5,d28dc924-d79a-4074-9674-726172547ff9,ToB_Cost_Child,low_0.35,0.35,1900,8044,-300015,false,0.00302417,2.75705,0.158,337,0.15,600,678,193.44,3000
sim_layered_newflow_2026-07-10T23-54-52-761Z,5,d28dc924-d79a-4074-9674-726172547ff9,ToB_Cost_Child,low_0.35,0.35,2000,7611,178085,true,0.00286128,2.75705,0.158,422,0.15,600,678,193.44,3000
sim_layered_newflow_2026-07-10T23-54-52-761Z,5,d28dc924-d79a-4074-9674-726172547ff9,ToB_Cost_Child,low_0.35,0.35,2100,7201,595550,true,0.00270713,2.75705,0.158,507,0.15,600,678,193.44,3000
sim_layered_newflow_2026-07-10T23-54-52-761Z,5,d28dc924-d79a-4074-9674-726172547ff9,ToB_Cost_Child,low_0.35,0.35,2200,6813,957513,true,0.00256127,2.75705,0.158,592,0.15,600,678,193.44,3000
sim_layered_newflow_2026-07-10T23-54-52-761Z,5,d28dc924-d79a-4074-9674-726172547ff9,ToB_Cost_Child,low_0.35,0.35,2300,6446,1268732,true,0.00242324,2.75705,0.158,677,0.15,600,678,193.44,3000
sim_layered_newflow_2026-07-10T23-54-52-761Z,5,d28dc924-d79a-4074-9674-726172547ff9,ToB_Cost_Child,low_0.35,0.35,2400,6098,1533619,true,0.00229264,2.75705,0.158,762,0.15,600,678,193.44,3000
sim_layered_newflow_2026-07-10T23-54-52-761Z,5,d28dc924-d79a-4074-9674-726172547ff9,ToB_Cost_Child,low_0.35,0.35,2500,5770,1756254,true,0.00216906,2.75705,0.158,847,0.15,600,678,193.44,3000
sim_layered_newflow_2026-07-10T23-54-52-761Z,5,d28dc924-d79a-4074-9674-726172547ff9,ToB_Cost_Child,low_0.35,0.35,2600,5459,1940418,true,0.00205213,2.75705,0.158,932,0.15,600,678,193.44,3000
sim_layered_newflow_2026-07-10T23-54-52-761Z,5,d28dc924-d79a-4074-9674-726172547ff9,ToB_Cost_Child,low_0.35,0.35,2700,5164,2089605,true,0.00194149,2.75705,0.158,1017,0.15,600,678,193.44,3000
sim_layered_newflow_2026-07-10T23-54-52-761Z,5,d28dc924-d79a-4074-9674-726172547ff9,ToB_Cost_Child,low_0.35,0.35,2800,4886,2207049,true,0.0018368,2.75705,0.158,1102,0.15,600,678,193.44,3000
sim_layered_newflow_2026-07-10T23-54-52-761Z,5,d28dc924-d79a-4074-9674-726172547ff9,ToB_Cost_Child,low_0.35,0.35,2900,4622,2295734,true,0.00173775,2.75705,0.158,1187,0.15,600,678,193.44,3000
sim_layered_newflow_2026-07-10T23-54-52-761Z,5,d28dc924-d79a-4074-9674-726172547ff9,ToB_Cost_Child,low_0.35,0.35,3000,4373,2358418,true,0.00164403,2.75705,0.158,1272,0.15,600,678,193.44,3000
sim_layered_newflow_2026-07-10T23-54-52-761Z,5,d28dc924-d79a-4074-9674-726172547ff9,ToB_Cost_Child,low_0.35,0.35,3100,4137,2397645,true,0.00155536,2.75705,0.158,1357,0.15,600,678,193.44,3000
sim_layered_newflow_2026-07-10T23-54-52-761Z,5,d28dc924-d79a-4074-9674-726172547ff9,ToB_Cost_Child,low_0.35,0.35,3200,3914,2415761,true,0.00147146,2.75705,0.158,1442,0.15,600,678,193.44,3000
sim_layered_newflow_2026-07-10T23-54-52-761Z,5,d28dc924-d79a-4074-9674-726172547ff9,ToB_Cost_Child,low_0.35,0.35,3300,3703,2414927,true,0.00139209,2.75705,0.158,1527,0.15,600,678,193.44,3000
sim_layered_newflow_2026-07-10T23-54-52-761Z,5,d28dc924-d79a-4074-9674-726172547ff9,ToB_Cost_Child,low_0.35,0.35,3400,3503,2397135,true,0.00131698,2.75705,0.158,1612,0.15,600,678,193.44,3000
sim_layered_newflow_2026-07-10T23-54-52-761Z,5,d28dc924-d79a-4074-9674-726172547ff9,ToB_Cost_Child,low_0.35,0.35,3500,3314,2364214,true,0.00124593,2.75705,0.158,1697,0.15,600,678,193.44,3000
sim_layered_newflow_2026-07-10T23-54-52-761Z,5,d28dc924-d79a-4074-9674-726172547ff9,ToB_Cost_Child,low_0.35,0.35,3600,3135,2317848,true,0.0011787,2.75705,0.158,1782,0.15,600,678,193.44,3000
sim_layered_newflow_2026-07-10T23-54-52-761Z,5,d28dc924-d79a-4074-9674-726172547ff9,ToB_Cost_Child,low_0.35,0.35,3700,2966,2259585,true,0.0011151,2.75705,0.158,1867,0.15,600,678,193.44,3000
sim_layered_newflow_2026-07-10T23-54-52-761Z,5,d28dc924-d79a-4074-9674-726172547ff9,ToB_Cost_Child,low_0.35,0.35,3800,2806,2190841,true,0.00105493,2.75705,0.158,1952,0.15,600,678,193.44,3000
sim_layered_newflow_2026-07-10T23-54-52-761Z,5,d28dc924-d79a-4074-9674-726172547ff9,ToB_Cost_Child,low_0.35,0.35,3900,2655,2112917,true,0.000998,2.75705,0.158,2037,0.15,600,678,193.44,3000
sim_layered_newflow_2026-07-10T23-54-52-761Z,5,d28dc924-d79a-4074-9674-726172547ff9,ToB_Cost_Child,low_0.35,0.35,4000,2511,2027005,true,0.00094414,2.75705,0.158,2122,0.15,600,678,193.44,3000
sim_layered_newflow_2026-07-10T23-54-52-761Z,5,d28dc924-d79a-4074-9674-726172547ff9,ToB_Cost_Child,low_0.35,0.35,4100,2376,1934193,true,0.00089318,2.75705,0.158,2207,0.15,600,678,193.44,3000
sim_layered_newflow_2026-07-10T23-54-52-761Z,5,d28dc924-d79a-4074-9674-726172547ff9,ToB_Cost_Child,low_0.35,0.35,4200,2248,1835476,true,0.00084497,2.75705,0.158,2292,0.15,600,678,193.44,3000
sim_layered_newflow_2026-07-10T23-54-52-761Z,5,d28dc924-d79a-4074-9674-726172547ff9,ToB_Cost_Child,low_0.35,0.35,4300,2126,1731762,true,0.00079936,2.75705,0.158,2377,0.15,600,678,193.44,3000
sim_layered_newflow_2026-07-10T23-54-52-761Z,5,d28dc924-d79a-4074-9674-726172547ff9,ToB_Cost_Child,low_0.35,0.35,4400,2012,1623879,true,0.00075621,2.75705,0.158,2462,0.15,600,678,193.44,3000
sim_layered_newflow_2026-07-10T23-54-52-761Z,5,d28dc924-d79a-4074-9674-726172547ff9,ToB_Cost_Child,low_0.35,0.35,4500,1903,1512578,true,0.00071539,2.75705,0.158,2547,0.15,600,678,193.44,3000
sim_layered_newflow_2026-07-10T23-54-52-761Z,5,d28dc924-d79a-4074-9674-726172547ff9,ToB_Cost_Child,low_0.35,0.35,4600,1800,1398543,true,0.00067677,2.75705,0.158,2632,0.15,600,678,193.44,3000
sim_layered_newflow_2026-07-10T23-54-52-761Z,5,d28dc924-d79a-4074-9674-726172547ff9,ToB_Cost_Child,low_0.35,0.35,4700,1703,1282393,true,0.00064024,2.75705,0.158,2717,0.15,600,678,193.44,3000
sim_layered_newflow_2026-07-10T23-54-52-761Z,5,d28dc924-d79a-4074-9674-726172547ff9,ToB_Cost_Child,low_0.35,0.35,4800,1611,1164690,true,0.00060567,2.75705,0.158,2802,0.15,600,678,193.44,3000
sim_layered_newflow_2026-07-10T23-54-52-761Z,5,d28dc924-d79a-4074-9674-726172547ff9,ToB_Cost_Child,low_0.35,0.35,4900,1524,1045941,true,0.00057297,2.75705,0.158,2887,0.15,600,678,193.44,3000
sim_layered_newflow_2026-07-10T23-54-52-761Z,5,d28dc924-d79a-4074-9674-726172547ff9,ToB_Cost_Child,low_0.35,0.35,5000,1442,926600,true,0.00054204,2.75705,0.158,2972,0.15,600,678,193.44,3000
sim_layered_newflow_2026-07-10T23-54-52-761Z,5,d28dc924-d79a-4074-9674-726172547ff9,ToB_Cost_Child,low_0.35,0.35,5100,1364,807079,true,0.00051277,2.75705,0.158,3057,0.15,600,678,193.44,3000
sim_layered_newflow_2026-07-10T23-54-52-761Z,5,d28dc924-d79a-4074-9674-726172547ff9,ToB_Cost_Child,low_0.35,0.35,5200,1290,687744,true,0.00048509,2.75705,0.158,3142,0.15,600,678,193.44,3000
sim_layered_newflow_2026-07-10T23-54-52-761Z,5,d28dc924-d79a-4074-9674-726172547ff9,ToB_Cost_Child,low_0.35,0.35,5300,1221,568925,true,0.00045889,2.75705,0.158,3227,0.15,600,678,193.44,3000
sim_layered_newflow_2026-07-10T23-54-52-761Z,5,d28dc924-d79a-4074-9674-726172547ff9,ToB_Cost_Child,low_0.35,0.35,5400,1155,450914,true,0.00043412,2.75705,0.158,3312,0.15,600,678,193.44,3000
sim_layered_newflow_2026-07-10T23-54-52-761Z,5,d28dc924-d79a-4074-9674-726172547ff9,ToB_Cost_Child,low_0.35,0.35,5500,1092,333970,true,0.00041067,2.75705,0.158,3397,0.15,600,678,193.44,3000
sim_layered_newflow_2026-07-10T23-54-52-761Z,5,d28dc924-d79a-4074-9674-726172547ff9,ToB_Cost_Child,low_0.35,0.35,5600,1033,218322,true,0.0003885,2.75705,0.158,3482,0.15,600,678,193.44,3000
sim_layered_newflow_2026-07-10T23-54-52-761Z,5,d28dc924-d79a-4074-9674-726172547ff9,ToB_Cost_Child,low_0.35,0.35,5700,978,104172,true,0.00036752,2.75705,0.158,3567,0.15,600,678,193.44,3000
sim_layered_newflow_2026-07-10T23-54-52-761Z,5,d28dc924-d79a-4074-9674-726172547ff9,ToB_Cost_Child,low_0.35,0.35,5800,925,-8305,false,0.00034767,2.75705,0.158,3652,0.15,600,678,193.44,3000
sim_layered_newflow_2026-07-10T23-54-52-761Z,5,d28dc924-d79a-4074-9674-726172547ff9,ToB_Cost_Child,low_0.35,0.35,5900,875,-118957,false,0.0003289,2.75705,0.158,3737,0.15,600,678,193.44,3000
sim_layered_newflow_2026-07-10T23-54-52-761Z,5,d28dc924-d79a-4074-9674-726172547ff9,ToB_Cost_Child,low_0.35,0.35,6000,828,-227653,false,0.00031114,2.75705,0.158,3822,0.15,600,678,193.44,3000
sim_layered_newflow_2026-07-10T23-54-52-761Z,5,d28dc924-d79a-4074-9674-726172547ff9,ToB_Cost_Child,low_0.35,0.35,6100,783,-334281,false,0.00029433,2.75705,0.158,3907,0.15,600,678,193.44,3000
sim_layered_newflow_2026-07-10T23-54-52-761Z,5,d28dc924-d79a-4074-9674-726172547ff9,ToB_Cost_Child,low_0.35,0.35,6200,741,-438747,false,0.00027844,2.75705,0.158,3992,0.15,600,678,193.44,3000
sim_layered_newflow_2026-07-10T23-54-52-761Z,5,d28dc924-d79a-4074-9674-726172547ff9,ToB_Cost_Child,low_0.35,0.35,6300,701,-540974,false,0.0002634,2.75705,0.158,4077,0.15,600,678,193.44,3000
sim_layered_newflow_2026-07-10T23-54-52-761Z,5,d28dc924-d79a-4074-9674-726172547ff9,ToB_Cost_Child,low_0.35,0.35,6400,663,-640898,false,0.00024918,2.75705,0.158,4162,0.15,600,678,193.44,3000
sim_layered_newflow_2026-07-10T23-54-52-761Z,5,d28dc924-d79a-4074-9674-726172547ff9,ToB_Cost_Child,low_0.35,0.35,6500,627,-738471,false,0.00023572,2.75705,0.158,4247,0.15,600,678,193.44,3000
sim_layered_newflow_2026-07-10T23-54-52-761Z,5,d28dc924-d79a-4074-9674-726172547ff9,ToB_Cost_Child,low_0.35,0.35,6600,593,-833654,false,0.00022299,2.75705,0.158,4332,0.15,600,678,193.44,3000
sim_layered_newflow_2026-07-10T23-54-52-761Z,5,d28dc924-d79a-4074-9674-726172547ff9,ToB_Cost_Child,low_0.35,0.35,6700,561,-926421,false,0.00021095,2.75705,0.158,4417,0.15,600,678,193.44,3000
sim_layered_newflow_2026-07-10T23-54-52-761Z,5,d28dc924-d79a-4074-9674-726172547ff9,ToB_Cost_Child,low_0.35,0.35,6800,531,-1016756,false,0.00019955,2.75705,0.158,4502,0.15,600,678,193.44,3000
sim_layered_newflow_2026-07-10T23-54-52-761Z,5,d28dc924-d79a-4074-9674-726172547ff9,ToB_Cost_Child,low_0.35,0.35,6900,502,-1104650,false,0.00018877,2.75705,0.158,4587,0.15,600,678,193.44,3000
sim_layered_newflow_2026-07-10T23-54-52-761Z,5,d28dc924-d79a-4074-9674-726172547ff9,ToB_Cost_Child,low_0.35,0.35,7000,475,-1190103,false,0.00017858,2.75705,0.158,4672,0.15,600,678,193.44,3000
sim_layered_newflow_2026-07-10T23-54-52-761Z,5,d28dc924-d79a-4074-9674-726172547ff9,ToB_Cost_Child,mid_0.50,0.5,1000,30110,-14285813,false,0.01131959,3.5855,0.2255,-428,0.15,600,678,193.44,3000
sim_layered_newflow_2026-07-10T23-54-52-761Z,5,d28dc924-d79a-4074-9674-726172547ff9,ToB_Cost_Child,mid_0.50,0.5,1100,28501,-11283318,false,0.01071466,3.5855,0.2255,-343,0.15,600,678,193.44,3000
sim_layered_newflow_2026-07-10T23-54-52-761Z,5,d28dc924-d79a-4074-9674-726172547ff9,ToB_Cost_Child,mid_0.50,0.5,1200,26977,-8570576,false,0.01014173,3.5855,0.2255,-258,0.15,600,678,193.44,3000
sim_layered_newflow_2026-07-10T23-54-52-761Z,5,d28dc924-d79a-4074-9674-726172547ff9,ToB_Cost_Child,mid_0.50,0.5,1300,25534,-6125420,false,0.00959913,3.5855,0.2255,-173,0.15,600,678,193.44,3000
sim_layered_newflow_2026-07-10T23-54-52-761Z,5,d28dc924-d79a-4074-9674-726172547ff9,ToB_Cost_Child,mid_0.50,0.5,1400,24167,-3927185,false,0.0090853,3.5855,0.2255,-88,0.15,600,678,193.44,3000
sim_layered_newflow_2026-07-10T23-54-52-761Z,5,d28dc924-d79a-4074-9674-726172547ff9,ToB_Cost_Child,mid_0.50,0.5,1500,22873,-1956620,false,0.00859874,3.5855,0.2255,-3,0.15,600,678,193.44,3000
sim_layered_newflow_2026-07-10T23-54-52-761Z,5,d28dc924-d79a-4074-9674-726172547ff9,ToB_Cost_Child,mid_0.50,0.5,1600,21647,-195794,false,0.00813802,3.5855,0.2255,82,0.15,600,678,193.44,3000
sim_layered_newflow_2026-07-10T23-54-52-761Z,5,d28dc924-d79a-4074-9674-726172547ff9,ToB_Cost_Child,mid_0.50,0.5,1700,20487,1371979,true,0.00770179,3.5855,0.2255,167,0.15,600,678,193.44,3000
sim_layered_newflow_2026-07-10T23-54-52-761Z,5,d28dc924-d79a-4074-9674-726172547ff9,ToB_Cost_Child,mid_0.50,0.5,1800,19388,2762223,true,0.00728877,3.5855,0.2255,252,0.15,600,678,193.44,3000
sim_layered_newflow_2026-07-10T23-54-52-761Z,5,d28dc924-d79a-4074-9674-726172547ff9,ToB_Cost_Child,mid_0.50,0.5,1900,18348,3989373,true,0.00689775,3.5855,0.2255,337,0.15,600,678,193.44,3000
sim_layered_newflow_2026-07-10T23-54-52-761Z,5,d28dc924-d79a-4074-9674-726172547ff9,ToB_Cost_Child,mid_0.50,0.5,2000,17363,5066843,true,0.00652757,3.5855,0.2255,422,0.15,600,678,193.44,3000
sim_layered_newflow_2026-07-10T23-54-52-761Z,5,d28dc924-d79a-4074-9674-726172547ff9,ToB_Cost_Child,mid_0.50,0.5,2100,16431,6007093,true,0.00617713,3.5855,0.2255,507,0.15,600,678,193.44,3000
sim_layered_newflow_2026-07-10T23-54-52-761Z,5,d28dc924-d79a-4074-9674-726172547ff9,ToB_Cost_Child,mid_0.50,0.5,2200,15549,6821690,true,0.00584539,3.5855,0.2255,592,0.15,600,678,193.44,3000
sim_layered_newflow_2026-07-10T23-54-52-761Z,5,d28dc924-d79a-4074-9674-726172547ff9,ToB_Cost_Child,mid_0.50,0.5,2300,14713,7521366,true,0.00553137,3.5855,0.2255,677,0.15,600,678,193.44,3000
sim_layered_newflow_2026-07-10T23-54-52-761Z,5,d28dc924-d79a-4074-9674-726172547ff9,ToB_Cost_Child,mid_0.50,0.5,2400,13923,8116073,true,0.00523413,3.5855,0.2255,762,0.15,600,678,193.44,3000
sim_layered_newflow_2026-07-10T23-54-52-761Z,5,d28dc924-d79a-4074-9674-726172547ff9,ToB_Cost_Child,mid_0.50,0.5,2500,13174,8615035,true,0.00495279,3.5855,0.2255,847,0.15,600,678,193.44,3000
sim_layered_newflow_2026-07-10T23-54-52-761Z,5,d28dc924-d79a-4074-9674-726172547ff9,ToB_Cost_Child,mid_0.50,0.5,2600,12466,9026793,true,0.00468649,3.5855,0.2255,932,0.15,600,678,193.44,3000
sim_layered_newflow_2026-07-10T23-54-52-761Z,5,d28dc924-d79a-4074-9674-726172547ff9,ToB_Cost_Child,mid_0.50,0.5,2700,11796,9359257,true,0.00443445,3.5855,0.2255,1017,0.15,600,678,193.44,3000
sim_layered_newflow_2026-07-10T23-54-52-761Z,5,d28dc924-d79a-4074-9674-726172547ff9,ToB_Cost_Child,mid_0.50,0.5,2800,11161,9619741,true,0.00419591,3.5855,0.2255,1102,0.15,600,678,193.44,3000
sim_layered_newflow_2026-07-10T23-54-52-761Z,5,d28dc924-d79a-4074-9674-726172547ff9,ToB_Cost_Child,mid_0.50,0.5,2900,10561,9815009,true,0.00397015,3.5855,0.2255,1187,0.15,600,678,193.44,3000
sim_layered_newflow_2026-07-10T23-54-52-761Z,5,d28dc924-d79a-4074-9674-726172547ff9,ToB_Cost_Child,mid_0.50,0.5,3000,9992,9951309,true,0.00375649,3.5855,0.2255,1272,0.15,600,678,193.44,3000
sim_layered_newflow_2026-07-10T23-54-52-761Z,5,d28dc924-d79a-4074-9674-726172547ff9,ToB_Cost_Child,mid_0.50,0.5,3100,9454,10034410,true,0.00355428,3.5855,0.2255,1357,0.15,600,678,193.44,3000
sim_layered_newflow_2026-07-10T23-54-52-761Z,5,d28dc924-d79a-4074-9674-726172547ff9,ToB_Cost_Child,mid_0.50,0.5,3200,8945,10069632,true,0.00336293,3.5855,0.2255,1442,0.15,600,678,193.44,3000
sim_layered_newflow_2026-07-10T23-54-52-761Z,5,d28dc924-d79a-4074-9674-726172547ff9,ToB_Cost_Child,mid_0.50,0.5,3300,8464,10061883,true,0.00318184,3.5855,0.2255,1527,0.15,600,678,193.44,3000
sim_layered_newflow_2026-07-10T23-54-52-761Z,5,d28dc924-d79a-4074-9674-726172547ff9,ToB_Cost_Child,mid_0.50,0.5,3400,8008,10015680,true,0.00301047,3.5855,0.2255,1612,0.15,600,678,193.44,3000
sim_layered_newflow_2026-07-10T23-54-52-761Z,5,d28dc924-d79a-4074-9674-726172547ff9,ToB_Cost_Child,mid_0.50,0.5,3500,7577,9935183,true,0.00284831,3.5855,0.2255,1697,0.15,600,678,193.44,3000
sim_layered_newflow_2026-07-10T23-54-52-761Z,5,d28dc924-d79a-4074-9674-726172547ff9,ToB_Cost_Child,mid_0.50,0.5,3600,7168,9824216,true,0.00269486,3.5855,0.2255,1782,0.15,600,678,193.44,3000
sim_layered_newflow_2026-07-10T23-54-52-761Z,5,d28dc924-d79a-4074-9674-726172547ff9,ToB_Cost_Child,mid_0.50,0.5,3700,6782,9686292,true,0.00254966,3.5855,0.2255,1867,0.15,600,678,193.44,3000
sim_layered_newflow_2026-07-10T23-54-52-761Z,5,d28dc924-d79a-4074-9674-726172547ff9,ToB_Cost_Child,mid_0.50,0.5,3800,6417,9524637,true,0.00241226,3.5855,0.2255,1952,0.15,600,678,193.44,3000
sim_layered_newflow_2026-07-10T23-54-52-761Z,5,d28dc924-d79a-4074-9674-726172547ff9,ToB_Cost_Child,mid_0.50,0.5,3900,6071,9342206,true,0.00228225,3.5855,0.2255,2037,0.15,600,678,193.44,3000
sim_layered_newflow_2026-07-10T23-54-52-761Z,5,d28dc924-d79a-4074-9674-726172547ff9,ToB_Cost_Child,mid_0.50,0.5,4000,5744,9141708,true,0.00215923,3.5855,0.2255,2122,0.15,600,678,193.44,3000
sim_layered_newflow_2026-07-10T23-54-52-761Z,5,d28dc924-d79a-4074-9674-726172547ff9,ToB_Cost_Child,mid_0.50,0.5,4100,5434,8925620,true,0.00204282,3.5855,0.2255,2207,0.15,600,678,193.44,3000
sim_layered_newflow_2026-07-10T23-54-52-761Z,5,d28dc924-d79a-4074-9674-726172547ff9,ToB_Cost_Child,mid_0.50,0.5,4200,5141,8696205,true,0.00193268,3.5855,0.2255,2292,0.15,600,678,193.44,3000
sim_layered_newflow_2026-07-10T23-54-52-761Z,5,d28dc924-d79a-4074-9674-726172547ff9,ToB_Cost_Child,mid_0.50,0.5,4300,4864,8455528,true,0.00182847,3.5855,0.2255,2377,0.15,600,678,193.44,3000
sim_layered_newflow_2026-07-10T23-54-52-761Z,5,d28dc924-d79a-4074-9674-726172547ff9,ToB_Cost_Child,mid_0.50,0.5,4400,4601,8205471,true,0.00172987,3.5855,0.2255,2462,0.15,600,678,193.44,3000
sim_layered_newflow_2026-07-10T23-54-52-761Z,5,d28dc924-d79a-4074-9674-726172547ff9,ToB_Cost_Child,mid_0.50,0.5,4500,4353,7947747,true,0.00163657,3.5855,0.2255,2547,0.15,600,678,193.44,3000
sim_layered_newflow_2026-07-10T23-54-52-761Z,5,d28dc924-d79a-4074-9674-726172547ff9,ToB_Cost_Child,mid_0.50,0.5,4600,4118,7683909,true,0.0015483,3.5855,0.2255,2632,0.15,600,678,193.44,3000
sim_layered_newflow_2026-07-10T23-54-52-761Z,5,d28dc924-d79a-4074-9674-726172547ff9,ToB_Cost_Child,mid_0.50,0.5,4700,3896,7415369,true,0.00146479,3.5855,0.2255,2717,0.15,600,678,193.44,3000
sim_layered_newflow_2026-07-10T23-54-52-761Z,5,d28dc924-d79a-4074-9674-726172547ff9,ToB_Cost_Child,mid_0.50,0.5,4800,3686,7143402,true,0.00138577,3.5855,0.2255,2802,0.15,600,678,193.44,3000
sim_layered_newflow_2026-07-10T23-54-52-761Z,5,d28dc924-d79a-4074-9674-726172547ff9,ToB_Cost_Child,mid_0.50,0.5,4900,3487,6869160,true,0.00131101,3.5855,0.2255,2887,0.15,600,678,193.44,3000
sim_layered_newflow_2026-07-10T23-54-52-761Z,5,d28dc924-d79a-4074-9674-726172547ff9,ToB_Cost_Child,mid_0.50,0.5,5000,3299,6593681,true,0.00124028,3.5855,0.2255,2972,0.15,600,678,193.44,3000
sim_layered_newflow_2026-07-10T23-54-52-761Z,5,d28dc924-d79a-4074-9674-726172547ff9,ToB_Cost_Child,mid_0.50,0.5,5100,3121,6317898,true,0.00117336,3.5855,0.2255,3057,0.15,600,678,193.44,3000
sim_layered_newflow_2026-07-10T23-54-52-761Z,5,d28dc924-d79a-4074-9674-726172547ff9,ToB_Cost_Child,mid_0.50,0.5,5200,2953,6042646,true,0.00111004,3.5855,0.2255,3142,0.15,600,678,193.44,3000
sim_layered_newflow_2026-07-10T23-54-52-761Z,5,d28dc924-d79a-4074-9674-726172547ff9,ToB_Cost_Child,mid_0.50,0.5,5300,2793,5768672,true,0.00105014,3.5855,0.2255,3227,0.15,600,678,193.44,3000
sim_layered_newflow_2026-07-10T23-54-52-761Z,5,d28dc924-d79a-4074-9674-726172547ff9,ToB_Cost_Child,mid_0.50,0.5,5400,2643,5496642,true,0.00099347,3.5855,0.2255,3312,0.15,600,678,193.44,3000
sim_layered_newflow_2026-07-10T23-54-52-761Z,5,d28dc924-d79a-4074-9674-726172547ff9,ToB_Cost_Child,mid_0.50,0.5,5500,2500,5227143,true,0.00093985,3.5855,0.2255,3397,0.15,600,678,193.44,3000
sim_layered_newflow_2026-07-10T23-54-52-761Z,5,d28dc924-d79a-4074-9674-726172547ff9,ToB_Cost_Child,mid_0.50,0.5,5600,2365,4960696,true,0.00088913,3.5855,0.2255,3482,0.15,600,678,193.44,3000
sim_layered_newflow_2026-07-10T23-54-52-761Z,5,d28dc924-d79a-4074-9674-726172547ff9,ToB_Cost_Child,mid_0.50,0.5,5700,2237,4697757,true,0.00084114,3.5855,0.2255,3567,0.15,600,678,193.44,3000
sim_layered_newflow_2026-07-10T23-54-52-761Z,5,d28dc924-d79a-4074-9674-726172547ff9,ToB_Cost_Child,mid_0.50,0.5,5800,2117,4438725,true,0.00079573,3.5855,0.2255,3652,0.15,600,678,193.44,3000
sim_layered_newflow_2026-07-10T23-54-52-761Z,5,d28dc924-d79a-4074-9674-726172547ff9,ToB_Cost_Child,mid_0.50,0.5,5900,2002,4183945,true,0.00075278,3.5855,0.2255,3737,0.15,600,678,193.44,3000
sim_layered_newflow_2026-07-10T23-54-52-761Z,5,d28dc924-d79a-4074-9674-726172547ff9,ToB_Cost_Child,mid_0.50,0.5,6000,1894,3933713,true,0.00071215,3.5855,0.2255,3822,0.15,600,678,193.44,3000
sim_layered_newflow_2026-07-10T23-54-52-761Z,5,d28dc924-d79a-4074-9674-726172547ff9,ToB_Cost_Child,mid_0.50,0.5,6100,1792,3688281,true,0.0006737,3.5855,0.2255,3907,0.15,600,678,193.44,3000
sim_layered_newflow_2026-07-10T23-54-52-761Z,5,d28dc924-d79a-4074-9674-726172547ff9,ToB_Cost_Child,mid_0.50,0.5,6200,1695,3447862,true,0.00063733,3.5855,0.2255,3992,0.15,600,678,193.44,3000
sim_layered_newflow_2026-07-10T23-54-52-761Z,5,d28dc924-d79a-4074-9674-726172547ff9,ToB_Cost_Child,mid_0.50,0.5,6300,1604,3212629,true,0.00060292,3.5855,0.2255,4077,0.15,600,678,193.44,3000
sim_layered_newflow_2026-07-10T23-54-52-761Z,5,d28dc924-d79a-4074-9674-726172547ff9,ToB_Cost_Child,mid_0.50,0.5,6400,1517,2982724,true,0.00057037,3.5855,0.2255,4162,0.15,600,678,193.44,3000
sim_layered_newflow_2026-07-10T23-54-52-761Z,5,d28dc924-d79a-4074-9674-726172547ff9,ToB_Cost_Child,mid_0.50,0.5,6500,1435,2758258,true,0.00053958,3.5855,0.2255,4247,0.15,600,678,193.44,3000
sim_layered_newflow_2026-07-10T23-54-52-761Z,5,d28dc924-d79a-4074-9674-726172547ff9,ToB_Cost_Child,mid_0.50,0.5,6600,1358,2539314,true,0.00051044,3.5855,0.2255,4332,0.15,600,678,193.44,3000
sim_layered_newflow_2026-07-10T23-54-52-761Z,5,d28dc924-d79a-4074-9674-726172547ff9,ToB_Cost_Child,mid_0.50,0.5,6700,1284,2325951,true,0.00048288,3.5855,0.2255,4417,0.15,600,678,193.44,3000
sim_layered_newflow_2026-07-10T23-54-52-761Z,5,d28dc924-d79a-4074-9674-726172547ff9,ToB_Cost_Child,mid_0.50,0.5,6800,1215,2118206,true,0.00045681,3.5855,0.2255,4502,0.15,600,678,193.44,3000
sim_layered_newflow_2026-07-10T23-54-52-761Z,5,d28dc924-d79a-4074-9674-726172547ff9,ToB_Cost_Child,mid_0.50,0.5,6900,1150,1916093,true,0.00043214,3.5855,0.2255,4587,0.15,600,678,193.44,3000
sim_layered_newflow_2026-07-10T23-54-52-761Z,5,d28dc924-d79a-4074-9674-726172547ff9,ToB_Cost_Child,mid_0.50,0.5,7000,1087,1719610,true,0.00040881,3.5855,0.2255,4672,0.15,600,678,193.44,3000
sim_layered_newflow_2026-07-10T23-54-52-761Z,5,d28dc924-d79a-4074-9674-726172547ff9,ToB_Cost_Child,high_0.65,0.65,1000,67953,-26906890,false,0.02554626,4.41395,0.293,-428,0.15,600,678,193.44,3000
sim_layered_newflow_2026-07-10T23-54-52-761Z,5,d28dc924-d79a-4074-9674-726172547ff9,ToB_Cost_Child,high_0.65,0.65,1100,64371,-20198054,false,0.02419966,4.41395,0.293,-343,0.15,600,678,193.44,3000
sim_layered_newflow_2026-07-10T23-54-52-761Z,5,d28dc924-d79a-4074-9674-726172547ff9,ToB_Cost_Child,high_0.65,0.65,1200,60973,-14130497,false,0.02292236,4.41395,0.293,-258,0.15,600,678,193.44,3000
sim_layered_newflow_2026-07-10T23-54-52-761Z,5,d28dc924-d79a-4074-9674-726172547ff9,ToB_Cost_Child,high_0.65,0.65,1300,57751,-8656388,false,0.02171098,4.41395,0.293,-173,0.15,600,678,193.44,3000
sim_layered_newflow_2026-07-10T23-54-52-761Z,5,d28dc924-d79a-4074-9674-726172547ff9,ToB_Cost_Child,high_0.65,0.65,1400,54696,-3730966,false,0.02056228,4.41395,0.293,-88,0.15,600,678,193.44,3000
sim_layered_newflow_2026-07-10T23-54-52-761Z,5,d28dc924-d79a-4074-9674-726172547ff9,ToB_Cost_Child,high_0.65,0.65,1500,51799,687619,true,0.01947314,4.41395,0.293,-3,0.15,600,678,193.44,3000
sim_layered_newflow_2026-07-10T23-54-52-761Z,5,d28dc924-d79a-4074-9674-726172547ff9,ToB_Cost_Child,high_0.65,0.65,1600,49052,4638475,true,0.0184406,4.41395,0.293,82,0.15,600,678,193.44,3000
sim_layered_newflow_2026-07-10T23-54-52-761Z,5,d28dc924-d79a-4074-9674-726172547ff9,ToB_Cost_Child,high_0.65,0.65,1700,46448,8158117,true,0.01746184,4.41395,0.293,167,0.15,600,678,193.44,3000
sim_layered_newflow_2026-07-10T23-54-52-761Z,5,d28dc924-d79a-4074-9674-726172547ff9,ToB_Cost_Child,high_0.65,0.65,1800,43981,11280618,true,0.01653415,4.41395,0.293,252,0.15,600,678,193.44,3000
sim_layered_newflow_2026-07-10T23-54-52-761Z,5,d28dc924-d79a-4074-9674-726172547ff9,ToB_Cost_Child,high_0.65,0.65,1900,41642,14037748,true,0.01565496,4.41395,0.293,337,0.15,600,678,193.44,3000
sim_layered_newflow_2026-07-10T23-54-52-761Z,5,d28dc924-d79a-4074-9674-726172547ff9,ToB_Cost_Child,high_0.65,0.65,2000,39426,16459110,true,0.01482182,4.41395,0.293,422,0.15,600,678,193.44,3000
sim_layered_newflow_2026-07-10T23-54-52-761Z,5,d28dc924-d79a-4074-9674-726172547ff9,ToB_Cost_Child,high_0.65,0.65,2100,37326,18572269,true,0.01403239,4.41395,0.293,507,0.15,600,678,193.44,3000
sim_layered_newflow_2026-07-10T23-54-52-761Z,5,d28dc924-d79a-4074-9674-726172547ff9,ToB_Cost_Child,high_0.65,0.65,2200,35337,20402876,true,0.01328443,4.41395,0.293,592,0.15,600,678,193.44,3000
sim_layered_newflow_2026-07-10T23-54-52-761Z,5,d28dc924-d79a-4074-9674-726172547ff9,ToB_Cost_Child,high_0.65,0.65,2300,33452,21974782,true,0.01257583,4.41395,0.293,677,0.15,600,678,193.44,3000
sim_layered_newflow_2026-07-10T23-54-52-761Z,5,d28dc924-d79a-4074-9674-726172547ff9,ToB_Cost_Child,high_0.65,0.65,2400,31666,23310148,true,0.01190458,4.41395,0.293,762,0.15,600,678,193.44,3000
sim_layered_newflow_2026-07-10T23-54-52-761Z,5,d28dc924-d79a-4074-9674-726172547ff9,ToB_Cost_Child,high_0.65,0.65,2500,29975,24429557,true,0.01126874,4.41395,0.293,847,0.15,600,678,193.44,3000
sim_layered_newflow_2026-07-10T23-54-52-761Z,5,d28dc924-d79a-4074-9674-726172547ff9,ToB_Cost_Child,high_0.65,0.65,2600,28373,25352103,true,0.0106665,4.41395,0.293,932,0.15,600,678,193.44,3000
sim_layered_newflow_2026-07-10T23-54-52-761Z,5,d28dc924-d79a-4074-9674-726172547ff9,ToB_Cost_Child,high_0.65,0.65,2700,26856,26095494,true,0.01009611,4.41395,0.293,1017,0.15,600,678,193.44,3000
sim_layered_newflow_2026-07-10T23-54-52-761Z,5,d28dc924-d79a-4074-9674-726172547ff9,ToB_Cost_Child,high_0.65,0.65,2800,25419,26676137,true,0.00955594,4.41395,0.293,1102,0.15,600,678,193.44,3000
sim_layered_newflow_2026-07-10T23-54-52-761Z,5,d28dc924-d79a-4074-9674-726172547ff9,ToB_Cost_Child,high_0.65,0.65,2900,24058,27109222,true,0.0090444,4.41395,0.293,1187,0.15,600,678,193.44,3000
sim_layered_newflow_2026-07-10T23-54-52-761Z,5,d28dc924-d79a-4074-9674-726172547ff9,ToB_Cost_Child,high_0.65,0.65,3000,22770,27408803,true,0.00856,4.41395,0.293,1272,0.15,600,678,193.44,3000
sim_layered_newflow_2026-07-10T23-54-52-761Z,5,d28dc924-d79a-4074-9674-726172547ff9,ToB_Cost_Child,high_0.65,0.65,3100,21550,27587871,true,0.00810134,4.41395,0.293,1357,0.15,600,678,193.44,3000
sim_layered_newflow_2026-07-10T23-54-52-761Z,5,d28dc924-d79a-4074-9674-726172547ff9,ToB_Cost_Child,high_0.65,0.65,3200,20394,27658427,true,0.00766706,4.41395,0.293,1442,0.15,600,678,193.44,3000
sim_layered_newflow_2026-07-10T23-54-52-761Z,5,d28dc924-d79a-4074-9674-726172547ff9,ToB_Cost_Child,high_0.65,0.65,3300,19301,27631545,true,0.00725589,4.41395,0.293,1527,0.15,600,678,193.44,3000
sim_layered_newflow_2026-07-10T23-54-52-761Z,5,d28dc924-d79a-4074-9674-726172547ff9,ToB_Cost_Child,high_0.65,0.65,3400,18265,27517437,true,0.00686662,4.41395,0.293,1612,0.15,600,678,193.44,3000
sim_layered_newflow_2026-07-10T23-54-52-761Z,5,d28dc924-d79a-4074-9674-726172547ff9,ToB_Cost_Child,high_0.65,0.65,3500,17285,27325511,true,0.0064981,4.41395,0.293,1697,0.15,600,678,193.44,3000
sim_layered_newflow_2026-07-10T23-54-52-761Z,5,d28dc924-d79a-4074-9674-726172547ff9,ToB_Cost_Child,high_0.65,0.65,3600,16357,27064428,true,0.00614923,4.41395,0.293,1782,0.15,600,678,193.44,3000
sim_layered_newflow_2026-07-10T23-54-52-761Z,5,d28dc924-d79a-4074-9674-726172547ff9,ToB_Cost_Child,high_0.65,0.65,3700,15479,26742148,true,0.00581899,4.41395,0.293,1867,0.15,600,678,193.44,3000
sim_layered_newflow_2026-07-10T23-54-52-761Z,5,d28dc924-d79a-4074-9674-726172547ff9,ToB_Cost_Child,high_0.65,0.65,3800,14647,26365986,true,0.00550638,4.41395,0.293,1952,0.15,600,678,193.44,3000
sim_layered_newflow_2026-07-10T23-54-52-761Z,5,d28dc924-d79a-4074-9674-726172547ff9,ToB_Cost_Child,high_0.65,0.65,3900,13860,25942652,true,0.00521047,4.41395,0.293,2037,0.15,600,678,193.44,3000
sim_layered_newflow_2026-07-10T23-54-52-761Z,5,d28dc924-d79a-4074-9674-726172547ff9,ToB_Cost_Child,high_0.65,0.65,4000,13115,25478297,true,0.00493039,4.41395,0.293,2122,0.15,600,678,193.44,3000
sim_layered_newflow_2026-07-10T23-54-52-761Z,5,d28dc924-d79a-4074-9674-726172547ff9,ToB_Cost_Child,high_0.65,0.65,4100,12410,24978550,true,0.0046653,4.41395,0.293,2207,0.15,600,678,193.44,3000
sim_layered_newflow_2026-07-10T23-54-52-761Z,5,d28dc924-d79a-4074-9674-726172547ff9,ToB_Cost_Child,high_0.65,0.65,4200,11742,24448559,true,0.00441439,4.41395,0.293,2292,0.15,600,678,193.44,3000
sim_layered_newflow_2026-07-10T23-54-52-761Z,5,d28dc924-d79a-4074-9674-726172547ff9,ToB_Cost_Child,high_0.65,0.65,4300,11111,23893021,true,0.00417692,4.41395,0.293,2377,0.15,600,678,193.44,3000
sim_layered_newflow_2026-07-10T23-54-52-761Z,5,d28dc924-d79a-4074-9674-726172547ff9,ToB_Cost_Child,high_0.65,0.65,4400,10513,23316222,true,0.00395218,4.41395,0.293,2462,0.15,600,678,193.44,3000
sim_layered_newflow_2026-07-10T23-54-52-761Z,5,d28dc924-d79a-4074-9674-726172547ff9,ToB_Cost_Child,high_0.65,0.65,4500,9947,22722060,true,0.00373948,4.41395,0.293,2547,0.15,600,678,193.44,3000
sim_layered_newflow_2026-07-10T23-54-52-761Z,5,d28dc924-d79a-4074-9674-726172547ff9,ToB_Cost_Child,high_0.65,0.65,4600,9412,22114079,true,0.00353819,4.41395,0.293,2632,0.15,600,678,193.44,3000
sim_layered_newflow_2026-07-10T23-54-52-761Z,5,d28dc924-d79a-4074-9674-726172547ff9,ToB_Cost_Child,high_0.65,0.65,4700,8905,21495491,true,0.0033477,4.41395,0.293,2717,0.15,600,678,193.44,3000
sim_layered_newflow_2026-07-10T23-54-52-761Z,5,d28dc924-d79a-4074-9674-726172547ff9,ToB_Cost_Child,high_0.65,0.65,4800,8425,20869205,true,0.00316743,4.41395,0.293,2802,0.15,600,678,193.44,3000
sim_layered_newflow_2026-07-10T23-54-52-761Z,5,d28dc924-d79a-4074-9674-726172547ff9,ToB_Cost_Child,high_0.65,0.65,4900,7972,20237849,true,0.00299684,4.41395,0.293,2887,0.15,600,678,193.44,3000
sim_layered_newflow_2026-07-10T23-54-52-761Z,5,d28dc924-d79a-4074-9674-726172547ff9,ToB_Cost_Child,high_0.65,0.65,5000,7542,19603792,true,0.00283541,4.41395,0.293,2972,0.15,600,678,193.44,3000
sim_layered_newflow_2026-07-10T23-54-52-761Z,5,d28dc924-d79a-4074-9674-726172547ff9,ToB_Cost_Child,high_0.65,0.65,5100,7136,18969160,true,0.00268265,4.41395,0.293,3057,0.15,600,678,193.44,3000
sim_layered_newflow_2026-07-10T23-54-52-761Z,5,d28dc924-d79a-4074-9674-726172547ff9,ToB_Cost_Child,high_0.65,0.65,5200,6751,18335862,true,0.0025381,4.41395,0.293,3142,0.15,600,678,193.44,3000
sim_layered_newflow_2026-07-10T23-54-52-761Z,5,d28dc924-d79a-4074-9674-726172547ff9,ToB_Cost_Child,high_0.65,0.65,5300,6388,17705601,true,0.00240132,4.41395,0.293,3227,0.15,600,678,193.44,3000
sim_layered_newflow_2026-07-10T23-54-52-761Z,5,d28dc924-d79a-4074-9674-726172547ff9,ToB_Cost_Child,high_0.65,0.65,5400,6043,17079894,true,0.0022719,4.41395,0.293,3312,0.15,600,678,193.44,3000
sim_layered_newflow_2026-07-10T23-54-52-761Z,5,d28dc924-d79a-4074-9674-726172547ff9,ToB_Cost_Child,high_0.65,0.65,5500,5717,16460086,true,0.00214944,4.41395,0.293,3397,0.15,600,678,193.44,3000
sim_layered_newflow_2026-07-10T23-54-52-761Z,5,d28dc924-d79a-4074-9674-726172547ff9,ToB_Cost_Child,high_0.65,0.65,5600,5409,15847364,true,0.00203356,4.41395,0.293,3482,0.15,600,678,193.44,3000
sim_layered_newflow_2026-07-10T23-54-52-761Z,5,d28dc924-d79a-4074-9674-726172547ff9,ToB_Cost_Child,high_0.65,0.65,5700,5118,15242770,true,0.00192392,4.41395,0.293,3567,0.15,600,678,193.44,3000
sim_layered_newflow_2026-07-10T23-54-52-761Z,5,d28dc924-d79a-4074-9674-726172547ff9,ToB_Cost_Child,high_0.65,0.65,5800,4842,14647212,true,0.00182018,4.41395,0.293,3652,0.15,600,678,193.44,3000
sim_layered_newflow_2026-07-10T23-54-52-761Z,5,d28dc924-d79a-4074-9674-726172547ff9,ToB_Cost_Child,high_0.65,0.65,5900,4581,14061479,true,0.00172202,4.41395,0.293,3737,0.15,600,678,193.44,3000
sim_layered_newflow_2026-07-10T23-54-52-761Z,5,d28dc924-d79a-4074-9674-726172547ff9,ToB_Cost_Child,high_0.65,0.65,6000,4334,13486247,true,0.00162915,4.41395,0.293,3822,0.15,600,678,193.44,3000
sim_layered_newflow_2026-07-10T23-54-52-761Z,5,d28dc924-d79a-4074-9674-726172547ff9,ToB_Cost_Child,high_0.65,0.65,6100,4100,12922089,true,0.00154128,4.41395,0.293,3907,0.15,600,678,193.44,3000
sim_layered_newflow_2026-07-10T23-54-52-761Z,5,d28dc924-d79a-4074-9674-726172547ff9,ToB_Cost_Child,high_0.65,0.65,6200,3879,12369490,true,0.00145814,4.41395,0.293,3992,0.15,600,678,193.44,3000
sim_layered_newflow_2026-07-10T23-54-52-761Z,5,d28dc924-d79a-4074-9674-726172547ff9,ToB_Cost_Child,high_0.65,0.65,6300,3669,11828846,true,0.00137948,4.41395,0.293,4077,0.15,600,678,193.44,3000
sim_layered_newflow_2026-07-10T23-54-52-761Z,5,d28dc924-d79a-4074-9674-726172547ff9,ToB_Cost_Child,high_0.65,0.65,6400,3471,11300479,true,0.00130506,4.41395,0.293,4162,0.15,600,678,193.44,3000
sim_layered_newflow_2026-07-10T23-54-52-761Z,5,d28dc924-d79a-4074-9674-726172547ff9,ToB_Cost_Child,high_0.65,0.65,6500,3284,10784641,true,0.00123465,4.41395,0.293,4247,0.15,600,678,193.44,3000
sim_layered_newflow_2026-07-10T23-54-52-761Z,5,d28dc924-d79a-4074-9674-726172547ff9,ToB_Cost_Child,high_0.65,0.65,6600,3107,10281521,true,0.00116803,4.41395,0.293,4332,0.15,600,678,193.44,3000
sim_layered_newflow_2026-07-10T23-54-52-761Z,5,d28dc924-d79a-4074-9674-726172547ff9,ToB_Cost_Child,high_0.65,0.65,6700,2939,9791250,true,0.001105,4.41395,0.293,4417,0.15,600,678,193.44,3000
sim_layered_newflow_2026-07-10T23-54-52-761Z,5,d28dc924-d79a-4074-9674-726172547ff9,ToB_Cost_Child,high_0.65,0.65,6800,2781,9313909,true,0.00104537,4.41395,0.293,4502,0.15,600,678,193.44,3000
sim_layered_newflow_2026-07-10T23-54-52-761Z,5,d28dc924-d79a-4074-9674-726172547ff9,ToB_Cost_Child,high_0.65,0.65,6900,2631,8849533,true,0.00098896,4.41395,0.293,4587,0.15,600,678,193.44,3000
sim_layered_newflow_2026-07-10T23-54-52-761Z,5,d28dc924-d79a-4074-9674-726172547ff9,ToB_Cost_Child,high_0.65,0.65,7000,2489,8398115,true,0.00093559,4.41395,0.293,4672,0.15,600,678,193.44,3000
sim_layered_newflow_2026-07-10T23-54-52-761Z,6,46e9e6b9-8dbc-496f-975f-97ae0d310a23,ToC_Differentiation_Elder,actual_7_10,0.5800000000000001,1000,33154,-28262909,false,0.02466793,4.27324,0.29325,-807,0.25,600,957,255.54,3200
sim_layered_newflow_2026-07-10T23-54-52-761Z,6,46e9e6b9-8dbc-496f-975f-97ae0d310a23,ToC_Differentiation_Elder,actual_7_10,0.5800000000000001,1100,31728,-24842124,false,0.02360692,4.27324,0.29325,-732,0.25,600,957,255.54,3200
sim_layered_newflow_2026-07-10T23-54-52-761Z,6,46e9e6b9-8dbc-496f-975f-97ae0d310a23,ToC_Differentiation_Elder,actual_7_10,0.5800000000000001,1200,30362,-21669999,false,0.02259049,4.27324,0.29325,-657,0.25,600,957,255.54,3200
sim_layered_newflow_2026-07-10T23-54-52-761Z,6,46e9e6b9-8dbc-496f-975f-97ae0d310a23,ToC_Differentiation_Elder,actual_7_10,0.5800000000000001,1300,29053,-18731842,false,0.02161685,4.27324,0.29325,-582,0.25,600,957,255.54,3200
sim_layered_newflow_2026-07-10T23-54-52-761Z,6,46e9e6b9-8dbc-496f-975f-97ae0d310a23,ToC_Differentiation_Elder,actual_7_10,0.5800000000000001,1400,27800,-16013717,false,0.02068429,4.27324,0.29325,-507,0.25,600,957,255.54,3200
sim_layered_newflow_2026-07-10T23-54-52-761Z,6,46e9e6b9-8dbc-496f-975f-97ae0d310a23,ToC_Differentiation_Elder,actual_7_10,0.5800000000000001,1500,26599,-13502412,false,0.01979115,4.27324,0.29325,-432,0.25,600,957,255.54,3200
sim_layered_newflow_2026-07-10T23-54-52-761Z,6,46e9e6b9-8dbc-496f-975f-97ae0d310a23,ToC_Differentiation_Elder,actual_7_10,0.5800000000000001,1600,25450,-11185404,false,0.01893582,4.27324,0.29325,-357,0.25,600,957,255.54,3200
sim_layered_newflow_2026-07-10T23-54-52-761Z,6,46e9e6b9-8dbc-496f-975f-97ae0d310a23,ToC_Differentiation_Elder,actual_7_10,0.5800000000000001,1700,24349,-9050835,false,0.01811678,4.27324,0.29325,-282,0.25,600,957,255.54,3200
sim_layered_newflow_2026-07-10T23-54-52-761Z,6,46e9e6b9-8dbc-496f-975f-97ae0d310a23,ToC_Differentiation_Elder,actual_7_10,0.5800000000000001,1800,23295,-7087472,false,0.01733254,4.27324,0.29325,-207,0.25,600,957,255.54,3200
sim_layered_newflow_2026-07-10T23-54-52-761Z,6,46e9e6b9-8dbc-496f-975f-97ae0d310a23,ToC_Differentiation_Elder,actual_7_10,0.5800000000000001,1900,22286,-5284686,false,0.01658167,4.27324,0.29325,-132,0.25,600,957,255.54,3200
sim_layered_newflow_2026-07-10T23-54-52-761Z,6,46e9e6b9-8dbc-496f-975f-97ae0d310a23,ToC_Differentiation_Elder,actual_7_10,0.5800000000000001,2000,21320,-3632422,false,0.01586281,4.27324,0.29325,-57,0.25,600,957,255.54,3200
sim_layered_newflow_2026-07-10T23-54-52-761Z,6,46e9e6b9-8dbc-496f-975f-97ae0d310a23,ToC_Differentiation_Elder,actual_7_10,0.5800000000000001,2100,20395,-2121170,false,0.01517463,4.27324,0.29325,18,0.25,600,957,255.54,3200
sim_layered_newflow_2026-07-10T23-54-52-761Z,6,46e9e6b9-8dbc-496f-975f-97ae0d310a23,ToC_Differentiation_Elder,actual_7_10,0.5800000000000001,2200,19509,-741940,false,0.01451587,4.27324,0.29325,93,0.25,600,957,255.54,3200
sim_layered_newflow_2026-07-10T23-54-52-761Z,6,46e9e6b9-8dbc-496f-975f-97ae0d310a23,ToC_Differentiation_Elder,actual_7_10,0.5800000000000001,2300,18662,513761,true,0.0138853,4.27324,0.29325,168,0.25,600,957,255.54,3200
sim_layered_newflow_2026-07-10T23-54-52-761Z,6,46e9e6b9-8dbc-496f-975f-97ae0d310a23,ToC_Differentiation_Elder,actual_7_10,0.5800000000000001,2400,17851,1653956,true,0.01328175,4.27324,0.29325,243,0.25,600,957,255.54,3200
sim_layered_newflow_2026-07-10T23-54-52-761Z,6,46e9e6b9-8dbc-496f-975f-97ae0d310a23,ToC_Differentiation_Elder,actual_7_10,0.5800000000000001,2500,17074,2686218,true,0.0127041,4.27324,0.29325,318,0.25,600,957,255.54,3200
sim_layered_newflow_2026-07-10T23-54-52-761Z,6,46e9e6b9-8dbc-496f-975f-97ae0d310a23,ToC_Differentiation_Elder,actual_7_10,0.5800000000000001,2600,16331,3617694,true,0.01215126,4.27324,0.29325,393,0.25,600,957,255.54,3200
sim_layered_newflow_2026-07-10T23-54-52-761Z,6,46e9e6b9-8dbc-496f-975f-97ae0d310a23,ToC_Differentiation_Elder,actual_7_10,0.5800000000000001,2700,15620,4455128,true,0.0116222,4.27324,0.29325,468,0.25,600,957,255.54,3200
sim_layered_newflow_2026-07-10T23-54-52-761Z,6,46e9e6b9-8dbc-496f-975f-97ae0d310a23,ToC_Differentiation_Elder,actual_7_10,0.5800000000000001,2800,14940,5204877,true,0.01111592,4.27324,0.29325,543,0.25,600,957,255.54,3200
sim_layered_newflow_2026-07-10T23-54-52-761Z,6,46e9e6b9-8dbc-496f-975f-97ae0d310a23,ToC_Differentiation_Elder,actual_7_10,0.5800000000000001,2900,14289,5872933,true,0.01063145,4.27324,0.29325,618,0.25,600,957,255.54,3200
sim_layered_newflow_2026-07-10T23-54-52-761Z,6,46e9e6b9-8dbc-496f-975f-97ae0d310a23,ToC_Differentiation_Elder,actual_7_10,0.5800000000000001,3000,13666,6464943,true,0.01016788,4.27324,0.29325,693,0.25,600,957,255.54,3200
sim_layered_newflow_2026-07-10T23-54-52-761Z,6,46e9e6b9-8dbc-496f-975f-97ae0d310a23,ToC_Differentiation_Elder,actual_7_10,0.5800000000000001,3100,13069,6986222,true,0.00972432,4.27324,0.29325,768,0.25,600,957,255.54,3200
sim_layered_newflow_2026-07-10T23-54-52-761Z,6,46e9e6b9-8dbc-496f-975f-97ae0d310a23,ToC_Differentiation_Elder,actual_7_10,0.5800000000000001,3200,12499,7441777,true,0.00929993,4.27324,0.29325,843,0.25,600,957,255.54,3200
sim_layered_newflow_2026-07-10T23-54-52-761Z,6,46e9e6b9-8dbc-496f-975f-97ae0d310a23,ToC_Differentiation_Elder,actual_7_10,0.5800000000000001,3300,11953,7836317,true,0.0088939,4.27324,0.29325,918,0.25,600,957,255.54,3200
sim_layered_newflow_2026-07-10T23-54-52-761Z,6,46e9e6b9-8dbc-496f-975f-97ae0d310a23,ToC_Differentiation_Elder,actual_7_10,0.5800000000000001,3400,11431,8174271,true,0.00850544,4.27324,0.29325,993,0.25,600,957,255.54,3200
sim_layered_newflow_2026-07-10T23-54-52-761Z,6,46e9e6b9-8dbc-496f-975f-97ae0d310a23,ToC_Differentiation_Elder,actual_7_10,0.5800000000000001,3500,10932,8459803,true,0.00813381,4.27324,0.29325,1068,0.25,600,957,255.54,3200
sim_layered_newflow_2026-07-10T23-54-52-761Z,6,46e9e6b9-8dbc-496f-975f-97ae0d310a23,ToC_Differentiation_Elder,actual_7_10,0.5800000000000001,3600,10454,8696827,true,0.00777829,4.27324,0.29325,1143,0.25,600,957,255.54,3200
sim_layered_newflow_2026-07-10T23-54-52-761Z,6,46e9e6b9-8dbc-496f-975f-97ae0d310a23,ToC_Differentiation_Elder,actual_7_10,0.5800000000000001,3700,9997,8889019,true,0.00743819,4.27324,0.29325,1218,0.25,600,957,255.54,3200
sim_layered_newflow_2026-07-10T23-54-52-761Z,6,46e9e6b9-8dbc-496f-975f-97ae0d310a23,ToC_Differentiation_Elder,actual_7_10,0.5800000000000001,3800,9560,9039827,true,0.00711286,4.27324,0.29325,1293,0.25,600,957,255.54,3200
sim_layered_newflow_2026-07-10T23-54-52-761Z,6,46e9e6b9-8dbc-496f-975f-97ae0d310a23,ToC_Differentiation_Elder,actual_7_10,0.5800000000000001,3900,9141,9152491,true,0.00680165,4.27324,0.29325,1368,0.25,600,957,255.54,3200
sim_layered_newflow_2026-07-10T23-54-52-761Z,6,46e9e6b9-8dbc-496f-975f-97ae0d310a23,ToC_Differentiation_Elder,actual_7_10,0.5800000000000001,4000,8741,9230047,true,0.00650398,4.27324,0.29325,1443,0.25,600,957,255.54,3200
sim_layered_newflow_2026-07-10T23-54-52-761Z,6,46e9e6b9-8dbc-496f-975f-97ae0d310a23,ToC_Differentiation_Elder,actual_7_10,0.5800000000000001,4100,8359,9275341,true,0.00621925,4.27324,0.29325,1518,0.25,600,957,255.54,3200
sim_layered_newflow_2026-07-10T23-54-52-761Z,6,46e9e6b9-8dbc-496f-975f-97ae0d310a23,ToC_Differentiation_Elder,actual_7_10,0.5800000000000001,4200,7993,9291041,true,0.00594691,4.27324,0.29325,1593,0.25,600,957,255.54,3200
sim_layered_newflow_2026-07-10T23-54-52-761Z,6,46e9e6b9-8dbc-496f-975f-97ae0d310a23,ToC_Differentiation_Elder,actual_7_10,0.5800000000000001,4300,7643,9279643,true,0.00568643,4.27324,0.29325,1668,0.25,600,957,255.54,3200
sim_layered_newflow_2026-07-10T23-54-52-761Z,6,46e9e6b9-8dbc-496f-975f-97ae0d310a23,ToC_Differentiation_Elder,actual_7_10,0.5800000000000001,4400,7308,9243486,true,0.00543729,4.27324,0.29325,1743,0.25,600,957,255.54,3200
sim_layered_newflow_2026-07-10T23-54-52-761Z,6,46e9e6b9-8dbc-496f-975f-97ae0d310a23,ToC_Differentiation_Elder,actual_7_10,0.5800000000000001,4500,6987,9184754,true,0.00519902,4.27324,0.29325,1818,0.25,600,957,255.54,3200
sim_layered_newflow_2026-07-10T23-54-52-761Z,6,46e9e6b9-8dbc-496f-975f-97ae0d310a23,ToC_Differentiation_Elder,actual_7_10,0.5800000000000001,4600,6681,9105493,true,0.00497113,4.27324,0.29325,1893,0.25,600,957,255.54,3200
sim_layered_newflow_2026-07-10T23-54-52-761Z,6,46e9e6b9-8dbc-496f-975f-97ae0d310a23,ToC_Differentiation_Elder,actual_7_10,0.5800000000000001,4700,6388,9007611,true,0.00475318,4.27324,0.29325,1968,0.25,600,957,255.54,3200
sim_layered_newflow_2026-07-10T23-54-52-761Z,6,46e9e6b9-8dbc-496f-975f-97ae0d310a23,ToC_Differentiation_Elder,actual_7_10,0.5800000000000001,4800,6108,8892889,true,0.00454475,4.27324,0.29325,2043,0.25,600,957,255.54,3200
sim_layered_newflow_2026-07-10T23-54-52-761Z,6,46e9e6b9-8dbc-496f-975f-97ae0d310a23,ToC_Differentiation_Elder,actual_7_10,0.5800000000000001,4900,5840,8762993,true,0.00434542,4.27324,0.29325,2118,0.25,600,957,255.54,3200
sim_layered_newflow_2026-07-10T23-54-52-761Z,6,46e9e6b9-8dbc-496f-975f-97ae0d310a23,ToC_Differentiation_Elder,actual_7_10,0.5800000000000001,5000,5584,8619470,true,0.00415479,4.27324,0.29325,2193,0.25,600,957,255.54,3200
sim_layered_newflow_2026-07-10T23-54-52-761Z,6,46e9e6b9-8dbc-496f-975f-97ae0d310a23,ToC_Differentiation_Elder,actual_7_10,0.5800000000000001,5100,5339,8463766,true,0.00397249,4.27324,0.29325,2268,0.25,600,957,255.54,3200
sim_layered_newflow_2026-07-10T23-54-52-761Z,6,46e9e6b9-8dbc-496f-975f-97ae0d310a23,ToC_Differentiation_Elder,actual_7_10,0.5800000000000001,5200,5105,8297225,true,0.00379816,4.27324,0.29325,2343,0.25,600,957,255.54,3200
sim_layered_newflow_2026-07-10T23-54-52-761Z,6,46e9e6b9-8dbc-496f-975f-97ae0d310a23,ToC_Differentiation_Elder,actual_7_10,0.5800000000000001,5300,4881,8121098,true,0.00363145,4.27324,0.29325,2418,0.25,600,957,255.54,3200
sim_layered_newflow_2026-07-10T23-54-52-761Z,6,46e9e6b9-8dbc-496f-975f-97ae0d310a23,ToC_Differentiation_Elder,actual_7_10,0.5800000000000001,5400,4666,7936547,true,0.00347204,4.27324,0.29325,2493,0.25,600,957,255.54,3200
sim_layered_newflow_2026-07-10T23-54-52-761Z,6,46e9e6b9-8dbc-496f-975f-97ae0d310a23,ToC_Differentiation_Elder,actual_7_10,0.5800000000000001,5500,4462,7744651,true,0.0033196,4.27324,0.29325,2568,0.25,600,957,255.54,3200
sim_layered_newflow_2026-07-10T23-54-52-761Z,6,46e9e6b9-8dbc-496f-975f-97ae0d310a23,ToC_Differentiation_Elder,actual_7_10,0.5800000000000001,5600,4266,7546411,true,0.00317383,4.27324,0.29325,2643,0.25,600,957,255.54,3200
sim_layered_newflow_2026-07-10T23-54-52-761Z,6,46e9e6b9-8dbc-496f-975f-97ae0d310a23,ToC_Differentiation_Elder,actual_7_10,0.5800000000000001,5700,4078,7342754,true,0.00303444,4.27324,0.29325,2718,0.25,600,957,255.54,3200
sim_layered_newflow_2026-07-10T23-54-52-761Z,6,46e9e6b9-8dbc-496f-975f-97ae0d310a23,ToC_Differentiation_Elder,actual_7_10,0.5800000000000001,5800,3899,7134539,true,0.00290115,4.27324,0.29325,2793,0.25,600,957,255.54,3200
sim_layered_newflow_2026-07-10T23-54-52-761Z,6,46e9e6b9-8dbc-496f-975f-97ae0d310a23,ToC_Differentiation_Elder,actual_7_10,0.5800000000000001,5900,3728,6922561,true,0.00277371,4.27324,0.29325,2868,0.25,600,957,255.54,3200
sim_layered_newflow_2026-07-10T23-54-52-761Z,6,46e9e6b9-8dbc-496f-975f-97ae0d310a23,ToC_Differentiation_Elder,actual_7_10,0.5800000000000001,6000,3564,6707552,true,0.00265185,4.27324,0.29325,2943,0.25,600,957,255.54,3200
sim_layered_newflow_2026-07-10T23-54-52-761Z,6,46e9e6b9-8dbc-496f-975f-97ae0d310a23,ToC_Differentiation_Elder,actual_7_10,0.5800000000000001,6100,3407,6490189,true,0.00253532,4.27324,0.29325,3018,0.25,600,957,255.54,3200
sim_layered_newflow_2026-07-10T23-54-52-761Z,6,46e9e6b9-8dbc-496f-975f-97ae0d310a23,ToC_Differentiation_Elder,actual_7_10,0.5800000000000001,6200,3258,6271094,true,0.00242391,4.27324,0.29325,3093,0.25,600,957,255.54,3200
sim_layered_newflow_2026-07-10T23-54-52-761Z,6,46e9e6b9-8dbc-496f-975f-97ae0d310a23,ToC_Differentiation_Elder,actual_7_10,0.5800000000000001,6300,3115,6050841,true,0.00231738,4.27324,0.29325,3168,0.25,600,957,255.54,3200
sim_layered_newflow_2026-07-10T23-54-52-761Z,6,46e9e6b9-8dbc-496f-975f-97ae0d310a23,ToC_Differentiation_Elder,actual_7_10,0.5800000000000001,6400,2978,5829955,true,0.00221552,4.27324,0.29325,3243,0.25,600,957,255.54,3200
sim_layered_newflow_2026-07-10T23-54-52-761Z,6,46e9e6b9-8dbc-496f-975f-97ae0d310a23,ToC_Differentiation_Elder,actual_7_10,0.5800000000000001,6500,2847,5608919,true,0.00211813,4.27324,0.29325,3318,0.25,600,957,255.54,3200
sim_layered_newflow_2026-07-10T23-54-52-761Z,6,46e9e6b9-8dbc-496f-975f-97ae0d310a23,ToC_Differentiation_Elder,actual_7_10,0.5800000000000001,6600,2722,5388173,true,0.00202501,4.27324,0.29325,3393,0.25,600,957,255.54,3200
sim_layered_newflow_2026-07-10T23-54-52-761Z,6,46e9e6b9-8dbc-496f-975f-97ae0d310a23,ToC_Differentiation_Elder,actual_7_10,0.5800000000000001,6700,2602,5168120,true,0.00193598,4.27324,0.29325,3468,0.25,600,957,255.54,3200
sim_layered_newflow_2026-07-10T23-54-52-761Z,6,46e9e6b9-8dbc-496f-975f-97ae0d310a23,ToC_Differentiation_Elder,actual_7_10,0.5800000000000001,6800,2488,4949127,true,0.00185085,4.27324,0.29325,3543,0.25,600,957,255.54,3200
sim_layered_newflow_2026-07-10T23-54-52-761Z,6,46e9e6b9-8dbc-496f-975f-97ae0d310a23,ToC_Differentiation_Elder,actual_7_10,0.5800000000000001,6900,2378,4731527,true,0.00176947,4.27324,0.29325,3618,0.25,600,957,255.54,3200
sim_layered_newflow_2026-07-10T23-54-52-761Z,6,46e9e6b9-8dbc-496f-975f-97ae0d310a23,ToC_Differentiation_Elder,actual_7_10,0.5800000000000001,7000,2274,4515621,true,0.00169165,4.27324,0.29325,3693,0.25,600,957,255.54,3200
sim_layered_newflow_2026-07-10T23-54-52-761Z,6,46e9e6b9-8dbc-496f-975f-97ae0d310a23,ToC_Differentiation_Elder,low_0.35,0.35,1000,8885,-10746850,false,0.00661091,3.00295,0.18975,-807,0.25,600,957,255.54,3200
sim_layered_newflow_2026-07-10T23-54-52-761Z,6,46e9e6b9-8dbc-496f-975f-97ae0d310a23,ToC_Differentiation_Elder,low_0.35,0.35,1100,8442,-9779734,false,0.00628093,3.00295,0.18975,-732,0.25,600,957,255.54,3200
sim_layered_newflow_2026-07-10T23-54-52-761Z,6,46e9e6b9-8dbc-496f-975f-97ae0d310a23,ToC_Differentiation_Elder,low_0.35,0.35,1200,8020,-8892412,false,0.00596732,3.00295,0.18975,-657,0.25,600,957,255.54,3200
sim_layered_newflow_2026-07-10T23-54-52-761Z,6,46e9e6b9-8dbc-496f-975f-97ae0d310a23,ToC_Differentiation_Elder,low_0.35,0.35,1300,7620,-8079363,false,0.00566929,3.00295,0.18975,-582,0.25,600,957,255.54,3200
sim_layered_newflow_2026-07-10T23-54-52-761Z,6,46e9e6b9-8dbc-496f-975f-97ae0d310a23,ToC_Differentiation_Elder,low_0.35,0.35,1400,7239,-7335415,false,0.00538605,3.00295,0.18975,-507,0.25,600,957,255.54,3200
sim_layered_newflow_2026-07-10T23-54-52-761Z,6,46e9e6b9-8dbc-496f-975f-97ae0d310a23,ToC_Differentiation_Elder,low_0.35,0.35,1500,6877,-6655721,false,0.0051169,3.00295,0.18975,-432,0.25,600,957,255.54,3200
sim_layered_newflow_2026-07-10T23-54-52-761Z,6,46e9e6b9-8dbc-496f-975f-97ae0d310a23,ToC_Differentiation_Elder,low_0.35,0.35,1600,6533,-6035741,false,0.00486113,3.00295,0.18975,-357,0.25,600,957,255.54,3200
sim_layered_newflow_2026-07-10T23-54-52-761Z,6,46e9e6b9-8dbc-496f-975f-97ae0d310a23,ToC_Differentiation_Elder,low_0.35,0.35,1700,6207,-5471225,false,0.00461808,3.00295,0.18975,-282,0.25,600,957,255.54,3200
sim_layered_newflow_2026-07-10T23-54-52-761Z,6,46e9e6b9-8dbc-496f-975f-97ae0d310a23,ToC_Differentiation_Elder,low_0.35,0.35,1800,5896,-4958198,false,0.00438713,3.00295,0.18975,-207,0.25,600,957,255.54,3200
sim_layered_newflow_2026-07-10T23-54-52-761Z,6,46e9e6b9-8dbc-496f-975f-97ae0d310a23,ToC_Differentiation_Elder,low_0.35,0.35,1900,5601,-4492936,false,0.00416769,3.00295,0.18975,-132,0.25,600,957,255.54,3200
sim_layered_newflow_2026-07-10T23-54-52-761Z,6,46e9e6b9-8dbc-496f-975f-97ae0d310a23,ToC_Differentiation_Elder,low_0.35,0.35,2000,5321,-4071961,false,0.00395918,3.00295,0.18975,-57,0.25,600,957,255.54,3200
sim_layered_newflow_2026-07-10T23-54-52-761Z,6,46e9e6b9-8dbc-496f-975f-97ae0d310a23,ToC_Differentiation_Elder,low_0.35,0.35,2100,5055,-3692018,false,0.00376106,3.00295,0.18975,18,0.25,600,957,255.54,3200
sim_layered_newflow_2026-07-10T23-54-52-761Z,6,46e9e6b9-8dbc-496f-975f-97ae0d310a23,ToC_Differentiation_Elder,low_0.35,0.35,2200,4802,-3350066,false,0.00357281,3.00295,0.18975,93,0.25,600,957,255.54,3200
sim_layered_newflow_2026-07-10T23-54-52-761Z,6,46e9e6b9-8dbc-496f-975f-97ae0d310a23,ToC_Differentiation_Elder,low_0.35,0.35,2300,4561,-3043263,false,0.00339396,3.00295,0.18975,168,0.25,600,957,255.54,3200
sim_layered_newflow_2026-07-10T23-54-52-761Z,6,46e9e6b9-8dbc-496f-975f-97ae0d310a23,ToC_Differentiation_Elder,low_0.35,0.35,2400,4333,-2768956,false,0.00322403,3.00295,0.18975,243,0.25,600,957,255.54,3200
sim_layered_newflow_2026-07-10T23-54-52-761Z,6,46e9e6b9-8dbc-496f-975f-97ae0d310a23,ToC_Differentiation_Elder,low_0.35,0.35,2500,4116,-2524667,false,0.00306259,3.00295,0.18975,318,0.25,600,957,255.54,3200
sim_layered_newflow_2026-07-10T23-54-52-761Z,6,46e9e6b9-8dbc-496f-975f-97ae0d310a23,ToC_Differentiation_Elder,low_0.35,0.35,2600,3910,-2308084,false,0.0029092,3.00295,0.18975,393,0.25,600,957,255.54,3200
sim_layered_newflow_2026-07-10T23-54-52-761Z,6,46e9e6b9-8dbc-496f-975f-97ae0d310a23,ToC_Differentiation_Elder,low_0.35,0.35,2700,3714,-2117050,false,0.00276348,3.00295,0.18975,468,0.25,600,957,255.54,3200
sim_layered_newflow_2026-07-10T23-54-52-761Z,6,46e9e6b9-8dbc-496f-975f-97ae0d310a23,ToC_Differentiation_Elder,low_0.35,0.35,2800,3528,-1949554,false,0.00262503,3.00295,0.18975,543,0.25,600,957,255.54,3200
sim_layered_newflow_2026-07-10T23-54-52-761Z,6,46e9e6b9-8dbc-496f-975f-97ae0d310a23,ToC_Differentiation_Elder,low_0.35,0.35,2900,3351,-1803720,false,0.00249351,3.00295,0.18975,618,0.25,600,957,255.54,3200
sim_layered_newflow_2026-07-10T23-54-52-761Z,6,46e9e6b9-8dbc-496f-975f-97ae0d310a23,ToC_Differentiation_Elder,low_0.35,0.35,3000,3183,-1677803,false,0.00236856,3.00295,0.18975,693,0.25,600,957,255.54,3200
sim_layered_newflow_2026-07-10T23-54-52-761Z,6,46e9e6b9-8dbc-496f-975f-97ae0d310a23,ToC_Differentiation_Elder,low_0.35,0.35,3100,3024,-1570176,false,0.00224985,3.00295,0.18975,768,0.25,600,957,255.54,3200
sim_layered_newflow_2026-07-10T23-54-52-761Z,6,46e9e6b9-8dbc-496f-975f-97ae0d310a23,ToC_Differentiation_Elder,low_0.35,0.35,3200,2872,-1479323,false,0.00213708,3.00295,0.18975,843,0.25,600,957,255.54,3200
sim_layered_newflow_2026-07-10T23-54-52-761Z,6,46e9e6b9-8dbc-496f-975f-97ae0d310a23,ToC_Differentiation_Elder,low_0.35,0.35,3300,2728,-1403836,false,0.00202996,3.00295,0.18975,918,0.25,600,957,255.54,3200
sim_layered_newflow_2026-07-10T23-54-52-761Z,6,46e9e6b9-8dbc-496f-975f-97ae0d310a23,ToC_Differentiation_Elder,low_0.35,0.35,3400,2591,-1342405,false,0.00192819,3.00295,0.18975,993,0.25,600,957,255.54,3200
sim_layered_newflow_2026-07-10T23-54-52-761Z,6,46e9e6b9-8dbc-496f-975f-97ae0d310a23,ToC_Differentiation_Elder,low_0.35,0.35,3500,2462,-1293812,false,0.00183151,3.00295,0.18975,1068,0.25,600,957,255.54,3200
sim_layered_newflow_2026-07-10T23-54-52-761Z,6,46e9e6b9-8dbc-496f-975f-97ae0d310a23,ToC_Differentiation_Elder,low_0.35,0.35,3600,2338,-1256925,false,0.00173968,3.00295,0.18975,1143,0.25,600,957,255.54,3200
sim_layered_newflow_2026-07-10T23-54-52-761Z,6,46e9e6b9-8dbc-496f-975f-97ae0d310a23,ToC_Differentiation_Elder,low_0.35,0.35,3700,2221,-1230693,false,0.00165244,3.00295,0.18975,1218,0.25,600,957,255.54,3200
sim_layered_newflow_2026-07-10T23-54-52-761Z,6,46e9e6b9-8dbc-496f-975f-97ae0d310a23,ToC_Differentiation_Elder,low_0.35,0.35,3800,2109,-1214142,false,0.00156957,3.00295,0.18975,1293,0.25,600,957,255.54,3200
sim_layered_newflow_2026-07-10T23-54-52-761Z,6,46e9e6b9-8dbc-496f-975f-97ae0d310a23,ToC_Differentiation_Elder,low_0.35,0.35,3900,2004,-1206368,false,0.00149085,3.00295,0.18975,1368,0.25,600,957,255.54,3200
sim_layered_newflow_2026-07-10T23-54-52-761Z,6,46e9e6b9-8dbc-496f-975f-97ae0d310a23,ToC_Differentiation_Elder,low_0.35,0.35,4000,1903,-1206532,false,0.00141607,3.00295,0.18975,1443,0.25,600,957,255.54,3200
sim_layered_newflow_2026-07-10T23-54-52-761Z,6,46e9e6b9-8dbc-496f-975f-97ae0d310a23,ToC_Differentiation_Elder,low_0.35,0.35,4100,1808,-1213857,false,0.00134503,3.00295,0.18975,1518,0.25,600,957,255.54,3200
sim_layered_newflow_2026-07-10T23-54-52-761Z,6,46e9e6b9-8dbc-496f-975f-97ae0d310a23,ToC_Differentiation_Elder,low_0.35,0.35,4200,1717,-1227627,false,0.00127756,3.00295,0.18975,1593,0.25,600,957,255.54,3200
sim_layered_newflow_2026-07-10T23-54-52-761Z,6,46e9e6b9-8dbc-496f-975f-97ae0d310a23,ToC_Differentiation_Elder,low_0.35,0.35,4300,1631,-1247175,false,0.00121347,3.00295,0.18975,1668,0.25,600,957,255.54,3200
sim_layered_newflow_2026-07-10T23-54-52-761Z,6,46e9e6b9-8dbc-496f-975f-97ae0d310a23,ToC_Differentiation_Elder,low_0.35,0.35,4400,1549,-1271889,false,0.00115258,3.00295,0.18975,1743,0.25,600,957,255.54,3200
sim_layered_newflow_2026-07-10T23-54-52-761Z,6,46e9e6b9-8dbc-496f-975f-97ae0d310a23,ToC_Differentiation_Elder,low_0.35,0.35,4500,1471,-1301199,false,0.00109475,3.00295,0.18975,1818,0.25,600,957,255.54,3200
sim_layered_newflow_2026-07-10T23-54-52-761Z,6,46e9e6b9-8dbc-496f-975f-97ae0d310a23,ToC_Differentiation_Elder,low_0.35,0.35,4600,1398,-1334584,false,0.00103982,3.00295,0.18975,1893,0.25,600,957,255.54,3200
sim_layered_newflow_2026-07-10T23-54-52-761Z,6,46e9e6b9-8dbc-496f-975f-97ae0d310a23,ToC_Differentiation_Elder,low_0.35,0.35,4700,1327,-1371560,false,0.00098764,3.00295,0.18975,1968,0.25,600,957,255.54,3200
sim_layered_newflow_2026-07-10T23-54-52-761Z,6,46e9e6b9-8dbc-496f-975f-97ae0d310a23,ToC_Differentiation_Elder,low_0.35,0.35,4800,1261,-1411684,false,0.00093808,3.00295,0.18975,2043,0.25,600,957,255.54,3200
sim_layered_newflow_2026-07-10T23-54-52-761Z,6,46e9e6b9-8dbc-496f-975f-97ae0d310a23,ToC_Differentiation_Elder,low_0.35,0.35,4900,1198,-1454545,false,0.000891,3.00295,0.18975,2118,0.25,600,957,255.54,3200
sim_layered_newflow_2026-07-10T23-54-52-761Z,6,46e9e6b9-8dbc-496f-975f-97ae0d310a23,ToC_Differentiation_Elder,low_0.35,0.35,5000,1137,-1499769,false,0.00084629,3.00295,0.18975,2193,0.25,600,957,255.54,3200
sim_layered_newflow_2026-07-10T23-54-52-761Z,6,46e9e6b9-8dbc-496f-975f-97ae0d310a23,ToC_Differentiation_Elder,low_0.35,0.35,5100,1080,-1547010,false,0.00080381,3.00295,0.18975,2268,0.25,600,957,255.54,3200
sim_layered_newflow_2026-07-10T23-54-52-761Z,6,46e9e6b9-8dbc-496f-975f-97ae0d310a23,ToC_Differentiation_Elder,low_0.35,0.35,5200,1026,-1595952,false,0.00076347,3.00295,0.18975,2343,0.25,600,957,255.54,3200
sim_layered_newflow_2026-07-10T23-54-52-761Z,6,46e9e6b9-8dbc-496f-975f-97ae0d310a23,ToC_Differentiation_Elder,low_0.35,0.35,5300,975,-1646305,false,0.00072515,3.00295,0.18975,2418,0.25,600,957,255.54,3200
sim_layered_newflow_2026-07-10T23-54-52-761Z,6,46e9e6b9-8dbc-496f-975f-97ae0d310a23,ToC_Differentiation_Elder,low_0.35,0.35,5400,926,-1697804,false,0.00068875,3.00295,0.18975,2493,0.25,600,957,255.54,3200
sim_layered_newflow_2026-07-10T23-54-52-761Z,6,46e9e6b9-8dbc-496f-975f-97ae0d310a23,ToC_Differentiation_Elder,low_0.35,0.35,5500,879,-1750207,false,0.00065417,3.00295,0.18975,2568,0.25,600,957,255.54,3200
sim_layered_newflow_2026-07-10T23-54-52-761Z,6,46e9e6b9-8dbc-496f-975f-97ae0d310a23,ToC_Differentiation_Elder,low_0.35,0.35,5600,835,-1803294,false,0.00062134,3.00295,0.18975,2643,0.25,600,957,255.54,3200
sim_layered_newflow_2026-07-10T23-54-52-761Z,6,46e9e6b9-8dbc-496f-975f-97ae0d310a23,ToC_Differentiation_Elder,low_0.35,0.35,5700,793,-1856863,false,0.00059015,3.00295,0.18975,2718,0.25,600,957,255.54,3200
sim_layered_newflow_2026-07-10T23-54-52-761Z,6,46e9e6b9-8dbc-496f-975f-97ae0d310a23,ToC_Differentiation_Elder,low_0.35,0.35,5800,753,-1910733,false,0.00056052,3.00295,0.18975,2793,0.25,600,957,255.54,3200
sim_layered_newflow_2026-07-10T23-54-52-761Z,6,46e9e6b9-8dbc-496f-975f-97ae0d310a23,ToC_Differentiation_Elder,low_0.35,0.35,5900,716,-1964738,false,0.00053238,3.00295,0.18975,2868,0.25,600,957,255.54,3200
sim_layered_newflow_2026-07-10T23-54-52-761Z,6,46e9e6b9-8dbc-496f-975f-97ae0d310a23,ToC_Differentiation_Elder,low_0.35,0.35,6000,680,-2018728,false,0.00050565,3.00295,0.18975,2943,0.25,600,957,255.54,3200
sim_layered_newflow_2026-07-10T23-54-52-761Z,6,46e9e6b9-8dbc-496f-975f-97ae0d310a23,ToC_Differentiation_Elder,low_0.35,0.35,6100,645,-2072570,false,0.00048027,3.00295,0.18975,3018,0.25,600,957,255.54,3200
sim_layered_newflow_2026-07-10T23-54-52-761Z,6,46e9e6b9-8dbc-496f-975f-97ae0d310a23,ToC_Differentiation_Elder,low_0.35,0.35,6200,613,-2126141,false,0.00045615,3.00295,0.18975,3093,0.25,600,957,255.54,3200
sim_layered_newflow_2026-07-10T23-54-52-761Z,6,46e9e6b9-8dbc-496f-975f-97ae0d310a23,ToC_Differentiation_Elder,low_0.35,0.35,6300,582,-2179334,false,0.00043325,3.00295,0.18975,3168,0.25,600,957,255.54,3200
sim_layered_newflow_2026-07-10T23-54-52-761Z,6,46e9e6b9-8dbc-496f-975f-97ae0d310a23,ToC_Differentiation_Elder,low_0.35,0.35,6400,553,-2232050,false,0.0004115,3.00295,0.18975,3243,0.25,600,957,255.54,3200
sim_layered_newflow_2026-07-10T23-54-52-761Z,6,46e9e6b9-8dbc-496f-975f-97ae0d310a23,ToC_Differentiation_Elder,low_0.35,0.35,6500,525,-2284204,false,0.00039084,3.00295,0.18975,3318,0.25,600,957,255.54,3200
sim_layered_newflow_2026-07-10T23-54-52-761Z,6,46e9e6b9-8dbc-496f-975f-97ae0d310a23,ToC_Differentiation_Elder,low_0.35,0.35,6600,499,-2335720,false,0.00037121,3.00295,0.18975,3393,0.25,600,957,255.54,3200
sim_layered_newflow_2026-07-10T23-54-52-761Z,6,46e9e6b9-8dbc-496f-975f-97ae0d310a23,ToC_Differentiation_Elder,low_0.35,0.35,6700,474,-2386529,false,0.00035257,3.00295,0.18975,3468,0.25,600,957,255.54,3200
sim_layered_newflow_2026-07-10T23-54-52-761Z,6,46e9e6b9-8dbc-496f-975f-97ae0d310a23,ToC_Differentiation_Elder,low_0.35,0.35,6800,450,-2436573,false,0.00033487,3.00295,0.18975,3543,0.25,600,957,255.54,3200
sim_layered_newflow_2026-07-10T23-54-52-761Z,6,46e9e6b9-8dbc-496f-975f-97ae0d310a23,ToC_Differentiation_Elder,low_0.35,0.35,6900,427,-2485801,false,0.00031805,3.00295,0.18975,3618,0.25,600,957,255.54,3200
sim_layered_newflow_2026-07-10T23-54-52-761Z,6,46e9e6b9-8dbc-496f-975f-97ae0d310a23,ToC_Differentiation_Elder,low_0.35,0.35,7000,406,-2534168,false,0.00030208,3.00295,0.18975,3693,0.25,600,957,255.54,3200
sim_layered_newflow_2026-07-10T23-54-52-761Z,6,46e9e6b9-8dbc-496f-975f-97ae0d310a23,ToC_Differentiation_Elder,mid_0.50,0.5,1000,21070,-19608437,false,0.01567744,3.8314,0.25725,-807,0.25,600,957,255.54,3200
sim_layered_newflow_2026-07-10T23-54-52-761Z,6,46e9e6b9-8dbc-496f-975f-97ae0d310a23,ToC_Differentiation_Elder,mid_0.50,0.5,1100,20115,-17394742,false,0.01496675,3.8314,0.25725,-732,0.25,600,957,255.54,3200
sim_layered_newflow_2026-07-10T23-54-52-761Z,6,46e9e6b9-8dbc-496f-975f-97ae0d310a23,ToC_Differentiation_Elder,mid_0.50,0.5,1200,19203,-15349418,false,0.01428782,3.8314,0.25725,-657,0.25,600,957,255.54,3200
sim_layered_newflow_2026-07-10T23-54-52-761Z,6,46e9e6b9-8dbc-496f-975f-97ae0d310a23,ToC_Differentiation_Elder,mid_0.50,0.5,1300,18331,-13461914,false,0.01363925,3.8314,0.25725,-582,0.25,600,957,255.54,3200
sim_layered_newflow_2026-07-10T23-54-52-761Z,6,46e9e6b9-8dbc-496f-975f-97ae0d310a23,ToC_Differentiation_Elder,mid_0.50,0.5,1400,17499,-11722268,false,0.01301974,3.8314,0.25725,-507,0.25,600,957,255.54,3200
sim_layered_newflow_2026-07-10T23-54-52-761Z,6,46e9e6b9-8dbc-496f-975f-97ae0d310a23,ToC_Differentiation_Elder,mid_0.50,0.5,1500,16703,-10121076,false,0.01242801,3.8314,0.25725,-432,0.25,600,957,255.54,3200
sim_layered_newflow_2026-07-10T23-54-52-761Z,6,46e9e6b9-8dbc-496f-975f-97ae0d310a23,ToC_Differentiation_Elder,mid_0.50,0.5,1600,15944,-8649467,false,0.01186285,3.8314,0.25725,-357,0.25,600,957,255.54,3200
sim_layered_newflow_2026-07-10T23-54-52-761Z,6,46e9e6b9-8dbc-496f-975f-97ae0d310a23,ToC_Differentiation_Elder,mid_0.50,0.5,1700,15218,-7299071,false,0.0113231,3.8314,0.25725,-282,0.25,600,957,255.54,3200
sim_layered_newflow_2026-07-10T23-54-52-761Z,6,46e9e6b9-8dbc-496f-975f-97ae0d310a23,ToC_Differentiation_Elder,mid_0.50,0.5,1800,14525,-6061999,false,0.01080764,3.8314,0.25725,-207,0.25,600,957,255.54,3200
sim_layered_newflow_2026-07-10T23-54-52-761Z,6,46e9e6b9-8dbc-496f-975f-97ae0d310a23,ToC_Differentiation_Elder,mid_0.50,0.5,1900,13864,-4930815,false,0.0103154,3.8314,0.25725,-132,0.25,600,957,255.54,3200
sim_layered_newflow_2026-07-10T23-54-52-761Z,6,46e9e6b9-8dbc-496f-975f-97ae0d310a23,ToC_Differentiation_Elder,mid_0.50,0.5,2000,13232,-3898513,false,0.00984535,3.8314,0.25725,-57,0.25,600,957,255.54,3200
sim_layered_newflow_2026-07-10T23-54-52-761Z,6,46e9e6b9-8dbc-496f-975f-97ae0d310a23,ToC_Differentiation_Elder,mid_0.50,0.5,2100,12629,-2958496,false,0.00939652,3.8314,0.25725,18,0.25,600,957,255.54,3200
sim_layered_newflow_2026-07-10T23-54-52-761Z,6,46e9e6b9-8dbc-496f-975f-97ae0d310a23,ToC_Differentiation_Elder,mid_0.50,0.5,2200,12053,-2104553,false,0.00896796,3.8314,0.25725,93,0.25,600,957,255.54,3200
sim_layered_newflow_2026-07-10T23-54-52-761Z,6,46e9e6b9-8dbc-496f-975f-97ae0d310a23,ToC_Differentiation_Elder,mid_0.50,0.5,2300,11503,-1330838,false,0.00855879,3.8314,0.25725,168,0.25,600,957,255.54,3200
sim_layered_newflow_2026-07-10T23-54-52-761Z,6,46e9e6b9-8dbc-496f-975f-97ae0d310a23,ToC_Differentiation_Elder,mid_0.50,0.5,2400,10978,-631852,false,0.00816812,3.8314,0.25725,243,0.25,600,957,255.54,3200
sim_layered_newflow_2026-07-10T23-54-52-761Z,6,46e9e6b9-8dbc-496f-975f-97ae0d310a23,ToC_Differentiation_Elder,mid_0.50,0.5,2500,10477,-2426,false,0.00779515,3.8314,0.25725,318,0.25,600,957,255.54,3200
sim_layered_newflow_2026-07-10T23-54-52-761Z,6,46e9e6b9-8dbc-496f-975f-97ae0d310a23,ToC_Differentiation_Elder,mid_0.50,0.5,2600,9998,562301,true,0.00743909,3.8314,0.25725,393,0.25,600,957,255.54,3200
sim_layered_newflow_2026-07-10T23-54-52-761Z,6,46e9e6b9-8dbc-496f-975f-97ae0d310a23,ToC_Differentiation_Elder,mid_0.50,0.5,2700,9541,1066897,true,0.00709917,3.8314,0.25725,468,0.25,600,957,255.54,3200
sim_layered_newflow_2026-07-10T23-54-52-761Z,6,46e9e6b9-8dbc-496f-975f-97ae0d310a23,ToC_Differentiation_Elder,mid_0.50,0.5,2800,9105,1515650,true,0.00677467,3.8314,0.25725,543,0.25,600,957,255.54,3200
sim_layered_newflow_2026-07-10T23-54-52-761Z,6,46e9e6b9-8dbc-496f-975f-97ae0d310a23,ToC_Differentiation_Elder,mid_0.50,0.5,2900,8689,1912588,true,0.00646491,3.8314,0.25725,618,0.25,600,957,255.54,3200
sim_layered_newflow_2026-07-10T23-54-52-761Z,6,46e9e6b9-8dbc-496f-975f-97ae0d310a23,ToC_Differentiation_Elder,mid_0.50,0.5,3000,8291,2261491,true,0.00616923,3.8314,0.25725,693,0.25,600,957,255.54,3200
sim_layered_newflow_2026-07-10T23-54-52-761Z,6,46e9e6b9-8dbc-496f-975f-97ae0d310a23,ToC_Differentiation_Elder,mid_0.50,0.5,3100,7912,2565905,true,0.00588699,3.8314,0.25725,768,0.25,600,957,255.54,3200
sim_layered_newflow_2026-07-10T23-54-52-761Z,6,46e9e6b9-8dbc-496f-975f-97ae0d310a23,ToC_Differentiation_Elder,mid_0.50,0.5,3200,7550,2829154,true,0.00561759,3.8314,0.25725,843,0.25,600,957,255.54,3200
sim_layered_newflow_2026-07-10T23-54-52-761Z,6,46e9e6b9-8dbc-496f-975f-97ae0d310a23,ToC_Differentiation_Elder,mid_0.50,0.5,3300,7204,3054355,true,0.00536045,3.8314,0.25725,918,0.25,600,957,255.54,3200
sim_layered_newflow_2026-07-10T23-54-52-761Z,6,46e9e6b9-8dbc-496f-975f-97ae0d310a23,ToC_Differentiation_Elder,mid_0.50,0.5,3400,6875,3244429,true,0.00511502,3.8314,0.25725,993,0.25,600,957,255.54,3200
sim_layered_newflow_2026-07-10T23-54-52-761Z,6,46e9e6b9-8dbc-496f-975f-97ae0d310a23,ToC_Differentiation_Elder,mid_0.50,0.5,3500,6560,3402109,true,0.00488078,3.8314,0.25725,1068,0.25,600,957,255.54,3200
sim_layered_newflow_2026-07-10T23-54-52-761Z,6,46e9e6b9-8dbc-496f-975f-97ae0d310a23,ToC_Differentiation_Elder,mid_0.50,0.5,3600,6259,3529955,true,0.00465721,3.8314,0.25725,1143,0.25,600,957,255.54,3200
sim_layered_newflow_2026-07-10T23-54-52-761Z,6,46e9e6b9-8dbc-496f-975f-97ae0d310a23,ToC_Differentiation_Elder,mid_0.50,0.5,3700,5973,3630363,true,0.00444383,3.8314,0.25725,1218,0.25,600,957,255.54,3200
sim_layered_newflow_2026-07-10T23-54-52-761Z,6,46e9e6b9-8dbc-496f-975f-97ae0d310a23,ToC_Differentiation_Elder,mid_0.50,0.5,3800,5699,3705571,true,0.00424019,3.8314,0.25725,1293,0.25,600,957,255.54,3200
sim_layered_newflow_2026-07-10T23-54-52-761Z,6,46e9e6b9-8dbc-496f-975f-97ae0d310a23,ToC_Differentiation_Elder,mid_0.50,0.5,3900,5438,3757674,true,0.00404585,3.8314,0.25725,1368,0.25,600,957,255.54,3200
sim_layered_newflow_2026-07-10T23-54-52-761Z,6,46e9e6b9-8dbc-496f-975f-97ae0d310a23,ToC_Differentiation_Elder,mid_0.50,0.5,4000,5188,3788626,true,0.00386037,3.8314,0.25725,1443,0.25,600,957,255.54,3200
sim_layered_newflow_2026-07-10T23-54-52-761Z,6,46e9e6b9-8dbc-496f-975f-97ae0d310a23,ToC_Differentiation_Elder,mid_0.50,0.5,4100,4950,3800253,true,0.00368337,3.8314,0.25725,1518,0.25,600,957,255.54,3200
sim_layered_newflow_2026-07-10T23-54-52-761Z,6,46e9e6b9-8dbc-496f-975f-97ae0d310a23,ToC_Differentiation_Elder,mid_0.50,0.5,4200,4723,3794260,true,0.00351446,3.8314,0.25725,1593,0.25,600,957,255.54,3200
sim_layered_newflow_2026-07-10T23-54-52-761Z,6,46e9e6b9-8dbc-496f-975f-97ae0d310a23,ToC_Differentiation_Elder,mid_0.50,0.5,4300,4507,3772234,true,0.00335326,3.8314,0.25725,1668,0.25,600,957,255.54,3200
sim_layered_newflow_2026-07-10T23-54-52-761Z,6,46e9e6b9-8dbc-496f-975f-97ae0d310a23,ToC_Differentiation_Elder,mid_0.50,0.5,4400,4300,3735658,true,0.00319944,3.8314,0.25725,1743,0.25,600,957,255.54,3200
sim_layered_newflow_2026-07-10T23-54-52-761Z,6,46e9e6b9-8dbc-496f-975f-97ae0d310a23,ToC_Differentiation_Elder,mid_0.50,0.5,4500,4103,3685911,true,0.00305265,3.8314,0.25725,1818,0.25,600,957,255.54,3200
sim_layered_newflow_2026-07-10T23-54-52-761Z,6,46e9e6b9-8dbc-496f-975f-97ae0d310a23,ToC_Differentiation_Elder,mid_0.50,0.5,4600,3914,3624277,true,0.00291257,3.8314,0.25725,1893,0.25,600,957,255.54,3200
sim_layered_newflow_2026-07-10T23-54-52-761Z,6,46e9e6b9-8dbc-496f-975f-97ae0d310a23,ToC_Differentiation_Elder,mid_0.50,0.5,4700,3735,3551950,true,0.00277891,3.8314,0.25725,1968,0.25,600,957,255.54,3200
sim_layered_newflow_2026-07-10T23-54-52-761Z,6,46e9e6b9-8dbc-496f-975f-97ae0d310a23,ToC_Differentiation_Elder,mid_0.50,0.5,4800,3563,3470041,true,0.00265136,3.8314,0.25725,2043,0.25,600,957,255.54,3200
sim_layered_newflow_2026-07-10T23-54-52-761Z,6,46e9e6b9-8dbc-496f-975f-97ae0d310a23,ToC_Differentiation_Elder,mid_0.50,0.5,4900,3400,3379581,true,0.00252965,3.8314,0.25725,2118,0.25,600,957,255.54,3200
sim_layered_newflow_2026-07-10T23-54-52-761Z,6,46e9e6b9-8dbc-496f-975f-97ae0d310a23,ToC_Differentiation_Elder,mid_0.50,0.5,5000,3244,3281528,true,0.00241351,3.8314,0.25725,2193,0.25,600,957,255.54,3200
sim_layered_newflow_2026-07-10T23-54-52-761Z,6,46e9e6b9-8dbc-496f-975f-97ae0d310a23,ToC_Differentiation_Elder,mid_0.50,0.5,5100,3095,3176768,true,0.0023027,3.8314,0.25725,2268,0.25,600,957,255.54,3200
sim_layered_newflow_2026-07-10T23-54-52-761Z,6,46e9e6b9-8dbc-496f-975f-97ae0d310a23,ToC_Differentiation_Elder,mid_0.50,0.5,5200,2953,3066125,true,0.00219696,3.8314,0.25725,2343,0.25,600,957,255.54,3200
sim_layered_newflow_2026-07-10T23-54-52-761Z,6,46e9e6b9-8dbc-496f-975f-97ae0d310a23,ToC_Differentiation_Elder,mid_0.50,0.5,5300,2817,2950359,true,0.00209607,3.8314,0.25725,2418,0.25,600,957,255.54,3200
sim_layered_newflow_2026-07-10T23-54-52-761Z,6,46e9e6b9-8dbc-496f-975f-97ae0d310a23,ToC_Differentiation_Elder,mid_0.50,0.5,5400,2688,2830175,true,0.0019998,3.8314,0.25725,2493,0.25,600,957,255.54,3200
sim_layered_newflow_2026-07-10T23-54-52-761Z,6,46e9e6b9-8dbc-496f-975f-97ae0d310a23,ToC_Differentiation_Elder,mid_0.50,0.5,5500,2564,2706223,true,0.00190794,3.8314,0.25725,2568,0.25,600,957,255.54,3200
sim_layered_newflow_2026-07-10T23-54-52-761Z,6,46e9e6b9-8dbc-496f-975f-97ae0d310a23,ToC_Differentiation_Elder,mid_0.50,0.5,5600,2446,2579102,true,0.0018203,3.8314,0.25725,2643,0.25,600,957,255.54,3200
sim_layered_newflow_2026-07-10T23-54-52-761Z,6,46e9e6b9-8dbc-496f-975f-97ae0d310a23,ToC_Differentiation_Elder,mid_0.50,0.5,5700,2334,2449366,true,0.00173667,3.8314,0.25725,2718,0.25,600,957,255.54,3200
sim_layered_newflow_2026-07-10T23-54-52-761Z,6,46e9e6b9-8dbc-496f-975f-97ae0d310a23,ToC_Differentiation_Elder,mid_0.50,0.5,5800,2227,2317523,true,0.00165688,3.8314,0.25725,2793,0.25,600,957,255.54,3200
sim_layered_newflow_2026-07-10T23-54-52-761Z,6,46e9e6b9-8dbc-496f-975f-97ae0d310a23,ToC_Differentiation_Elder,mid_0.50,0.5,5900,2125,2184041,true,0.00158075,3.8314,0.25725,2868,0.25,600,957,255.54,3200
sim_layered_newflow_2026-07-10T23-54-52-761Z,6,46e9e6b9-8dbc-496f-975f-97ae0d310a23,ToC_Differentiation_Elder,mid_0.50,0.5,6000,2027,2049350,true,0.00150811,3.8314,0.25725,2943,0.25,600,957,255.54,3200
sim_layered_newflow_2026-07-10T23-54-52-761Z,6,46e9e6b9-8dbc-496f-975f-97ae0d310a23,ToC_Differentiation_Elder,mid_0.50,0.5,6100,1934,1913843,true,0.00143881,3.8314,0.25725,3018,0.25,600,957,255.54,3200
sim_layered_newflow_2026-07-10T23-54-52-761Z,6,46e9e6b9-8dbc-496f-975f-97ae0d310a23,ToC_Differentiation_Elder,mid_0.50,0.5,6200,1845,1777879,true,0.00137269,3.8314,0.25725,3093,0.25,600,957,255.54,3200
sim_layered_newflow_2026-07-10T23-54-52-761Z,6,46e9e6b9-8dbc-496f-975f-97ae0d310a23,ToC_Differentiation_Elder,mid_0.50,0.5,6300,1760,1641787,true,0.0013096,3.8314,0.25725,3168,0.25,600,957,255.54,3200
sim_layered_newflow_2026-07-10T23-54-52-761Z,6,46e9e6b9-8dbc-496f-975f-97ae0d310a23,ToC_Differentiation_Elder,mid_0.50,0.5,6400,1679,1505868,true,0.0012494,3.8314,0.25725,3243,0.25,600,957,255.54,3200
sim_layered_newflow_2026-07-10T23-54-52-761Z,6,46e9e6b9-8dbc-496f-975f-97ae0d310a23,ToC_Differentiation_Elder,mid_0.50,0.5,6500,1602,1370391,true,0.00119197,3.8314,0.25725,3318,0.25,600,957,255.54,3200
sim_layered_newflow_2026-07-10T23-54-52-761Z,6,46e9e6b9-8dbc-496f-975f-97ae0d310a23,ToC_Differentiation_Elder,mid_0.50,0.5,6600,1528,1235606,true,0.00113718,3.8314,0.25725,3393,0.25,600,957,255.54,3200
sim_layered_newflow_2026-07-10T23-54-52-761Z,6,46e9e6b9-8dbc-496f-975f-97ae0d310a23,ToC_Differentiation_Elder,mid_0.50,0.5,6700,1458,1101733,true,0.0010849,3.8314,0.25725,3468,0.25,600,957,255.54,3200
sim_layered_newflow_2026-07-10T23-54-52-761Z,6,46e9e6b9-8dbc-496f-975f-97ae0d310a23,ToC_Differentiation_Elder,mid_0.50,0.5,6800,1391,968976,true,0.00103503,3.8314,0.25725,3543,0.25,600,957,255.54,3200
sim_layered_newflow_2026-07-10T23-54-52-761Z,6,46e9e6b9-8dbc-496f-975f-97ae0d310a23,ToC_Differentiation_Elder,mid_0.50,0.5,6900,1327,837514,true,0.00098744,3.8314,0.25725,3618,0.25,600,957,255.54,3200
sim_layered_newflow_2026-07-10T23-54-52-761Z,6,46e9e6b9-8dbc-496f-975f-97ae0d310a23,ToC_Differentiation_Elder,mid_0.50,0.5,7000,1266,707510,true,0.00094204,3.8314,0.25725,3693,0.25,600,957,255.54,3200
sim_layered_newflow_2026-07-10T23-54-52-761Z,6,46e9e6b9-8dbc-496f-975f-97ae0d310a23,ToC_Differentiation_Elder,high_0.65,0.65,1000,49019,-39504481,false,0.03647224,4.65985,0.32475,-807,0.25,600,957,255.54,3200
sim_layered_newflow_2026-07-10T23-54-52-761Z,6,46e9e6b9-8dbc-496f-975f-97ae0d310a23,ToC_Differentiation_Elder,high_0.65,0.65,1100,47010,-34526134,false,0.03497772,4.65985,0.32475,-732,0.25,600,957,255.54,3200
sim_layered_newflow_2026-07-10T23-54-52-761Z,6,46e9e6b9-8dbc-496f-975f-97ae0d310a23,ToC_Differentiation_Elder,high_0.65,0.65,1200,45081,-29894616,false,0.03354232,4.65985,0.32475,-657,0.25,600,957,255.54,3200
sim_layered_newflow_2026-07-10T23-54-52-761Z,6,46e9e6b9-8dbc-496f-975f-97ae0d310a23,ToC_Differentiation_Elder,high_0.65,0.65,1300,43228,-25590602,false,0.03216385,4.65985,0.32475,-582,0.25,600,957,255.54,3200
sim_layered_newflow_2026-07-10T23-54-52-761Z,6,46e9e6b9-8dbc-496f-975f-97ae0d310a23,ToC_Differentiation_Elder,high_0.65,0.65,1400,41449,-21595679,false,0.03084022,4.65985,0.32475,-507,0.25,600,957,255.54,3200
sim_layered_newflow_2026-07-10T23-54-52-761Z,6,46e9e6b9-8dbc-496f-975f-97ae0d310a23,ToC_Differentiation_Elder,high_0.65,0.65,1500,39741,-17892309,false,0.02956941,4.65985,0.32475,-432,0.25,600,957,255.54,3200
sim_layered_newflow_2026-07-10T23-54-52-761Z,6,46e9e6b9-8dbc-496f-975f-97ae0d310a23,ToC_Differentiation_Elder,high_0.65,0.65,1600,38102,-14463800,false,0.02834942,4.65985,0.32475,-357,0.25,600,957,255.54,3200
sim_layered_newflow_2026-07-10T23-54-52-761Z,6,46e9e6b9-8dbc-496f-975f-97ae0d310a23,ToC_Differentiation_Elder,high_0.65,0.65,1700,36528,-11294270,false,0.02717836,4.65985,0.32475,-282,0.25,600,957,255.54,3200
sim_layered_newflow_2026-07-10T23-54-52-761Z,6,46e9e6b9-8dbc-496f-975f-97ae0d310a23,ToC_Differentiation_Elder,high_0.65,0.65,1800,35017,-8368620,false,0.02605438,4.65985,0.32475,-207,0.25,600,957,255.54,3200
sim_layered_newflow_2026-07-10T23-54-52-761Z,6,46e9e6b9-8dbc-496f-975f-97ae0d310a23,ToC_Differentiation_Elder,high_0.65,0.65,1900,33567,-5672496,false,0.02497569,4.65985,0.32475,-132,0.25,600,957,255.54,3200
sim_layered_newflow_2026-07-10T23-54-52-761Z,6,46e9e6b9-8dbc-496f-975f-97ae0d310a23,ToC_Differentiation_Elder,high_0.65,0.65,2000,32176,-3192267,false,0.02394056,4.65985,0.32475,-57,0.25,600,957,255.54,3200
sim_layered_newflow_2026-07-10T23-54-52-761Z,6,46e9e6b9-8dbc-496f-975f-97ae0d310a23,ToC_Differentiation_Elder,high_0.65,0.65,2100,30841,-914987,false,0.02294732,4.65985,0.32475,18,0.25,600,957,255.54,3200
sim_layered_newflow_2026-07-10T23-54-52-761Z,6,46e9e6b9-8dbc-496f-975f-97ae0d310a23,ToC_Differentiation_Elder,high_0.65,0.65,2200,29560,1171629,true,0.02199436,4.65985,0.32475,93,0.25,600,957,255.54,3200
sim_layered_newflow_2026-07-10T23-54-52-761Z,6,46e9e6b9-8dbc-496f-975f-97ae0d310a23,ToC_Differentiation_Elder,high_0.65,0.65,2300,28332,3079233,true,0.02108012,4.65985,0.32475,168,0.25,600,957,255.54,3200
sim_layered_newflow_2026-07-10T23-54-52-761Z,6,46e9e6b9-8dbc-496f-975f-97ae0d310a23,ToC_Differentiation_Elder,high_0.65,0.65,2400,27153,4818874,true,0.0202031,4.65985,0.32475,243,0.25,600,957,255.54,3200
sim_layered_newflow_2026-07-10T23-54-52-761Z,6,46e9e6b9-8dbc-496f-975f-97ae0d310a23,ToC_Differentiation_Elder,high_0.65,0.65,2500,26022,6401023,true,0.01936184,4.65985,0.32475,318,0.25,600,957,255.54,3200
sim_layered_newflow_2026-07-10T23-54-52-761Z,6,46e9e6b9-8dbc-496f-975f-97ae0d310a23,ToC_Differentiation_Elder,high_0.65,0.65,2600,24938,7835599,true,0.01855495,4.65985,0.32475,393,0.25,600,957,255.54,3200
sim_layered_newflow_2026-07-10T23-54-52-761Z,6,46e9e6b9-8dbc-496f-975f-97ae0d310a23,ToC_Differentiation_Elder,high_0.65,0.65,2700,23898,9131992,true,0.01778108,4.65985,0.32475,468,0.25,600,957,255.54,3200
sim_layered_newflow_2026-07-10T23-54-52-761Z,6,46e9e6b9-8dbc-496f-975f-97ae0d310a23,ToC_Differentiation_Elder,high_0.65,0.65,2800,22900,10299092,true,0.01703892,4.65985,0.32475,543,0.25,600,957,255.54,3200
sim_layered_newflow_2026-07-10T23-54-52-761Z,6,46e9e6b9-8dbc-496f-975f-97ae0d310a23,ToC_Differentiation_Elder,high_0.65,0.65,2900,21944,11345307,true,0.01632722,4.65985,0.32475,618,0.25,600,957,255.54,3200
sim_layered_newflow_2026-07-10T23-54-52-761Z,6,46e9e6b9-8dbc-496f-975f-97ae0d310a23,ToC_Differentiation_Elder,high_0.65,0.65,3000,21027,12278585,true,0.01564478,4.65985,0.32475,693,0.25,600,957,255.54,3200
sim_layered_newflow_2026-07-10T23-54-52-761Z,6,46e9e6b9-8dbc-496f-975f-97ae0d310a23,ToC_Differentiation_Elder,high_0.65,0.65,3100,20147,13106442,true,0.01499043,4.65985,0.32475,768,0.25,600,957,255.54,3200
sim_layered_newflow_2026-07-10T23-54-52-761Z,6,46e9e6b9-8dbc-496f-975f-97ae0d310a23,ToC_Differentiation_Elder,high_0.65,0.65,3200,19304,13835976,true,0.01436305,4.65985,0.32475,843,0.25,600,957,255.54,3200
sim_layered_newflow_2026-07-10T23-54-52-761Z,6,46e9e6b9-8dbc-496f-975f-97ae0d310a23,ToC_Differentiation_Elder,high_0.65,0.65,3300,18496,14473890,true,0.01376156,4.65985,0.32475,918,0.25,600,957,255.54,3200
sim_layered_newflow_2026-07-10T23-54-52-761Z,6,46e9e6b9-8dbc-496f-975f-97ae0d310a23,ToC_Differentiation_Elder,high_0.65,0.65,3400,17721,15026511,true,0.01318492,4.65985,0.32475,993,0.25,600,957,255.54,3200
sim_layered_newflow_2026-07-10T23-54-52-761Z,6,46e9e6b9-8dbc-496f-975f-97ae0d310a23,ToC_Differentiation_Elder,high_0.65,0.65,3500,16978,15499807,true,0.01263213,4.65985,0.32475,1068,0.25,600,957,255.54,3200
sim_layered_newflow_2026-07-10T23-54-52-761Z,6,46e9e6b9-8dbc-496f-975f-97ae0d310a23,ToC_Differentiation_Elder,high_0.65,0.65,3600,16265,15899406,true,0.01210223,4.65985,0.32475,1143,0.25,600,957,255.54,3200
sim_layered_newflow_2026-07-10T23-54-52-761Z,6,46e9e6b9-8dbc-496f-975f-97ae0d310a23,ToC_Differentiation_Elder,high_0.65,0.65,3700,15583,16230613,true,0.01159431,4.65985,0.32475,1218,0.25,600,957,255.54,3200
sim_layered_newflow_2026-07-10T23-54-52-761Z,6,46e9e6b9-8dbc-496f-975f-97ae0d310a23,ToC_Differentiation_Elder,high_0.65,0.65,3800,14928,16498426,true,0.01110746,4.65985,0.32475,1293,0.25,600,957,255.54,3200
sim_layered_newflow_2026-07-10T23-54-52-761Z,6,46e9e6b9-8dbc-496f-975f-97ae0d310a23,ToC_Differentiation_Elder,high_0.65,0.65,3900,14301,16707549,true,0.01064083,4.65985,0.32475,1368,0.25,600,957,255.54,3200
sim_layered_newflow_2026-07-10T23-54-52-761Z,6,46e9e6b9-8dbc-496f-975f-97ae0d310a23,ToC_Differentiation_Elder,high_0.65,0.65,4000,13700,16862413,true,0.0101936,4.65985,0.32475,1443,0.25,600,957,255.54,3200
sim_layered_newflow_2026-07-10T23-54-52-761Z,6,46e9e6b9-8dbc-496f-975f-97ae0d310a23,ToC_Differentiation_Elder,high_0.65,0.65,4100,13124,16967183,true,0.00976499,4.65985,0.32475,1518,0.25,600,957,255.54,3200
sim_layered_newflow_2026-07-10T23-54-52-761Z,6,46e9e6b9-8dbc-496f-975f-97ae0d310a23,ToC_Differentiation_Elder,high_0.65,0.65,4200,12572,17025776,true,0.00935422,4.65985,0.32475,1593,0.25,600,957,255.54,3200
sim_layered_newflow_2026-07-10T23-54-52-761Z,6,46e9e6b9-8dbc-496f-975f-97ae0d310a23,ToC_Differentiation_Elder,high_0.65,0.65,4300,12043,17041872,true,0.00896058,4.65985,0.32475,1668,0.25,600,957,255.54,3200
sim_layered_newflow_2026-07-10T23-54-52-761Z,6,46e9e6b9-8dbc-496f-975f-97ae0d310a23,ToC_Differentiation_Elder,high_0.65,0.65,4400,11536,17018930,true,0.00858336,4.65985,0.32475,1743,0.25,600,957,255.54,3200
sim_layered_newflow_2026-07-10T23-54-52-761Z,6,46e9e6b9-8dbc-496f-975f-97ae0d310a23,ToC_Differentiation_Elder,high_0.65,0.65,4500,11050,16960194,true,0.00822189,4.65985,0.32475,1818,0.25,600,957,255.54,3200
sim_layered_newflow_2026-07-10T23-54-52-761Z,6,46e9e6b9-8dbc-496f-975f-97ae0d310a23,ToC_Differentiation_Elder,high_0.65,0.65,4600,10585,16868708,true,0.00787552,4.65985,0.32475,1893,0.25,600,957,255.54,3200
sim_layered_newflow_2026-07-10T23-54-52-761Z,6,46e9e6b9-8dbc-496f-975f-97ae0d310a23,ToC_Differentiation_Elder,high_0.65,0.65,4700,10139,16747328,true,0.00754363,4.65985,0.32475,1968,0.25,600,957,255.54,3200
sim_layered_newflow_2026-07-10T23-54-52-761Z,6,46e9e6b9-8dbc-496f-975f-97ae0d310a23,ToC_Differentiation_Elder,high_0.65,0.65,4800,9711,16598726,true,0.00722563,4.65985,0.32475,2043,0.25,600,957,255.54,3200
sim_layered_newflow_2026-07-10T23-54-52-761Z,6,46e9e6b9-8dbc-496f-975f-97ae0d310a23,ToC_Differentiation_Elder,high_0.65,0.65,4900,9302,16425409,true,0.00692094,4.65985,0.32475,2118,0.25,600,957,255.54,3200
sim_layered_newflow_2026-07-10T23-54-52-761Z,6,46e9e6b9-8dbc-496f-975f-97ae0d310a23,ToC_Differentiation_Elder,high_0.65,0.65,5000,8909,16229720,true,0.00662901,4.65985,0.32475,2193,0.25,600,957,255.54,3200
sim_layered_newflow_2026-07-10T23-54-52-761Z,6,46e9e6b9-8dbc-496f-975f-97ae0d310a23,ToC_Differentiation_Elder,high_0.65,0.65,5100,8533,16013851,true,0.00634931,4.65985,0.32475,2268,0.25,600,957,255.54,3200
sim_layered_newflow_2026-07-10T23-54-52-761Z,6,46e9e6b9-8dbc-496f-975f-97ae0d310a23,ToC_Differentiation_Elder,high_0.65,0.65,5200,8173,15779851,true,0.00608135,4.65985,0.32475,2343,0.25,600,957,255.54,3200
sim_layered_newflow_2026-07-10T23-54-52-761Z,6,46e9e6b9-8dbc-496f-975f-97ae0d310a23,ToC_Differentiation_Elder,high_0.65,0.65,5300,7828,15529632,true,0.00582463,4.65985,0.32475,2418,0.25,600,957,255.54,3200
sim_layered_newflow_2026-07-10T23-54-52-761Z,6,46e9e6b9-8dbc-496f-975f-97ae0d310a23,ToC_Differentiation_Elder,high_0.65,0.65,5400,7498,15264981,true,0.00557868,4.65985,0.32475,2493,0.25,600,957,255.54,3200
sim_layered_newflow_2026-07-10T23-54-52-761Z,6,46e9e6b9-8dbc-496f-975f-97ae0d310a23,ToC_Differentiation_Elder,high_0.65,0.65,5500,7181,14987561,true,0.00534306,4.65985,0.32475,2568,0.25,600,957,255.54,3200
sim_layered_newflow_2026-07-10T23-54-52-761Z,6,46e9e6b9-8dbc-496f-975f-97ae0d310a23,ToC_Differentiation_Elder,high_0.65,0.65,5600,6878,14698923,true,0.00511735,4.65985,0.32475,2643,0.25,600,957,255.54,3200
sim_layered_newflow_2026-07-10T23-54-52-761Z,6,46e9e6b9-8dbc-496f-975f-97ae0d310a23,ToC_Differentiation_Elder,high_0.65,0.65,5700,6587,14400511,true,0.00490112,4.65985,0.32475,2718,0.25,600,957,255.54,3200
sim_layered_newflow_2026-07-10T23-54-52-761Z,6,46e9e6b9-8dbc-496f-975f-97ae0d310a23,ToC_Differentiation_Elder,high_0.65,0.65,5800,6309,14093666,true,0.00469398,4.65985,0.32475,2793,0.25,600,957,255.54,3200
sim_layered_newflow_2026-07-10T23-54-52-761Z,6,46e9e6b9-8dbc-496f-975f-97ae0d310a23,ToC_Differentiation_Elder,high_0.65,0.65,5900,6042,13779636,true,0.00449556,4.65985,0.32475,2868,0.25,600,957,255.54,3200
sim_layered_newflow_2026-07-10T23-54-52-761Z,6,46e9e6b9-8dbc-496f-975f-97ae0d310a23,ToC_Differentiation_Elder,high_0.65,0.65,6000,5787,13459577,true,0.00430549,4.65985,0.32475,2943,0.25,600,957,255.54,3200
sim_layered_newflow_2026-07-10T23-54-52-761Z,6,46e9e6b9-8dbc-496f-975f-97ae0d310a23,ToC_Differentiation_Elder,high_0.65,0.65,6100,5542,13134563,true,0.00412343,4.65985,0.32475,3018,0.25,600,957,255.54,3200
sim_layered_newflow_2026-07-10T23-54-52-761Z,6,46e9e6b9-8dbc-496f-975f-97ae0d310a23,ToC_Differentiation_Elder,high_0.65,0.65,6200,5307,12805586,true,0.00394903,4.65985,0.32475,3093,0.25,600,957,255.54,3200
sim_layered_newflow_2026-07-10T23-54-52-761Z,6,46e9e6b9-8dbc-496f-975f-97ae0d310a23,ToC_Differentiation_Elder,high_0.65,0.65,6300,5083,12473564,true,0.00378198,4.65985,0.32475,3168,0.25,600,957,255.54,3200
sim_layered_newflow_2026-07-10T23-54-52-761Z,6,46e9e6b9-8dbc-496f-975f-97ae0d310a23,ToC_Differentiation_Elder,high_0.65,0.65,6400,4868,12139346,true,0.00362197,4.65985,0.32475,3243,0.25,600,957,255.54,3200
sim_layered_newflow_2026-07-10T23-54-52-761Z,6,46e9e6b9-8dbc-496f-975f-97ae0d310a23,ToC_Differentiation_Elder,high_0.65,0.65,6500,4662,11803714,true,0.00346871,4.65985,0.32475,3318,0.25,600,957,255.54,3200
sim_layered_newflow_2026-07-10T23-54-52-761Z,6,46e9e6b9-8dbc-496f-975f-97ae0d310a23,ToC_Differentiation_Elder,high_0.65,0.65,6600,4465,11467388,true,0.00332191,4.65985,0.32475,3393,0.25,600,957,255.54,3200
sim_layered_newflow_2026-07-10T23-54-52-761Z,6,46e9e6b9-8dbc-496f-975f-97ae0d310a23,ToC_Differentiation_Elder,high_0.65,0.65,6700,4276,11131030,true,0.0031813,4.65985,0.32475,3468,0.25,600,957,255.54,3200
sim_layered_newflow_2026-07-10T23-54-52-761Z,6,46e9e6b9-8dbc-496f-975f-97ae0d310a23,ToC_Differentiation_Elder,high_0.65,0.65,6800,4095,10795247,true,0.00304663,4.65985,0.32475,3543,0.25,600,957,255.54,3200
sim_layered_newflow_2026-07-10T23-54-52-761Z,6,46e9e6b9-8dbc-496f-975f-97ae0d310a23,ToC_Differentiation_Elder,high_0.65,0.65,6900,3921,10460595,true,0.00291764,4.65985,0.32475,3618,0.25,600,957,255.54,3200
sim_layered_newflow_2026-07-10T23-54-52-761Z,6,46e9e6b9-8dbc-496f-975f-97ae0d310a23,ToC_Differentiation_Elder,high_0.65,0.65,7000,3755,10127583,true,0.0027941,4.65985,0.32475,3693,0.25,600,957,255.54,3200
sim_layered_newflow_2026-07-10T23-54-52-761Z,7,81c38593-82c9-4050-a66b-301b26e1db80,ToC_Differentiation_Adult,actual_7_10,0.5615384615384615,1000,46993,-27886305,false,0.03243156,4.521277,0.321442,-603,0.25,600,753,220.68,3000
sim_layered_newflow_2026-07-10T23-54-52-761Z,7,81c38593-82c9-4050-a66b-301b26e1db80,ToC_Differentiation_Adult,actual_7_10,0.5615384615384615,1100,45134,-23544612,false,0.03114844,4.521277,0.321442,-528,0.25,600,753,220.68,3000
sim_layered_newflow_2026-07-10T23-54-52-761Z,7,81c38593-82c9-4050-a66b-301b26e1db80,ToC_Differentiation_Adult,actual_7_10,0.5615384615384615,1200,43346,-19507791,false,0.02991452,4.521277,0.321442,-453,0.25,600,753,220.68,3000
sim_layered_newflow_2026-07-10T23-54-52-761Z,7,81c38593-82c9-4050-a66b-301b26e1db80,ToC_Differentiation_Adult,actual_7_10,0.5615384615384615,1300,41627,-15759062,false,0.02872802,4.521277,0.321442,-378,0.25,600,753,220.68,3000
sim_layered_newflow_2026-07-10T23-54-52-761Z,7,81c38593-82c9-4050-a66b-301b26e1db80,ToC_Differentiation_Adult,actual_7_10,0.5615384615384615,1400,39974,-12282429,false,0.02758725,4.521277,0.321442,-303,0.25,600,753,220.68,3000
sim_layered_newflow_2026-07-10T23-54-52-761Z,7,81c38593-82c9-4050-a66b-301b26e1db80,ToC_Differentiation_Adult,actual_7_10,0.5615384615384615,1500,38385,-9062653,false,0.02649055,4.521277,0.321442,-228,0.25,600,753,220.68,3000
sim_layered_newflow_2026-07-10T23-54-52-761Z,7,81c38593-82c9-4050-a66b-301b26e1db80,ToC_Differentiation_Adult,actual_7_10,0.5615384615384615,1600,36857,-6085215,false,0.0254363,4.521277,0.321442,-153,0.25,600,753,220.68,3000
sim_layered_newflow_2026-07-10T23-54-52-761Z,7,81c38593-82c9-4050-a66b-301b26e1db80,ToC_Differentiation_Adult,actual_7_10,0.5615384615384615,1700,35389,-3336298,false,0.02442295,4.521277,0.321442,-78,0.25,600,753,220.68,3000
sim_layered_newflow_2026-07-10T23-54-52-761Z,7,81c38593-82c9-4050-a66b-301b26e1db80,ToC_Differentiation_Adult,actual_7_10,0.5615384615384615,1800,33978,-802753,false,0.023449,4.521277,0.321442,-3,0.25,600,753,220.68,3000
sim_layered_newflow_2026-07-10T23-54-52-761Z,7,81c38593-82c9-4050-a66b-301b26e1db80,ToC_Differentiation_Adult,actual_7_10,0.5615384615384615,1900,32621,1527928,true,0.022513,4.521277,0.321442,72,0.25,600,753,220.68,3000
sim_layered_newflow_2026-07-10T23-54-52-761Z,7,81c38593-82c9-4050-a66b-301b26e1db80,ToC_Differentiation_Adult,actual_7_10,0.5615384615384615,2000,31318,3667634,true,0.02161353,4.521277,0.321442,147,0.25,600,753,220.68,3000
sim_layered_newflow_2026-07-10T23-54-52-761Z,7,81c38593-82c9-4050-a66b-301b26e1db80,ToC_Differentiation_Adult,actual_7_10,0.5615384615384615,2100,30066,5627664,true,0.02074924,4.521277,0.321442,222,0.25,600,753,220.68,3000
sim_layered_newflow_2026-07-10T23-54-52-761Z,7,81c38593-82c9-4050-a66b-301b26e1db80,ToC_Differentiation_Adult,actual_7_10,0.5615384615384615,2200,28862,7418751,true,0.0199188,4.521277,0.321442,297,0.25,600,753,220.68,3000
sim_layered_newflow_2026-07-10T23-54-52-761Z,7,81c38593-82c9-4050-a66b-301b26e1db80,ToC_Differentiation_Adult,actual_7_10,0.5615384615384615,2300,27706,9051086,true,0.01912095,4.521277,0.321442,372,0.25,600,753,220.68,3000
sim_layered_newflow_2026-07-10T23-54-52-761Z,7,81c38593-82c9-4050-a66b-301b26e1db80,ToC_Differentiation_Adult,actual_7_10,0.5615384615384615,2400,26596,10534340,true,0.01835446,4.521277,0.321442,447,0.25,600,753,220.68,3000
sim_layered_newflow_2026-07-10T23-54-52-761Z,7,81c38593-82c9-4050-a66b-301b26e1db80,ToC_Differentiation_Adult,actual_7_10,0.5615384615384615,2500,25529,11877688,true,0.01761815,4.521277,0.321442,522,0.25,600,753,220.68,3000
sim_layered_newflow_2026-07-10T23-54-52-761Z,7,81c38593-82c9-4050-a66b-301b26e1db80,ToC_Differentiation_Adult,actual_7_10,0.5615384615384615,2600,24504,13089831,true,0.01691086,4.521277,0.321442,597,0.25,600,753,220.68,3000
sim_layered_newflow_2026-07-10T23-54-52-761Z,7,81c38593-82c9-4050-a66b-301b26e1db80,ToC_Differentiation_Adult,actual_7_10,0.5615384615384615,2700,23519,14179017,true,0.0162315,4.521277,0.321442,672,0.25,600,753,220.68,3000
sim_layered_newflow_2026-07-10T23-54-52-761Z,7,81c38593-82c9-4050-a66b-301b26e1db80,ToC_Differentiation_Adult,actual_7_10,0.5615384615384615,2800,22574,15153060,true,0.015579,4.521277,0.321442,747,0.25,600,753,220.68,3000
sim_layered_newflow_2026-07-10T23-54-52-761Z,7,81c38593-82c9-4050-a66b-301b26e1db80,ToC_Differentiation_Adult,actual_7_10,0.5615384615384615,2900,21666,16019360,true,0.01495233,4.521277,0.321442,822,0.25,600,753,220.68,3000
sim_layered_newflow_2026-07-10T23-54-52-761Z,7,81c38593-82c9-4050-a66b-301b26e1db80,ToC_Differentiation_Adult,actual_7_10,0.5615384615384615,3000,20794,16784925,true,0.0143505,4.521277,0.321442,897,0.25,600,753,220.68,3000
sim_layered_newflow_2026-07-10T23-54-52-761Z,7,81c38593-82c9-4050-a66b-301b26e1db80,ToC_Differentiation_Adult,actual_7_10,0.5615384615384615,3100,19956,17456384,true,0.01377255,4.521277,0.321442,972,0.25,600,753,220.68,3000
sim_layered_newflow_2026-07-10T23-54-52-761Z,7,81c38593-82c9-4050-a66b-301b26e1db80,ToC_Differentiation_Adult,actual_7_10,0.5615384615384615,3200,19152,18040009,true,0.01321757,4.521277,0.321442,1047,0.25,600,753,220.68,3000
sim_layered_newflow_2026-07-10T23-54-52-761Z,7,81c38593-82c9-4050-a66b-301b26e1db80,ToC_Differentiation_Adult,actual_7_10,0.5615384615384615,3300,18380,18541729,true,0.01268467,4.521277,0.321442,1122,0.25,600,753,220.68,3000
sim_layered_newflow_2026-07-10T23-54-52-761Z,7,81c38593-82c9-4050-a66b-301b26e1db80,ToC_Differentiation_Adult,actual_7_10,0.5615384615384615,3400,17639,18967149,true,0.01217298,4.521277,0.321442,1197,0.25,600,753,220.68,3000
sim_layered_newflow_2026-07-10T23-54-52-761Z,7,81c38593-82c9-4050-a66b-301b26e1db80,ToC_Differentiation_Adult,actual_7_10,0.5615384615384615,3500,16927,19321563,true,0.0116817,4.521277,0.321442,1272,0.25,600,753,220.68,3000
sim_layered_newflow_2026-07-10T23-54-52-761Z,7,81c38593-82c9-4050-a66b-301b26e1db80,ToC_Differentiation_Adult,actual_7_10,0.5615384615384615,3600,16243,19609968,true,0.01121001,4.521277,0.321442,1347,0.25,600,753,220.68,3000
sim_layered_newflow_2026-07-10T23-54-52-761Z,7,81c38593-82c9-4050-a66b-301b26e1db80,ToC_Differentiation_Adult,actual_7_10,0.5615384615384615,3700,15587,19837084,true,0.01075716,4.521277,0.321442,1422,0.25,600,753,220.68,3000
sim_layered_newflow_2026-07-10T23-54-52-761Z,7,81c38593-82c9-4050-a66b-301b26e1db80,ToC_Differentiation_Adult,actual_7_10,0.5615384615384615,3800,14957,20007362,true,0.01032242,4.521277,0.321442,1497,0.25,600,753,220.68,3000
sim_layered_newflow_2026-07-10T23-54-52-761Z,7,81c38593-82c9-4050-a66b-301b26e1db80,ToC_Differentiation_Adult,actual_7_10,0.5615384615384615,3900,14352,20124998,true,0.00990507,4.521277,0.321442,1572,0.25,600,753,220.68,3000
sim_layered_newflow_2026-07-10T23-54-52-761Z,7,81c38593-82c9-4050-a66b-301b26e1db80,ToC_Differentiation_Adult,actual_7_10,0.5615384615384615,4000,13772,20193949,true,0.00950443,4.521277,0.321442,1647,0.25,600,753,220.68,3000
sim_layered_newflow_2026-07-10T23-54-52-761Z,7,81c38593-82c9-4050-a66b-301b26e1db80,ToC_Differentiation_Adult,actual_7_10,0.5615384615384615,4100,13215,20217941,true,0.00911985,4.521277,0.321442,1722,0.25,600,753,220.68,3000
sim_layered_newflow_2026-07-10T23-54-52-761Z,7,81c38593-82c9-4050-a66b-301b26e1db80,ToC_Differentiation_Adult,actual_7_10,0.5615384615384615,4200,12680,20200484,true,0.00875069,4.521277,0.321442,1797,0.25,600,753,220.68,3000
sim_layered_newflow_2026-07-10T23-54-52-761Z,7,81c38593-82c9-4050-a66b-301b26e1db80,ToC_Differentiation_Adult,actual_7_10,0.5615384615384615,4300,12166,20144879,true,0.00839635,4.521277,0.321442,1872,0.25,600,753,220.68,3000
sim_layered_newflow_2026-07-10T23-54-52-761Z,7,81c38593-82c9-4050-a66b-301b26e1db80,ToC_Differentiation_Adult,actual_7_10,0.5615384615384615,4400,11673,20054232,true,0.00805624,4.521277,0.321442,1947,0.25,600,753,220.68,3000
sim_layered_newflow_2026-07-10T23-54-52-761Z,7,81c38593-82c9-4050-a66b-301b26e1db80,ToC_Differentiation_Adult,actual_7_10,0.5615384615384615,4500,11200,19931465,true,0.0077298,4.521277,0.321442,2022,0.25,600,753,220.68,3000
sim_layered_newflow_2026-07-10T23-54-52-761Z,7,81c38593-82c9-4050-a66b-301b26e1db80,ToC_Differentiation_Adult,actual_7_10,0.5615384615384615,4600,10746,19779321,true,0.00741649,4.521277,0.321442,2097,0.25,600,753,220.68,3000
sim_layered_newflow_2026-07-10T23-54-52-761Z,7,81c38593-82c9-4050-a66b-301b26e1db80,ToC_Differentiation_Adult,actual_7_10,0.5615384615384615,4700,10311,19600376,true,0.00711578,4.521277,0.321442,2172,0.25,600,753,220.68,3000
sim_layered_newflow_2026-07-10T23-54-52-761Z,7,81c38593-82c9-4050-a66b-301b26e1db80,ToC_Differentiation_Adult,actual_7_10,0.5615384615384615,4800,9893,19397049,true,0.00682719,4.521277,0.321442,2247,0.25,600,753,220.68,3000
sim_layered_newflow_2026-07-10T23-54-52-761Z,7,81c38593-82c9-4050-a66b-301b26e1db80,ToC_Differentiation_Adult,actual_7_10,0.5615384615384615,4900,9491,19171608,true,0.00655022,4.521277,0.321442,2322,0.25,600,753,220.68,3000
sim_layered_newflow_2026-07-10T23-54-52-761Z,7,81c38593-82c9-4050-a66b-301b26e1db80,ToC_Differentiation_Adult,actual_7_10,0.5615384615384615,5000,9106,18926177,true,0.00628442,4.521277,0.321442,2397,0.25,600,753,220.68,3000
sim_layered_newflow_2026-07-10T23-54-52-761Z,7,81c38593-82c9-4050-a66b-301b26e1db80,ToC_Differentiation_Adult,actual_7_10,0.5615384615384615,5100,8737,18662750,true,0.00602933,4.521277,0.321442,2472,0.25,600,753,220.68,3000
sim_layered_newflow_2026-07-10T23-54-52-761Z,7,81c38593-82c9-4050-a66b-301b26e1db80,ToC_Differentiation_Adult,actual_7_10,0.5615384615384615,5200,8382,18383188,true,0.00578454,4.521277,0.321442,2547,0.25,600,753,220.68,3000
sim_layered_newflow_2026-07-10T23-54-52-761Z,7,81c38593-82c9-4050-a66b-301b26e1db80,ToC_Differentiation_Adult,actual_7_10,0.5615384615384615,5300,8041,18089237,true,0.00554964,4.521277,0.321442,2622,0.25,600,753,220.68,3000
sim_layered_newflow_2026-07-10T23-54-52-761Z,7,81c38593-82c9-4050-a66b-301b26e1db80,ToC_Differentiation_Adult,actual_7_10,0.5615384615384615,5400,7715,17782524,true,0.00532422,4.521277,0.321442,2697,0.25,600,753,220.68,3000
sim_layered_newflow_2026-07-10T23-54-52-761Z,7,81c38593-82c9-4050-a66b-301b26e1db80,ToC_Differentiation_Adult,actual_7_10,0.5615384615384615,5500,7401,17464573,true,0.00510791,4.521277,0.321442,2772,0.25,600,753,220.68,3000
sim_layered_newflow_2026-07-10T23-54-52-761Z,7,81c38593-82c9-4050-a66b-301b26e1db80,ToC_Differentiation_Adult,actual_7_10,0.5615384615384615,5600,7101,17136803,true,0.00490035,4.521277,0.321442,2847,0.25,600,753,220.68,3000
sim_layered_newflow_2026-07-10T23-54-52-761Z,7,81c38593-82c9-4050-a66b-301b26e1db80,ToC_Differentiation_Adult,actual_7_10,0.5615384615384615,5700,6812,16800538,true,0.00470118,4.521277,0.321442,2922,0.25,600,753,220.68,3000
sim_layered_newflow_2026-07-10T23-54-52-761Z,7,81c38593-82c9-4050-a66b-301b26e1db80,ToC_Differentiation_Adult,actual_7_10,0.5615384615384615,5800,6535,16457010,true,0.00451007,4.521277,0.321442,2997,0.25,600,753,220.68,3000
sim_layered_newflow_2026-07-10T23-54-52-761Z,7,81c38593-82c9-4050-a66b-301b26e1db80,ToC_Differentiation_Adult,actual_7_10,0.5615384615384615,5900,6269,16107369,true,0.00432669,4.521277,0.321442,3072,0.25,600,753,220.68,3000
sim_layered_newflow_2026-07-10T23-54-52-761Z,7,81c38593-82c9-4050-a66b-301b26e1db80,ToC_Differentiation_Adult,actual_7_10,0.5615384615384615,6000,6014,15752680,true,0.00415074,4.521277,0.321442,3147,0.25,600,753,220.68,3000
sim_layered_newflow_2026-07-10T23-54-52-761Z,7,81c38593-82c9-4050-a66b-301b26e1db80,ToC_Differentiation_Adult,actual_7_10,0.5615384615384615,6100,5770,15393933,true,0.00398192,4.521277,0.321442,3222,0.25,600,753,220.68,3000
sim_layered_newflow_2026-07-10T23-54-52-761Z,7,81c38593-82c9-4050-a66b-301b26e1db80,ToC_Differentiation_Adult,actual_7_10,0.5615384615384615,6200,5535,15032048,true,0.00381993,4.521277,0.321442,3297,0.25,600,753,220.68,3000
sim_layered_newflow_2026-07-10T23-54-52-761Z,7,81c38593-82c9-4050-a66b-301b26e1db80,ToC_Differentiation_Adult,actual_7_10,0.5615384615384615,6300,5310,14667876,true,0.00366451,4.521277,0.321442,3372,0.25,600,753,220.68,3000
sim_layered_newflow_2026-07-10T23-54-52-761Z,7,81c38593-82c9-4050-a66b-301b26e1db80,ToC_Differentiation_Adult,actual_7_10,0.5615384615384615,6400,5094,14302202,true,0.0035154,4.521277,0.321442,3447,0.25,600,753,220.68,3000
sim_layered_newflow_2026-07-10T23-54-52-761Z,7,81c38593-82c9-4050-a66b-301b26e1db80,ToC_Differentiation_Adult,actual_7_10,0.5615384615384615,6500,4886,13935756,true,0.00337233,4.521277,0.321442,3522,0.25,600,753,220.68,3000
sim_layered_newflow_2026-07-10T23-54-52-761Z,7,81c38593-82c9-4050-a66b-301b26e1db80,ToC_Differentiation_Adult,actual_7_10,0.5615384615384615,6600,4688,13569207,true,0.00323506,4.521277,0.321442,3597,0.25,600,753,220.68,3000
sim_layered_newflow_2026-07-10T23-54-52-761Z,7,81c38593-82c9-4050-a66b-301b26e1db80,ToC_Differentiation_Adult,actual_7_10,0.5615384615384615,6700,4497,13203173,true,0.00310336,4.521277,0.321442,3672,0.25,600,753,220.68,3000
sim_layered_newflow_2026-07-10T23-54-52-761Z,7,81c38593-82c9-4050-a66b-301b26e1db80,ToC_Differentiation_Adult,actual_7_10,0.5615384615384615,6800,4314,12838222,true,0.00297701,4.521277,0.321442,3747,0.25,600,753,220.68,3000
sim_layered_newflow_2026-07-10T23-54-52-761Z,7,81c38593-82c9-4050-a66b-301b26e1db80,ToC_Differentiation_Adult,actual_7_10,0.5615384615384615,6900,4138,12474873,true,0.00285579,4.521277,0.321442,3822,0.25,600,753,220.68,3000
sim_layered_newflow_2026-07-10T23-54-52-761Z,7,81c38593-82c9-4050-a66b-301b26e1db80,ToC_Differentiation_Adult,actual_7_10,0.5615384615384615,7000,3970,12113604,true,0.00273949,4.521277,0.321442,3897,0.25,600,753,220.68,3000
sim_layered_newflow_2026-07-10T23-54-52-761Z,7,81c38593-82c9-4050-a66b-301b26e1db80,ToC_Differentiation_Adult,low_0.35,0.35,1000,14186,-11305636,false,0.00979051,3.35295,0.22625,-603,0.25,600,753,220.68,3000
sim_layered_newflow_2026-07-10T23-54-52-761Z,7,81c38593-82c9-4050-a66b-301b26e1db80,ToC_Differentiation_Adult,low_0.35,0.35,1100,13542,-9944762,false,0.00934571,3.35295,0.22625,-528,0.25,600,753,220.68,3000
sim_layered_newflow_2026-07-10T23-54-52-761Z,7,81c38593-82c9-4050-a66b-301b26e1db80,ToC_Differentiation_Adult,low_0.35,0.35,1200,12926,-8691756,false,0.00892094,3.35295,0.22625,-453,0.25,600,753,220.68,3000
sim_layered_newflow_2026-07-10T23-54-52-761Z,7,81c38593-82c9-4050-a66b-301b26e1db80,ToC_Differentiation_Adult,low_0.35,0.35,1300,12339,-7539690,false,0.0085153,3.35295,0.22625,-378,0.25,600,753,220.68,3000
sim_layered_newflow_2026-07-10T23-54-52-761Z,7,81c38593-82c9-4050-a66b-301b26e1db80,ToC_Differentiation_Adult,low_0.35,0.35,1400,11777,-6482035,false,0.00812796,3.35295,0.22625,-303,0.25,600,753,220.68,3000
sim_layered_newflow_2026-07-10T23-54-52-761Z,7,81c38593-82c9-4050-a66b-301b26e1db80,ToC_Differentiation_Adult,low_0.35,0.35,1500,11241,-5512637,false,0.0077581,3.35295,0.22625,-228,0.25,600,753,220.68,3000
sim_layered_newflow_2026-07-10T23-54-52-761Z,7,81c38593-82c9-4050-a66b-301b26e1db80,ToC_Differentiation_Adult,low_0.35,0.35,1600,10730,-4625701,false,0.00740495,3.35295,0.22625,-153,0.25,600,753,220.68,3000
sim_layered_newflow_2026-07-10T23-54-52-761Z,7,81c38593-82c9-4050-a66b-301b26e1db80,ToC_Differentiation_Adult,low_0.35,0.35,1700,10241,-3815770,false,0.00706775,3.35295,0.22625,-78,0.25,600,753,220.68,3000
sim_layered_newflow_2026-07-10T23-54-52-761Z,7,81c38593-82c9-4050-a66b-301b26e1db80,ToC_Differentiation_Adult,low_0.35,0.35,1800,9775,-3077706,false,0.00674581,3.35295,0.22625,-3,0.25,600,753,220.68,3000
sim_layered_newflow_2026-07-10T23-54-52-761Z,7,81c38593-82c9-4050-a66b-301b26e1db80,ToC_Differentiation_Adult,low_0.35,0.35,1900,9329,-2406674,false,0.00643843,3.35295,0.22625,72,0.25,600,753,220.68,3000
sim_layered_newflow_2026-07-10T23-54-52-761Z,7,81c38593-82c9-4050-a66b-301b26e1db80,ToC_Differentiation_Adult,low_0.35,0.35,2000,8904,-1798126,false,0.00614498,3.35295,0.22625,147,0.25,600,753,220.68,3000
sim_layered_newflow_2026-07-10T23-54-52-761Z,7,81c38593-82c9-4050-a66b-301b26e1db80,ToC_Differentiation_Adult,low_0.35,0.35,2100,8498,-1247786,false,0.00586482,3.35295,0.22625,222,0.25,600,753,220.68,3000
sim_layered_newflow_2026-07-10T23-54-52-761Z,7,81c38593-82c9-4050-a66b-301b26e1db80,ToC_Differentiation_Adult,low_0.35,0.35,2200,8111,-751632,false,0.00559736,3.35295,0.22625,297,0.25,600,753,220.68,3000
sim_layered_newflow_2026-07-10T23-54-52-761Z,7,81c38593-82c9-4050-a66b-301b26e1db80,ToC_Differentiation_Adult,low_0.35,0.35,2300,7741,-305887,false,0.00534204,3.35295,0.22625,372,0.25,600,753,220.68,3000
sim_layered_newflow_2026-07-10T23-54-52-761Z,7,81c38593-82c9-4050-a66b-301b26e1db80,ToC_Differentiation_Adult,low_0.35,0.35,2400,7387,92998,true,0.0050983,3.35295,0.22625,447,0.25,600,753,220.68,3000
sim_layered_newflow_2026-07-10T23-54-52-761Z,7,81c38593-82c9-4050-a66b-301b26e1db80,ToC_Differentiation_Adult,low_0.35,0.35,2500,7050,448358,true,0.00486563,3.35295,0.22625,522,0.25,600,753,220.68,3000
sim_layered_newflow_2026-07-10T23-54-52-761Z,7,81c38593-82c9-4050-a66b-301b26e1db80,ToC_Differentiation_Adult,low_0.35,0.35,2600,6728,763320,true,0.00464352,3.35295,0.22625,597,0.25,600,753,220.68,3000
sim_layered_newflow_2026-07-10T23-54-52-761Z,7,81c38593-82c9-4050-a66b-301b26e1db80,ToC_Differentiation_Adult,low_0.35,0.35,2700,6421,1040822,true,0.00443151,3.35295,0.22625,672,0.25,600,753,220.68,3000
sim_layered_newflow_2026-07-10T23-54-52-761Z,7,81c38593-82c9-4050-a66b-301b26e1db80,ToC_Differentiation_Adult,low_0.35,0.35,2800,6128,1283617,true,0.00422914,3.35295,0.22625,747,0.25,600,753,220.68,3000
sim_layered_newflow_2026-07-10T23-54-52-761Z,7,81c38593-82c9-4050-a66b-301b26e1db80,ToC_Differentiation_Adult,low_0.35,0.35,2900,5848,1494287,true,0.00403597,3.35295,0.22625,822,0.25,600,753,220.68,3000
sim_layered_newflow_2026-07-10T23-54-52-761Z,7,81c38593-82c9-4050-a66b-301b26e1db80,ToC_Differentiation_Adult,low_0.35,0.35,3000,5581,1675254,true,0.0038516,3.35295,0.22625,897,0.25,600,753,220.68,3000
sim_layered_newflow_2026-07-10T23-54-52-761Z,7,81c38593-82c9-4050-a66b-301b26e1db80,ToC_Differentiation_Adult,low_0.35,0.35,3100,5326,1828785,true,0.00367561,3.35295,0.22625,972,0.25,600,753,220.68,3000
sim_layered_newflow_2026-07-10T23-54-52-761Z,7,81c38593-82c9-4050-a66b-301b26e1db80,ToC_Differentiation_Adult,low_0.35,0.35,3200,5083,1957003,true,0.00350764,3.35295,0.22625,1047,0.25,600,753,220.68,3000
sim_layered_newflow_2026-07-10T23-54-52-761Z,7,81c38593-82c9-4050-a66b-301b26e1db80,ToC_Differentiation_Adult,low_0.35,0.35,3300,4850,2061898,true,0.00334731,3.35295,0.22625,1122,0.25,600,753,220.68,3000
sim_layered_newflow_2026-07-10T23-54-52-761Z,7,81c38593-82c9-4050-a66b-301b26e1db80,ToC_Differentiation_Adult,low_0.35,0.35,3400,4629,2145328,true,0.00319429,3.35295,0.22625,1197,0.25,600,753,220.68,3000
sim_layered_newflow_2026-07-10T23-54-52-761Z,7,81c38593-82c9-4050-a66b-301b26e1db80,ToC_Differentiation_Adult,low_0.35,0.35,3500,4417,2209033,true,0.00304825,3.35295,0.22625,1272,0.25,600,753,220.68,3000
sim_layered_newflow_2026-07-10T23-54-52-761Z,7,81c38593-82c9-4050-a66b-301b26e1db80,ToC_Differentiation_Adult,low_0.35,0.35,3600,4215,2254640,true,0.00290886,3.35295,0.22625,1347,0.25,600,753,220.68,3000
sim_layered_newflow_2026-07-10T23-54-52-761Z,7,81c38593-82c9-4050-a66b-301b26e1db80,ToC_Differentiation_Adult,low_0.35,0.35,3700,4022,2283669,true,0.00277583,3.35295,0.22625,1422,0.25,600,753,220.68,3000
sim_layered_newflow_2026-07-10T23-54-52-761Z,7,81c38593-82c9-4050-a66b-301b26e1db80,ToC_Differentiation_Adult,low_0.35,0.35,3800,3838,2297537,true,0.00264887,3.35295,0.22625,1497,0.25,600,753,220.68,3000
sim_layered_newflow_2026-07-10T23-54-52-761Z,7,81c38593-82c9-4050-a66b-301b26e1db80,ToC_Differentiation_Adult,low_0.35,0.35,3900,3663,2297569,true,0.0025277,3.35295,0.22625,1572,0.25,600,753,220.68,3000
sim_layered_newflow_2026-07-10T23-54-52-761Z,7,81c38593-82c9-4050-a66b-301b26e1db80,ToC_Differentiation_Adult,low_0.35,0.35,4000,3495,2285000,true,0.00241205,3.35295,0.22625,1647,0.25,600,753,220.68,3000
sim_layered_newflow_2026-07-10T23-54-52-761Z,7,81c38593-82c9-4050-a66b-301b26e1db80,ToC_Differentiation_Adult,low_0.35,0.35,4100,3335,2260982,true,0.00230169,3.35295,0.22625,1722,0.25,600,753,220.68,3000
sim_layered_newflow_2026-07-10T23-54-52-761Z,7,81c38593-82c9-4050-a66b-301b26e1db80,ToC_Differentiation_Adult,low_0.35,0.35,4200,3183,2226589,true,0.00219637,3.35295,0.22625,1797,0.25,600,753,220.68,3000
sim_layered_newflow_2026-07-10T23-54-52-761Z,7,81c38593-82c9-4050-a66b-301b26e1db80,ToC_Differentiation_Adult,low_0.35,0.35,4300,3037,2182818,true,0.00209585,3.35295,0.22625,1872,0.25,600,753,220.68,3000
sim_layered_newflow_2026-07-10T23-54-52-761Z,7,81c38593-82c9-4050-a66b-301b26e1db80,ToC_Differentiation_Adult,low_0.35,0.35,4400,2898,2130600,true,0.00199993,3.35295,0.22625,1947,0.25,600,753,220.68,3000
sim_layered_newflow_2026-07-10T23-54-52-761Z,7,81c38593-82c9-4050-a66b-301b26e1db80,ToC_Differentiation_Adult,low_0.35,0.35,4500,2765,2070799,true,0.00190838,3.35295,0.22625,2022,0.25,600,753,220.68,3000
sim_layered_newflow_2026-07-10T23-54-52-761Z,7,81c38593-82c9-4050-a66b-301b26e1db80,ToC_Differentiation_Adult,low_0.35,0.35,4600,2639,2004218,true,0.00182102,3.35295,0.22625,2097,0.25,600,753,220.68,3000
sim_layered_newflow_2026-07-10T23-54-52-761Z,7,81c38593-82c9-4050-a66b-301b26e1db80,ToC_Differentiation_Adult,low_0.35,0.35,4700,2518,1931603,true,0.00173766,3.35295,0.22625,2172,0.25,600,753,220.68,3000
sim_layered_newflow_2026-07-10T23-54-52-761Z,7,81c38593-82c9-4050-a66b-301b26e1db80,ToC_Differentiation_Adult,low_0.35,0.35,4800,2403,1853647,true,0.0016581,3.35295,0.22625,2247,0.25,600,753,220.68,3000
sim_layered_newflow_2026-07-10T23-54-52-761Z,7,81c38593-82c9-4050-a66b-301b26e1db80,ToC_Differentiation_Adult,low_0.35,0.35,4900,2293,1770989,true,0.00158218,3.35295,0.22625,2322,0.25,600,753,220.68,3000
sim_layered_newflow_2026-07-10T23-54-52-761Z,7,81c38593-82c9-4050-a66b-301b26e1db80,ToC_Differentiation_Adult,low_0.35,0.35,5000,2188,1684224,true,0.00150973,3.35295,0.22625,2397,0.25,600,753,220.68,3000
sim_layered_newflow_2026-07-10T23-54-52-761Z,7,81c38593-82c9-4050-a66b-301b26e1db80,ToC_Differentiation_Adult,low_0.35,0.35,5100,2087,1593902,true,0.00144059,3.35295,0.22625,2472,0.25,600,753,220.68,3000
sim_layered_newflow_2026-07-10T23-54-52-761Z,7,81c38593-82c9-4050-a66b-301b26e1db80,ToC_Differentiation_Adult,low_0.35,0.35,5200,1992,1500530,true,0.00137462,3.35295,0.22625,2547,0.25,600,753,220.68,3000
sim_layered_newflow_2026-07-10T23-54-52-761Z,7,81c38593-82c9-4050-a66b-301b26e1db80,ToC_Differentiation_Adult,low_0.35,0.35,5300,1901,1404578,true,0.00131166,3.35295,0.22625,2622,0.25,600,753,220.68,3000
sim_layered_newflow_2026-07-10T23-54-52-761Z,7,81c38593-82c9-4050-a66b-301b26e1db80,ToC_Differentiation_Adult,low_0.35,0.35,5400,1814,1306477,true,0.00125158,3.35295,0.22625,2697,0.25,600,753,220.68,3000
sim_layered_newflow_2026-07-10T23-54-52-761Z,7,81c38593-82c9-4050-a66b-301b26e1db80,ToC_Differentiation_Adult,low_0.35,0.35,5500,1730,1206626,true,0.00119425,3.35295,0.22625,2772,0.25,600,753,220.68,3000
sim_layered_newflow_2026-07-10T23-54-52-761Z,7,81c38593-82c9-4050-a66b-301b26e1db80,ToC_Differentiation_Adult,low_0.35,0.35,5600,1651,1105391,true,0.00113954,3.35295,0.22625,2847,0.25,600,753,220.68,3000
sim_layered_newflow_2026-07-10T23-54-52-761Z,7,81c38593-82c9-4050-a66b-301b26e1db80,ToC_Differentiation_Adult,low_0.35,0.35,5700,1576,1003109,true,0.00108734,3.35295,0.22625,2922,0.25,600,753,220.68,3000
sim_layered_newflow_2026-07-10T23-54-52-761Z,7,81c38593-82c9-4050-a66b-301b26e1db80,ToC_Differentiation_Adult,low_0.35,0.35,5800,1503,900088,true,0.00103753,3.35295,0.22625,2997,0.25,600,753,220.68,3000
sim_layered_newflow_2026-07-10T23-54-52-761Z,7,81c38593-82c9-4050-a66b-301b26e1db80,ToC_Differentiation_Adult,low_0.35,0.35,5900,1434,796611,true,0.00098999,3.35295,0.22625,3072,0.25,600,753,220.68,3000
sim_layered_newflow_2026-07-10T23-54-52-761Z,7,81c38593-82c9-4050-a66b-301b26e1db80,ToC_Differentiation_Adult,low_0.35,0.35,6000,1369,692936,true,0.00094463,3.35295,0.22625,3147,0.25,600,753,220.68,3000
sim_layered_newflow_2026-07-10T23-54-52-761Z,7,81c38593-82c9-4050-a66b-301b26e1db80,ToC_Differentiation_Adult,low_0.35,0.35,6100,1306,589298,true,0.00090135,3.35295,0.22625,3222,0.25,600,753,220.68,3000
sim_layered_newflow_2026-07-10T23-54-52-761Z,7,81c38593-82c9-4050-a66b-301b26e1db80,ToC_Differentiation_Adult,low_0.35,0.35,6200,1246,485913,true,0.00086005,3.35295,0.22625,3297,0.25,600,753,220.68,3000
sim_layered_newflow_2026-07-10T23-54-52-761Z,7,81c38593-82c9-4050-a66b-301b26e1db80,ToC_Differentiation_Adult,low_0.35,0.35,6300,1189,382974,true,0.00082064,3.35295,0.22625,3372,0.25,600,753,220.68,3000
sim_layered_newflow_2026-07-10T23-54-52-761Z,7,81c38593-82c9-4050-a66b-301b26e1db80,ToC_Differentiation_Adult,low_0.35,0.35,6400,1135,280659,true,0.00078304,3.35295,0.22625,3447,0.25,600,753,220.68,3000
sim_layered_newflow_2026-07-10T23-54-52-761Z,7,81c38593-82c9-4050-a66b-301b26e1db80,ToC_Differentiation_Adult,low_0.35,0.35,6500,1083,179126,true,0.00074715,3.35295,0.22625,3522,0.25,600,753,220.68,3000
sim_layered_newflow_2026-07-10T23-54-52-761Z,7,81c38593-82c9-4050-a66b-301b26e1db80,ToC_Differentiation_Adult,low_0.35,0.35,6600,1033,78518,true,0.00071291,3.35295,0.22625,3597,0.25,600,753,220.68,3000
sim_layered_newflow_2026-07-10T23-54-52-761Z,7,81c38593-82c9-4050-a66b-301b26e1db80,ToC_Differentiation_Adult,low_0.35,0.35,6700,986,-21035,false,0.00068024,3.35295,0.22625,3672,0.25,600,753,220.68,3000
sim_layered_newflow_2026-07-10T23-54-52-761Z,7,81c38593-82c9-4050-a66b-301b26e1db80,ToC_Differentiation_Adult,low_0.35,0.35,6800,940,-119419,false,0.00064906,3.35295,0.22625,3747,0.25,600,753,220.68,3000
sim_layered_newflow_2026-07-10T23-54-52-761Z,7,81c38593-82c9-4050-a66b-301b26e1db80,ToC_Differentiation_Adult,low_0.35,0.35,6900,897,-216531,false,0.00061932,3.35295,0.22625,3822,0.25,600,753,220.68,3000
sim_layered_newflow_2026-07-10T23-54-52-761Z,7,81c38593-82c9-4050-a66b-301b26e1db80,ToC_Differentiation_Adult,low_0.35,0.35,7000,856,-312282,false,0.00059093,3.35295,0.22625,3897,0.25,600,753,220.68,3000
sim_layered_newflow_2026-07-10T23-54-52-761Z,7,81c38593-82c9-4050-a66b-301b26e1db80,ToC_Differentiation_Adult,mid_0.50,0.5,1000,33309,-21049650,false,0.02298731,4.1814,0.29375,-603,0.25,600,753,220.68,3000
sim_layered_newflow_2026-07-10T23-54-52-761Z,7,81c38593-82c9-4050-a66b-301b26e1db80,ToC_Differentiation_Adult,mid_0.50,0.5,1100,31935,-17939150,false,0.02203907,4.1814,0.29375,-528,0.25,600,753,220.68,3000
sim_layered_newflow_2026-07-10T23-54-52-761Z,7,81c38593-82c9-4050-a66b-301b26e1db80,ToC_Differentiation_Adult,mid_0.50,0.5,1200,30616,-15055305,false,0.0211291,4.1814,0.29375,-453,0.25,600,753,220.68,3000
sim_layered_newflow_2026-07-10T23-54-52-761Z,7,81c38593-82c9-4050-a66b-301b26e1db80,ToC_Differentiation_Adult,mid_0.50,0.5,1300,29351,-12385006,false,0.02025592,4.1814,0.29375,-378,0.25,600,753,220.68,3000
sim_layered_newflow_2026-07-10T23-54-52-761Z,7,81c38593-82c9-4050-a66b-301b26e1db80,ToC_Differentiation_Adult,mid_0.50,0.5,1400,28137,-9915801,false,0.01941811,4.1814,0.29375,-303,0.25,600,753,220.68,3000
sim_layered_newflow_2026-07-10T23-54-52-761Z,7,81c38593-82c9-4050-a66b-301b26e1db80,ToC_Differentiation_Adult,mid_0.50,0.5,1500,26972,-7635870,false,0.01861429,4.1814,0.29375,-228,0.25,600,753,220.68,3000
sim_layered_newflow_2026-07-10T23-54-52-761Z,7,81c38593-82c9-4050-a66b-301b26e1db80,ToC_Differentiation_Adult,mid_0.50,0.5,1600,25855,-5533994,false,0.01784315,4.1814,0.29375,-153,0.25,600,753,220.68,3000
sim_layered_newflow_2026-07-10T23-54-52-761Z,7,81c38593-82c9-4050-a66b-301b26e1db80,ToC_Differentiation_Adult,mid_0.50,0.5,1700,24783,-3599530,false,0.01710339,4.1814,0.29375,-78,0.25,600,753,220.68,3000
sim_layered_newflow_2026-07-10T23-54-52-761Z,7,81c38593-82c9-4050-a66b-301b26e1db80,ToC_Differentiation_Adult,mid_0.50,0.5,1800,23755,-1822385,false,0.01639379,4.1814,0.29375,-3,0.25,600,753,220.68,3000
sim_layered_newflow_2026-07-10T23-54-52-761Z,7,81c38593-82c9-4050-a66b-301b26e1db80,ToC_Differentiation_Adult,mid_0.50,0.5,1900,22768,-192994,false,0.01571316,4.1814,0.29375,72,0.25,600,753,220.68,3000
sim_layered_newflow_2026-07-10T23-54-52-761Z,7,81c38593-82c9-4050-a66b-301b26e1db80,ToC_Differentiation_Adult,mid_0.50,0.5,2000,21822,1297709,true,0.01506036,4.1814,0.29375,147,0.25,600,753,220.68,3000
sim_layered_newflow_2026-07-10T23-54-52-761Z,7,81c38593-82c9-4050-a66b-301b26e1db80,ToC_Differentiation_Adult,mid_0.50,0.5,2100,20915,2658309,true,0.01443428,4.1814,0.29375,222,0.25,600,753,220.68,3000
sim_layered_newflow_2026-07-10T23-54-52-761Z,7,81c38593-82c9-4050-a66b-301b26e1db80,ToC_Differentiation_Adult,mid_0.50,0.5,2200,20045,3896936,true,0.01383386,4.1814,0.29375,297,0.25,600,753,220.68,3000
sim_layered_newflow_2026-07-10T23-54-52-761Z,7,81c38593-82c9-4050-a66b-301b26e1db80,ToC_Differentiation_Adult,mid_0.50,0.5,2300,19211,5021281,true,0.01325808,4.1814,0.29375,372,0.25,600,753,220.68,3000
sim_layered_newflow_2026-07-10T23-54-52-761Z,7,81c38593-82c9-4050-a66b-301b26e1db80,ToC_Differentiation_Adult,mid_0.50,0.5,2400,18411,6038625,true,0.01270595,4.1814,0.29375,447,0.25,600,753,220.68,3000
sim_layered_newflow_2026-07-10T23-54-52-761Z,7,81c38593-82c9-4050-a66b-301b26e1db80,ToC_Differentiation_Adult,mid_0.50,0.5,2500,17644,6955851,true,0.01217654,4.1814,0.29375,522,0.25,600,753,220.68,3000
sim_layered_newflow_2026-07-10T23-54-52-761Z,7,81c38593-82c9-4050-a66b-301b26e1db80,ToC_Differentiation_Adult,mid_0.50,0.5,2600,16908,7779465,true,0.01166892,4.1814,0.29375,597,0.25,600,753,220.68,3000
sim_layered_newflow_2026-07-10T23-54-52-761Z,7,81c38593-82c9-4050-a66b-301b26e1db80,ToC_Differentiation_Adult,mid_0.50,0.5,2700,16203,8515617,true,0.01118223,4.1814,0.29375,672,0.25,600,753,220.68,3000
sim_layered_newflow_2026-07-10T23-54-52-761Z,7,81c38593-82c9-4050-a66b-301b26e1db80,ToC_Differentiation_Adult,mid_0.50,0.5,2800,15527,9170116,true,0.01071561,4.1814,0.29375,747,0.25,600,753,220.68,3000
sim_layered_newflow_2026-07-10T23-54-52-761Z,7,81c38593-82c9-4050-a66b-301b26e1db80,ToC_Differentiation_Adult,mid_0.50,0.5,2900,14879,9748444,true,0.01026826,4.1814,0.29375,822,0.25,600,753,220.68,3000
sim_layered_newflow_2026-07-10T23-54-52-761Z,7,81c38593-82c9-4050-a66b-301b26e1db80,ToC_Differentiation_Adult,mid_0.50,0.5,3000,14257,10255780,true,0.00983941,4.1814,0.29375,897,0.25,600,753,220.68,3000
sim_layered_newflow_2026-07-10T23-54-52-761Z,7,81c38593-82c9-4050-a66b-301b26e1db80,ToC_Differentiation_Adult,mid_0.50,0.5,3100,13662,10697006,true,0.00942829,4.1814,0.29375,972,0.25,600,753,220.68,3000
sim_layered_newflow_2026-07-10T23-54-52-761Z,7,81c38593-82c9-4050-a66b-301b26e1db80,ToC_Differentiation_Adult,mid_0.50,0.5,3200,13091,11076730,true,0.0090342,4.1814,0.29375,1047,0.25,600,753,220.68,3000
sim_layered_newflow_2026-07-10T23-54-52-761Z,7,81c38593-82c9-4050-a66b-301b26e1db80,ToC_Differentiation_Adult,mid_0.50,0.5,3300,12543,11399291,true,0.00865643,4.1814,0.29375,1122,0.25,600,753,220.68,3000
sim_layered_newflow_2026-07-10T23-54-52-761Z,7,81c38593-82c9-4050-a66b-301b26e1db80,ToC_Differentiation_Adult,mid_0.50,0.5,3400,12018,11668783,true,0.00829433,4.1814,0.29375,1197,0.25,600,753,220.68,3000
sim_layered_newflow_2026-07-10T23-54-52-761Z,7,81c38593-82c9-4050-a66b-301b26e1db80,ToC_Differentiation_Adult,mid_0.50,0.5,3500,11516,11889058,true,0.00794725,4.1814,0.29375,1272,0.25,600,753,220.68,3000
sim_layered_newflow_2026-07-10T23-54-52-761Z,7,81c38593-82c9-4050-a66b-301b26e1db80,ToC_Differentiation_Adult,mid_0.50,0.5,3600,11034,12063744,true,0.00761459,4.1814,0.29375,1347,0.25,600,753,220.68,3000
sim_layered_newflow_2026-07-10T23-54-52-761Z,7,81c38593-82c9-4050-a66b-301b26e1db80,ToC_Differentiation_Adult,mid_0.50,0.5,3700,10572,12196256,true,0.00729574,4.1814,0.29375,1422,0.25,600,753,220.68,3000
sim_layered_newflow_2026-07-10T23-54-52-761Z,7,81c38593-82c9-4050-a66b-301b26e1db80,ToC_Differentiation_Adult,mid_0.50,0.5,3800,10129,12289804,true,0.00699016,4.1814,0.29375,1497,0.25,600,753,220.68,3000
sim_layered_newflow_2026-07-10T23-54-52-761Z,7,81c38593-82c9-4050-a66b-301b26e1db80,ToC_Differentiation_Adult,mid_0.50,0.5,3900,9704,12347409,true,0.00669729,4.1814,0.29375,1572,0.25,600,753,220.68,3000
sim_layered_newflow_2026-07-10T23-54-52-761Z,7,81c38593-82c9-4050-a66b-301b26e1db80,ToC_Differentiation_Adult,mid_0.50,0.5,4000,9298,12371908,true,0.0064166,4.1814,0.29375,1647,0.25,600,753,220.68,3000
sim_layered_newflow_2026-07-10T23-54-52-761Z,7,81c38593-82c9-4050-a66b-301b26e1db80,ToC_Differentiation_Adult,mid_0.50,0.5,4100,8908,12365964,true,0.00614761,4.1814,0.29375,1722,0.25,600,753,220.68,3000
sim_layered_newflow_2026-07-10T23-54-52-761Z,7,81c38593-82c9-4050-a66b-301b26e1db80,ToC_Differentiation_Adult,mid_0.50,0.5,4200,8534,12332081,true,0.00588983,4.1814,0.29375,1797,0.25,600,753,220.68,3000
sim_layered_newflow_2026-07-10T23-54-52-761Z,7,81c38593-82c9-4050-a66b-301b26e1db80,ToC_Differentiation_Adult,mid_0.50,0.5,4300,8176,12272605,true,0.0056428,4.1814,0.29375,1872,0.25,600,753,220.68,3000
sim_layered_newflow_2026-07-10T23-54-52-761Z,7,81c38593-82c9-4050-a66b-301b26e1db80,ToC_Differentiation_Adult,mid_0.50,0.5,4400,7833,12189738,true,0.00540607,4.1814,0.29375,1947,0.25,600,753,220.68,3000
sim_layered_newflow_2026-07-10T23-54-52-761Z,7,81c38593-82c9-4050-a66b-301b26e1db80,ToC_Differentiation_Adult,mid_0.50,0.5,4500,7505,12085542,true,0.00517922,4.1814,0.29375,2022,0.25,600,753,220.68,3000
sim_layered_newflow_2026-07-10T23-54-52-761Z,7,81c38593-82c9-4050-a66b-301b26e1db80,ToC_Differentiation_Adult,mid_0.50,0.5,4600,7190,11961950,true,0.00496185,4.1814,0.29375,2097,0.25,600,753,220.68,3000
sim_layered_newflow_2026-07-10T23-54-52-761Z,7,81c38593-82c9-4050-a66b-301b26e1db80,ToC_Differentiation_Adult,mid_0.50,0.5,4700,6888,11820771,true,0.00475355,4.1814,0.29375,2172,0.25,600,753,220.68,3000
sim_layered_newflow_2026-07-10T23-54-52-761Z,7,81c38593-82c9-4050-a66b-301b26e1db80,ToC_Differentiation_Adult,mid_0.50,0.5,4800,6599,11663697,true,0.00455396,4.1814,0.29375,2247,0.25,600,753,220.68,3000
sim_layered_newflow_2026-07-10T23-54-52-761Z,7,81c38593-82c9-4050-a66b-301b26e1db80,ToC_Differentiation_Adult,mid_0.50,0.5,4900,6322,11492310,true,0.00436271,4.1814,0.29375,2322,0.25,600,753,220.68,3000
sim_layered_newflow_2026-07-10T23-54-52-761Z,7,81c38593-82c9-4050-a66b-301b26e1db80,ToC_Differentiation_Adult,mid_0.50,0.5,5000,6056,11308089,true,0.00417946,4.1814,0.29375,2397,0.25,600,753,220.68,3000
sim_layered_newflow_2026-07-10T23-54-52-761Z,7,81c38593-82c9-4050-a66b-301b26e1db80,ToC_Differentiation_Adult,mid_0.50,0.5,5100,5802,11112413,true,0.00400387,4.1814,0.29375,2472,0.25,600,753,220.68,3000
sim_layered_newflow_2026-07-10T23-54-52-761Z,7,81c38593-82c9-4050-a66b-301b26e1db80,ToC_Differentiation_Adult,mid_0.50,0.5,5200,5558,10906569,true,0.00383563,4.1814,0.29375,2547,0.25,600,753,220.68,3000
sim_layered_newflow_2026-07-10T23-54-52-761Z,7,81c38593-82c9-4050-a66b-301b26e1db80,ToC_Differentiation_Adult,mid_0.50,0.5,5300,5324,10691758,true,0.00367444,4.1814,0.29375,2622,0.25,600,753,220.68,3000
sim_layered_newflow_2026-07-10T23-54-52-761Z,7,81c38593-82c9-4050-a66b-301b26e1db80,ToC_Differentiation_Adult,mid_0.50,0.5,5400,5100,10469096,true,0.00352,4.1814,0.29375,2697,0.25,600,753,220.68,3000
sim_layered_newflow_2026-07-10T23-54-52-761Z,7,81c38593-82c9-4050-a66b-301b26e1db80,ToC_Differentiation_Adult,mid_0.50,0.5,5500,4886,10239623,true,0.00337202,4.1814,0.29375,2772,0.25,600,753,220.68,3000
sim_layered_newflow_2026-07-10T23-54-52-761Z,7,81c38593-82c9-4050-a66b-301b26e1db80,ToC_Differentiation_Adult,mid_0.50,0.5,5600,4681,10004306,true,0.00323025,4.1814,0.29375,2847,0.25,600,753,220.68,3000
sim_layered_newflow_2026-07-10T23-54-52-761Z,7,81c38593-82c9-4050-a66b-301b26e1db80,ToC_Differentiation_Adult,mid_0.50,0.5,5700,4484,9764043,true,0.00309442,4.1814,0.29375,2922,0.25,600,753,220.68,3000
sim_layered_newflow_2026-07-10T23-54-52-761Z,7,81c38593-82c9-4050-a66b-301b26e1db80,ToC_Differentiation_Adult,mid_0.50,0.5,5800,4295,9519667,true,0.00296428,4.1814,0.29375,2997,0.25,600,753,220.68,3000
sim_layered_newflow_2026-07-10T23-54-52-761Z,7,81c38593-82c9-4050-a66b-301b26e1db80,ToC_Differentiation_Adult,mid_0.50,0.5,5900,4115,9271948,true,0.0028396,4.1814,0.29375,3072,0.25,600,753,220.68,3000
sim_layered_newflow_2026-07-10T23-54-52-761Z,7,81c38593-82c9-4050-a66b-301b26e1db80,ToC_Differentiation_Adult,mid_0.50,0.5,6000,3942,9021603,true,0.00272015,4.1814,0.29375,3147,0.25,600,753,220.68,3000
sim_layered_newflow_2026-07-10T23-54-52-761Z,7,81c38593-82c9-4050-a66b-301b26e1db80,ToC_Differentiation_Adult,mid_0.50,0.5,6100,3776,8769290,true,0.00260571,4.1814,0.29375,3222,0.25,600,753,220.68,3000
sim_layered_newflow_2026-07-10T23-54-52-761Z,7,81c38593-82c9-4050-a66b-301b26e1db80,ToC_Differentiation_Adult,mid_0.50,0.5,6200,3617,8515620,true,0.00249608,4.1814,0.29375,3297,0.25,600,753,220.68,3000
sim_layered_newflow_2026-07-10T23-54-52-761Z,7,81c38593-82c9-4050-a66b-301b26e1db80,ToC_Differentiation_Adult,mid_0.50,0.5,6300,3465,8261154,true,0.00239105,4.1814,0.29375,3372,0.25,600,753,220.68,3000
sim_layered_newflow_2026-07-10T23-54-52-761Z,7,81c38593-82c9-4050-a66b-301b26e1db80,ToC_Differentiation_Adult,mid_0.50,0.5,6400,3319,8006410,true,0.00229042,4.1814,0.29375,3447,0.25,600,753,220.68,3000
sim_layered_newflow_2026-07-10T23-54-52-761Z,7,81c38593-82c9-4050-a66b-301b26e1db80,ToC_Differentiation_Adult,mid_0.50,0.5,6500,3179,7751863,true,0.00219402,4.1814,0.29375,3522,0.25,600,753,220.68,3000
sim_layered_newflow_2026-07-10T23-54-52-761Z,7,81c38593-82c9-4050-a66b-301b26e1db80,ToC_Differentiation_Adult,mid_0.50,0.5,6600,3045,7497948,true,0.00210167,4.1814,0.29375,3597,0.25,600,753,220.68,3000
sim_layered_newflow_2026-07-10T23-54-52-761Z,7,81c38593-82c9-4050-a66b-301b26e1db80,ToC_Differentiation_Adult,mid_0.50,0.5,6700,2917,7245065,true,0.0020132,4.1814,0.29375,3672,0.25,600,753,220.68,3000
sim_layered_newflow_2026-07-10T23-54-52-761Z,7,81c38593-82c9-4050-a66b-301b26e1db80,ToC_Differentiation_Adult,mid_0.50,0.5,6800,2794,6993577,true,0.00192845,4.1814,0.29375,3747,0.25,600,753,220.68,3000
sim_layered_newflow_2026-07-10T23-54-52-761Z,7,81c38593-82c9-4050-a66b-301b26e1db80,ToC_Differentiation_Adult,mid_0.50,0.5,6900,2677,6743816,true,0.00184726,4.1814,0.29375,3822,0.25,600,753,220.68,3000
sim_layered_newflow_2026-07-10T23-54-52-761Z,7,81c38593-82c9-4050-a66b-301b26e1db80,ToC_Differentiation_Adult,mid_0.50,0.5,7000,2564,6496084,true,0.00176948,4.1814,0.29375,3897,0.25,600,753,220.68,3000
sim_layered_newflow_2026-07-10T23-54-52-761Z,7,81c38593-82c9-4050-a66b-301b26e1db80,ToC_Differentiation_Adult,high_0.65,0.65,1000,76402,-42343698,false,0.05272766,5.00985,0.36125,-603,0.25,600,753,220.68,3000
sim_layered_newflow_2026-07-10T23-54-52-761Z,7,81c38593-82c9-4050-a66b-301b26e1db80,ToC_Differentiation_Adult,high_0.65,0.65,1100,73571,-35393854,false,0.05077335,5.00985,0.36125,-528,0.25,600,753,220.68,3000
sim_layered_newflow_2026-07-10T23-54-52-761Z,7,81c38593-82c9-4050-a66b-301b26e1db80,ToC_Differentiation_Adult,high_0.65,0.65,1200,70838,-28904188,false,0.04888773,5.00985,0.36125,-453,0.25,600,753,220.68,3000
sim_layered_newflow_2026-07-10T23-54-52-761Z,7,81c38593-82c9-4050-a66b-301b26e1db80,ToC_Differentiation_Adult,high_0.65,0.65,1300,68202,-22851431,false,0.04706866,5.00985,0.36125,-378,0.25,600,753,220.68,3000
sim_layered_newflow_2026-07-10T23-54-52-761Z,7,81c38593-82c9-4050-a66b-301b26e1db80,ToC_Differentiation_Adult,high_0.65,0.65,1400,65660,-17213262,false,0.04531406,5.00985,0.36125,-303,0.25,600,753,220.68,3000
sim_layered_newflow_2026-07-10T23-54-52-761Z,7,81c38593-82c9-4050-a66b-301b26e1db80,ToC_Differentiation_Adult,high_0.65,0.65,1500,63208,-11968275,false,0.04362187,5.00985,0.36125,-228,0.25,600,753,220.68,3000
sim_layered_newflow_2026-07-10T23-54-52-761Z,7,81c38593-82c9-4050-a66b-301b26e1db80,ToC_Differentiation_Adult,high_0.65,0.65,1600,60844,-7095962,false,0.0419901,5.00985,0.36125,-153,0.25,600,753,220.68,3000
sim_layered_newflow_2026-07-10T23-54-52-761Z,7,81c38593-82c9-4050-a66b-301b26e1db80,ToC_Differentiation_Adult,high_0.65,0.65,1700,58564,-2576680,false,0.04041678,5.00985,0.36125,-78,0.25,600,753,220.68,3000
sim_layered_newflow_2026-07-10T23-54-52-761Z,7,81c38593-82c9-4050-a66b-301b26e1db80,ToC_Differentiation_Adult,high_0.65,0.65,1800,56366,1608369,true,0.03890002,5.00985,0.36125,-3,0.25,600,753,220.68,3000
sim_layered_newflow_2026-07-10T23-54-52-761Z,7,81c38593-82c9-4050-a66b-301b26e1db80,ToC_Differentiation_Adult,high_0.65,0.65,1900,54248,5477169,true,0.03743796,5.00985,0.36125,72,0.25,600,753,220.68,3000
sim_layered_newflow_2026-07-10T23-54-52-761Z,7,81c38593-82c9-4050-a66b-301b26e1db80,ToC_Differentiation_Adult,high_0.65,0.65,2000,52206,9046913,true,0.0360288,5.00985,0.36125,147,0.25,600,753,220.68,3000
sim_layered_newflow_2026-07-10T23-54-52-761Z,7,81c38593-82c9-4050-a66b-301b26e1db80,ToC_Differentiation_Adult,high_0.65,0.65,2100,50238,12334031,true,0.03467076,5.00985,0.36125,222,0.25,600,753,220.68,3000
sim_layered_newflow_2026-07-10T23-54-52-761Z,7,81c38593-82c9-4050-a66b-301b26e1db80,ToC_Differentiation_Adult,high_0.65,0.65,2200,48342,15354214,true,0.03336214,5.00985,0.36125,297,0.25,600,753,220.68,3000
sim_layered_newflow_2026-07-10T23-54-52-761Z,7,81c38593-82c9-4050-a66b-301b26e1db80,ToC_Differentiation_Adult,high_0.65,0.65,2300,46515,18122439,true,0.03210127,5.00985,0.36125,372,0.25,600,753,220.68,3000
sim_layered_newflow_2026-07-10T23-54-52-761Z,7,81c38593-82c9-4050-a66b-301b26e1db80,ToC_Differentiation_Adult,high_0.65,0.65,2400,44755,20652996,true,0.03088653,5.00985,0.36125,447,0.25,600,753,220.68,3000
sim_layered_newflow_2026-07-10T23-54-52-761Z,7,81c38593-82c9-4050-a66b-301b26e1db80,ToC_Differentiation_Adult,high_0.65,0.65,2500,43059,22959512,true,0.02971635,5.00985,0.36125,522,0.25,600,753,220.68,3000
sim_layered_newflow_2026-07-10T23-54-52-761Z,7,81c38593-82c9-4050-a66b-301b26e1db80,ToC_Differentiation_Adult,high_0.65,0.65,2600,41426,25054974,true,0.02858919,5.00985,0.36125,597,0.25,600,753,220.68,3000
sim_layered_newflow_2026-07-10T23-54-52-761Z,7,81c38593-82c9-4050-a66b-301b26e1db80,ToC_Differentiation_Adult,high_0.65,0.65,2700,39853,26951756,true,0.02750358,5.00985,0.36125,672,0.25,600,753,220.68,3000
sim_layered_newflow_2026-07-10T23-54-52-761Z,7,81c38593-82c9-4050-a66b-301b26e1db80,ToC_Differentiation_Adult,high_0.65,0.65,2800,38338,28661639,true,0.02645806,5.00985,0.36125,747,0.25,600,753,220.68,3000
sim_layered_newflow_2026-07-10T23-54-52-761Z,7,81c38593-82c9-4050-a66b-301b26e1db80,ToC_Differentiation_Adult,high_0.65,0.65,2900,36879,30195834,true,0.02545125,5.00985,0.36125,822,0.25,600,753,220.68,3000
sim_layered_newflow_2026-07-10T23-54-52-761Z,7,81c38593-82c9-4050-a66b-301b26e1db80,ToC_Differentiation_Adult,high_0.65,0.65,3000,35474,31565010,true,0.02448179,5.00985,0.36125,897,0.25,600,753,220.68,3000
sim_layered_newflow_2026-07-10T23-54-52-761Z,7,81c38593-82c9-4050-a66b-301b26e1db80,ToC_Differentiation_Adult,high_0.65,0.65,3100,34122,32779306,true,0.02354836,5.00985,0.36125,972,0.25,600,753,220.68,3000
sim_layered_newflow_2026-07-10T23-54-52-761Z,7,81c38593-82c9-4050-a66b-301b26e1db80,ToC_Differentiation_Adult,high_0.65,0.65,3200,32819,33848362,true,0.0226497,5.00985,0.36125,1047,0.25,600,753,220.68,3000
sim_layered_newflow_2026-07-10T23-54-52-761Z,7,81c38593-82c9-4050-a66b-301b26e1db80,ToC_Differentiation_Adult,high_0.65,0.65,3300,31566,34781334,true,0.02178456,5.00985,0.36125,1122,0.25,600,753,220.68,3000
sim_layered_newflow_2026-07-10T23-54-52-761Z,7,81c38593-82c9-4050-a66b-301b26e1db80,ToC_Differentiation_Adult,high_0.65,0.65,3400,30359,35586913,true,0.02095177,5.00985,0.36125,1197,0.25,600,753,220.68,3000
sim_layered_newflow_2026-07-10T23-54-52-761Z,7,81c38593-82c9-4050-a66b-301b26e1db80,ToC_Differentiation_Adult,high_0.65,0.65,3500,29198,36273351,true,0.02015015,5.00985,0.36125,1272,0.25,600,753,220.68,3000
sim_layered_newflow_2026-07-10T23-54-52-761Z,7,81c38593-82c9-4050-a66b-301b26e1db80,ToC_Differentiation_Adult,high_0.65,0.65,3600,28080,36848472,true,0.0193786,5.00985,0.36125,1347,0.25,600,753,220.68,3000
sim_layered_newflow_2026-07-10T23-54-52-761Z,7,81c38593-82c9-4050-a66b-301b26e1db80,ToC_Differentiation_Adult,high_0.65,0.65,3700,27004,37319697,true,0.01863603,5.00985,0.36125,1422,0.25,600,753,220.68,3000
sim_layered_newflow_2026-07-10T23-54-52-761Z,7,81c38593-82c9-4050-a66b-301b26e1db80,ToC_Differentiation_Adult,high_0.65,0.65,3800,25968,37694057,true,0.01792139,5.00985,0.36125,1497,0.25,600,753,220.68,3000
sim_layered_newflow_2026-07-10T23-54-52-761Z,7,81c38593-82c9-4050-a66b-301b26e1db80,ToC_Differentiation_Adult,high_0.65,0.65,3900,24972,37978212,true,0.01723367,5.00985,0.36125,1572,0.25,600,753,220.68,3000
sim_layered_newflow_2026-07-10T23-54-52-761Z,7,81c38593-82c9-4050-a66b-301b26e1db80,ToC_Differentiation_Adult,high_0.65,0.65,4000,24013,38178468,true,0.0165719,5.00985,0.36125,1647,0.25,600,753,220.68,3000
sim_layered_newflow_2026-07-10T23-54-52-761Z,7,81c38593-82c9-4050-a66b-301b26e1db80,ToC_Differentiation_Adult,high_0.65,0.65,4100,23090,38300792,true,0.01593514,5.00985,0.36125,1722,0.25,600,753,220.68,3000
sim_layered_newflow_2026-07-10T23-54-52-761Z,7,81c38593-82c9-4050-a66b-301b26e1db80,ToC_Differentiation_Adult,high_0.65,0.65,4200,22202,38350827,true,0.01532245,5.00985,0.36125,1797,0.25,600,753,220.68,3000
sim_layered_newflow_2026-07-10T23-54-52-761Z,7,81c38593-82c9-4050-a66b-301b26e1db80,ToC_Differentiation_Adult,high_0.65,0.65,4300,21348,38333909,true,0.01473297,5.00985,0.36125,1872,0.25,600,753,220.68,3000
sim_layered_newflow_2026-07-10T23-54-52-761Z,7,81c38593-82c9-4050-a66b-301b26e1db80,ToC_Differentiation_Adult,high_0.65,0.65,4400,20526,38255078,true,0.01416585,5.00985,0.36125,1947,0.25,600,753,220.68,3000
sim_layered_newflow_2026-07-10T23-54-52-761Z,7,81c38593-82c9-4050-a66b-301b26e1db80,ToC_Differentiation_Adult,high_0.65,0.65,4500,19736,38119095,true,0.01362025,5.00985,0.36125,2022,0.25,600,753,220.68,3000
sim_layered_newflow_2026-07-10T23-54-52-761Z,7,81c38593-82c9-4050-a66b-301b26e1db80,ToC_Differentiation_Adult,high_0.65,0.65,4600,18975,37930453,true,0.01309538,5.00985,0.36125,2097,0.25,600,753,220.68,3000
sim_layered_newflow_2026-07-10T23-54-52-761Z,7,81c38593-82c9-4050-a66b-301b26e1db80,ToC_Differentiation_Adult,high_0.65,0.65,4700,18244,37693389,true,0.01259049,5.00985,0.36125,2172,0.25,600,753,220.68,3000
sim_layered_newflow_2026-07-10T23-54-52-761Z,7,81c38593-82c9-4050-a66b-301b26e1db80,ToC_Differentiation_Adult,high_0.65,0.65,4800,17540,37411901,true,0.01210482,5.00985,0.36125,2247,0.25,600,753,220.68,3000
sim_layered_newflow_2026-07-10T23-54-52-761Z,7,81c38593-82c9-4050-a66b-301b26e1db80,ToC_Differentiation_Adult,high_0.65,0.65,4900,16863,37089752,true,0.01163767,5.00985,0.36125,2322,0.25,600,753,220.68,3000
sim_layered_newflow_2026-07-10T23-54-52-761Z,7,81c38593-82c9-4050-a66b-301b26e1db80,ToC_Differentiation_Adult,high_0.65,0.65,5000,16212,36730490,true,0.01118833,5.00985,0.36125,2397,0.25,600,753,220.68,3000
sim_layered_newflow_2026-07-10T23-54-52-761Z,7,81c38593-82c9-4050-a66b-301b26e1db80,ToC_Differentiation_Adult,high_0.65,0.65,5100,15586,36337450,true,0.01075616,5.00985,0.36125,2472,0.25,600,753,220.68,3000
sim_layered_newflow_2026-07-10T23-54-52-761Z,7,81c38593-82c9-4050-a66b-301b26e1db80,ToC_Differentiation_Adult,high_0.65,0.65,5200,14983,35913771,true,0.01034051,5.00985,0.36125,2547,0.25,600,753,220.68,3000
sim_layered_newflow_2026-07-10T23-54-52-761Z,7,81c38593-82c9-4050-a66b-301b26e1db80,ToC_Differentiation_Adult,high_0.65,0.65,5300,14404,35462403,true,0.00994076,5.00985,0.36125,2622,0.25,600,753,220.68,3000
sim_layered_newflow_2026-07-10T23-54-52-761Z,7,81c38593-82c9-4050-a66b-301b26e1db80,ToC_Differentiation_Adult,high_0.65,0.65,5400,13847,34986116,true,0.00955632,5.00985,0.36125,2697,0.25,600,753,220.68,3000
sim_layered_newflow_2026-07-10T23-54-52-761Z,7,81c38593-82c9-4050-a66b-301b26e1db80,ToC_Differentiation_Adult,high_0.65,0.65,5500,13311,34487512,true,0.0091866,5.00985,0.36125,2772,0.25,600,753,220.68,3000
sim_layered_newflow_2026-07-10T23-54-52-761Z,7,81c38593-82c9-4050-a66b-301b26e1db80,ToC_Differentiation_Adult,high_0.65,0.65,5600,12796,33969029,true,0.00883106,5.00985,0.36125,2847,0.25,600,753,220.68,3000
sim_layered_newflow_2026-07-10T23-54-52-761Z,7,81c38593-82c9-4050-a66b-301b26e1db80,ToC_Differentiation_Adult,high_0.65,0.65,5700,12301,33432954,true,0.00848916,5.00985,0.36125,2922,0.25,600,753,220.68,3000
sim_layered_newflow_2026-07-10T23-54-52-761Z,7,81c38593-82c9-4050-a66b-301b26e1db80,ToC_Differentiation_Adult,high_0.65,0.65,5800,11824,32881428,true,0.00816039,5.00985,0.36125,2997,0.25,600,753,220.68,3000
sim_layered_newflow_2026-07-10T23-54-52-761Z,7,81c38593-82c9-4050-a66b-301b26e1db80,ToC_Differentiation_Adult,high_0.65,0.65,5900,11366,32316453,true,0.00784425,5.00985,0.36125,3072,0.25,600,753,220.68,3000
sim_layered_newflow_2026-07-10T23-54-52-761Z,7,81c38593-82c9-4050-a66b-301b26e1db80,ToC_Differentiation_Adult,high_0.65,0.65,6000,10926,31739902,true,0.00754027,5.00985,0.36125,3147,0.25,600,753,220.68,3000
sim_layered_newflow_2026-07-10T23-54-52-761Z,7,81c38593-82c9-4050-a66b-301b26e1db80,ToC_Differentiation_Adult,high_0.65,0.65,6100,10502,31153526,true,0.00724798,5.00985,0.36125,3222,0.25,600,753,220.68,3000
sim_layered_newflow_2026-07-10T23-54-52-761Z,7,81c38593-82c9-4050-a66b-301b26e1db80,ToC_Differentiation_Adult,high_0.65,0.65,6200,10095,30558954,true,0.00696694,5.00985,0.36125,3297,0.25,600,753,220.68,3000
sim_layered_newflow_2026-07-10T23-54-52-761Z,7,81c38593-82c9-4050-a66b-301b26e1db80,ToC_Differentiation_Adult,high_0.65,0.65,6300,9704,29957710,true,0.00669672,5.00985,0.36125,3372,0.25,600,753,220.68,3000
sim_layered_newflow_2026-07-10T23-54-52-761Z,7,81c38593-82c9-4050-a66b-301b26e1db80,ToC_Differentiation_Adult,high_0.65,0.65,6400,9327,29351210,true,0.00643692,5.00985,0.36125,3447,0.25,600,753,220.68,3000
sim_layered_newflow_2026-07-10T23-54-52-761Z,7,81c38593-82c9-4050-a66b-301b26e1db80,ToC_Differentiation_Adult,high_0.65,0.65,6500,8965,28740772,true,0.00618713,5.00985,0.36125,3522,0.25,600,753,220.68,3000
sim_layered_newflow_2026-07-10T23-54-52-761Z,7,81c38593-82c9-4050-a66b-301b26e1db80,ToC_Differentiation_Adult,high_0.65,0.65,6600,8617,28127619,true,0.00594698,5.00985,0.36125,3597,0.25,600,753,220.68,3000
sim_layered_newflow_2026-07-10T23-54-52-761Z,7,81c38593-82c9-4050-a66b-301b26e1db80,ToC_Differentiation_Adult,high_0.65,0.65,6700,8283,27512887,true,0.0057161,5.00985,0.36125,3672,0.25,600,753,220.68,3000
sim_layered_newflow_2026-07-10T23-54-52-761Z,7,81c38593-82c9-4050-a66b-301b26e1db80,ToC_Differentiation_Adult,high_0.65,0.65,6800,7961,26897628,true,0.00549413,5.00985,0.36125,3747,0.25,600,753,220.68,3000
sim_layered_newflow_2026-07-10T23-54-52-761Z,7,81c38593-82c9-4050-a66b-301b26e1db80,ToC_Differentiation_Adult,high_0.65,0.65,6900,7652,26282815,true,0.00528073,5.00985,0.36125,3822,0.25,600,753,220.68,3000
sim_layered_newflow_2026-07-10T23-54-52-761Z,7,81c38593-82c9-4050-a66b-301b26e1db80,ToC_Differentiation_Adult,high_0.65,0.65,7000,7355,25669347,true,0.00507558,5.00985,0.36125,3897,0.25,600,753,220.68,3000
sim_layered_newflow_2026-07-10T23-54-52-761Z,8,69806382-609b-4f3b-b7af-e65cb1b5dc28,ToC_Differentiation_Child,actual_7_10,0.42000000000000004,1000,14492,-15580716,false,0.00936806,3.31456,0.21275,-843,0.25,600,993,269.15999999999997,5000
sim_layered_newflow_2026-07-10T23-54-52-761Z,8,69806382-609b-4f3b-b7af-e65cb1b5dc28,ToC_Differentiation_Child,actual_7_10,0.42000000000000004,1100,13825,-14019563,false,0.00893683,3.31456,0.21275,-768,0.25,600,993,269.15999999999997,5000
sim_layered_newflow_2026-07-10T23-54-52-761Z,8,69806382-609b-4f3b-b7af-e65cb1b5dc28,ToC_Differentiation_Child,actual_7_10,0.42000000000000004,1200,13189,-12577834,false,0.00852529,3.31456,0.21275,-693,0.25,600,993,269.15999999999997,5000
sim_layered_newflow_2026-07-10T23-54-52-761Z,8,69806382-609b-4f3b-b7af-e65cb1b5dc28,ToC_Differentiation_Child,actual_7_10,0.42000000000000004,1300,12581,-11247913,false,0.00813254,3.31456,0.21275,-618,0.25,600,993,269.15999999999997,5000
sim_layered_newflow_2026-07-10T23-54-52-761Z,8,69806382-609b-4f3b-b7af-e65cb1b5dc28,ToC_Differentiation_Child,actual_7_10,0.42000000000000004,1400,12001,-10022623,false,0.00775774,3.31456,0.21275,-543,0.25,600,993,269.15999999999997,5000
sim_layered_newflow_2026-07-10T23-54-52-761Z,8,69806382-609b-4f3b-b7af-e65cb1b5dc28,ToC_Differentiation_Child,actual_7_10,0.42000000000000004,1500,11448,-8895202,false,0.00740009,3.31456,0.21275,-468,0.25,600,993,269.15999999999997,5000
sim_layered_newflow_2026-07-10T23-54-52-761Z,8,69806382-609b-4f3b-b7af-e65cb1b5dc28,ToC_Differentiation_Child,actual_7_10,0.42000000000000004,1600,10920,-7859280,false,0.0070588,3.31456,0.21275,-393,0.25,600,993,269.15999999999997,5000
sim_layered_newflow_2026-07-10T23-54-52-761Z,8,69806382-609b-4f3b-b7af-e65cb1b5dc28,ToC_Differentiation_Child,actual_7_10,0.42000000000000004,1700,10416,-6908862,false,0.00673315,3.31456,0.21275,-318,0.25,600,993,269.15999999999997,5000
sim_layered_newflow_2026-07-10T23-54-52-761Z,8,69806382-609b-4f3b-b7af-e65cb1b5dc28,ToC_Differentiation_Child,actual_7_10,0.42000000000000004,1800,9936,-6038303,false,0.00642243,3.31456,0.21275,-243,0.25,600,993,269.15999999999997,5000
sim_layered_newflow_2026-07-10T23-54-52-761Z,8,69806382-609b-4f3b-b7af-e65cb1b5dc28,ToC_Differentiation_Child,actual_7_10,0.42000000000000004,1900,9477,-5242291,false,0.00612596,3.31456,0.21275,-168,0.25,600,993,269.15999999999997,5000
sim_layered_newflow_2026-07-10T23-54-52-761Z,8,69806382-609b-4f3b-b7af-e65cb1b5dc28,ToC_Differentiation_Child,actual_7_10,0.42000000000000004,2000,9039,-4515830,false,0.00584309,3.31456,0.21275,-93,0.25,600,993,269.15999999999997,5000
sim_layered_newflow_2026-07-10T23-54-52-761Z,8,69806382-609b-4f3b-b7af-e65cb1b5dc28,ToC_Differentiation_Child,actual_7_10,0.42000000000000004,2100,8622,-3854223,false,0.00557321,3.31456,0.21275,-18,0.25,600,993,269.15999999999997,5000
sim_layered_newflow_2026-07-10T23-54-52-761Z,8,69806382-609b-4f3b-b7af-e65cb1b5dc28,ToC_Differentiation_Child,actual_7_10,0.42000000000000004,2200,8223,-3253051,false,0.00531573,3.31456,0.21275,57,0.25,600,993,269.15999999999997,5000
sim_layered_newflow_2026-07-10T23-54-52-761Z,8,69806382-609b-4f3b-b7af-e65cb1b5dc28,ToC_Differentiation_Child,actual_7_10,0.42000000000000004,2300,7843,-2708165,false,0.00507009,3.31456,0.21275,132,0.25,600,993,269.15999999999997,5000
sim_layered_newflow_2026-07-10T23-54-52-761Z,8,69806382-609b-4f3b-b7af-e65cb1b5dc28,ToC_Differentiation_Child,actual_7_10,0.42000000000000004,2400,7481,-2215666,false,0.00483574,3.31456,0.21275,207,0.25,600,993,269.15999999999997,5000
sim_layered_newflow_2026-07-10T23-54-52-761Z,8,69806382-609b-4f3b-b7af-e65cb1b5dc28,ToC_Differentiation_Child,actual_7_10,0.42000000000000004,2500,7135,-1771891,false,0.00461217,3.31456,0.21275,282,0.25,600,993,269.15999999999997,5000
sim_layered_newflow_2026-07-10T23-54-52-761Z,8,69806382-609b-4f3b-b7af-e65cb1b5dc28,ToC_Differentiation_Child,actual_7_10,0.42000000000000004,2600,6805,-1373401,false,0.0043989,3.31456,0.21275,357,0.25,600,993,269.15999999999997,5000
sim_layered_newflow_2026-07-10T23-54-52-761Z,8,69806382-609b-4f3b-b7af-e65cb1b5dc28,ToC_Differentiation_Child,actual_7_10,0.42000000000000004,2700,6490,-1016972,false,0.00419544,3.31456,0.21275,432,0.25,600,993,269.15999999999997,5000
sim_layered_newflow_2026-07-10T23-54-52-761Z,8,69806382-609b-4f3b-b7af-e65cb1b5dc28,ToC_Differentiation_Child,actual_7_10,0.42000000000000004,2800,6190,-699575,false,0.00400136,3.31456,0.21275,507,0.25,600,993,269.15999999999997,5000
sim_layered_newflow_2026-07-10T23-54-52-761Z,8,69806382-609b-4f3b-b7af-e65cb1b5dc28,ToC_Differentiation_Child,actual_7_10,0.42000000000000004,2900,5904,-418372,false,0.00381622,3.31456,0.21275,582,0.25,600,993,269.15999999999997,5000
sim_layered_newflow_2026-07-10T23-54-52-761Z,8,69806382-609b-4f3b-b7af-e65cb1b5dc28,ToC_Differentiation_Child,actual_7_10,0.42000000000000004,3000,5630,-170701,false,0.00363961,3.31456,0.21275,657,0.25,600,993,269.15999999999997,5000
sim_layered_newflow_2026-07-10T23-54-52-761Z,8,69806382-609b-4f3b-b7af-e65cb1b5dc28,ToC_Differentiation_Child,actual_7_10,0.42000000000000004,3100,5370,45931,true,0.00347115,3.31456,0.21275,732,0.25,600,993,269.15999999999997,5000
sim_layered_newflow_2026-07-10T23-54-52-761Z,8,69806382-609b-4f3b-b7af-e65cb1b5dc28,ToC_Differentiation_Child,actual_7_10,0.42000000000000004,3200,5121,233860,true,0.00331046,3.31456,0.21275,807,0.25,600,993,269.15999999999997,5000
sim_layered_newflow_2026-07-10T23-54-52-761Z,8,69806382-609b-4f3b-b7af-e65cb1b5dc28,ToC_Differentiation_Child,actual_7_10,0.42000000000000004,3300,4884,395275,true,0.00315719,3.31456,0.21275,882,0.25,600,993,269.15999999999997,5000
sim_layered_newflow_2026-07-10T23-54-52-761Z,8,69806382-609b-4f3b-b7af-e65cb1b5dc28,ToC_Differentiation_Child,actual_7_10,0.42000000000000004,3400,4658,532222,true,0.00301099,3.31456,0.21275,957,0.25,600,993,269.15999999999997,5000
sim_layered_newflow_2026-07-10T23-54-52-761Z,8,69806382-609b-4f3b-b7af-e65cb1b5dc28,ToC_Differentiation_Child,actual_7_10,0.42000000000000004,3500,4442,646617,true,0.00287154,3.31456,0.21275,1032,0.25,600,993,269.15999999999997,5000
sim_layered_newflow_2026-07-10T23-54-52-761Z,8,69806382-609b-4f3b-b7af-e65cb1b5dc28,ToC_Differentiation_Child,actual_7_10,0.42000000000000004,3600,4237,740253,true,0.00273853,3.31456,0.21275,1107,0.25,600,993,269.15999999999997,5000
sim_layered_newflow_2026-07-10T23-54-52-761Z,8,69806382-609b-4f3b-b7af-e65cb1b5dc28,ToC_Differentiation_Child,actual_7_10,0.42000000000000004,3700,4040,814803,true,0.00261167,3.31456,0.21275,1182,0.25,600,993,269.15999999999997,5000
sim_layered_newflow_2026-07-10T23-54-52-761Z,8,69806382-609b-4f3b-b7af-e65cb1b5dc28,ToC_Differentiation_Child,actual_7_10,0.42000000000000004,3800,3853,871832,true,0.00249067,3.31456,0.21275,1257,0.25,600,993,269.15999999999997,5000
sim_layered_newflow_2026-07-10T23-54-52-761Z,8,69806382-609b-4f3b-b7af-e65cb1b5dc28,ToC_Differentiation_Child,actual_7_10,0.42000000000000004,3900,3675,912802,true,0.00237526,3.31456,0.21275,1332,0.25,600,993,269.15999999999997,5000
sim_layered_newflow_2026-07-10T23-54-52-761Z,8,69806382-609b-4f3b-b7af-e65cb1b5dc28,ToC_Differentiation_Child,actual_7_10,0.42000000000000004,4000,3504,939076,true,0.00226519,3.31456,0.21275,1407,0.25,600,993,269.15999999999997,5000
sim_layered_newflow_2026-07-10T23-54-52-761Z,8,69806382-609b-4f3b-b7af-e65cb1b5dc28,ToC_Differentiation_Child,actual_7_10,0.42000000000000004,4100,3342,951926,true,0.00216021,3.31456,0.21275,1482,0.25,600,993,269.15999999999997,5000
sim_layered_newflow_2026-07-10T23-54-52-761Z,8,69806382-609b-4f3b-b7af-e65cb1b5dc28,ToC_Differentiation_Child,actual_7_10,0.42000000000000004,4200,3187,952540,true,0.00206008,3.31456,0.21275,1557,0.25,600,993,269.15999999999997,5000
sim_layered_newflow_2026-07-10T23-54-52-761Z,8,69806382-609b-4f3b-b7af-e65cb1b5dc28,ToC_Differentiation_Child,actual_7_10,0.42000000000000004,4300,3039,942023,true,0.00196458,3.31456,0.21275,1632,0.25,600,993,269.15999999999997,5000
sim_layered_newflow_2026-07-10T23-54-52-761Z,8,69806382-609b-4f3b-b7af-e65cb1b5dc28,ToC_Differentiation_Child,actual_7_10,0.42000000000000004,4400,2898,921405,true,0.00187351,3.31456,0.21275,1707,0.25,600,993,269.15999999999997,5000
sim_layered_newflow_2026-07-10T23-54-52-761Z,8,69806382-609b-4f3b-b7af-e65cb1b5dc28,ToC_Differentiation_Child,actual_7_10,0.42000000000000004,4500,2764,891643,true,0.00178664,3.31456,0.21275,1782,0.25,600,993,269.15999999999997,5000
sim_layered_newflow_2026-07-10T23-54-52-761Z,8,69806382-609b-4f3b-b7af-e65cb1b5dc28,ToC_Differentiation_Child,actual_7_10,0.42000000000000004,4600,2636,853630,true,0.0017038,3.31456,0.21275,1857,0.25,600,993,269.15999999999997,5000
sim_layered_newflow_2026-07-10T23-54-52-761Z,8,69806382-609b-4f3b-b7af-e65cb1b5dc28,ToC_Differentiation_Child,actual_7_10,0.42000000000000004,4700,2514,808194,true,0.00162479,3.31456,0.21275,1932,0.25,600,993,269.15999999999997,5000
sim_layered_newflow_2026-07-10T23-54-52-761Z,8,69806382-609b-4f3b-b7af-e65cb1b5dc28,ToC_Differentiation_Child,actual_7_10,0.42000000000000004,4800,2397,756106,true,0.00154945,3.31456,0.21275,2007,0.25,600,993,269.15999999999997,5000
sim_layered_newflow_2026-07-10T23-54-52-761Z,8,69806382-609b-4f3b-b7af-e65cb1b5dc28,ToC_Differentiation_Child,actual_7_10,0.42000000000000004,4900,2286,698079,true,0.00147759,3.31456,0.21275,2082,0.25,600,993,269.15999999999997,5000
sim_layered_newflow_2026-07-10T23-54-52-761Z,8,69806382-609b-4f3b-b7af-e65cb1b5dc28,ToC_Differentiation_Child,actual_7_10,0.42000000000000004,5000,2180,634776,true,0.00140905,3.31456,0.21275,2157,0.25,600,993,269.15999999999997,5000
sim_layered_newflow_2026-07-10T23-54-52-761Z,8,69806382-609b-4f3b-b7af-e65cb1b5dc28,ToC_Differentiation_Child,actual_7_10,0.42000000000000004,5100,2079,566811,true,0.0013437,3.31456,0.21275,2232,0.25,600,993,269.15999999999997,5000
sim_layered_newflow_2026-07-10T23-54-52-761Z,8,69806382-609b-4f3b-b7af-e65cb1b5dc28,ToC_Differentiation_Child,actual_7_10,0.42000000000000004,5200,1982,494753,true,0.00128137,3.31456,0.21275,2307,0.25,600,993,269.15999999999997,5000
sim_layered_newflow_2026-07-10T23-54-52-761Z,8,69806382-609b-4f3b-b7af-e65cb1b5dc28,ToC_Differentiation_Child,actual_7_10,0.42000000000000004,5300,1890,419128,true,0.00122192,3.31456,0.21275,2382,0.25,600,993,269.15999999999997,5000
sim_layered_newflow_2026-07-10T23-54-52-761Z,8,69806382-609b-4f3b-b7af-e65cb1b5dc28,ToC_Differentiation_Child,actual_7_10,0.42000000000000004,5400,1803,340422,true,0.00116524,3.31456,0.21275,2457,0.25,600,993,269.15999999999997,5000
sim_layered_newflow_2026-07-10T23-54-52-761Z,8,69806382-609b-4f3b-b7af-e65cb1b5dc28,ToC_Differentiation_Child,actual_7_10,0.42000000000000004,5500,1719,259083,true,0.00111117,3.31456,0.21275,2532,0.25,600,993,269.15999999999997,5000
sim_layered_newflow_2026-07-10T23-54-52-761Z,8,69806382-609b-4f3b-b7af-e65cb1b5dc28,ToC_Differentiation_Child,actual_7_10,0.42000000000000004,5600,1639,175526,true,0.00105962,3.31456,0.21275,2607,0.25,600,993,269.15999999999997,5000
sim_layered_newflow_2026-07-10T23-54-52-761Z,8,69806382-609b-4f3b-b7af-e65cb1b5dc28,ToC_Differentiation_Child,actual_7_10,0.42000000000000004,5700,1563,90131,true,0.00101045,3.31456,0.21275,2682,0.25,600,993,269.15999999999997,5000
sim_layered_newflow_2026-07-10T23-54-52-761Z,8,69806382-609b-4f3b-b7af-e65cb1b5dc28,ToC_Differentiation_Child,actual_7_10,0.42000000000000004,5800,1491,3249,true,0.00096357,3.31456,0.21275,2757,0.25,600,993,269.15999999999997,5000
sim_layered_newflow_2026-07-10T23-54-52-761Z,8,69806382-609b-4f3b-b7af-e65cb1b5dc28,ToC_Differentiation_Child,actual_7_10,0.42000000000000004,5900,1421,-84798,false,0.00091885,3.31456,0.21275,2832,0.25,600,993,269.15999999999997,5000
sim_layered_newflow_2026-07-10T23-54-52-761Z,8,69806382-609b-4f3b-b7af-e65cb1b5dc28,ToC_Differentiation_Child,actual_7_10,0.42000000000000004,6000,1356,-173715,false,0.00087621,3.31456,0.21275,2907,0.25,600,993,269.15999999999997,5000
sim_layered_newflow_2026-07-10T23-54-52-761Z,8,69806382-609b-4f3b-b7af-e65cb1b5dc28,ToC_Differentiation_Child,actual_7_10,0.42000000000000004,6100,1293,-263231,false,0.00083555,3.31456,0.21275,2982,0.25,600,993,269.15999999999997,5000
sim_layered_newflow_2026-07-10T23-54-52-761Z,8,69806382-609b-4f3b-b7af-e65cb1b5dc28,ToC_Differentiation_Child,actual_7_10,0.42000000000000004,6200,1233,-353099,false,0.00079677,3.31456,0.21275,3057,0.25,600,993,269.15999999999997,5000
sim_layered_newflow_2026-07-10T23-54-52-761Z,8,69806382-609b-4f3b-b7af-e65cb1b5dc28,ToC_Differentiation_Child,actual_7_10,0.42000000000000004,6300,1175,-443093,false,0.00075979,3.31456,0.21275,3132,0.25,600,993,269.15999999999997,5000
sim_layered_newflow_2026-07-10T23-54-52-761Z,8,69806382-609b-4f3b-b7af-e65cb1b5dc28,ToC_Differentiation_Child,actual_7_10,0.42000000000000004,6400,1121,-533008,false,0.00072453,3.31456,0.21275,3207,0.25,600,993,269.15999999999997,5000
sim_layered_newflow_2026-07-10T23-54-52-761Z,8,69806382-609b-4f3b-b7af-e65cb1b5dc28,ToC_Differentiation_Child,actual_7_10,0.42000000000000004,6500,1069,-622658,false,0.0006909,3.31456,0.21275,3282,0.25,600,993,269.15999999999997,5000
sim_layered_newflow_2026-07-10T23-54-52-761Z,8,69806382-609b-4f3b-b7af-e65cb1b5dc28,ToC_Differentiation_Child,actual_7_10,0.42000000000000004,6600,1019,-711873,false,0.00065883,3.31456,0.21275,3357,0.25,600,993,269.15999999999997,5000
sim_layered_newflow_2026-07-10T23-54-52-761Z,8,69806382-609b-4f3b-b7af-e65cb1b5dc28,ToC_Differentiation_Child,actual_7_10,0.42000000000000004,6700,972,-800499,false,0.00062825,3.31456,0.21275,3432,0.25,600,993,269.15999999999997,5000
sim_layered_newflow_2026-07-10T23-54-52-761Z,8,69806382-609b-4f3b-b7af-e65cb1b5dc28,ToC_Differentiation_Child,actual_7_10,0.42000000000000004,6800,927,-888401,false,0.00059909,3.31456,0.21275,3507,0.25,600,993,269.15999999999997,5000
sim_layered_newflow_2026-07-10T23-54-52-761Z,8,69806382-609b-4f3b-b7af-e65cb1b5dc28,ToC_Differentiation_Child,actual_7_10,0.42000000000000004,6900,884,-975452,false,0.00057128,3.31456,0.21275,3582,0.25,600,993,269.15999999999997,5000
sim_layered_newflow_2026-07-10T23-54-52-761Z,8,69806382-609b-4f3b-b7af-e65cb1b5dc28,ToC_Differentiation_Child,actual_7_10,0.42000000000000004,7000,843,-1061544,false,0.00054476,3.31456,0.21275,3657,0.25,600,993,269.15999999999997,5000
sim_layered_newflow_2026-07-10T23-54-52-761Z,8,69806382-609b-4f3b-b7af-e65cb1b5dc28,ToC_Differentiation_Child,low_0.35,0.35,1000,9670,-11858852,false,0.00625109,2.92795,0.18125,-843,0.25,600,993,269.15999999999997,5000
sim_layered_newflow_2026-07-10T23-54-52-761Z,8,69806382-609b-4f3b-b7af-e65cb1b5dc28,ToC_Differentiation_Child,low_0.35,0.35,1100,9205,-10799201,false,0.00595,2.92795,0.18125,-768,0.25,600,993,269.15999999999997,5000
sim_layered_newflow_2026-07-10T23-54-52-761Z,8,69806382-609b-4f3b-b7af-e65cb1b5dc28,ToC_Differentiation_Child,low_0.35,0.35,1200,8761,-9823758,false,0.00566333,2.92795,0.18125,-693,0.25,600,993,269.15999999999997,5000
sim_layered_newflow_2026-07-10T23-54-52-761Z,8,69806382-609b-4f3b-b7af-e65cb1b5dc28,ToC_Differentiation_Child,low_0.35,0.35,1300,8339,-8926905,false,0.00539039,2.92795,0.18125,-618,0.25,600,993,269.15999999999997,5000
sim_layered_newflow_2026-07-10T23-54-52-761Z,8,69806382-609b-4f3b-b7af-e65cb1b5dc28,ToC_Differentiation_Child,low_0.35,0.35,1400,7937,-8103363,false,0.00513055,2.92795,0.18125,-543,0.25,600,993,269.15999999999997,5000
sim_layered_newflow_2026-07-10T23-54-52-761Z,8,69806382-609b-4f3b-b7af-e65cb1b5dc28,ToC_Differentiation_Child,low_0.35,0.35,1500,7554,-7348177,false,0.00488316,2.92795,0.18125,-468,0.25,600,993,269.15999999999997,5000
sim_layered_newflow_2026-07-10T23-54-52-761Z,8,69806382-609b-4f3b-b7af-e65cb1b5dc28,ToC_Differentiation_Child,low_0.35,0.35,1600,7190,-6656694,false,0.00464765,2.92795,0.18125,-393,0.25,600,993,269.15999999999997,5000
sim_layered_newflow_2026-07-10T23-54-52-761Z,8,69806382-609b-4f3b-b7af-e65cb1b5dc28,ToC_Differentiation_Child,low_0.35,0.35,1700,6843,-6024547,false,0.00442345,2.92795,0.18125,-318,0.25,600,993,269.15999999999997,5000
sim_layered_newflow_2026-07-10T23-54-52-761Z,8,69806382-609b-4f3b-b7af-e65cb1b5dc28,ToC_Differentiation_Child,low_0.35,0.35,1800,6513,-5447640,false,0.00421001,2.92795,0.18125,-243,0.25,600,993,269.15999999999997,5000
sim_layered_newflow_2026-07-10T23-54-52-761Z,8,69806382-609b-4f3b-b7af-e65cb1b5dc28,ToC_Differentiation_Child,low_0.35,0.35,1900,6199,-4922130,false,0.00400683,2.92795,0.18125,-168,0.25,600,993,269.15999999999997,5000
sim_layered_newflow_2026-07-10T23-54-52-761Z,8,69806382-609b-4f3b-b7af-e65cb1b5dc28,ToC_Differentiation_Child,low_0.35,0.35,2000,5899,-4444415,false,0.00381343,2.92795,0.18125,-93,0.25,600,993,269.15999999999997,5000
sim_layered_newflow_2026-07-10T23-54-52-761Z,8,69806382-609b-4f3b-b7af-e65cb1b5dc28,ToC_Differentiation_Child,low_0.35,0.35,2100,5615,-4011117,false,0.00362932,2.92795,0.18125,-18,0.25,600,993,269.15999999999997,5000
sim_layered_newflow_2026-07-10T23-54-52-761Z,8,69806382-609b-4f3b-b7af-e65cb1b5dc28,ToC_Differentiation_Child,low_0.35,0.35,2200,5343,-3619074,false,0.00345407,2.92795,0.18125,57,0.25,600,993,269.15999999999997,5000
sim_layered_newflow_2026-07-10T23-54-52-761Z,8,69806382-609b-4f3b-b7af-e65cb1b5dc28,ToC_Differentiation_Child,low_0.35,0.35,2300,5085,-3265321,false,0.00328725,2.92795,0.18125,132,0.25,600,993,269.15999999999997,5000
sim_layered_newflow_2026-07-10T23-54-52-761Z,8,69806382-609b-4f3b-b7af-e65cb1b5dc28,ToC_Differentiation_Child,low_0.35,0.35,2400,4840,-2947082,false,0.00312847,2.92795,0.18125,207,0.25,600,993,269.15999999999997,5000
sim_layered_newflow_2026-07-10T23-54-52-761Z,8,69806382-609b-4f3b-b7af-e65cb1b5dc28,ToC_Differentiation_Child,low_0.35,0.35,2500,4606,-2661760,false,0.00297733,2.92795,0.18125,282,0.25,600,993,269.15999999999997,5000
sim_layered_newflow_2026-07-10T23-54-52-761Z,8,69806382-609b-4f3b-b7af-e65cb1b5dc28,ToC_Differentiation_Child,low_0.35,0.35,2600,4383,-2406924,false,0.00283348,2.92795,0.18125,357,0.25,600,993,269.15999999999997,5000
sim_layered_newflow_2026-07-10T23-54-52-761Z,8,69806382-609b-4f3b-b7af-e65cb1b5dc28,ToC_Differentiation_Child,low_0.35,0.35,2700,4172,-2180299,false,0.00269655,2.92795,0.18125,432,0.25,600,993,269.15999999999997,5000
sim_layered_newflow_2026-07-10T23-54-52-761Z,8,69806382-609b-4f3b-b7af-e65cb1b5dc28,ToC_Differentiation_Child,low_0.35,0.35,2800,3970,-1979759,false,0.00256623,2.92795,0.18125,507,0.25,600,993,269.15999999999997,5000
sim_layered_newflow_2026-07-10T23-54-52-761Z,8,69806382-609b-4f3b-b7af-e65cb1b5dc28,ToC_Differentiation_Child,low_0.35,0.35,2900,3778,-1803316,false,0.00244218,2.92795,0.18125,582,0.25,600,993,269.15999999999997,5000
sim_layered_newflow_2026-07-10T23-54-52-761Z,8,69806382-609b-4f3b-b7af-e65cb1b5dc28,ToC_Differentiation_Child,low_0.35,0.35,3000,3595,-1649114,false,0.00232412,2.92795,0.18125,657,0.25,600,993,269.15999999999997,5000
sim_layered_newflow_2026-07-10T23-54-52-761Z,8,69806382-609b-4f3b-b7af-e65cb1b5dc28,ToC_Differentiation_Child,low_0.35,0.35,3100,3422,-1515417,false,0.00221176,2.92795,0.18125,732,0.25,600,993,269.15999999999997,5000
sim_layered_newflow_2026-07-10T23-54-52-761Z,8,69806382-609b-4f3b-b7af-e65cb1b5dc28,ToC_Differentiation_Child,low_0.35,0.35,3200,3256,-1400606,false,0.00210482,2.92795,0.18125,807,0.25,600,993,269.15999999999997,5000
sim_layered_newflow_2026-07-10T23-54-52-761Z,8,69806382-609b-4f3b-b7af-e65cb1b5dc28,ToC_Differentiation_Child,low_0.35,0.35,3300,3099,-1303170,false,0.00200303,2.92795,0.18125,882,0.25,600,993,269.15999999999997,5000
sim_layered_newflow_2026-07-10T23-54-52-761Z,8,69806382-609b-4f3b-b7af-e65cb1b5dc28,ToC_Differentiation_Child,low_0.35,0.35,3400,2949,-1221699,false,0.00190616,2.92795,0.18125,957,0.25,600,993,269.15999999999997,5000
sim_layered_newflow_2026-07-10T23-54-52-761Z,8,69806382-609b-4f3b-b7af-e65cb1b5dc28,ToC_Differentiation_Child,low_0.35,0.35,3500,2806,-1154877,false,0.00181397,2.92795,0.18125,1032,0.25,600,993,269.15999999999997,5000
sim_layered_newflow_2026-07-10T23-54-52-761Z,8,69806382-609b-4f3b-b7af-e65cb1b5dc28,ToC_Differentiation_Child,low_0.35,0.35,3600,2670,-1101481,false,0.00172622,2.92795,0.18125,1107,0.25,600,993,269.15999999999997,5000
sim_layered_newflow_2026-07-10T23-54-52-761Z,8,69806382-609b-4f3b-b7af-e65cb1b5dc28,ToC_Differentiation_Child,low_0.35,0.35,3700,2541,-1060370,false,0.00164272,2.92795,0.18125,1182,0.25,600,993,269.15999999999997,5000
sim_layered_newflow_2026-07-10T23-54-52-761Z,8,69806382-609b-4f3b-b7af-e65cb1b5dc28,ToC_Differentiation_Child,low_0.35,0.35,3800,2418,-1030479,false,0.00156324,2.92795,0.18125,1257,0.25,600,993,269.15999999999997,5000
sim_layered_newflow_2026-07-10T23-54-52-761Z,8,69806382-609b-4f3b-b7af-e65cb1b5dc28,ToC_Differentiation_Child,low_0.35,0.35,3900,2301,-1010822,false,0.00148761,2.92795,0.18125,1332,0.25,600,993,269.15999999999997,5000
sim_layered_newflow_2026-07-10T23-54-52-761Z,8,69806382-609b-4f3b-b7af-e65cb1b5dc28,ToC_Differentiation_Child,low_0.35,0.35,4000,2190,-1000478,false,0.00141563,2.92795,0.18125,1407,0.25,600,993,269.15999999999997,5000
sim_layered_newflow_2026-07-10T23-54-52-761Z,8,69806382-609b-4f3b-b7af-e65cb1b5dc28,ToC_Differentiation_Child,low_0.35,0.35,4100,2084,-998594,false,0.00134713,2.92795,0.18125,1482,0.25,600,993,269.15999999999997,5000
sim_layered_newflow_2026-07-10T23-54-52-761Z,8,69806382-609b-4f3b-b7af-e65cb1b5dc28,ToC_Differentiation_Child,low_0.35,0.35,4200,1983,-1004374,false,0.00128194,2.92795,0.18125,1557,0.25,600,993,269.15999999999997,5000
sim_layered_newflow_2026-07-10T23-54-52-761Z,8,69806382-609b-4f3b-b7af-e65cb1b5dc28,ToC_Differentiation_Child,low_0.35,0.35,4300,1887,-1017083,false,0.0012199,2.92795,0.18125,1632,0.25,600,993,269.15999999999997,5000
sim_layered_newflow_2026-07-10T23-54-52-761Z,8,69806382-609b-4f3b-b7af-e65cb1b5dc28,ToC_Differentiation_Child,low_0.35,0.35,4400,1796,-1036035,false,0.00116086,2.92795,0.18125,1707,0.25,600,993,269.15999999999997,5000
sim_layered_newflow_2026-07-10T23-54-52-761Z,8,69806382-609b-4f3b-b7af-e65cb1b5dc28,ToC_Differentiation_Child,low_0.35,0.35,4500,1709,-1060598,false,0.00110467,2.92795,0.18125,1782,0.25,600,993,269.15999999999997,5000
sim_layered_newflow_2026-07-10T23-54-52-761Z,8,69806382-609b-4f3b-b7af-e65cb1b5dc28,ToC_Differentiation_Child,low_0.35,0.35,4600,1626,-1090185,false,0.0010512,2.92795,0.18125,1857,0.25,600,993,269.15999999999997,5000
sim_layered_newflow_2026-07-10T23-54-52-761Z,8,69806382-609b-4f3b-b7af-e65cb1b5dc28,ToC_Differentiation_Child,low_0.35,0.35,4700,1547,-1124250,false,0.00100032,2.92795,0.18125,1932,0.25,600,993,269.15999999999997,5000
sim_layered_newflow_2026-07-10T23-54-52-761Z,8,69806382-609b-4f3b-b7af-e65cb1b5dc28,ToC_Differentiation_Child,low_0.35,0.35,4800,1473,-1162292,false,0.00095189,2.92795,0.18125,2007,0.25,600,993,269.15999999999997,5000
sim_layered_newflow_2026-07-10T23-54-52-761Z,8,69806382-609b-4f3b-b7af-e65cb1b5dc28,ToC_Differentiation_Child,low_0.35,0.35,4900,1401,-1203847,false,0.00090581,2.92795,0.18125,2082,0.25,600,993,269.15999999999997,5000
sim_layered_newflow_2026-07-10T23-54-52-761Z,8,69806382-609b-4f3b-b7af-e65cb1b5dc28,ToC_Differentiation_Child,low_0.35,0.35,5000,1333,-1248483,false,0.00086196,2.92795,0.18125,2157,0.25,600,993,269.15999999999997,5000
sim_layered_newflow_2026-07-10T23-54-52-761Z,8,69806382-609b-4f3b-b7af-e65cb1b5dc28,ToC_Differentiation_Child,low_0.35,0.35,5100,1269,-1295807,false,0.00082023,2.92795,0.18125,2232,0.25,600,993,269.15999999999997,5000
sim_layered_newflow_2026-07-10T23-54-52-761Z,8,69806382-609b-4f3b-b7af-e65cb1b5dc28,ToC_Differentiation_Child,low_0.35,0.35,5200,1207,-1345453,false,0.00078051,2.92795,0.18125,2307,0.25,600,993,269.15999999999997,5000
sim_layered_newflow_2026-07-10T23-54-52-761Z,8,69806382-609b-4f3b-b7af-e65cb1b5dc28,ToC_Differentiation_Child,low_0.35,0.35,5300,1149,-1397085,false,0.00074272,2.92795,0.18125,2382,0.25,600,993,269.15999999999997,5000
sim_layered_newflow_2026-07-10T23-54-52-761Z,8,69806382-609b-4f3b-b7af-e65cb1b5dc28,ToC_Differentiation_Child,low_0.35,0.35,5400,1093,-1450394,false,0.00070676,2.92795,0.18125,2457,0.25,600,993,269.15999999999997,5000
sim_layered_newflow_2026-07-10T23-54-52-761Z,8,69806382-609b-4f3b-b7af-e65cb1b5dc28,ToC_Differentiation_Child,low_0.35,0.35,5500,1040,-1505098,false,0.00067254,2.92795,0.18125,2532,0.25,600,993,269.15999999999997,5000
sim_layered_newflow_2026-07-10T23-54-52-761Z,8,69806382-609b-4f3b-b7af-e65cb1b5dc28,ToC_Differentiation_Child,low_0.35,0.35,5600,990,-1560935,false,0.00063997,2.92795,0.18125,2607,0.25,600,993,269.15999999999997,5000
sim_layered_newflow_2026-07-10T23-54-52-761Z,8,69806382-609b-4f3b-b7af-e65cb1b5dc28,ToC_Differentiation_Child,low_0.35,0.35,5700,942,-1617668,false,0.00060898,2.92795,0.18125,2682,0.25,600,993,269.15999999999997,5000
sim_layered_newflow_2026-07-10T23-54-52-761Z,8,69806382-609b-4f3b-b7af-e65cb1b5dc28,ToC_Differentiation_Child,low_0.35,0.35,5800,896,-1675079,false,0.00057949,2.92795,0.18125,2757,0.25,600,993,269.15999999999997,5000
sim_layered_newflow_2026-07-10T23-54-52-761Z,8,69806382-609b-4f3b-b7af-e65cb1b5dc28,ToC_Differentiation_Child,low_0.35,0.35,5900,853,-1732970,false,0.00055143,2.92795,0.18125,2832,0.25,600,993,269.15999999999997,5000
sim_layered_newflow_2026-07-10T23-54-52-761Z,8,69806382-609b-4f3b-b7af-e65cb1b5dc28,ToC_Differentiation_Child,low_0.35,0.35,6000,812,-1791158,false,0.00052472,2.92795,0.18125,2907,0.25,600,993,269.15999999999997,5000
sim_layered_newflow_2026-07-10T23-54-52-761Z,8,69806382-609b-4f3b-b7af-e65cb1b5dc28,ToC_Differentiation_Child,low_0.35,0.35,6100,772,-1849480,false,0.00049931,2.92795,0.18125,2982,0.25,600,993,269.15999999999997,5000
sim_layered_newflow_2026-07-10T23-54-52-761Z,8,69806382-609b-4f3b-b7af-e65cb1b5dc28,ToC_Differentiation_Child,low_0.35,0.35,6200,735,-1907786,false,0.00047513,2.92795,0.18125,3057,0.25,600,993,269.15999999999997,5000
sim_layered_newflow_2026-07-10T23-54-52-761Z,8,69806382-609b-4f3b-b7af-e65cb1b5dc28,ToC_Differentiation_Child,low_0.35,0.35,6300,699,-1965941,false,0.00045211,2.92795,0.18125,3132,0.25,600,993,269.15999999999997,5000
sim_layered_newflow_2026-07-10T23-54-52-761Z,8,69806382-609b-4f3b-b7af-e65cb1b5dc28,ToC_Differentiation_Child,low_0.35,0.35,6400,666,-2023822,false,0.00043022,2.92795,0.18125,3207,0.25,600,993,269.15999999999997,5000
sim_layered_newflow_2026-07-10T23-54-52-761Z,8,69806382-609b-4f3b-b7af-e65cb1b5dc28,ToC_Differentiation_Child,low_0.35,0.35,6500,633,-2081319,false,0.00040938,2.92795,0.18125,3282,0.25,600,993,269.15999999999997,5000
sim_layered_newflow_2026-07-10T23-54-52-761Z,8,69806382-609b-4f3b-b7af-e65cb1b5dc28,ToC_Differentiation_Child,low_0.35,0.35,6600,603,-2138335,false,0.00038955,2.92795,0.18125,3357,0.25,600,993,269.15999999999997,5000
sim_layered_newflow_2026-07-10T23-54-52-761Z,8,69806382-609b-4f3b-b7af-e65cb1b5dc28,ToC_Differentiation_Child,low_0.35,0.35,6700,573,-2194779,false,0.00037068,2.92795,0.18125,3432,0.25,600,993,269.15999999999997,5000
sim_layered_newflow_2026-07-10T23-54-52-761Z,8,69806382-609b-4f3b-b7af-e65cb1b5dc28,ToC_Differentiation_Child,low_0.35,0.35,6800,546,-2250575,false,0.00035273,2.92795,0.18125,3507,0.25,600,993,269.15999999999997,5000
sim_layered_newflow_2026-07-10T23-54-52-761Z,8,69806382-609b-4f3b-b7af-e65cb1b5dc28,ToC_Differentiation_Child,low_0.35,0.35,6900,519,-2305652,false,0.00033564,2.92795,0.18125,3582,0.25,600,993,269.15999999999997,5000
sim_layered_newflow_2026-07-10T23-54-52-761Z,8,69806382-609b-4f3b-b7af-e65cb1b5dc28,ToC_Differentiation_Child,low_0.35,0.35,7000,494,-2359949,false,0.00031938,2.92795,0.18125,3657,0.25,600,993,269.15999999999997,5000
sim_layered_newflow_2026-07-10T23-54-52-761Z,8,69806382-609b-4f3b-b7af-e65cb1b5dc28,ToC_Differentiation_Child,mid_0.50,0.5,1000,22919,-22019714,false,0.01481492,3.7564,0.24875,-843,0.25,600,993,269.15999999999997,5000
sim_layered_newflow_2026-07-10T23-54-52-761Z,8,69806382-609b-4f3b-b7af-e65cb1b5dc28,ToC_Differentiation_Child,mid_0.50,0.5,1100,21917,-19596552,false,0.01416724,3.7564,0.24875,-768,0.25,600,993,269.15999999999997,5000
sim_layered_newflow_2026-07-10T23-54-52-761Z,8,69806382-609b-4f3b-b7af-e65cb1b5dc28,ToC_Differentiation_Child,mid_0.50,0.5,1200,20958,-17350810,false,0.01354749,3.7564,0.24875,-693,0.25,600,993,269.15999999999997,5000
sim_layered_newflow_2026-07-10T23-54-52-761Z,8,69806382-609b-4f3b-b7af-e65cb1b5dc28,ToC_Differentiation_Child,mid_0.50,0.5,1300,20041,-15271764,false,0.0129545,3.7564,0.24875,-618,0.25,600,993,269.15999999999997,5000
sim_layered_newflow_2026-07-10T23-54-52-761Z,8,69806382-609b-4f3b-b7af-e65cb1b5dc28,ToC_Differentiation_Child,mid_0.50,0.5,1400,19163,-13349272,false,0.01238713,3.7564,0.24875,-543,0.25,600,993,269.15999999999997,5000
sim_layered_newflow_2026-07-10T23-54-52-761Z,8,69806382-609b-4f3b-b7af-e65cb1b5dc28,ToC_Differentiation_Child,mid_0.50,0.5,1500,18323,-11573738,false,0.01184432,3.7564,0.24875,-468,0.25,600,993,269.15999999999997,5000
sim_layered_newflow_2026-07-10T23-54-52-761Z,8,69806382-609b-4f3b-b7af-e65cb1b5dc28,ToC_Differentiation_Child,mid_0.50,0.5,1600,17520,-9936091,false,0.01132501,3.7564,0.24875,-393,0.25,600,993,269.15999999999997,5000
sim_layered_newflow_2026-07-10T23-54-52-761Z,8,69806382-609b-4f3b-b7af-e65cb1b5dc28,ToC_Differentiation_Child,mid_0.50,0.5,1700,16751,-8427758,false,0.01082823,3.7564,0.24875,-318,0.25,600,993,269.15999999999997,5000
sim_layered_newflow_2026-07-10T23-54-52-761Z,8,69806382-609b-4f3b-b7af-e65cb1b5dc28,ToC_Differentiation_Child,mid_0.50,0.5,1800,16016,-7040638,false,0.01035301,3.7564,0.24875,-243,0.25,600,993,269.15999999999997,5000
sim_layered_newflow_2026-07-10T23-54-52-761Z,8,69806382-609b-4f3b-b7af-e65cb1b5dc28,ToC_Differentiation_Child,mid_0.50,0.5,1900,15313,-5767078,false,0.00989844,3.7564,0.24875,-168,0.25,600,993,269.15999999999997,5000
sim_layered_newflow_2026-07-10T23-54-52-761Z,8,69806382-609b-4f3b-b7af-e65cb1b5dc28,ToC_Differentiation_Child,mid_0.50,0.5,2000,14640,-4599854,false,0.00946364,3.7564,0.24875,-93,0.25,600,993,269.15999999999997,5000
sim_layered_newflow_2026-07-10T23-54-52-761Z,8,69806382-609b-4f3b-b7af-e65cb1b5dc28,ToC_Differentiation_Child,mid_0.50,0.5,2100,13997,-3532147,false,0.00904776,3.7564,0.24875,-18,0.25,600,993,269.15999999999997,5000
sim_layered_newflow_2026-07-10T23-54-52-761Z,8,69806382-609b-4f3b-b7af-e65cb1b5dc28,ToC_Differentiation_Child,mid_0.50,0.5,2200,13382,-2557522,false,0.00865,3.7564,0.24875,57,0.25,600,993,269.15999999999997,5000
sim_layered_newflow_2026-07-10T23-54-52-761Z,8,69806382-609b-4f3b-b7af-e65cb1b5dc28,ToC_Differentiation_Child,mid_0.50,0.5,2300,12793,-1669910,false,0.00826958,3.7564,0.24875,132,0.25,600,993,269.15999999999997,5000
sim_layered_newflow_2026-07-10T23-54-52-761Z,8,69806382-609b-4f3b-b7af-e65cb1b5dc28,ToC_Differentiation_Child,mid_0.50,0.5,2400,12230,-863588,false,0.00790575,3.7564,0.24875,207,0.25,600,993,269.15999999999997,5000
sim_layered_newflow_2026-07-10T23-54-52-761Z,8,69806382-609b-4f3b-b7af-e65cb1b5dc28,ToC_Differentiation_Child,mid_0.50,0.5,2500,11692,-133162,false,0.00755781,3.7564,0.24875,282,0.25,600,993,269.15999999999997,5000
sim_layered_newflow_2026-07-10T23-54-52-761Z,8,69806382-609b-4f3b-b7af-e65cb1b5dc28,ToC_Differentiation_Child,mid_0.50,0.5,2600,11177,526451,true,0.00722507,3.7564,0.24875,357,0.25,600,993,269.15999999999997,5000
sim_layered_newflow_2026-07-10T23-54-52-761Z,8,69806382-609b-4f3b-b7af-e65cb1b5dc28,ToC_Differentiation_Child,mid_0.50,0.5,2700,10685,1120040,true,0.00690688,3.7564,0.24875,432,0.25,600,993,269.15999999999997,5000
sim_layered_newflow_2026-07-10T23-54-52-761Z,8,69806382-609b-4f3b-b7af-e65cb1b5dc28,ToC_Differentiation_Child,mid_0.50,0.5,2800,10214,1652113,true,0.00660261,3.7564,0.24875,507,0.25,600,993,269.15999999999997,5000
sim_layered_newflow_2026-07-10T23-54-52-761Z,8,69806382-609b-4f3b-b7af-e65cb1b5dc28,ToC_Differentiation_Child,mid_0.50,0.5,2900,9764,2126913,true,0.00631166,3.7564,0.24875,582,0.25,600,993,269.15999999999997,5000
sim_layered_newflow_2026-07-10T23-54-52-761Z,8,69806382-609b-4f3b-b7af-e65cb1b5dc28,ToC_Differentiation_Child,mid_0.50,0.5,3000,9334,2548433,true,0.00603345,3.7564,0.24875,657,0.25,600,993,269.15999999999997,5000
sim_layered_newflow_2026-07-10T23-54-52-761Z,8,69806382-609b-4f3b-b7af-e65cb1b5dc28,ToC_Differentiation_Child,mid_0.50,0.5,3100,8922,2920429,true,0.00576743,3.7564,0.24875,732,0.25,600,993,269.15999999999997,5000
sim_layered_newflow_2026-07-10T23-54-52-761Z,8,69806382-609b-4f3b-b7af-e65cb1b5dc28,ToC_Differentiation_Child,mid_0.50,0.5,3200,8529,3246432,true,0.00551308,3.7564,0.24875,807,0.25,600,993,269.15999999999997,5000
sim_layered_newflow_2026-07-10T23-54-52-761Z,8,69806382-609b-4f3b-b7af-e65cb1b5dc28,ToC_Differentiation_Child,mid_0.50,0.5,3300,8153,3529761,true,0.00526989,3.7564,0.24875,882,0.25,600,993,269.15999999999997,5000
sim_layered_newflow_2026-07-10T23-54-52-761Z,8,69806382-609b-4f3b-b7af-e65cb1b5dc28,ToC_Differentiation_Child,mid_0.50,0.5,3400,7793,3773534,true,0.00503736,3.7564,0.24875,957,0.25,600,993,269.15999999999997,5000
sim_layered_newflow_2026-07-10T23-54-52-761Z,8,69806382-609b-4f3b-b7af-e65cb1b5dc28,ToC_Differentiation_Child,mid_0.50,0.5,3500,7449,3980678,true,0.00481505,3.7564,0.24875,1032,0.25,600,993,269.15999999999997,5000
sim_layered_newflow_2026-07-10T23-54-52-761Z,8,69806382-609b-4f3b-b7af-e65cb1b5dc28,ToC_Differentiation_Child,mid_0.50,0.5,3600,7120,4153943,true,0.00460251,3.7564,0.24875,1107,0.25,600,993,269.15999999999997,5000
sim_layered_newflow_2026-07-10T23-54-52-761Z,8,69806382-609b-4f3b-b7af-e65cb1b5dc28,ToC_Differentiation_Child,mid_0.50,0.5,3700,6806,4295907,true,0.0043993,3.7564,0.24875,1182,0.25,600,993,269.15999999999997,5000
sim_layered_newflow_2026-07-10T23-54-52-761Z,8,69806382-609b-4f3b-b7af-e65cb1b5dc28,ToC_Differentiation_Child,mid_0.50,0.5,3800,6505,4408991,true,0.00420503,3.7564,0.24875,1257,0.25,600,993,269.15999999999997,5000
sim_layered_newflow_2026-07-10T23-54-52-761Z,8,69806382-609b-4f3b-b7af-e65cb1b5dc28,ToC_Differentiation_Child,mid_0.50,0.5,3900,6218,4495460,true,0.0040193,3.7564,0.24875,1332,0.25,600,993,269.15999999999997,5000
sim_layered_newflow_2026-07-10T23-54-52-761Z,8,69806382-609b-4f3b-b7af-e65cb1b5dc28,ToC_Differentiation_Child,mid_0.50,0.5,4000,5943,4557441,true,0.00384175,3.7564,0.24875,1407,0.25,600,993,269.15999999999997,5000
sim_layered_newflow_2026-07-10T23-54-52-761Z,8,69806382-609b-4f3b-b7af-e65cb1b5dc28,ToC_Differentiation_Child,mid_0.50,0.5,4100,5681,4596924,true,0.003672,3.7564,0.24875,1482,0.25,600,993,269.15999999999997,5000
sim_layered_newflow_2026-07-10T23-54-52-761Z,8,69806382-609b-4f3b-b7af-e65cb1b5dc28,ToC_Differentiation_Child,mid_0.50,0.5,4200,5430,4615773,true,0.00350974,3.7564,0.24875,1557,0.25,600,993,269.15999999999997,5000
sim_layered_newflow_2026-07-10T23-54-52-761Z,8,69806382-609b-4f3b-b7af-e65cb1b5dc28,ToC_Differentiation_Child,mid_0.50,0.5,4300,5190,4615729,true,0.00335462,3.7564,0.24875,1632,0.25,600,993,269.15999999999997,5000
sim_layered_newflow_2026-07-10T23-54-52-761Z,8,69806382-609b-4f3b-b7af-e65cb1b5dc28,ToC_Differentiation_Child,mid_0.50,0.5,4400,4960,4598425,true,0.00320633,3.7564,0.24875,1707,0.25,600,993,269.15999999999997,5000
sim_layered_newflow_2026-07-10T23-54-52-761Z,8,69806382-609b-4f3b-b7af-e65cb1b5dc28,ToC_Differentiation_Child,mid_0.50,0.5,4500,4741,4565384,true,0.00306458,3.7564,0.24875,1782,0.25,600,993,269.15999999999997,5000
sim_layered_newflow_2026-07-10T23-54-52-761Z,8,69806382-609b-4f3b-b7af-e65cb1b5dc28,ToC_Differentiation_Child,mid_0.50,0.5,4600,4531,4518028,true,0.00292907,3.7564,0.24875,1857,0.25,600,993,269.15999999999997,5000
sim_layered_newflow_2026-07-10T23-54-52-761Z,8,69806382-609b-4f3b-b7af-e65cb1b5dc28,ToC_Differentiation_Child,mid_0.50,0.5,4700,4331,4457689,true,0.00279954,3.7564,0.24875,1932,0.25,600,993,269.15999999999997,5000
sim_layered_newflow_2026-07-10T23-54-52-761Z,8,69806382-609b-4f3b-b7af-e65cb1b5dc28,ToC_Differentiation_Child,mid_0.50,0.5,4800,4139,4385604,true,0.00267573,3.7564,0.24875,2007,0.25,600,993,269.15999999999997,5000
sim_layered_newflow_2026-07-10T23-54-52-761Z,8,69806382-609b-4f3b-b7af-e65cb1b5dc28,ToC_Differentiation_Child,mid_0.50,0.5,4900,3956,4302930,true,0.00255737,3.7564,0.24875,2082,0.25,600,993,269.15999999999997,5000
sim_layered_newflow_2026-07-10T23-54-52-761Z,8,69806382-609b-4f3b-b7af-e65cb1b5dc28,ToC_Differentiation_Child,mid_0.50,0.5,5000,3781,4210744,true,0.00244424,3.7564,0.24875,2157,0.25,600,993,269.15999999999997,5000
sim_layered_newflow_2026-07-10T23-54-52-761Z,8,69806382-609b-4f3b-b7af-e65cb1b5dc28,ToC_Differentiation_Child,mid_0.50,0.5,5100,3614,4110049,true,0.0023361,3.7564,0.24875,2232,0.25,600,993,269.15999999999997,5000
sim_layered_newflow_2026-07-10T23-54-52-761Z,8,69806382-609b-4f3b-b7af-e65cb1b5dc28,ToC_Differentiation_Child,mid_0.50,0.5,5200,3454,4001778,true,0.00223273,3.7564,0.24875,2307,0.25,600,993,269.15999999999997,5000
sim_layered_newflow_2026-07-10T23-54-52-761Z,8,69806382-609b-4f3b-b7af-e65cb1b5dc28,ToC_Differentiation_Child,mid_0.50,0.5,5300,3301,3886799,true,0.00213393,3.7564,0.24875,2382,0.25,600,993,269.15999999999997,5000
sim_layered_newflow_2026-07-10T23-54-52-761Z,8,69806382-609b-4f3b-b7af-e65cb1b5dc28,ToC_Differentiation_Child,mid_0.50,0.5,5400,3155,3765916,true,0.00203949,3.7564,0.24875,2457,0.25,600,993,269.15999999999997,5000
sim_layered_newflow_2026-07-10T23-54-52-761Z,8,69806382-609b-4f3b-b7af-e65cb1b5dc28,ToC_Differentiation_Child,mid_0.50,0.5,5500,3015,3639878,true,0.00194923,3.7564,0.24875,2532,0.25,600,993,269.15999999999997,5000
sim_layered_newflow_2026-07-10T23-54-52-761Z,8,69806382-609b-4f3b-b7af-e65cb1b5dc28,ToC_Differentiation_Child,mid_0.50,0.5,5600,2882,3509378,true,0.00186295,3.7564,0.24875,2607,0.25,600,993,269.15999999999997,5000
sim_layered_newflow_2026-07-10T23-54-52-761Z,8,69806382-609b-4f3b-b7af-e65cb1b5dc28,ToC_Differentiation_Child,mid_0.50,0.5,5700,2754,3375057,true,0.00178048,3.7564,0.24875,2682,0.25,600,993,269.15999999999997,5000
sim_layered_newflow_2026-07-10T23-54-52-761Z,8,69806382-609b-4f3b-b7af-e65cb1b5dc28,ToC_Differentiation_Child,mid_0.50,0.5,5800,2632,3237511,true,0.00170166,3.7564,0.24875,2757,0.25,600,993,269.15999999999997,5000
sim_layered_newflow_2026-07-10T23-54-52-761Z,8,69806382-609b-4f3b-b7af-e65cb1b5dc28,ToC_Differentiation_Child,mid_0.50,0.5,5900,2516,3097288,true,0.00162632,3.7564,0.24875,2832,0.25,600,993,269.15999999999997,5000
sim_layered_newflow_2026-07-10T23-54-52-761Z,8,69806382-609b-4f3b-b7af-e65cb1b5dc28,ToC_Differentiation_Child,mid_0.50,0.5,6000,2405,2954895,true,0.00155431,3.7564,0.24875,2907,0.25,600,993,269.15999999999997,5000
sim_layered_newflow_2026-07-10T23-54-52-761Z,8,69806382-609b-4f3b-b7af-e65cb1b5dc28,ToC_Differentiation_Child,mid_0.50,0.5,6100,2298,2810800,true,0.00148548,3.7564,0.24875,2982,0.25,600,993,269.15999999999997,5000
sim_layered_newflow_2026-07-10T23-54-52-761Z,8,69806382-609b-4f3b-b7af-e65cb1b5dc28,ToC_Differentiation_Child,mid_0.50,0.5,6200,2196,2665432,true,0.0014197,3.7564,0.24875,3057,0.25,600,993,269.15999999999997,5000
sim_layered_newflow_2026-07-10T23-54-52-761Z,8,69806382-609b-4f3b-b7af-e65cb1b5dc28,ToC_Differentiation_Child,mid_0.50,0.5,6300,2099,2519188,true,0.00135683,3.7564,0.24875,3132,0.25,600,993,269.15999999999997,5000
sim_layered_newflow_2026-07-10T23-54-52-761Z,8,69806382-609b-4f3b-b7af-e65cb1b5dc28,ToC_Differentiation_Child,mid_0.50,0.5,6400,2006,2372431,true,0.00129674,3.7564,0.24875,3207,0.25,600,993,269.15999999999997,5000
sim_layered_newflow_2026-07-10T23-54-52-761Z,8,69806382-609b-4f3b-b7af-e65cb1b5dc28,ToC_Differentiation_Child,mid_0.50,0.5,6500,1917,2225492,true,0.0012393,3.7564,0.24875,3282,0.25,600,993,269.15999999999997,5000
sim_layered_newflow_2026-07-10T23-54-52-761Z,8,69806382-609b-4f3b-b7af-e65cb1b5dc28,ToC_Differentiation_Child,mid_0.50,0.5,6600,1832,2078677,true,0.00118441,3.7564,0.24875,3357,0.25,600,993,269.15999999999997,5000
sim_layered_newflow_2026-07-10T23-54-52-761Z,8,69806382-609b-4f3b-b7af-e65cb1b5dc28,ToC_Differentiation_Child,mid_0.50,0.5,6700,1751,1932264,true,0.00113195,3.7564,0.24875,3432,0.25,600,993,269.15999999999997,5000
sim_layered_newflow_2026-07-10T23-54-52-761Z,8,69806382-609b-4f3b-b7af-e65cb1b5dc28,ToC_Differentiation_Child,mid_0.50,0.5,6800,1674,1786504,true,0.0010818,3.7564,0.24875,3507,0.25,600,993,269.15999999999997,5000
sim_layered_newflow_2026-07-10T23-54-52-761Z,8,69806382-609b-4f3b-b7af-e65cb1b5dc28,ToC_Differentiation_Child,mid_0.50,0.5,6900,1599,1641628,true,0.00103388,3.7564,0.24875,3582,0.25,600,993,269.15999999999997,5000
sim_layered_newflow_2026-07-10T23-54-52-761Z,8,69806382-609b-4f3b-b7af-e65cb1b5dc28,ToC_Differentiation_Child,mid_0.50,0.5,7000,1529,1497844,true,0.00098807,3.7564,0.24875,3657,0.25,600,993,269.15999999999997,5000
sim_layered_newflow_2026-07-10T23-54-52-761Z,8,69806382-609b-4f3b-b7af-e65cb1b5dc28,ToC_Differentiation_Child,high_0.65,0.65,1000,53328,-44876125,false,0.03447162,4.58485,0.31625,-843,0.25,600,993,269.15999999999997,5000
sim_layered_newflow_2026-07-10T23-54-52-761Z,8,69806382-609b-4f3b-b7af-e65cb1b5dc28,ToC_Differentiation_Child,high_0.65,0.65,1100,51220,-39426533,false,0.03310908,4.58485,0.31625,-768,0.25,600,993,269.15999999999997,5000
sim_layered_newflow_2026-07-10T23-54-52-761Z,8,69806382-609b-4f3b-b7af-e65cb1b5dc28,ToC_Differentiation_Child,high_0.65,0.65,1200,49192,-34342502,false,0.03179863,4.58485,0.31625,-693,0.25,600,993,269.15999999999997,5000
sim_layered_newflow_2026-07-10T23-54-52-761Z,8,69806382-609b-4f3b-b7af-e65cb1b5dc28,ToC_Differentiation_Child,high_0.65,0.65,1300,47243,-29604360,false,0.0305384,4.58485,0.31625,-618,0.25,600,993,269.15999999999997,5000
sim_layered_newflow_2026-07-10T23-54-52-761Z,8,69806382-609b-4f3b-b7af-e65cb1b5dc28,ToC_Differentiation_Child,high_0.65,0.65,1400,45368,-25193337,false,0.02932661,4.58485,0.31625,-543,0.25,600,993,269.15999999999997,5000
sim_layered_newflow_2026-07-10T23-54-52-761Z,8,69806382-609b-4f3b-b7af-e65cb1b5dc28,ToC_Differentiation_Child,high_0.65,0.65,1500,43566,-21091529,false,0.0281615,4.58485,0.31625,-468,0.25,600,993,269.15999999999997,5000
sim_layered_newflow_2026-07-10T23-54-52-761Z,8,69806382-609b-4f3b-b7af-e65cb1b5dc28,ToC_Differentiation_Child,high_0.65,0.65,1600,41833,-17281867,false,0.0270414,4.58485,0.31625,-393,0.25,600,993,269.15999999999997,5000
sim_layered_newflow_2026-07-10T23-54-52-761Z,8,69806382-609b-4f3b-b7af-e65cb1b5dc28,ToC_Differentiation_Child,high_0.65,0.65,1700,40167,-13748084,false,0.02596465,4.58485,0.31625,-318,0.25,600,993,269.15999999999997,5000
sim_layered_newflow_2026-07-10T23-54-52-761Z,8,69806382-609b-4f3b-b7af-e65cb1b5dc28,ToC_Differentiation_Child,high_0.65,0.65,1800,38566,-10474690,false,0.02492968,4.58485,0.31625,-243,0.25,600,993,269.15999999999997,5000
sim_layered_newflow_2026-07-10T23-54-52-761Z,8,69806382-609b-4f3b-b7af-e65cb1b5dc28,ToC_Differentiation_Child,high_0.65,0.65,1900,37027,-7446933,false,0.02393495,4.58485,0.31625,-168,0.25,600,993,269.15999999999997,5000
sim_layered_newflow_2026-07-10T23-54-52-761Z,8,69806382-609b-4f3b-b7af-e65cb1b5dc28,ToC_Differentiation_Child,high_0.65,0.65,2000,35548,-4650777,false,0.02297898,4.58485,0.31625,-93,0.25,600,993,269.15999999999997,5000
sim_layered_newflow_2026-07-10T23-54-52-761Z,8,69806382-609b-4f3b-b7af-e65cb1b5dc28,ToC_Differentiation_Child,high_0.65,0.65,2100,34127,-2072871,false,0.02206033,4.58485,0.31625,-18,0.25,600,993,269.15999999999997,5000
sim_layered_newflow_2026-07-10T23-54-52-761Z,8,69806382-609b-4f3b-b7af-e65cb1b5dc28,ToC_Differentiation_Child,high_0.65,0.65,2200,32762,299482,true,0.0211776,4.58485,0.31625,57,0.25,600,993,269.15999999999997,5000
sim_layered_newflow_2026-07-10T23-54-52-761Z,8,69806382-609b-4f3b-b7af-e65cb1b5dc28,ToC_Differentiation_Child,high_0.65,0.65,2300,31450,2478346,true,0.02032947,4.58485,0.31625,132,0.25,600,993,269.15999999999997,5000
sim_layered_newflow_2026-07-10T23-54-52-761Z,8,69806382-609b-4f3b-b7af-e65cb1b5dc28,ToC_Differentiation_Child,high_0.65,0.65,2400,30189,4475184,true,0.01951462,4.58485,0.31625,207,0.25,600,993,269.15999999999997,5000
sim_layered_newflow_2026-07-10T23-54-52-761Z,8,69806382-609b-4f3b-b7af-e65cb1b5dc28,ToC_Differentiation_Child,high_0.65,0.65,2500,28978,6300882,true,0.01873181,4.58485,0.31625,282,0.25,600,993,269.15999999999997,5000
sim_layered_newflow_2026-07-10T23-54-52-761Z,8,69806382-609b-4f3b-b7af-e65cb1b5dc28,ToC_Differentiation_Child,high_0.65,0.65,2600,27815,7965772,true,0.01797982,4.58485,0.31625,357,0.25,600,993,269.15999999999997,5000
sim_layered_newflow_2026-07-10T23-54-52-761Z,8,69806382-609b-4f3b-b7af-e65cb1b5dc28,ToC_Differentiation_Child,high_0.65,0.65,2700,26697,9479658,true,0.01725749,4.58485,0.31625,432,0.25,600,993,269.15999999999997,5000
sim_layered_newflow_2026-07-10T23-54-52-761Z,8,69806382-609b-4f3b-b7af-e65cb1b5dc28,ToC_Differentiation_Child,high_0.65,0.65,2800,25624,10851839,true,0.0165637,4.58485,0.31625,507,0.25,600,993,269.15999999999997,5000
sim_layered_newflow_2026-07-10T23-54-52-761Z,8,69806382-609b-4f3b-b7af-e65cb1b5dc28,ToC_Differentiation_Child,high_0.65,0.65,2900,24593,12091131,true,0.01589734,4.58485,0.31625,582,0.25,600,993,269.15999999999997,5000
sim_layered_newflow_2026-07-10T23-54-52-761Z,8,69806382-609b-4f3b-b7af-e65cb1b5dc28,ToC_Differentiation_Child,high_0.65,0.65,3000,23603,13205888,true,0.01525737,4.58485,0.31625,657,0.25,600,993,269.15999999999997,5000
sim_layered_newflow_2026-07-10T23-54-52-761Z,8,69806382-609b-4f3b-b7af-e65cb1b5dc28,ToC_Differentiation_Child,high_0.65,0.65,3100,22652,14204025,true,0.01464279,4.58485,0.31625,732,0.25,600,993,269.15999999999997,5000
sim_layered_newflow_2026-07-10T23-54-52-761Z,8,69806382-609b-4f3b-b7af-e65cb1b5dc28,ToC_Differentiation_Child,high_0.65,0.65,3200,21739,15093036,true,0.01405261,4.58485,0.31625,807,0.25,600,993,269.15999999999997,5000
sim_layered_newflow_2026-07-10T23-54-52-761Z,8,69806382-609b-4f3b-b7af-e65cb1b5dc28,ToC_Differentiation_Child,high_0.65,0.65,3300,20863,15880015,true,0.01348588,4.58485,0.31625,882,0.25,600,993,269.15999999999997,5000
sim_layered_newflow_2026-07-10T23-54-52-761Z,8,69806382-609b-4f3b-b7af-e65cb1b5dc28,ToC_Differentiation_Child,high_0.65,0.65,3400,20021,16571673,true,0.01294172,4.58485,0.31625,957,0.25,600,993,269.15999999999997,5000
sim_layered_newflow_2026-07-10T23-54-52-761Z,8,69806382-609b-4f3b-b7af-e65cb1b5dc28,ToC_Differentiation_Child,high_0.65,0.65,3500,19213,17174356,true,0.01241923,4.58485,0.31625,1032,0.25,600,993,269.15999999999997,5000
sim_layered_newflow_2026-07-10T23-54-52-761Z,8,69806382-609b-4f3b-b7af-e65cb1b5dc28,ToC_Differentiation_Child,high_0.65,0.65,3600,18437,17694067,true,0.01191759,4.58485,0.31625,1107,0.25,600,993,269.15999999999997,5000
sim_layered_newflow_2026-07-10T23-54-52-761Z,8,69806382-609b-4f3b-b7af-e65cb1b5dc28,ToC_Differentiation_Child,high_0.65,0.65,3700,17691,18136474,true,0.01143597,4.58485,0.31625,1182,0.25,600,993,269.15999999999997,5000
sim_layered_newflow_2026-07-10T23-54-52-761Z,8,69806382-609b-4f3b-b7af-e65cb1b5dc28,ToC_Differentiation_Child,high_0.65,0.65,3800,16976,18506935,true,0.0109736,4.58485,0.31625,1257,0.25,600,993,269.15999999999997,5000
sim_layered_newflow_2026-07-10T23-54-52-761Z,8,69806382-609b-4f3b-b7af-e65cb1b5dc28,ToC_Differentiation_Child,high_0.65,0.65,3900,16289,18810504,true,0.01052972,4.58485,0.31625,1332,0.25,600,993,269.15999999999997,5000
sim_layered_newflow_2026-07-10T23-54-52-761Z,8,69806382-609b-4f3b-b7af-e65cb1b5dc28,ToC_Differentiation_Child,high_0.65,0.65,4000,15630,19051955,true,0.01010362,4.58485,0.31625,1407,0.25,600,993,269.15999999999997,5000
sim_layered_newflow_2026-07-10T23-54-52-761Z,8,69806382-609b-4f3b-b7af-e65cb1b5dc28,ToC_Differentiation_Child,high_0.65,0.65,4100,14998,19235789,true,0.00969459,4.58485,0.31625,1482,0.25,600,993,269.15999999999997,5000
sim_layered_newflow_2026-07-10T23-54-52-761Z,8,69806382-609b-4f3b-b7af-e65cb1b5dc28,ToC_Differentiation_Child,high_0.65,0.65,4200,14390,19366250,true,0.00930196,4.58485,0.31625,1557,0.25,600,993,269.15999999999997,5000
sim_layered_newflow_2026-07-10T23-54-52-761Z,8,69806382-609b-4f3b-b7af-e65cb1b5dc28,ToC_Differentiation_Child,high_0.65,0.65,4300,13807,19447338,true,0.00892509,4.58485,0.31625,1632,0.25,600,993,269.15999999999997,5000
sim_layered_newflow_2026-07-10T23-54-52-761Z,8,69806382-609b-4f3b-b7af-e65cb1b5dc28,ToC_Differentiation_Child,high_0.65,0.65,4400,13248,19482821,true,0.00856336,4.58485,0.31625,1707,0.25,600,993,269.15999999999997,5000
sim_layered_newflow_2026-07-10T23-54-52-761Z,8,69806382-609b-4f3b-b7af-e65cb1b5dc28,ToC_Differentiation_Child,high_0.65,0.65,4500,12710,19476248,true,0.00821617,4.58485,0.31625,1782,0.25,600,993,269.15999999999997,5000
sim_layered_newflow_2026-07-10T23-54-52-761Z,8,69806382-609b-4f3b-b7af-e65cb1b5dc28,ToC_Differentiation_Child,high_0.65,0.65,4600,12195,19430955,true,0.00788294,4.58485,0.31625,1857,0.25,600,993,269.15999999999997,5000
sim_layered_newflow_2026-07-10T23-54-52-761Z,8,69806382-609b-4f3b-b7af-e65cb1b5dc28,ToC_Differentiation_Child,high_0.65,0.65,4700,11700,19350084,true,0.00756313,4.58485,0.31625,1932,0.25,600,993,269.15999999999997,5000
sim_layered_newflow_2026-07-10T23-54-52-761Z,8,69806382-609b-4f3b-b7af-e65cb1b5dc28,ToC_Differentiation_Child,high_0.65,0.65,4800,11225,19236587,true,0.00725619,4.58485,0.31625,2007,0.25,600,993,269.15999999999997,5000
sim_layered_newflow_2026-07-10T23-54-52-761Z,8,69806382-609b-4f3b-b7af-e65cb1b5dc28,ToC_Differentiation_Child,high_0.65,0.65,4900,10770,19093236,true,0.00696162,4.58485,0.31625,2082,0.25,600,993,269.15999999999997,5000
sim_layered_newflow_2026-07-10T23-54-52-761Z,8,69806382-609b-4f3b-b7af-e65cb1b5dc28,ToC_Differentiation_Child,high_0.65,0.65,5000,10332,18922636,true,0.00667893,4.58485,0.31625,2157,0.25,600,993,269.15999999999997,5000
sim_layered_newflow_2026-07-10T23-54-52-761Z,8,69806382-609b-4f3b-b7af-e65cb1b5dc28,ToC_Differentiation_Child,high_0.65,0.65,5100,9913,18727232,true,0.00640765,4.58485,0.31625,2232,0.25,600,993,269.15999999999997,5000
sim_layered_newflow_2026-07-10T23-54-52-761Z,8,69806382-609b-4f3b-b7af-e65cb1b5dc28,ToC_Differentiation_Child,high_0.65,0.65,5200,9510,18509316,true,0.00614732,4.58485,0.31625,2307,0.25,600,993,269.15999999999997,5000
sim_layered_newflow_2026-07-10T23-54-52-761Z,8,69806382-609b-4f3b-b7af-e65cb1b5dc28,ToC_Differentiation_Child,high_0.65,0.65,5300,9123,18271036,true,0.0058975,4.58485,0.31625,2382,0.25,600,993,269.15999999999997,5000
sim_layered_newflow_2026-07-10T23-54-52-761Z,8,69806382-609b-4f3b-b7af-e65cb1b5dc28,ToC_Differentiation_Child,high_0.65,0.65,5400,8753,18014406,true,0.00565777,4.58485,0.31625,2457,0.25,600,993,269.15999999999997,5000
sim_layered_newflow_2026-07-10T23-54-52-761Z,8,69806382-609b-4f3b-b7af-e65cb1b5dc28,ToC_Differentiation_Child,high_0.65,0.65,5500,8397,17741308,true,0.00542774,4.58485,0.31625,2532,0.25,600,993,269.15999999999997,5000
sim_layered_newflow_2026-07-10T23-54-52-761Z,8,69806382-609b-4f3b-b7af-e65cb1b5dc28,ToC_Differentiation_Child,high_0.65,0.65,5600,8055,17453506,true,0.00520701,4.58485,0.31625,2607,0.25,600,993,269.15999999999997,5000
sim_layered_newflow_2026-07-10T23-54-52-761Z,8,69806382-609b-4f3b-b7af-e65cb1b5dc28,ToC_Differentiation_Child,high_0.65,0.65,5700,7728,17152647,true,0.00499521,4.58485,0.31625,2682,0.25,600,993,269.15999999999997,5000
sim_layered_newflow_2026-07-10T23-54-52-761Z,8,69806382-609b-4f3b-b7af-e65cb1b5dc28,ToC_Differentiation_Child,high_0.65,0.65,5800,7413,16840269,true,0.00479199,4.58485,0.31625,2757,0.25,600,993,269.15999999999997,5000
sim_layered_newflow_2026-07-10T23-54-52-761Z,8,69806382-609b-4f3b-b7af-e65cb1b5dc28,ToC_Differentiation_Child,high_0.65,0.65,5900,7112,16517808,true,0.00459699,4.58485,0.31625,2832,0.25,600,993,269.15999999999997,5000
sim_layered_newflow_2026-07-10T23-54-52-761Z,8,69806382-609b-4f3b-b7af-e65cb1b5dc28,ToC_Differentiation_Child,high_0.65,0.65,6000,6822,16186602,true,0.0044099,4.58485,0.31625,2907,0.25,600,993,269.15999999999997,5000
sim_layered_newflow_2026-07-10T23-54-52-761Z,8,69806382-609b-4f3b-b7af-e65cb1b5dc28,ToC_Differentiation_Child,high_0.65,0.65,6100,6544,15847899,true,0.00423038,4.58485,0.31625,2982,0.25,600,993,269.15999999999997,5000
sim_layered_newflow_2026-07-10T23-54-52-761Z,8,69806382-609b-4f3b-b7af-e65cb1b5dc28,ToC_Differentiation_Child,high_0.65,0.65,6200,6278,15502858,true,0.00405815,4.58485,0.31625,3057,0.25,600,993,269.15999999999997,5000
sim_layered_newflow_2026-07-10T23-54-52-761Z,8,69806382-609b-4f3b-b7af-e65cb1b5dc28,ToC_Differentiation_Child,high_0.65,0.65,6300,6022,15152560,true,0.0038929,4.58485,0.31625,3132,0.25,600,993,269.15999999999997,5000
sim_layered_newflow_2026-07-10T23-54-52-761Z,8,69806382-609b-4f3b-b7af-e65cb1b5dc28,ToC_Differentiation_Child,high_0.65,0.65,6400,5777,14798004,true,0.00373435,4.58485,0.31625,3207,0.25,600,993,269.15999999999997,5000
sim_layered_newflow_2026-07-10T23-54-52-761Z,8,69806382-609b-4f3b-b7af-e65cb1b5dc28,ToC_Differentiation_Child,high_0.65,0.65,6500,5542,14440122,true,0.00358224,4.58485,0.31625,3282,0.25,600,993,269.15999999999997,5000
sim_layered_newflow_2026-07-10T23-54-52-761Z,8,69806382-609b-4f3b-b7af-e65cb1b5dc28,ToC_Differentiation_Child,high_0.65,0.65,6600,5316,14079774,true,0.0034363,4.58485,0.31625,3357,0.25,600,993,269.15999999999997,5000
sim_layered_newflow_2026-07-10T23-54-52-761Z,8,69806382-609b-4f3b-b7af-e65cb1b5dc28,ToC_Differentiation_Child,high_0.65,0.65,6700,5099,13717757,true,0.00329629,4.58485,0.31625,3432,0.25,600,993,269.15999999999997,5000
sim_layered_newflow_2026-07-10T23-54-52-761Z,8,69806382-609b-4f3b-b7af-e65cb1b5dc28,ToC_Differentiation_Child,high_0.65,0.65,6800,4892,13354807,true,0.00316196,4.58485,0.31625,3507,0.25,600,993,269.15999999999997,5000
sim_layered_newflow_2026-07-10T23-54-52-761Z,8,69806382-609b-4f3b-b7af-e65cb1b5dc28,ToC_Differentiation_Child,high_0.65,0.65,6900,4692,12991603,true,0.00303309,4.58485,0.31625,3582,0.25,600,993,269.15999999999997,5000
sim_layered_newflow_2026-07-10T23-54-52-761Z,8,69806382-609b-4f3b-b7af-e65cb1b5dc28,ToC_Differentiation_Child,high_0.65,0.65,7000,4501,12628770,true,0.00290946,4.58485,0.31625,3657,0.25,600,993,269.15999999999997,5000
sim_layered_newflow_2026-07-10T23-54-52-761Z,9,835d1df8-4a4c-417a-92bc-307e13ce0194,ToC_Cost_Elder,actual_7_10,0.4,1000,21486,-1321296,false,0.00799333,3.5032,0.2135,-3,0.25,600,153,103.26000000000002,1000
sim_layered_newflow_2026-07-10T23-54-52-761Z,9,835d1df8-4a4c-417a-92bc-307e13ce0194,ToC_Cost_Elder,actual_7_10,0.4,1100,19798,68450,true,0.00736551,3.5032,0.2135,72,0.25,600,153,103.26000000000002,1000
sim_layered_newflow_2026-07-10T23-54-52-761Z,9,835d1df8-4a4c-417a-92bc-307e13ce0194,ToC_Cost_Elder,actual_7_10,0.4,1200,18243,1232226,true,0.00678666,3.5032,0.2135,147,0.25,600,153,103.26000000000002,1000
sim_layered_newflow_2026-07-10T23-54-52-761Z,9,835d1df8-4a4c-417a-92bc-307e13ce0194,ToC_Cost_Elder,actual_7_10,0.4,1300,16808,2196800,true,0.00625301,3.5032,0.2135,222,0.25,600,153,103.26000000000002,1000
sim_layered_newflow_2026-07-10T23-54-52-761Z,9,835d1df8-4a4c-417a-92bc-307e13ce0194,ToC_Cost_Elder,actual_7_10,0.4,1400,15486,2986172,true,0.00576109,3.5032,0.2135,297,0.25,600,153,103.26000000000002,1000
sim_layered_newflow_2026-07-10T23-54-52-761Z,9,835d1df8-4a4c-417a-92bc-307e13ce0194,ToC_Cost_Elder,actual_7_10,0.4,1500,14267,3621834,true,0.00530765,3.5032,0.2135,372,0.25,600,153,103.26000000000002,1000
sim_layered_newflow_2026-07-10T23-54-52-761Z,9,835d1df8-4a4c-417a-92bc-307e13ce0194,ToC_Cost_Elder,actual_7_10,0.4,1600,13144,4123008,true,0.00488973,3.5032,0.2135,447,0.25,600,153,103.26000000000002,1000
sim_layered_newflow_2026-07-10T23-54-52-761Z,9,835d1df8-4a4c-417a-92bc-307e13ce0194,ToC_Cost_Elder,actual_7_10,0.4,1700,12108,4506869,true,0.00450457,3.5032,0.2135,522,0.25,600,153,103.26000000000002,1000
sim_layered_newflow_2026-07-10T23-54-52-761Z,9,835d1df8-4a4c-417a-92bc-307e13ce0194,ToC_Cost_Elder,actual_7_10,0.4,1800,11154,4788738,true,0.00414962,3.5032,0.2135,597,0.25,600,153,103.26000000000002,1000
sim_layered_newflow_2026-07-10T23-54-52-761Z,9,835d1df8-4a4c-417a-92bc-307e13ce0194,ToC_Cost_Elder,actual_7_10,0.4,1900,10275,4982265,true,0.00382253,3.5032,0.2135,672,0.25,600,153,103.26000000000002,1000
sim_layered_newflow_2026-07-10T23-54-52-761Z,9,835d1df8-4a4c-417a-92bc-307e13ce0194,ToC_Cost_Elder,actual_7_10,0.4,2000,9465,5099597,true,0.00352113,3.5032,0.2135,747,0.25,600,153,103.26000000000002,1000
sim_layered_newflow_2026-07-10T23-54-52-761Z,9,835d1df8-4a4c-417a-92bc-307e13ce0194,ToC_Cost_Elder,actual_7_10,0.4,2100,8718,5151524,true,0.00324342,3.5032,0.2135,822,0.25,600,153,103.26000000000002,1000
sim_layered_newflow_2026-07-10T23-54-52-761Z,9,835d1df8-4a4c-417a-92bc-307e13ce0194,ToC_Cost_Elder,actual_7_10,0.4,2200,8031,5147615,true,0.00298755,3.5032,0.2135,897,0.25,600,153,103.26000000000002,1000
sim_layered_newflow_2026-07-10T23-54-52-761Z,9,835d1df8-4a4c-417a-92bc-307e13ce0194,ToC_Cost_Elder,actual_7_10,0.4,2300,7397,5096346,true,0.00275181,3.5032,0.2135,972,0.25,600,153,103.26000000000002,1000
sim_layered_newflow_2026-07-10T23-54-52-761Z,9,835d1df8-4a4c-417a-92bc-307e13ce0194,ToC_Cost_Elder,actual_7_10,0.4,2400,6813,5005206,true,0.00253462,3.5032,0.2135,1047,0.25,600,153,103.26000000000002,1000
sim_layered_newflow_2026-07-10T23-54-52-761Z,9,835d1df8-4a4c-417a-92bc-307e13ce0194,ToC_Cost_Elder,actual_7_10,0.4,2500,6275,4880803,true,0.00233453,3.5032,0.2135,1122,0.25,600,153,103.26000000000002,1000
sim_layered_newflow_2026-07-10T23-54-52-761Z,9,835d1df8-4a4c-417a-92bc-307e13ce0194,ToC_Cost_Elder,actual_7_10,0.4,2600,5780,4728952,true,0.00215021,3.5032,0.2135,1197,0.25,600,153,103.26000000000002,1000
sim_layered_newflow_2026-07-10T23-54-52-761Z,9,835d1df8-4a4c-417a-92bc-307e13ce0194,ToC_Cost_Elder,actual_7_10,0.4,2700,5323,4554761,true,0.00198041,3.5032,0.2135,1272,0.25,600,153,103.26000000000002,1000
sim_layered_newflow_2026-07-10T23-54-52-761Z,9,835d1df8-4a4c-417a-92bc-307e13ce0194,ToC_Cost_Elder,actual_7_10,0.4,2800,4903,4362705,true,0.00182399,3.5032,0.2135,1347,0.25,600,153,103.26000000000002,1000
sim_layered_newflow_2026-07-10T23-54-52-761Z,9,835d1df8-4a4c-417a-92bc-307e13ce0194,ToC_Cost_Elder,actual_7_10,0.4,2900,4516,4156692,true,0.00167991,3.5032,0.2135,1422,0.25,600,153,103.26000000000002,1000
sim_layered_newflow_2026-07-10T23-54-52-761Z,9,835d1df8-4a4c-417a-92bc-307e13ce0194,ToC_Cost_Elder,actual_7_10,0.4,3000,4159,3940126,true,0.00154719,3.5032,0.2135,1497,0.25,600,153,103.26000000000002,1000
sim_layered_newflow_2026-07-10T23-54-52-761Z,9,835d1df8-4a4c-417a-92bc-307e13ce0194,ToC_Cost_Elder,actual_7_10,0.4,3100,3830,3715962,true,0.00142494,3.5032,0.2135,1572,0.25,600,153,103.26000000000002,1000
sim_layered_newflow_2026-07-10T23-54-52-761Z,9,835d1df8-4a4c-417a-92bc-307e13ce0194,ToC_Cost_Elder,actual_7_10,0.4,3200,3528,3486753,true,0.00131234,3.5032,0.2135,1647,0.25,600,153,103.26000000000002,1000
sim_layered_newflow_2026-07-10T23-54-52-761Z,9,835d1df8-4a4c-417a-92bc-307e13ce0194,ToC_Cost_Elder,actual_7_10,0.4,3300,3249,3254699,true,0.00120862,3.5032,0.2135,1722,0.25,600,153,103.26000000000002,1000
sim_layered_newflow_2026-07-10T23-54-52-761Z,9,835d1df8-4a4c-417a-92bc-307e13ce0194,ToC_Cost_Elder,actual_7_10,0.4,3400,2992,3021682,true,0.0011131,3.5032,0.2135,1797,0.25,600,153,103.26000000000002,1000
sim_layered_newflow_2026-07-10T23-54-52-761Z,9,835d1df8-4a4c-417a-92bc-307e13ce0194,ToC_Cost_Elder,actual_7_10,0.4,3500,2755,2789306,true,0.00102511,3.5032,0.2135,1872,0.25,600,153,103.26000000000002,1000
sim_layered_newflow_2026-07-10T23-54-52-761Z,9,835d1df8-4a4c-417a-92bc-307e13ce0194,ToC_Cost_Elder,actual_7_10,0.4,3600,2538,2558927,true,0.00094407,3.5032,0.2135,1947,0.25,600,153,103.26000000000002,1000
sim_layered_newflow_2026-07-10T23-54-52-761Z,9,835d1df8-4a4c-417a-92bc-307e13ce0194,ToC_Cost_Elder,actual_7_10,0.4,3700,2337,2331683,true,0.00086944,3.5032,0.2135,2022,0.25,600,153,103.26000000000002,1000
sim_layered_newflow_2026-07-10T23-54-52-761Z,9,835d1df8-4a4c-417a-92bc-307e13ce0194,ToC_Cost_Elder,actual_7_10,0.4,3800,2152,2108520,true,0.0008007,3.5032,0.2135,2097,0.25,600,153,103.26000000000002,1000
sim_layered_newflow_2026-07-10T23-54-52-761Z,9,835d1df8-4a4c-417a-92bc-307e13ce0194,ToC_Cost_Elder,actual_7_10,0.4,3900,1982,1890215,true,0.00073739,3.5032,0.2135,2172,0.25,600,153,103.26000000000002,1000
sim_layered_newflow_2026-07-10T23-54-52-761Z,9,835d1df8-4a4c-417a-92bc-307e13ce0194,ToC_Cost_Elder,actual_7_10,0.4,4000,1825,1677395,true,0.00067908,3.5032,0.2135,2247,0.25,600,153,103.26000000000002,1000
sim_layered_newflow_2026-07-10T23-54-52-761Z,9,835d1df8-4a4c-417a-92bc-307e13ce0194,ToC_Cost_Elder,actual_7_10,0.4,4100,1681,1470560,true,0.00062538,3.5032,0.2135,2322,0.25,600,153,103.26000000000002,1000
sim_layered_newflow_2026-07-10T23-54-52-761Z,9,835d1df8-4a4c-417a-92bc-307e13ce0194,ToC_Cost_Elder,actual_7_10,0.4,4200,1548,1270094,true,0.00057593,3.5032,0.2135,2397,0.25,600,153,103.26000000000002,1000
sim_layered_newflow_2026-07-10T23-54-52-761Z,9,835d1df8-4a4c-417a-92bc-307e13ce0194,ToC_Cost_Elder,actual_7_10,0.4,4300,1426,1076286,true,0.00053038,3.5032,0.2135,2472,0.25,600,153,103.26000000000002,1000
sim_layered_newflow_2026-07-10T23-54-52-761Z,9,835d1df8-4a4c-417a-92bc-307e13ce0194,ToC_Cost_Elder,actual_7_10,0.4,4400,1313,889336,true,0.00048843,3.5032,0.2135,2547,0.25,600,153,103.26000000000002,1000
sim_layered_newflow_2026-07-10T23-54-52-761Z,9,835d1df8-4a4c-417a-92bc-307e13ce0194,ToC_Cost_Elder,actual_7_10,0.4,4500,1209,709374,true,0.0004498,3.5032,0.2135,2622,0.25,600,153,103.26000000000002,1000
sim_layered_newflow_2026-07-10T23-54-52-761Z,9,835d1df8-4a4c-417a-92bc-307e13ce0194,ToC_Cost_Elder,actual_7_10,0.4,4600,1113,536463,true,0.00041423,3.5032,0.2135,2697,0.25,600,153,103.26000000000002,1000
sim_layered_newflow_2026-07-10T23-54-52-761Z,9,835d1df8-4a4c-417a-92bc-307e13ce0194,ToC_Cost_Elder,actual_7_10,0.4,4700,1025,370615,true,0.00038146,3.5032,0.2135,2772,0.25,600,153,103.26000000000002,1000
sim_layered_newflow_2026-07-10T23-54-52-761Z,9,835d1df8-4a4c-417a-92bc-307e13ce0194,ToC_Cost_Elder,actual_7_10,0.4,4800,944,211796,true,0.00035129,3.5032,0.2135,2847,0.25,600,153,103.26000000000002,1000
sim_layered_newflow_2026-07-10T23-54-52-761Z,9,835d1df8-4a4c-417a-92bc-307e13ce0194,ToC_Cost_Elder,actual_7_10,0.4,4900,870,59931,true,0.0003235,3.5032,0.2135,2922,0.25,600,153,103.26000000000002,1000
sim_layered_newflow_2026-07-10T23-54-52-761Z,9,835d1df8-4a4c-417a-92bc-307e13ce0194,ToC_Cost_Elder,actual_7_10,0.4,5000,801,-85086,false,0.00029791,3.5032,0.2135,2997,0.25,600,153,103.26000000000002,1000
sim_layered_newflow_2026-07-10T23-54-52-761Z,9,835d1df8-4a4c-417a-92bc-307e13ce0194,ToC_Cost_Elder,actual_7_10,0.4,5100,737,-223387,false,0.00027435,3.5032,0.2135,3072,0.25,600,153,103.26000000000002,1000
sim_layered_newflow_2026-07-10T23-54-52-761Z,9,835d1df8-4a4c-417a-92bc-307e13ce0194,ToC_Cost_Elder,actual_7_10,0.4,5200,679,-355127,false,0.00025264,3.5032,0.2135,3147,0.25,600,153,103.26000000000002,1000
sim_layered_newflow_2026-07-10T23-54-52-761Z,9,835d1df8-4a4c-417a-92bc-307e13ce0194,ToC_Cost_Elder,actual_7_10,0.4,5300,625,-480478,false,0.00023266,3.5032,0.2135,3222,0.25,600,153,103.26000000000002,1000
sim_layered_newflow_2026-07-10T23-54-52-761Z,9,835d1df8-4a4c-417a-92bc-307e13ce0194,ToC_Cost_Elder,actual_7_10,0.4,5400,576,-599627,false,0.00021425,3.5032,0.2135,3297,0.25,600,153,103.26000000000002,1000
sim_layered_newflow_2026-07-10T23-54-52-761Z,9,835d1df8-4a4c-417a-92bc-307e13ce0194,ToC_Cost_Elder,actual_7_10,0.4,5500,530,-712769,false,0.0001973,3.5032,0.2135,3372,0.25,600,153,103.26000000000002,1000
sim_layered_newflow_2026-07-10T23-54-52-761Z,9,835d1df8-4a4c-417a-92bc-307e13ce0194,ToC_Cost_Elder,actual_7_10,0.4,5600,488,-820109,false,0.00018169,3.5032,0.2135,3447,0.25,600,153,103.26000000000002,1000
sim_layered_newflow_2026-07-10T23-54-52-761Z,9,835d1df8-4a4c-417a-92bc-307e13ce0194,ToC_Cost_Elder,actual_7_10,0.4,5700,450,-921858,false,0.00016732,3.5032,0.2135,3522,0.25,600,153,103.26000000000002,1000
sim_layered_newflow_2026-07-10T23-54-52-761Z,9,835d1df8-4a4c-417a-92bc-307e13ce0194,ToC_Cost_Elder,actual_7_10,0.4,5800,414,-1018227,false,0.00015408,3.5032,0.2135,3597,0.25,600,153,103.26000000000002,1000
sim_layered_newflow_2026-07-10T23-54-52-761Z,9,835d1df8-4a4c-417a-92bc-307e13ce0194,ToC_Cost_Elder,actual_7_10,0.4,5900,381,-1109431,false,0.00014189,3.5032,0.2135,3672,0.25,600,153,103.26000000000002,1000
sim_layered_newflow_2026-07-10T23-54-52-761Z,9,835d1df8-4a4c-417a-92bc-307e13ce0194,ToC_Cost_Elder,actual_7_10,0.4,6000,351,-1195684,false,0.00013067,3.5032,0.2135,3747,0.25,600,153,103.26000000000002,1000
sim_layered_newflow_2026-07-10T23-54-52-761Z,9,835d1df8-4a4c-417a-92bc-307e13ce0194,ToC_Cost_Elder,actual_7_10,0.4,6100,323,-1277198,false,0.00012033,3.5032,0.2135,3822,0.25,600,153,103.26000000000002,1000
sim_layered_newflow_2026-07-10T23-54-52-761Z,9,835d1df8-4a4c-417a-92bc-307e13ce0194,ToC_Cost_Elder,actual_7_10,0.4,6200,298,-1354183,false,0.00011081,3.5032,0.2135,3897,0.25,600,153,103.26000000000002,1000
sim_layered_newflow_2026-07-10T23-54-52-761Z,9,835d1df8-4a4c-417a-92bc-307e13ce0194,ToC_Cost_Elder,actual_7_10,0.4,6300,274,-1426846,false,0.00010204,3.5032,0.2135,3972,0.25,600,153,103.26000000000002,1000
sim_layered_newflow_2026-07-10T23-54-52-761Z,9,835d1df8-4a4c-417a-92bc-307e13ce0194,ToC_Cost_Elder,actual_7_10,0.4,6400,253,-1495388,false,0.00009397,3.5032,0.2135,4047,0.25,600,153,103.26000000000002,1000
sim_layered_newflow_2026-07-10T23-54-52-761Z,9,835d1df8-4a4c-417a-92bc-307e13ce0194,ToC_Cost_Elder,actual_7_10,0.4,6500,233,-1560006,false,0.00008653,3.5032,0.2135,4122,0.25,600,153,103.26000000000002,1000
sim_layered_newflow_2026-07-10T23-54-52-761Z,9,835d1df8-4a4c-417a-92bc-307e13ce0194,ToC_Cost_Elder,actual_7_10,0.4,6600,214,-1620893,false,0.00007969,3.5032,0.2135,4197,0.25,600,153,103.26000000000002,1000
sim_layered_newflow_2026-07-10T23-54-52-761Z,9,835d1df8-4a4c-417a-92bc-307e13ce0194,ToC_Cost_Elder,actual_7_10,0.4,6700,197,-1678234,false,0.00007338,3.5032,0.2135,4272,0.25,600,153,103.26000000000002,1000
sim_layered_newflow_2026-07-10T23-54-52-761Z,9,835d1df8-4a4c-417a-92bc-307e13ce0194,ToC_Cost_Elder,actual_7_10,0.4,6800,182,-1732209,false,0.00006758,3.5032,0.2135,4347,0.25,600,153,103.26000000000002,1000
sim_layered_newflow_2026-07-10T23-54-52-761Z,9,835d1df8-4a4c-417a-92bc-307e13ce0194,ToC_Cost_Elder,actual_7_10,0.4,6900,167,-1782991,false,0.00006223,3.5032,0.2135,4422,0.25,600,153,103.26000000000002,1000
sim_layered_newflow_2026-07-10T23-54-52-761Z,9,835d1df8-4a4c-417a-92bc-307e13ce0194,ToC_Cost_Elder,actual_7_10,0.4,7000,154,-1830749,false,0.00005731,3.5032,0.2135,4497,0.25,600,153,103.26000000000002,1000
sim_layered_newflow_2026-07-10T23-54-52-761Z,9,835d1df8-4a4c-417a-92bc-307e13ce0194,ToC_Cost_Elder,low_0.35,0.35,1000,16333,-1693304,false,0.00607625,3.22705,0.191,-3,0.25,600,153,103.26000000000002,1000
sim_layered_newflow_2026-07-10T23-54-52-761Z,9,835d1df8-4a4c-417a-92bc-307e13ce0194,ToC_Cost_Elder,low_0.35,0.35,1100,15048,-630755,false,0.00559815,3.22705,0.191,72,0.25,600,153,103.26000000000002,1000
sim_layered_newflow_2026-07-10T23-54-52-761Z,9,835d1df8-4a4c-417a-92bc-307e13ce0194,ToC_Cost_Elder,low_0.35,0.35,1200,13863,259283,true,0.00515748,3.22705,0.191,147,0.25,600,153,103.26000000000002,1000
sim_layered_newflow_2026-07-10T23-54-52-761Z,9,835d1df8-4a4c-417a-92bc-307e13ce0194,ToC_Cost_Elder,low_0.35,0.35,1300,12772,997289,true,0.00475133,3.22705,0.191,222,0.25,600,153,103.26000000000002,1000
sim_layered_newflow_2026-07-10T23-54-52-761Z,9,835d1df8-4a4c-417a-92bc-307e13ce0194,ToC_Cost_Elder,low_0.35,0.35,1400,11765,1601612,true,0.00437702,3.22705,0.191,297,0.25,600,153,103.26000000000002,1000
sim_layered_newflow_2026-07-10T23-54-52-761Z,9,835d1df8-4a4c-417a-92bc-307e13ce0194,ToC_Cost_Elder,low_0.35,0.35,1500,10838,2088673,true,0.00403208,3.22705,0.191,372,0.25,600,153,103.26000000000002,1000
sim_layered_newflow_2026-07-10T23-54-52-761Z,9,835d1df8-4a4c-417a-92bc-307e13ce0194,ToC_Cost_Elder,low_0.35,0.35,1600,9984,2473154,true,0.00371422,3.22705,0.191,447,0.25,600,153,103.26000000000002,1000
sim_layered_newflow_2026-07-10T23-54-52-761Z,9,835d1df8-4a4c-417a-92bc-307e13ce0194,ToC_Cost_Elder,low_0.35,0.35,1700,9197,2768164,true,0.00342133,3.22705,0.191,522,0.25,600,153,103.26000000000002,1000
sim_layered_newflow_2026-07-10T23-54-52-761Z,9,835d1df8-4a4c-417a-92bc-307e13ce0194,ToC_Cost_Elder,low_0.35,0.35,1800,8471,2985392,true,0.00315147,3.22705,0.191,597,0.25,600,153,103.26000000000002,1000
sim_layered_newflow_2026-07-10T23-54-52-761Z,9,835d1df8-4a4c-417a-92bc-307e13ce0194,ToC_Cost_Elder,low_0.35,0.35,1900,7803,3135252,true,0.00290283,3.22705,0.191,672,0.25,600,153,103.26000000000002,1000
sim_layered_newflow_2026-07-10T23-54-52-761Z,9,835d1df8-4a4c-417a-92bc-307e13ce0194,ToC_Cost_Elder,low_0.35,0.35,2000,7187,3227005,true,0.00267375,3.22705,0.191,747,0.25,600,153,103.26000000000002,1000
sim_layered_newflow_2026-07-10T23-54-52-761Z,9,835d1df8-4a4c-417a-92bc-307e13ce0194,ToC_Cost_Elder,low_0.35,0.35,2100,6620,3268874,true,0.00246271,3.22705,0.191,822,0.25,600,153,103.26000000000002,1000
sim_layered_newflow_2026-07-10T23-54-52-761Z,9,835d1df8-4a4c-417a-92bc-307e13ce0194,ToC_Cost_Elder,low_0.35,0.35,2200,6097,3268154,true,0.00226829,3.22705,0.191,897,0.25,600,153,103.26000000000002,1000
sim_layered_newflow_2026-07-10T23-54-52-761Z,9,835d1df8-4a4c-417a-92bc-307e13ce0194,ToC_Cost_Elder,low_0.35,0.35,2300,5616,3231300,true,0.00208918,3.22705,0.191,972,0.25,600,153,103.26000000000002,1000
sim_layered_newflow_2026-07-10T23-54-52-761Z,9,835d1df8-4a4c-417a-92bc-307e13ce0194,ToC_Cost_Elder,low_0.35,0.35,2400,5172,3164019,true,0.00192419,3.22705,0.191,1047,0.25,600,153,103.26000000000002,1000
sim_layered_newflow_2026-07-10T23-54-52-761Z,9,835d1df8-4a4c-417a-92bc-307e13ce0194,ToC_Cost_Elder,low_0.35,0.35,2500,4764,3071344,true,0.00177221,3.22705,0.191,1122,0.25,600,153,103.26000000000002,1000
sim_layered_newflow_2026-07-10T23-54-52-761Z,9,835d1df8-4a4c-417a-92bc-307e13ce0194,ToC_Cost_Elder,low_0.35,0.35,2600,4387,2957702,true,0.00163221,3.22705,0.191,1197,0.25,600,153,103.26000000000002,1000
sim_layered_newflow_2026-07-10T23-54-52-761Z,9,835d1df8-4a4c-417a-92bc-307e13ce0194,ToC_Cost_Elder,low_0.35,0.35,2700,4041,2826984,true,0.00150325,3.22705,0.191,1272,0.25,600,153,103.26000000000002,1000
sim_layered_newflow_2026-07-10T23-54-52-761Z,9,835d1df8-4a4c-417a-92bc-307e13ce0194,ToC_Cost_Elder,low_0.35,0.35,2800,3721,2682597,true,0.00138447,3.22705,0.191,1347,0.25,600,153,103.26000000000002,1000
sim_layered_newflow_2026-07-10T23-54-52-761Z,9,835d1df8-4a4c-417a-92bc-307e13ce0194,ToC_Cost_Elder,low_0.35,0.35,2900,3427,2527517,true,0.00127506,3.22705,0.191,1422,0.25,600,153,103.26000000000002,1000
sim_layered_newflow_2026-07-10T23-54-52-761Z,9,835d1df8-4a4c-417a-92bc-307e13ce0194,ToC_Cost_Elder,low_0.35,0.35,3000,3156,2364336,true,0.00117429,3.22705,0.191,1497,0.25,600,153,103.26000000000002,1000
sim_layered_newflow_2026-07-10T23-54-52-761Z,9,835d1df8-4a4c-417a-92bc-307e13ce0194,ToC_Cost_Elder,low_0.35,0.35,3100,2907,2195304,true,0.00108147,3.22705,0.191,1572,0.25,600,153,103.26000000000002,1000
sim_layered_newflow_2026-07-10T23-54-52-761Z,9,835d1df8-4a4c-417a-92bc-307e13ce0194,ToC_Cost_Elder,low_0.35,0.35,3200,2677,2022367,true,0.00099599,3.22705,0.191,1647,0.25,600,153,103.26000000000002,1000
sim_layered_newflow_2026-07-10T23-54-52-761Z,9,835d1df8-4a4c-417a-92bc-307e13ce0194,ToC_Cost_Elder,low_0.35,0.35,3300,2466,1847198,true,0.00091725,3.22705,0.191,1722,0.25,600,153,103.26000000000002,1000
sim_layered_newflow_2026-07-10T23-54-52-761Z,9,835d1df8-4a4c-417a-92bc-307e13ce0194,ToC_Cost_Elder,low_0.35,0.35,3400,2271,1671232,true,0.00084473,3.22705,0.191,1797,0.25,600,153,103.26000000000002,1000
sim_layered_newflow_2026-07-10T23-54-52-761Z,9,835d1df8-4a4c-417a-92bc-307e13ce0194,ToC_Cost_Elder,low_0.35,0.35,3500,2091,1495691,true,0.00077794,3.22705,0.191,1872,0.25,600,153,103.26000000000002,1000
sim_layered_newflow_2026-07-10T23-54-52-761Z,9,835d1df8-4a4c-417a-92bc-307e13ce0194,ToC_Cost_Elder,low_0.35,0.35,3600,1926,1321609,true,0.00071643,3.22705,0.191,1947,0.25,600,153,103.26000000000002,1000
sim_layered_newflow_2026-07-10T23-54-52-761Z,9,835d1df8-4a4c-417a-92bc-307e13ce0194,ToC_Cost_Elder,low_0.35,0.35,3700,1773,1149853,true,0.00065978,3.22705,0.191,2022,0.25,600,153,103.26000000000002,1000
sim_layered_newflow_2026-07-10T23-54-52-761Z,9,835d1df8-4a4c-417a-92bc-307e13ce0194,ToC_Cost_Elder,low_0.35,0.35,3800,1633,981145,true,0.00060761,3.22705,0.191,2097,0.25,600,153,103.26000000000002,1000
sim_layered_newflow_2026-07-10T23-54-52-761Z,9,835d1df8-4a4c-417a-92bc-307e13ce0194,ToC_Cost_Elder,low_0.35,0.35,3900,1504,816078,true,0.00055956,3.22705,0.191,2172,0.25,600,153,103.26000000000002,1000
sim_layered_newflow_2026-07-10T23-54-52-761Z,9,835d1df8-4a4c-417a-92bc-307e13ce0194,ToC_Cost_Elder,low_0.35,0.35,4000,1385,655132,true,0.0005153,3.22705,0.191,2247,0.25,600,153,103.26000000000002,1000
sim_layered_newflow_2026-07-10T23-54-52-761Z,9,835d1df8-4a4c-417a-92bc-307e13ce0194,ToC_Cost_Elder,low_0.35,0.35,4100,1276,498687,true,0.00047455,3.22705,0.191,2322,0.25,600,153,103.26000000000002,1000
sim_layered_newflow_2026-07-10T23-54-52-761Z,9,835d1df8-4a4c-417a-92bc-307e13ce0194,ToC_Cost_Elder,low_0.35,0.35,4200,1175,347040,true,0.00043702,3.22705,0.191,2397,0.25,600,153,103.26000000000002,1000
sim_layered_newflow_2026-07-10T23-54-52-761Z,9,835d1df8-4a4c-417a-92bc-307e13ce0194,ToC_Cost_Elder,low_0.35,0.35,4300,1082,200411,true,0.00040245,3.22705,0.191,2472,0.25,600,153,103.26000000000002,1000
sim_layered_newflow_2026-07-10T23-54-52-761Z,9,835d1df8-4a4c-417a-92bc-307e13ce0194,ToC_Cost_Elder,low_0.35,0.35,4400,996,58955,true,0.00037062,3.22705,0.191,2547,0.25,600,153,103.26000000000002,1000
sim_layered_newflow_2026-07-10T23-54-52-761Z,9,835d1df8-4a4c-417a-92bc-307e13ce0194,ToC_Cost_Elder,low_0.35,0.35,4500,917,-77228,false,0.0003413,3.22705,0.191,2622,0.25,600,153,103.26000000000002,1000
sim_layered_newflow_2026-07-10T23-54-52-761Z,9,835d1df8-4a4c-417a-92bc-307e13ce0194,ToC_Cost_Elder,low_0.35,0.35,4600,845,-208087,false,0.0003143,3.22705,0.191,2697,0.25,600,153,103.26000000000002,1000
sim_layered_newflow_2026-07-10T23-54-52-761Z,9,835d1df8-4a4c-417a-92bc-307e13ce0194,ToC_Cost_Elder,low_0.35,0.35,4700,778,-333612,false,0.00028944,3.22705,0.191,2772,0.25,600,153,103.26000000000002,1000
sim_layered_newflow_2026-07-10T23-54-52-761Z,9,835d1df8-4a4c-417a-92bc-307e13ce0194,ToC_Cost_Elder,low_0.35,0.35,4800,716,-453828,false,0.00026655,3.22705,0.191,2847,0.25,600,153,103.26000000000002,1000
sim_layered_newflow_2026-07-10T23-54-52-761Z,9,835d1df8-4a4c-417a-92bc-307e13ce0194,ToC_Cost_Elder,low_0.35,0.35,4900,660,-568788,false,0.00024546,3.22705,0.191,2922,0.25,600,153,103.26000000000002,1000
sim_layered_newflow_2026-07-10T23-54-52-761Z,9,835d1df8-4a4c-417a-92bc-307e13ce0194,ToC_Cost_Elder,low_0.35,0.35,5000,608,-678571,false,0.00022604,3.22705,0.191,2997,0.25,600,153,103.26000000000002,1000
sim_layered_newflow_2026-07-10T23-54-52-761Z,9,835d1df8-4a4c-417a-92bc-307e13ce0194,ToC_Cost_Elder,low_0.35,0.35,5100,560,-783278,false,0.00020816,3.22705,0.191,3072,0.25,600,153,103.26000000000002,1000
sim_layered_newflow_2026-07-10T23-54-52-761Z,9,835d1df8-4a4c-417a-92bc-307e13ce0194,ToC_Cost_Elder,low_0.35,0.35,5200,515,-883023,false,0.00019169,3.22705,0.191,3147,0.25,600,153,103.26000000000002,1000
sim_layered_newflow_2026-07-10T23-54-52-761Z,9,835d1df8-4a4c-417a-92bc-307e13ce0194,ToC_Cost_Elder,low_0.35,0.35,5300,475,-977937,false,0.00017653,3.22705,0.191,3222,0.25,600,153,103.26000000000002,1000
sim_layered_newflow_2026-07-10T23-54-52-761Z,9,835d1df8-4a4c-417a-92bc-307e13ce0194,ToC_Cost_Elder,low_0.35,0.35,5400,437,-1068159,false,0.00016256,3.22705,0.191,3297,0.25,600,153,103.26000000000002,1000
sim_layered_newflow_2026-07-10T23-54-52-761Z,9,835d1df8-4a4c-417a-92bc-307e13ce0194,ToC_Cost_Elder,low_0.35,0.35,5500,402,-1153838,false,0.0001497,3.22705,0.191,3372,0.25,600,153,103.26000000000002,1000
sim_layered_newflow_2026-07-10T23-54-52-761Z,9,835d1df8-4a4c-417a-92bc-307e13ce0194,ToC_Cost_Elder,low_0.35,0.35,5600,371,-1235127,false,0.00013786,3.22705,0.191,3447,0.25,600,153,103.26000000000002,1000
sim_layered_newflow_2026-07-10T23-54-52-761Z,9,835d1df8-4a4c-417a-92bc-307e13ce0194,ToC_Cost_Elder,low_0.35,0.35,5700,341,-1312185,false,0.00012695,3.22705,0.191,3522,0.25,600,153,103.26000000000002,1000
sim_layered_newflow_2026-07-10T23-54-52-761Z,9,835d1df8-4a4c-417a-92bc-307e13ce0194,ToC_Cost_Elder,low_0.35,0.35,5800,314,-1385172,false,0.00011691,3.22705,0.191,3597,0.25,600,153,103.26000000000002,1000
sim_layered_newflow_2026-07-10T23-54-52-761Z,9,835d1df8-4a4c-417a-92bc-307e13ce0194,ToC_Cost_Elder,low_0.35,0.35,5900,289,-1454250,false,0.00010766,3.22705,0.191,3672,0.25,600,153,103.26000000000002,1000
sim_layered_newflow_2026-07-10T23-54-52-761Z,9,835d1df8-4a4c-417a-92bc-307e13ce0194,ToC_Cost_Elder,low_0.35,0.35,6000,266,-1519581,false,0.00009914,3.22705,0.191,3747,0.25,600,153,103.26000000000002,1000
sim_layered_newflow_2026-07-10T23-54-52-761Z,9,835d1df8-4a4c-417a-92bc-307e13ce0194,ToC_Cost_Elder,low_0.35,0.35,6100,245,-1581325,false,0.0000913,3.22705,0.191,3822,0.25,600,153,103.26000000000002,1000
sim_layered_newflow_2026-07-10T23-54-52-761Z,9,835d1df8-4a4c-417a-92bc-307e13ce0194,ToC_Cost_Elder,low_0.35,0.35,6200,226,-1639640,false,0.00008407,3.22705,0.191,3897,0.25,600,153,103.26000000000002,1000
sim_layered_newflow_2026-07-10T23-54-52-761Z,9,835d1df8-4a4c-417a-92bc-307e13ce0194,ToC_Cost_Elder,low_0.35,0.35,6300,208,-1694683,false,0.00007742,3.22705,0.191,3972,0.25,600,153,103.26000000000002,1000
sim_layered_newflow_2026-07-10T23-54-52-761Z,9,835d1df8-4a4c-417a-92bc-307e13ce0194,ToC_Cost_Elder,low_0.35,0.35,6400,192,-1746606,false,0.00007129,3.22705,0.191,4047,0.25,600,153,103.26000000000002,1000
sim_layered_newflow_2026-07-10T23-54-52-761Z,9,835d1df8-4a4c-417a-92bc-307e13ce0194,ToC_Cost_Elder,low_0.35,0.35,6500,176,-1795559,false,0.00006565,3.22705,0.191,4122,0.25,600,153,103.26000000000002,1000
sim_layered_newflow_2026-07-10T23-54-52-761Z,9,835d1df8-4a4c-417a-92bc-307e13ce0194,ToC_Cost_Elder,low_0.35,0.35,6600,163,-1841686,false,0.00006046,3.22705,0.191,4197,0.25,600,153,103.26000000000002,1000
sim_layered_newflow_2026-07-10T23-54-52-761Z,9,835d1df8-4a4c-417a-92bc-307e13ce0194,ToC_Cost_Elder,low_0.35,0.35,6700,150,-1885128,false,0.00005568,3.22705,0.191,4272,0.25,600,153,103.26000000000002,1000
sim_layered_newflow_2026-07-10T23-54-52-761Z,9,835d1df8-4a4c-417a-92bc-307e13ce0194,ToC_Cost_Elder,low_0.35,0.35,6800,138,-1926021,false,0.00005127,3.22705,0.191,4347,0.25,600,153,103.26000000000002,1000
sim_layered_newflow_2026-07-10T23-54-52-761Z,9,835d1df8-4a4c-417a-92bc-307e13ce0194,ToC_Cost_Elder,low_0.35,0.35,6900,127,-1964497,false,0.00004721,3.22705,0.191,4422,0.25,600,153,103.26000000000002,1000
sim_layered_newflow_2026-07-10T23-54-52-761Z,9,835d1df8-4a4c-417a-92bc-307e13ce0194,ToC_Cost_Elder,low_0.35,0.35,7000,117,-2000682,false,0.00004348,3.22705,0.191,4497,0.25,600,153,103.26000000000002,1000
sim_layered_newflow_2026-07-10T23-54-52-761Z,9,835d1df8-4a4c-417a-92bc-307e13ce0194,ToC_Cost_Elder,mid_0.50,0.5,1000,37108,-70291,false,0.01380501,4.0555,0.2585,-3,0.25,600,153,103.26000000000002,1000
sim_layered_newflow_2026-07-10T23-54-52-761Z,9,835d1df8-4a4c-417a-92bc-307e13ce0194,ToC_Cost_Elder,mid_0.50,0.5,1100,34209,2303033,true,0.01272658,4.0555,0.2585,72,0.25,600,153,103.26000000000002,1000
sim_layered_newflow_2026-07-10T23-54-52-761Z,9,835d1df8-4a4c-417a-92bc-307e13ce0194,ToC_Cost_Elder,mid_0.50,0.5,1200,31534,4289944,true,0.01173138,4.0555,0.2585,147,0.25,600,153,103.26000000000002,1000
sim_layered_newflow_2026-07-10T23-54-52-761Z,9,835d1df8-4a4c-417a-92bc-307e13ce0194,ToC_Cost_Elder,mid_0.50,0.5,1300,29066,5935873,true,0.01081316,4.0555,0.2585,222,0.25,600,153,103.26000000000002,1000
sim_layered_newflow_2026-07-10T23-54-52-761Z,9,835d1df8-4a4c-417a-92bc-307e13ce0194,ToC_Cost_Elder,mid_0.50,0.5,1400,26789,7281636,true,0.00996609,4.0555,0.2585,297,0.25,600,153,103.26000000000002,1000
sim_layered_newflow_2026-07-10T23-54-52-761Z,9,835d1df8-4a4c-417a-92bc-307e13ce0194,ToC_Cost_Elder,mid_0.50,0.5,1500,24689,8363852,true,0.00918475,4.0555,0.2585,372,0.25,600,153,103.26000000000002,1000
sim_layered_newflow_2026-07-10T23-54-52-761Z,9,835d1df8-4a4c-417a-92bc-307e13ce0194,ToC_Cost_Elder,mid_0.50,0.5,1600,22752,9215327,true,0.00846415,4.0555,0.2585,447,0.25,600,153,103.26000000000002,1000
sim_layered_newflow_2026-07-10T23-54-52-761Z,9,835d1df8-4a4c-417a-92bc-307e13ce0194,ToC_Cost_Elder,mid_0.50,0.5,1700,20965,9865416,true,0.00779964,4.0555,0.2585,522,0.25,600,153,103.26000000000002,1000
sim_layered_newflow_2026-07-10T23-54-52-761Z,9,835d1df8-4a4c-417a-92bc-307e13ce0194,ToC_Cost_Elder,mid_0.50,0.5,1800,19318,10340341,true,0.00718692,4.0555,0.2585,597,0.25,600,153,103.26000000000002,1000
sim_layered_newflow_2026-07-10T23-54-52-761Z,9,835d1df8-4a4c-417a-92bc-307e13ce0194,ToC_Cost_Elder,mid_0.50,0.5,1900,17800,10663496,true,0.00662201,4.0555,0.2585,672,0.25,600,153,103.26000000000002,1000
sim_layered_newflow_2026-07-10T23-54-52-761Z,9,835d1df8-4a4c-417a-92bc-307e13ce0194,ToC_Cost_Elder,mid_0.50,0.5,2000,16400,10855719,true,0.00610123,4.0555,0.2585,747,0.25,600,153,103.26000000000002,1000
sim_layered_newflow_2026-07-10T23-54-52-761Z,9,835d1df8-4a4c-417a-92bc-307e13ce0194,ToC_Cost_Elder,mid_0.50,0.5,2100,15110,10935537,true,0.00562118,4.0555,0.2585,822,0.25,600,153,103.26000000000002,1000
sim_layered_newflow_2026-07-10T23-54-52-761Z,9,835d1df8-4a4c-417a-92bc-307e13ce0194,ToC_Cost_Elder,mid_0.50,0.5,2200,13920,10919399,true,0.0051787,4.0555,0.2585,897,0.25,600,153,103.26000000000002,1000
sim_layered_newflow_2026-07-10T23-54-52-761Z,9,835d1df8-4a4c-417a-92bc-307e13ce0194,ToC_Cost_Elder,mid_0.50,0.5,2300,12824,10821883,true,0.00477088,4.0555,0.2585,972,0.25,600,153,103.26000000000002,1000
sim_layered_newflow_2026-07-10T23-54-52-761Z,9,835d1df8-4a4c-417a-92bc-307e13ce0194,ToC_Cost_Elder,mid_0.50,0.5,2400,11814,10655878,true,0.00439504,4.0555,0.2585,1047,0.25,600,153,103.26000000000002,1000
sim_layered_newflow_2026-07-10T23-54-52-761Z,9,835d1df8-4a4c-417a-92bc-307e13ce0194,ToC_Cost_Elder,mid_0.50,0.5,2500,10883,10432765,true,0.00404869,4.0555,0.2585,1122,0.25,600,153,103.26000000000002,1000
sim_layered_newflow_2026-07-10T23-54-52-761Z,9,835d1df8-4a4c-417a-92bc-307e13ce0194,ToC_Cost_Elder,mid_0.50,0.5,2600,10025,10162563,true,0.00372952,4.0555,0.2585,1197,0.25,600,153,103.26000000000002,1000
sim_layered_newflow_2026-07-10T23-54-52-761Z,9,835d1df8-4a4c-417a-92bc-307e13ce0194,ToC_Cost_Elder,mid_0.50,0.5,2700,9234,9854078,true,0.00343543,4.0555,0.2585,1272,0.25,600,153,103.26000000000002,1000
sim_layered_newflow_2026-07-10T23-54-52-761Z,9,835d1df8-4a4c-417a-92bc-307e13ce0194,ToC_Cost_Elder,mid_0.50,0.5,2800,8506,9515025,true,0.00316446,4.0555,0.2585,1347,0.25,600,153,103.26000000000002,1000
sim_layered_newflow_2026-07-10T23-54-52-761Z,9,835d1df8-4a4c-417a-92bc-307e13ce0194,ToC_Cost_Elder,mid_0.50,0.5,2900,7835,9152145,true,0.0029148,4.0555,0.2585,1422,0.25,600,153,103.26000000000002,1000
sim_layered_newflow_2026-07-10T23-54-52-761Z,9,835d1df8-4a4c-417a-92bc-307e13ce0194,ToC_Cost_Elder,mid_0.50,0.5,3000,7217,8771310,true,0.00268478,4.0555,0.2585,1497,0.25,600,153,103.26000000000002,1000
sim_layered_newflow_2026-07-10T23-54-52-761Z,9,835d1df8-4a4c-417a-92bc-307e13ce0194,ToC_Cost_Elder,mid_0.50,0.5,3100,6647,8377618,true,0.00247287,4.0555,0.2585,1572,0.25,600,153,103.26000000000002,1000
sim_layered_newflow_2026-07-10T23-54-52-761Z,9,835d1df8-4a4c-417a-92bc-307e13ce0194,ToC_Cost_Elder,mid_0.50,0.5,3200,6122,7975475,true,0.00227765,4.0555,0.2585,1647,0.25,600,153,103.26000000000002,1000
sim_layered_newflow_2026-07-10T23-54-52-761Z,9,835d1df8-4a4c-417a-92bc-307e13ce0194,ToC_Cost_Elder,mid_0.50,0.5,3300,5639,7568673,true,0.0020978,4.0555,0.2585,1722,0.25,600,153,103.26000000000002,1000
sim_layered_newflow_2026-07-10T23-54-52-761Z,9,835d1df8-4a4c-417a-92bc-307e13ce0194,ToC_Cost_Elder,mid_0.50,0.5,3400,5194,7160460,true,0.00193213,4.0555,0.2585,1797,0.25,600,153,103.26000000000002,1000
sim_layered_newflow_2026-07-10T23-54-52-761Z,9,835d1df8-4a4c-417a-92bc-307e13ce0194,ToC_Cost_Elder,mid_0.50,0.5,3500,4783,6753602,true,0.00177952,4.0555,0.2585,1872,0.25,600,153,103.26000000000002,1000
sim_layered_newflow_2026-07-10T23-54-52-761Z,9,835d1df8-4a4c-417a-92bc-307e13ce0194,ToC_Cost_Elder,mid_0.50,0.5,3600,4405,6350437,true,0.00163895,4.0555,0.2585,1947,0.25,600,153,103.26000000000002,1000
sim_layered_newflow_2026-07-10T23-54-52-761Z,9,835d1df8-4a4c-417a-92bc-307e13ce0194,ToC_Cost_Elder,mid_0.50,0.5,3700,4057,5952924,true,0.00150946,4.0555,0.2585,2022,0.25,600,153,103.26000000000002,1000
sim_layered_newflow_2026-07-10T23-54-52-761Z,9,835d1df8-4a4c-417a-92bc-307e13ce0194,ToC_Cost_Elder,mid_0.50,0.5,3800,3737,5562693,true,0.00139019,4.0555,0.2585,2097,0.25,600,153,103.26000000000002,1000
sim_layered_newflow_2026-07-10T23-54-52-761Z,9,835d1df8-4a4c-417a-92bc-307e13ce0194,ToC_Cost_Elder,mid_0.50,0.5,3900,3442,5181078,true,0.00128033,4.0555,0.2585,2172,0.25,600,153,103.26000000000002,1000
sim_layered_newflow_2026-07-10T23-54-52-761Z,9,835d1df8-4a4c-417a-92bc-307e13ce0194,ToC_Cost_Elder,mid_0.50,0.5,4000,3170,4809158,true,0.00117914,4.0555,0.2585,2247,0.25,600,153,103.26000000000002,1000
sim_layered_newflow_2026-07-10T23-54-52-761Z,9,835d1df8-4a4c-417a-92bc-307e13ce0194,ToC_Cost_Elder,mid_0.50,0.5,4100,2919,4447790,true,0.00108594,4.0555,0.2585,2322,0.25,600,153,103.26000000000002,1000
sim_layered_newflow_2026-07-10T23-54-52-761Z,9,835d1df8-4a4c-417a-92bc-307e13ce0194,ToC_Cost_Elder,mid_0.50,0.5,4200,2688,4097631,true,0.0010001,4.0555,0.2585,2397,0.25,600,153,103.26000000000002,1000
sim_layered_newflow_2026-07-10T23-54-52-761Z,9,835d1df8-4a4c-417a-92bc-307e13ce0194,ToC_Cost_Elder,mid_0.50,0.5,4300,2476,3759171,true,0.00092104,4.0555,0.2585,2472,0.25,600,153,103.26000000000002,1000
sim_layered_newflow_2026-07-10T23-54-52-761Z,9,835d1df8-4a4c-417a-92bc-307e13ce0194,ToC_Cost_Elder,mid_0.50,0.5,4400,2280,3432751,true,0.00084822,4.0555,0.2585,2547,0.25,600,153,103.26000000000002,1000
sim_layered_newflow_2026-07-10T23-54-52-761Z,9,835d1df8-4a4c-417a-92bc-307e13ce0194,ToC_Cost_Elder,mid_0.50,0.5,4500,2100,3118586,true,0.00078116,4.0555,0.2585,2622,0.25,600,153,103.26000000000002,1000
sim_layered_newflow_2026-07-10T23-54-52-761Z,9,835d1df8-4a4c-417a-92bc-307e13ce0194,ToC_Cost_Elder,mid_0.50,0.5,4600,1934,2816781,true,0.00071939,4.0555,0.2585,2697,0.25,600,153,103.26000000000002,1000
sim_layered_newflow_2026-07-10T23-54-52-761Z,9,835d1df8-4a4c-417a-92bc-307e13ce0194,ToC_Cost_Elder,mid_0.50,0.5,4700,1781,2527347,true,0.00066251,4.0555,0.2585,2772,0.25,600,153,103.26000000000002,1000
sim_layered_newflow_2026-07-10T23-54-52-761Z,9,835d1df8-4a4c-417a-92bc-307e13ce0194,ToC_Cost_Elder,mid_0.50,0.5,4800,1640,2250217,true,0.00061012,4.0555,0.2585,2847,0.25,600,153,103.26000000000002,1000
sim_layered_newflow_2026-07-10T23-54-52-761Z,9,835d1df8-4a4c-417a-92bc-307e13ce0194,ToC_Cost_Elder,mid_0.50,0.5,4900,1510,1985256,true,0.00056187,4.0555,0.2585,2922,0.25,600,153,103.26000000000002,1000
sim_layered_newflow_2026-07-10T23-54-52-761Z,9,835d1df8-4a4c-417a-92bc-307e13ce0194,ToC_Cost_Elder,mid_0.50,0.5,5000,1391,1732275,true,0.00051743,4.0555,0.2585,2997,0.25,600,153,103.26000000000002,1000
sim_layered_newflow_2026-07-10T23-54-52-761Z,9,835d1df8-4a4c-417a-92bc-307e13ce0194,ToC_Cost_Elder,mid_0.50,0.5,5100,1281,1491037,true,0.00047651,4.0555,0.2585,3072,0.25,600,153,103.26000000000002,1000
sim_layered_newflow_2026-07-10T23-54-52-761Z,9,835d1df8-4a4c-417a-92bc-307e13ce0194,ToC_Cost_Elder,mid_0.50,0.5,5200,1180,1261269,true,0.00043882,4.0555,0.2585,3147,0.25,600,153,103.26000000000002,1000
sim_layered_newflow_2026-07-10T23-54-52-761Z,9,835d1df8-4a4c-417a-92bc-307e13ce0194,ToC_Cost_Elder,mid_0.50,0.5,5300,1086,1042665,true,0.00040411,4.0555,0.2585,3222,0.25,600,153,103.26000000000002,1000
sim_layered_newflow_2026-07-10T23-54-52-761Z,9,835d1df8-4a4c-417a-92bc-307e13ce0194,ToC_Cost_Elder,mid_0.50,0.5,5400,1000,834899,true,0.00037215,4.0555,0.2585,3297,0.25,600,153,103.26000000000002,1000
sim_layered_newflow_2026-07-10T23-54-52-761Z,9,835d1df8-4a4c-417a-92bc-307e13ce0194,ToC_Cost_Elder,mid_0.50,0.5,5500,921,637624,true,0.00034271,4.0555,0.2585,3372,0.25,600,153,103.26000000000002,1000
sim_layered_newflow_2026-07-10T23-54-52-761Z,9,835d1df8-4a4c-417a-92bc-307e13ce0194,ToC_Cost_Elder,mid_0.50,0.5,5600,848,450481,true,0.0003156,4.0555,0.2585,3447,0.25,600,153,103.26000000000002,1000
sim_layered_newflow_2026-07-10T23-54-52-761Z,9,835d1df8-4a4c-417a-92bc-307e13ce0194,ToC_Cost_Elder,mid_0.50,0.5,5700,781,273103,true,0.00029064,4.0555,0.2585,3522,0.25,600,153,103.26000000000002,1000
sim_layered_newflow_2026-07-10T23-54-52-761Z,9,835d1df8-4a4c-417a-92bc-307e13ce0194,ToC_Cost_Elder,mid_0.50,0.5,5800,719,105116,true,0.00026765,4.0555,0.2585,3597,0.25,600,153,103.26000000000002,1000
sim_layered_newflow_2026-07-10T23-54-52-761Z,9,835d1df8-4a4c-417a-92bc-307e13ce0194,ToC_Cost_Elder,mid_0.50,0.5,5900,663,-53856,false,0.00024648,4.0555,0.2585,3672,0.25,600,153,103.26000000000002,1000
sim_layered_newflow_2026-07-10T23-54-52-761Z,9,835d1df8-4a4c-417a-92bc-307e13ce0194,ToC_Cost_Elder,mid_0.50,0.5,6000,610,-204186,false,0.00022698,4.0555,0.2585,3747,0.25,600,153,103.26000000000002,1000
sim_layered_newflow_2026-07-10T23-54-52-761Z,9,835d1df8-4a4c-417a-92bc-307e13ce0194,ToC_Cost_Elder,mid_0.50,0.5,6100,562,-346247,false,0.00020902,4.0555,0.2585,3822,0.25,600,153,103.26000000000002,1000
sim_layered_newflow_2026-07-10T23-54-52-761Z,9,835d1df8-4a4c-417a-92bc-307e13ce0194,ToC_Cost_Elder,mid_0.50,0.5,6200,517,-480407,false,0.00019249,4.0555,0.2585,3897,0.25,600,153,103.26000000000002,1000
sim_layered_newflow_2026-07-10T23-54-52-761Z,9,835d1df8-4a4c-417a-92bc-307e13ce0194,ToC_Cost_Elder,mid_0.50,0.5,6300,476,-607025,false,0.00017726,4.0555,0.2585,3972,0.25,600,153,103.26000000000002,1000
sim_layered_newflow_2026-07-10T23-54-52-761Z,9,835d1df8-4a4c-417a-92bc-307e13ce0194,ToC_Cost_Elder,mid_0.50,0.5,6400,439,-726456,false,0.00016323,4.0555,0.2585,4047,0.25,600,153,103.26000000000002,1000
sim_layered_newflow_2026-07-10T23-54-52-761Z,9,835d1df8-4a4c-417a-92bc-307e13ce0194,ToC_Cost_Elder,mid_0.50,0.5,6500,404,-839043,false,0.00015032,4.0555,0.2585,4122,0.25,600,153,103.26000000000002,1000
sim_layered_newflow_2026-07-10T23-54-52-761Z,9,835d1df8-4a4c-417a-92bc-307e13ce0194,ToC_Cost_Elder,mid_0.50,0.5,6600,372,-945122,false,0.00013843,4.0555,0.2585,4197,0.25,600,153,103.26000000000002,1000
sim_layered_newflow_2026-07-10T23-54-52-761Z,9,835d1df8-4a4c-417a-92bc-307e13ce0194,ToC_Cost_Elder,mid_0.50,0.5,6700,343,-1045018,false,0.00012748,4.0555,0.2585,4272,0.25,600,153,103.26000000000002,1000
sim_layered_newflow_2026-07-10T23-54-52-761Z,9,835d1df8-4a4c-417a-92bc-307e13ce0194,ToC_Cost_Elder,mid_0.50,0.5,6800,316,-1139045,false,0.00011739,4.0555,0.2585,4347,0.25,600,153,103.26000000000002,1000
sim_layered_newflow_2026-07-10T23-54-52-761Z,9,835d1df8-4a4c-417a-92bc-307e13ce0194,ToC_Cost_Elder,mid_0.50,0.5,6900,291,-1227506,false,0.0001081,4.0555,0.2585,4422,0.25,600,153,103.26000000000002,1000
sim_layered_newflow_2026-07-10T23-54-52-761Z,9,835d1df8-4a4c-417a-92bc-307e13ce0194,ToC_Cost_Elder,mid_0.50,0.5,7000,268,-1310694,false,0.00009955,4.0555,0.2585,4497,0.25,600,153,103.26000000000002,1000
sim_layered_newflow_2026-07-10T23-54-52-761Z,9,835d1df8-4a4c-417a-92bc-307e13ce0194,ToC_Cost_Elder,high_0.65,0.65,1000,83482,4256507,true,0.03105728,4.88395,0.326,-3,0.25,600,153,103.26000000000002,1000
sim_layered_newflow_2026-07-10T23-54-52-761Z,9,835d1df8-4a4c-417a-92bc-307e13ce0194,ToC_Cost_Elder,high_0.65,0.65,1100,77066,9514643,true,0.02867029,4.88395,0.326,72,0.25,600,153,103.26000000000002,1000
sim_layered_newflow_2026-07-10T23-54-52-761Z,9,835d1df8-4a4c-417a-92bc-307e13ce0194,ToC_Cost_Elder,high_0.65,0.65,1200,71129,13921304,true,0.02646175,4.88395,0.326,147,0.25,600,153,103.26000000000002,1000
sim_layered_newflow_2026-07-10T23-54-52-761Z,9,835d1df8-4a4c-417a-92bc-307e13ce0194,ToC_Cost_Elder,high_0.65,0.65,1300,65638,17574044,true,0.02441906,4.88395,0.326,222,0.25,600,153,103.26000000000002,1000
sim_layered_newflow_2026-07-10T23-54-52-761Z,9,835d1df8-4a4c-417a-92bc-307e13ce0194,ToC_Cost_Elder,high_0.65,0.65,1400,60562,20561058,true,0.02253041,4.88395,0.326,297,0.25,600,153,103.26000000000002,1000
sim_layered_newflow_2026-07-10T23-54-52-761Z,9,835d1df8-4a4c-417a-92bc-307e13ce0194,ToC_Cost_Elder,high_0.65,0.65,1500,55869,22961925,true,0.02078472,4.88395,0.326,372,0.25,600,153,103.26000000000002,1000
sim_layered_newflow_2026-07-10T23-54-52-761Z,9,835d1df8-4a4c-417a-92bc-307e13ce0194,ToC_Cost_Elder,high_0.65,0.65,1600,51533,24848316,true,0.01917163,4.88395,0.326,447,0.25,600,153,103.26000000000002,1000
sim_layered_newflow_2026-07-10T23-54-52-761Z,9,835d1df8-4a4c-417a-92bc-307e13ce0194,ToC_Cost_Elder,high_0.65,0.65,1700,47528,26284663,true,0.01768148,4.88395,0.326,522,0.25,600,153,103.26000000000002,1000
sim_layered_newflow_2026-07-10T23-54-52-761Z,9,835d1df8-4a4c-417a-92bc-307e13ce0194,ToC_Cost_Elder,high_0.65,0.65,1800,43828,27328775,true,0.01630522,4.88395,0.326,597,0.25,600,153,103.26000000000002,1000
sim_layered_newflow_2026-07-10T23-54-52-761Z,9,835d1df8-4a4c-417a-92bc-307e13ce0194,ToC_Cost_Elder,high_0.65,0.65,1900,40413,28032428,true,0.01503445,4.88395,0.326,672,0.25,600,153,103.26000000000002,1000
sim_layered_newflow_2026-07-10T23-54-52-761Z,9,835d1df8-4a4c-417a-92bc-307e13ce0194,ToC_Cost_Elder,high_0.65,0.65,2000,37259,28441900,true,0.01386132,4.88395,0.326,747,0.25,600,153,103.26000000000002,1000
sim_layered_newflow_2026-07-10T23-54-52-761Z,9,835d1df8-4a4c-417a-92bc-307e13ce0194,ToC_Cost_Elder,high_0.65,0.65,2100,34349,28598480,true,0.01277854,4.88395,0.326,822,0.25,600,153,103.26000000000002,1000
sim_layered_newflow_2026-07-10T23-54-52-761Z,9,835d1df8-4a4c-417a-92bc-307e13ce0194,ToC_Cost_Elder,high_0.65,0.65,2200,31663,28538927,true,0.01177934,4.88395,0.326,897,0.25,600,153,103.26000000000002,1000
sim_layered_newflow_2026-07-10T23-54-52-761Z,9,835d1df8-4a4c-417a-92bc-307e13ce0194,ToC_Cost_Elder,high_0.65,0.65,2300,29185,28295902,true,0.0108574,4.88395,0.326,972,0.25,600,153,103.26000000000002,1000
sim_layered_newflow_2026-07-10T23-54-52-761Z,9,835d1df8-4a4c-417a-92bc-307e13ce0194,ToC_Cost_Elder,high_0.65,0.65,2400,26899,27898361,true,0.01000689,4.88395,0.326,1047,0.25,600,153,103.26000000000002,1000
sim_layered_newflow_2026-07-10T23-54-52-761Z,9,835d1df8-4a4c-417a-92bc-307e13ce0194,ToC_Cost_Elder,high_0.65,0.65,2500,24790,27371916,true,0.00922239,4.88395,0.326,1122,0.25,600,153,103.26000000000002,1000
sim_layered_newflow_2026-07-10T23-54-52-761Z,9,835d1df8-4a4c-417a-92bc-307e13ce0194,ToC_Cost_Elder,high_0.65,0.65,2600,22845,26739166,true,0.00849886,4.88395,0.326,1197,0.25,600,153,103.26000000000002,1000
sim_layered_newflow_2026-07-10T23-54-52-761Z,9,835d1df8-4a4c-417a-92bc-307e13ce0194,ToC_Cost_Elder,high_0.65,0.65,2700,21051,26020003,true,0.00783164,4.88395,0.326,1272,0.25,600,153,103.26000000000002,1000
sim_layered_newflow_2026-07-10T23-54-52-761Z,9,835d1df8-4a4c-417a-92bc-307e13ce0194,ToC_Cost_Elder,high_0.65,0.65,2800,19398,25231880,true,0.00721643,4.88395,0.326,1347,0.25,600,153,103.26000000000002,1000
sim_layered_newflow_2026-07-10T23-54-52-761Z,9,835d1df8-4a4c-417a-92bc-307e13ce0194,ToC_Cost_Elder,high_0.65,0.65,2900,17873,24390073,true,0.00664922,4.88395,0.326,1422,0.25,600,153,103.26000000000002,1000
sim_layered_newflow_2026-07-10T23-54-52-761Z,9,835d1df8-4a4c-417a-92bc-307e13ce0194,ToC_Cost_Elder,high_0.65,0.65,3000,16468,23507901,true,0.00612631,4.88395,0.326,1497,0.25,600,153,103.26000000000002,1000
sim_layered_newflow_2026-07-10T23-54-52-761Z,9,835d1df8-4a4c-417a-92bc-307e13ce0194,ToC_Cost_Elder,high_0.65,0.65,3100,15172,22596936,true,0.0056443,4.88395,0.326,1572,0.25,600,153,103.26000000000002,1000
sim_layered_newflow_2026-07-10T23-54-52-761Z,9,835d1df8-4a4c-417a-92bc-307e13ce0194,ToC_Cost_Elder,high_0.65,0.65,3200,13978,21667193,true,0.00520001,4.88395,0.326,1647,0.25,600,153,103.26000000000002,1000
sim_layered_newflow_2026-07-10T23-54-52-761Z,9,835d1df8-4a4c-417a-92bc-307e13ce0194,ToC_Cost_Elder,high_0.65,0.65,3300,12877,20727299,true,0.00479052,4.88395,0.326,1722,0.25,600,153,103.26000000000002,1000
sim_layered_newflow_2026-07-10T23-54-52-761Z,9,835d1df8-4a4c-417a-92bc-307e13ce0194,ToC_Cost_Elder,high_0.65,0.65,3400,11863,19784643,true,0.00441314,4.88395,0.326,1797,0.25,600,153,103.26000000000002,1000
sim_layered_newflow_2026-07-10T23-54-52-761Z,9,835d1df8-4a4c-417a-92bc-307e13ce0194,ToC_Cost_Elder,high_0.65,0.65,3500,10928,18845522,true,0.00406536,4.88395,0.326,1872,0.25,600,153,103.26000000000002,1000
sim_layered_newflow_2026-07-10T23-54-52-761Z,9,835d1df8-4a4c-417a-92bc-307e13ce0194,ToC_Cost_Elder,high_0.65,0.65,3600,10066,17915258,true,0.00374489,4.88395,0.326,1947,0.25,600,153,103.26000000000002,1000
sim_layered_newflow_2026-07-10T23-54-52-761Z,9,835d1df8-4a4c-417a-92bc-307e13ce0194,ToC_Cost_Elder,high_0.65,0.65,3700,9273,16998317,true,0.0034496,4.88395,0.326,2022,0.25,600,153,103.26000000000002,1000
sim_layered_newflow_2026-07-10T23-54-52-761Z,9,835d1df8-4a4c-417a-92bc-307e13ce0194,ToC_Cost_Elder,high_0.65,0.65,3800,8541,16098407,true,0.00317751,4.88395,0.326,2097,0.25,600,153,103.26000000000002,1000
sim_layered_newflow_2026-07-10T23-54-52-761Z,9,835d1df8-4a4c-417a-92bc-307e13ce0194,ToC_Cost_Elder,high_0.65,0.65,3900,7867,15218569,true,0.00292682,4.88395,0.326,2172,0.25,600,153,103.26000000000002,1000
sim_layered_newflow_2026-07-10T23-54-52-761Z,9,835d1df8-4a4c-417a-92bc-307e13ce0194,ToC_Cost_Elder,high_0.65,0.65,4000,7246,14361258,true,0.00269586,4.88395,0.326,2247,0.25,600,153,103.26000000000002,1000
sim_layered_newflow_2026-07-10T23-54-52-761Z,9,835d1df8-4a4c-417a-92bc-307e13ce0194,ToC_Cost_Elder,high_0.65,0.65,4100,6675,13528419,true,0.00248307,4.88395,0.326,2322,0.25,600,153,103.26000000000002,1000
sim_layered_newflow_2026-07-10T23-54-52-761Z,9,835d1df8-4a4c-417a-92bc-307e13ce0194,ToC_Cost_Elder,high_0.65,0.65,4200,6148,12721548,true,0.00228705,4.88395,0.326,2397,0.25,600,153,103.26000000000002,1000
sim_layered_newflow_2026-07-10T23-54-52-761Z,9,835d1df8-4a4c-417a-92bc-307e13ce0194,ToC_Cost_Elder,high_0.65,0.65,4300,5662,11941751,true,0.00210646,4.88395,0.326,2472,0.25,600,153,103.26000000000002,1000
sim_layered_newflow_2026-07-10T23-54-52-761Z,9,835d1df8-4a4c-417a-92bc-307e13ce0194,ToC_Cost_Elder,high_0.65,0.65,4400,5215,11189799,true,0.00194011,4.88395,0.326,2547,0.25,600,153,103.26000000000002,1000
sim_layered_newflow_2026-07-10T23-54-52-761Z,9,835d1df8-4a4c-417a-92bc-307e13ce0194,ToC_Cost_Elder,high_0.65,0.65,4500,4803,10466172,true,0.00178687,4.88395,0.326,2622,0.25,600,153,103.26000000000002,1000
sim_layered_newflow_2026-07-10T23-54-52-761Z,9,835d1df8-4a4c-417a-92bc-307e13ce0194,ToC_Cost_Elder,high_0.65,0.65,4600,4424,9771098,true,0.00164572,4.88395,0.326,2697,0.25,600,153,103.26000000000002,1000
sim_layered_newflow_2026-07-10T23-54-52-761Z,9,835d1df8-4a4c-417a-92bc-307e13ce0194,ToC_Cost_Elder,high_0.65,0.65,4700,4074,9104593,true,0.00151569,4.88395,0.326,2772,0.25,600,153,103.26000000000002,1000
sim_layered_newflow_2026-07-10T23-54-52-761Z,9,835d1df8-4a4c-417a-92bc-307e13ce0194,ToC_Cost_Elder,high_0.65,0.65,4800,3752,8466491,true,0.00139593,4.88395,0.326,2847,0.25,600,153,103.26000000000002,1000
sim_layered_newflow_2026-07-10T23-54-52-761Z,9,835d1df8-4a4c-417a-92bc-307e13ce0194,ToC_Cost_Elder,high_0.65,0.65,4900,3456,7856475,true,0.00128562,4.88395,0.326,2922,0.25,600,153,103.26000000000002,1000
sim_layered_newflow_2026-07-10T23-54-52-761Z,9,835d1df8-4a4c-417a-92bc-307e13ce0194,ToC_Cost_Elder,high_0.65,0.65,5000,3183,7274097,true,0.00118401,4.88395,0.326,2997,0.25,600,153,103.26000000000002,1000
sim_layered_newflow_2026-07-10T23-54-52-761Z,9,835d1df8-4a4c-417a-92bc-307e13ce0194,ToC_Cost_Elder,high_0.65,0.65,5100,2931,6718807,true,0.00109043,4.88395,0.326,3072,0.25,600,153,103.26000000000002,1000
sim_layered_newflow_2026-07-10T23-54-52-761Z,9,835d1df8-4a4c-417a-92bc-307e13ce0194,ToC_Cost_Elder,high_0.65,0.65,5200,2699,6189968,true,0.00100423,4.88395,0.326,3147,0.25,600,153,103.26000000000002,1000
sim_layered_newflow_2026-07-10T23-54-52-761Z,9,835d1df8-4a4c-417a-92bc-307e13ce0194,ToC_Cost_Elder,high_0.65,0.65,5300,2486,5686871,true,0.00092485,4.88395,0.326,3222,0.25,600,153,103.26000000000002,1000
sim_layered_newflow_2026-07-10T23-54-52-761Z,9,835d1df8-4a4c-417a-92bc-307e13ce0194,ToC_Cost_Elder,high_0.65,0.65,5400,2289,5208759,true,0.00085173,4.88395,0.326,3297,0.25,600,153,103.26000000000002,1000
sim_layered_newflow_2026-07-10T23-54-52-761Z,9,835d1df8-4a4c-417a-92bc-307e13ce0194,ToC_Cost_Elder,high_0.65,0.65,5500,2108,4754827,true,0.00078439,4.88395,0.326,3372,0.25,600,153,103.26000000000002,1000
sim_layered_newflow_2026-07-10T23-54-52-761Z,9,835d1df8-4a4c-417a-92bc-307e13ce0194,ToC_Cost_Elder,high_0.65,0.65,5600,1942,4324247,true,0.00072237,4.88395,0.326,3447,0.25,600,153,103.26000000000002,1000
sim_layered_newflow_2026-07-10T23-54-52-761Z,9,835d1df8-4a4c-417a-92bc-307e13ce0194,ToC_Cost_Elder,high_0.65,0.65,5700,1788,3916166,true,0.00066525,4.88395,0.326,3522,0.25,600,153,103.26000000000002,1000
sim_layered_newflow_2026-07-10T23-54-52-761Z,9,835d1df8-4a4c-417a-92bc-307e13ce0194,ToC_Cost_Elder,high_0.65,0.65,5800,1647,3529720,true,0.00061264,4.88395,0.326,3597,0.25,600,153,103.26000000000002,1000
sim_layered_newflow_2026-07-10T23-54-52-761Z,9,835d1df8-4a4c-417a-92bc-307e13ce0194,ToC_Cost_Elder,high_0.65,0.65,5900,1517,3164044,true,0.00056419,4.88395,0.326,3672,0.25,600,153,103.26000000000002,1000
sim_layered_newflow_2026-07-10T23-54-52-761Z,9,835d1df8-4a4c-417a-92bc-307e13ce0194,ToC_Cost_Elder,high_0.65,0.65,6000,1397,2818270,true,0.00051957,4.88395,0.326,3747,0.25,600,153,103.26000000000002,1000
sim_layered_newflow_2026-07-10T23-54-52-761Z,9,835d1df8-4a4c-417a-92bc-307e13ce0194,ToC_Cost_Elder,high_0.65,0.65,6100,1286,2491541,true,0.00047848,4.88395,0.326,3822,0.25,600,153,103.26000000000002,1000
sim_layered_newflow_2026-07-10T23-54-52-761Z,9,835d1df8-4a4c-417a-92bc-307e13ce0194,ToC_Cost_Elder,high_0.65,0.65,6200,1184,2183007,true,0.00044064,4.88395,0.326,3897,0.25,600,153,103.26000000000002,1000
sim_layered_newflow_2026-07-10T23-54-52-761Z,9,835d1df8-4a4c-417a-92bc-307e13ce0194,ToC_Cost_Elder,high_0.65,0.65,6300,1091,1891837,true,0.00040579,4.88395,0.326,3972,0.25,600,153,103.26000000000002,1000
sim_layered_newflow_2026-07-10T23-54-52-761Z,9,835d1df8-4a4c-417a-92bc-307e13ce0194,ToC_Cost_Elder,high_0.65,0.65,6400,1004,1617215,true,0.00037369,4.88395,0.326,4047,0.25,600,153,103.26000000000002,1000
sim_layered_newflow_2026-07-10T23-54-52-761Z,9,835d1df8-4a4c-417a-92bc-307e13ce0194,ToC_Cost_Elder,high_0.65,0.65,6500,925,1358346,true,0.00034413,4.88395,0.326,4122,0.25,600,153,103.26000000000002,1000
sim_layered_newflow_2026-07-10T23-54-52-761Z,9,835d1df8-4a4c-417a-92bc-307e13ce0194,ToC_Cost_Elder,high_0.65,0.65,6600,852,1114457,true,0.00031691,4.88395,0.326,4197,0.25,600,153,103.26000000000002,1000
sim_layered_newflow_2026-07-10T23-54-52-761Z,9,835d1df8-4a4c-417a-92bc-307e13ce0194,ToC_Cost_Elder,high_0.65,0.65,6700,784,884798,true,0.00029184,4.88395,0.326,4272,0.25,600,153,103.26000000000002,1000
sim_layered_newflow_2026-07-10T23-54-52-761Z,9,835d1df8-4a4c-417a-92bc-307e13ce0194,ToC_Cost_Elder,high_0.65,0.65,6800,722,668646,true,0.00026875,4.88395,0.326,4347,0.25,600,153,103.26000000000002,1000
sim_layered_newflow_2026-07-10T23-54-52-761Z,9,835d1df8-4a4c-417a-92bc-307e13ce0194,ToC_Cost_Elder,high_0.65,0.65,6900,665,465302,true,0.00024749,4.88395,0.326,4422,0.25,600,153,103.26000000000002,1000
sim_layered_newflow_2026-07-10T23-54-52-761Z,9,835d1df8-4a4c-417a-92bc-307e13ce0194,ToC_Cost_Elder,high_0.65,0.65,7000,613,274091,true,0.00022792,4.88395,0.326,4497,0.25,600,153,103.26000000000002,1000
sim_layered_newflow_2026-07-10T23-54-52-761Z,10,bf2e38a0-7c6b-4324-9585-6460ab127426,ToC_Cost_Adult,actual_7_10,0.4375,1000,9573,-3692029,false,0.00330332,2.546312,0.104375,-129,0.25,600,279,134.64000000000001,4000
sim_layered_newflow_2026-07-10T23-54-52-761Z,10,bf2e38a0-7c6b-4324-9585-6460ab127426,ToC_Cost_Adult,actual_7_10,0.4375,1100,8878,-2964789,false,0.00306358,2.546312,0.104375,-54,0.25,600,279,134.64000000000001,4000
sim_layered_newflow_2026-07-10T23-54-52-761Z,10,bf2e38a0-7c6b-4324-9585-6460ab127426,ToC_Cost_Adult,actual_7_10,0.4375,1200,8234,-2338662,false,0.00284119,2.546312,0.104375,21,0.25,600,279,134.64000000000001,4000
sim_layered_newflow_2026-07-10T23-54-52-761Z,10,bf2e38a0-7c6b-4324-9585-6460ab127426,ToC_Cost_Adult,actual_7_10,0.4375,1300,7636,-1802830,false,0.00263491,2.546312,0.104375,96,0.25,600,279,134.64000000000001,4000
sim_layered_newflow_2026-07-10T23-54-52-761Z,10,bf2e38a0-7c6b-4324-9585-6460ab127426,ToC_Cost_Adult,actual_7_10,0.4375,1400,7081,-1347506,false,0.00244356,2.546312,0.104375,171,0.25,600,279,134.64000000000001,4000
sim_layered_newflow_2026-07-10T23-54-52-761Z,10,bf2e38a0-7c6b-4324-9585-6460ab127426,ToC_Cost_Adult,actual_7_10,0.4375,1500,6567,-963842,false,0.00226608,2.546312,0.104375,246,0.25,600,279,134.64000000000001,4000
sim_layered_newflow_2026-07-10T23-54-52-761Z,10,bf2e38a0-7c6b-4324-9585-6460ab127426,ToC_Cost_Adult,actual_7_10,0.4375,1600,6090,-643847,false,0.00210146,2.546312,0.104375,321,0.25,600,279,134.64000000000001,4000
sim_layered_newflow_2026-07-10T23-54-52-761Z,10,bf2e38a0-7c6b-4324-9585-6460ab127426,ToC_Cost_Adult,actual_7_10,0.4375,1700,5648,-380308,false,0.00194878,2.546312,0.104375,396,0.25,600,279,134.64000000000001,4000
sim_layered_newflow_2026-07-10T23-54-52-761Z,10,bf2e38a0-7c6b-4324-9585-6460ab127426,ToC_Cost_Adult,actual_7_10,0.4375,1800,5237,-166721,false,0.00180717,2.546312,0.104375,471,0.25,600,279,134.64000000000001,4000
sim_layered_newflow_2026-07-10T23-54-52-761Z,10,bf2e38a0-7c6b-4324-9585-6460ab127426,ToC_Cost_Adult,actual_7_10,0.4375,1900,4857,2774,true,0.00167583,2.546312,0.104375,546,0.25,600,279,134.64000000000001,4000
sim_layered_newflow_2026-07-10T23-54-52-761Z,10,bf2e38a0-7c6b-4324-9585-6460ab127426,ToC_Cost_Adult,actual_7_10,0.4375,2000,4504,133451,true,0.00155402,2.546312,0.104375,621,0.25,600,279,134.64000000000001,4000
sim_layered_newflow_2026-07-10T23-54-52-761Z,10,bf2e38a0-7c6b-4324-9585-6460ab127426,ToC_Cost_Adult,actual_7_10,0.4375,2100,4176,230052,true,0.00144106,2.546312,0.104375,696,0.25,600,279,134.64000000000001,4000
sim_layered_newflow_2026-07-10T23-54-52-761Z,10,bf2e38a0-7c6b-4324-9585-6460ab127426,ToC_Cost_Adult,actual_7_10,0.4375,2200,3873,296837,true,0.00133629,2.546312,0.104375,771,0.25,600,279,134.64000000000001,4000
sim_layered_newflow_2026-07-10T23-54-52-761Z,10,bf2e38a0-7c6b-4324-9585-6460ab127426,ToC_Cost_Adult,actual_7_10,0.4375,2300,3591,337627,true,0.00123913,2.546312,0.104375,846,0.25,600,279,134.64000000000001,4000
sim_layered_newflow_2026-07-10T23-54-52-761Z,10,bf2e38a0-7c6b-4324-9585-6460ab127426,ToC_Cost_Adult,actual_7_10,0.4375,2400,3330,355846,true,0.00114903,2.546312,0.104375,921,0.25,600,279,134.64000000000001,4000
sim_layered_newflow_2026-07-10T23-54-52-761Z,10,bf2e38a0-7c6b-4324-9585-6460ab127426,ToC_Cost_Adult,actual_7_10,0.4375,2500,3088,354560,true,0.00106548,2.546312,0.104375,996,0.25,600,279,134.64000000000001,4000
sim_layered_newflow_2026-07-10T23-54-52-761Z,10,bf2e38a0-7c6b-4324-9585-6460ab127426,ToC_Cost_Adult,actual_7_10,0.4375,2600,2863,336508,true,0.00098799,2.546312,0.104375,1071,0.25,600,279,134.64000000000001,4000
sim_layered_newflow_2026-07-10T23-54-52-761Z,10,bf2e38a0-7c6b-4324-9585-6460ab127426,ToC_Cost_Adult,actual_7_10,0.4375,2700,2655,304134,true,0.00091613,2.546312,0.104375,1146,0.25,600,279,134.64000000000001,4000
sim_layered_newflow_2026-07-10T23-54-52-761Z,10,bf2e38a0-7c6b-4324-9585-6460ab127426,ToC_Cost_Adult,actual_7_10,0.4375,2800,2462,259616,true,0.0008495,2.546312,0.104375,1221,0.25,600,279,134.64000000000001,4000
sim_layered_newflow_2026-07-10T23-54-52-761Z,10,bf2e38a0-7c6b-4324-9585-6460ab127426,ToC_Cost_Adult,actual_7_10,0.4375,2900,2283,204891,true,0.0007877,2.546312,0.104375,1296,0.25,600,279,134.64000000000001,4000
sim_layered_newflow_2026-07-10T23-54-52-761Z,10,bf2e38a0-7c6b-4324-9585-6460ab127426,ToC_Cost_Adult,actual_7_10,0.4375,3000,2117,141680,true,0.0007304,2.546312,0.104375,1371,0.25,600,279,134.64000000000001,4000
sim_layered_newflow_2026-07-10T23-54-52-761Z,10,bf2e38a0-7c6b-4324-9585-6460ab127426,ToC_Cost_Adult,actual_7_10,0.4375,3100,1963,71507,true,0.00067727,2.546312,0.104375,1446,0.25,600,279,134.64000000000001,4000
sim_layered_newflow_2026-07-10T23-54-52-761Z,10,bf2e38a0-7c6b-4324-9585-6460ab127426,ToC_Cost_Adult,actual_7_10,0.4375,3200,1820,-4281,false,0.00062799,2.546312,0.104375,1521,0.25,600,279,134.64000000000001,4000
sim_layered_newflow_2026-07-10T23-54-52-761Z,10,bf2e38a0-7c6b-4324-9585-6460ab127426,ToC_Cost_Adult,actual_7_10,0.4375,3300,1688,-84496,false,0.0005823,2.546312,0.104375,1596,0.25,600,279,134.64000000000001,4000
sim_layered_newflow_2026-07-10T23-54-52-761Z,10,bf2e38a0-7c6b-4324-9585-6460ab127426,ToC_Cost_Adult,actual_7_10,0.4375,3400,1565,-168092,false,0.00053994,2.546312,0.104375,1671,0.25,600,279,134.64000000000001,4000
sim_layered_newflow_2026-07-10T23-54-52-761Z,10,bf2e38a0-7c6b-4324-9585-6460ab127426,ToC_Cost_Adult,actual_7_10,0.4375,3500,1451,-254152,false,0.00050065,2.546312,0.104375,1746,0.25,600,279,134.64000000000001,4000
sim_layered_newflow_2026-07-10T23-54-52-761Z,10,bf2e38a0-7c6b-4324-9585-6460ab127426,ToC_Cost_Adult,actual_7_10,0.4375,3600,1345,-341874,false,0.00046422,2.546312,0.104375,1821,0.25,600,279,134.64000000000001,4000
sim_layered_newflow_2026-07-10T23-54-52-761Z,10,bf2e38a0-7c6b-4324-9585-6460ab127426,ToC_Cost_Adult,actual_7_10,0.4375,3700,1247,-430562,false,0.00043044,2.546312,0.104375,1896,0.25,600,279,134.64000000000001,4000
sim_layered_newflow_2026-07-10T23-54-52-761Z,10,bf2e38a0-7c6b-4324-9585-6460ab127426,ToC_Cost_Adult,actual_7_10,0.4375,3800,1157,-519610,false,0.00039912,2.546312,0.104375,1971,0.25,600,279,134.64000000000001,4000
sim_layered_newflow_2026-07-10T23-54-52-761Z,10,bf2e38a0-7c6b-4324-9585-6460ab127426,ToC_Cost_Adult,actual_7_10,0.4375,3900,1072,-608496,false,0.00037008,2.546312,0.104375,2046,0.25,600,279,134.64000000000001,4000
sim_layered_newflow_2026-07-10T23-54-52-761Z,10,bf2e38a0-7c6b-4324-9585-6460ab127426,ToC_Cost_Adult,actual_7_10,0.4375,4000,994,-696772,false,0.00034314,2.546312,0.104375,2121,0.25,600,279,134.64000000000001,4000
sim_layered_newflow_2026-07-10T23-54-52-761Z,10,bf2e38a0-7c6b-4324-9585-6460ab127426,ToC_Cost_Adult,actual_7_10,0.4375,4100,922,-784055,false,0.00031817,2.546312,0.104375,2196,0.25,600,279,134.64000000000001,4000
sim_layered_newflow_2026-07-10T23-54-52-761Z,10,bf2e38a0-7c6b-4324-9585-6460ab127426,ToC_Cost_Adult,actual_7_10,0.4375,4200,855,-870022,false,0.00029502,2.546312,0.104375,2271,0.25,600,279,134.64000000000001,4000
sim_layered_newflow_2026-07-10T23-54-52-761Z,10,bf2e38a0-7c6b-4324-9585-6460ab127426,ToC_Cost_Adult,actual_7_10,0.4375,4300,793,-954402,false,0.00027355,2.546312,0.104375,2346,0.25,600,279,134.64000000000001,4000
sim_layered_newflow_2026-07-10T23-54-52-761Z,10,bf2e38a0-7c6b-4324-9585-6460ab127426,ToC_Cost_Adult,actual_7_10,0.4375,4400,735,-1036972,false,0.00025364,2.546312,0.104375,2421,0.25,600,279,134.64000000000001,4000
sim_layered_newflow_2026-07-10T23-54-52-761Z,10,bf2e38a0-7c6b-4324-9585-6460ab127426,ToC_Cost_Adult,actual_7_10,0.4375,4500,682,-1117547,false,0.00023518,2.546312,0.104375,2496,0.25,600,279,134.64000000000001,4000
sim_layered_newflow_2026-07-10T23-54-52-761Z,10,bf2e38a0-7c6b-4324-9585-6460ab127426,ToC_Cost_Adult,actual_7_10,0.4375,4600,632,-1195980,false,0.00021806,2.546312,0.104375,2571,0.25,600,279,134.64000000000001,4000
sim_layered_newflow_2026-07-10T23-54-52-761Z,10,bf2e38a0-7c6b-4324-9585-6460ab127426,ToC_Cost_Adult,actual_7_10,0.4375,4700,586,-1272156,false,0.00020219,2.546312,0.104375,2646,0.25,600,279,134.64000000000001,4000
sim_layered_newflow_2026-07-10T23-54-52-761Z,10,bf2e38a0-7c6b-4324-9585-6460ab127426,ToC_Cost_Adult,actual_7_10,0.4375,4800,543,-1345988,false,0.00018747,2.546312,0.104375,2721,0.25,600,279,134.64000000000001,4000
sim_layered_newflow_2026-07-10T23-54-52-761Z,10,bf2e38a0-7c6b-4324-9585-6460ab127426,ToC_Cost_Adult,actual_7_10,0.4375,4900,504,-1417413,false,0.00017383,2.546312,0.104375,2796,0.25,600,279,134.64000000000001,4000
sim_layered_newflow_2026-07-10T23-54-52-761Z,10,bf2e38a0-7c6b-4324-9585-6460ab127426,ToC_Cost_Adult,actual_7_10,0.4375,5000,467,-1486391,false,0.00016118,2.546312,0.104375,2871,0.25,600,279,134.64000000000001,4000
sim_layered_newflow_2026-07-10T23-54-52-761Z,10,bf2e38a0-7c6b-4324-9585-6460ab127426,ToC_Cost_Adult,actual_7_10,0.4375,5100,433,-1552900,false,0.00014945,2.546312,0.104375,2946,0.25,600,279,134.64000000000001,4000
sim_layered_newflow_2026-07-10T23-54-52-761Z,10,bf2e38a0-7c6b-4324-9585-6460ab127426,ToC_Cost_Adult,actual_7_10,0.4375,5200,402,-1616933,false,0.00013857,2.546312,0.104375,3021,0.25,600,279,134.64000000000001,4000
sim_layered_newflow_2026-07-10T23-54-52-761Z,10,bf2e38a0-7c6b-4324-9585-6460ab127426,ToC_Cost_Adult,actual_7_10,0.4375,5300,372,-1678498,false,0.00012848,2.546312,0.104375,3096,0.25,600,279,134.64000000000001,4000
sim_layered_newflow_2026-07-10T23-54-52-761Z,10,bf2e38a0-7c6b-4324-9585-6460ab127426,ToC_Cost_Adult,actual_7_10,0.4375,5400,345,-1737615,false,0.00011913,2.546312,0.104375,3171,0.25,600,279,134.64000000000001,4000
sim_layered_newflow_2026-07-10T23-54-52-761Z,10,bf2e38a0-7c6b-4324-9585-6460ab127426,ToC_Cost_Adult,actual_7_10,0.4375,5500,320,-1794315,false,0.00011046,2.546312,0.104375,3246,0.25,600,279,134.64000000000001,4000
sim_layered_newflow_2026-07-10T23-54-52-761Z,10,bf2e38a0-7c6b-4324-9585-6460ab127426,ToC_Cost_Adult,actual_7_10,0.4375,5600,297,-1848636,false,0.00010242,2.546312,0.104375,3321,0.25,600,279,134.64000000000001,4000
sim_layered_newflow_2026-07-10T23-54-52-761Z,10,bf2e38a0-7c6b-4324-9585-6460ab127426,ToC_Cost_Adult,actual_7_10,0.4375,5700,275,-1900623,false,0.00009496,2.546312,0.104375,3396,0.25,600,279,134.64000000000001,4000
sim_layered_newflow_2026-07-10T23-54-52-761Z,10,bf2e38a0-7c6b-4324-9585-6460ab127426,ToC_Cost_Adult,actual_7_10,0.4375,5800,255,-1950330,false,0.00008805,2.546312,0.104375,3471,0.25,600,279,134.64000000000001,4000
sim_layered_newflow_2026-07-10T23-54-52-761Z,10,bf2e38a0-7c6b-4324-9585-6460ab127426,ToC_Cost_Adult,actual_7_10,0.4375,5900,237,-1997811,false,0.00008164,2.546312,0.104375,3546,0.25,600,279,134.64000000000001,4000
sim_layered_newflow_2026-07-10T23-54-52-761Z,10,bf2e38a0-7c6b-4324-9585-6460ab127426,ToC_Cost_Adult,actual_7_10,0.4375,6000,219,-2043129,false,0.0000757,2.546312,0.104375,3621,0.25,600,279,134.64000000000001,4000
sim_layered_newflow_2026-07-10T23-54-52-761Z,10,bf2e38a0-7c6b-4324-9585-6460ab127426,ToC_Cost_Adult,actual_7_10,0.4375,6100,203,-2086346,false,0.00007019,2.546312,0.104375,3696,0.25,600,279,134.64000000000001,4000
sim_layered_newflow_2026-07-10T23-54-52-761Z,10,bf2e38a0-7c6b-4324-9585-6460ab127426,ToC_Cost_Adult,actual_7_10,0.4375,6200,189,-2127527,false,0.00006508,2.546312,0.104375,3771,0.25,600,279,134.64000000000001,4000
sim_layered_newflow_2026-07-10T23-54-52-761Z,10,bf2e38a0-7c6b-4324-9585-6460ab127426,ToC_Cost_Adult,actual_7_10,0.4375,6300,175,-2166741,false,0.00006034,2.546312,0.104375,3846,0.25,600,279,134.64000000000001,4000
sim_layered_newflow_2026-07-10T23-54-52-761Z,10,bf2e38a0-7c6b-4324-9585-6460ab127426,ToC_Cost_Adult,actual_7_10,0.4375,6400,162,-2204055,false,0.00005595,2.546312,0.104375,3921,0.25,600,279,134.64000000000001,4000
sim_layered_newflow_2026-07-10T23-54-52-761Z,10,bf2e38a0-7c6b-4324-9585-6460ab127426,ToC_Cost_Adult,actual_7_10,0.4375,6500,150,-2239538,false,0.00005188,2.546312,0.104375,3996,0.25,600,279,134.64000000000001,4000
sim_layered_newflow_2026-07-10T23-54-52-761Z,10,bf2e38a0-7c6b-4324-9585-6460ab127426,ToC_Cost_Adult,actual_7_10,0.4375,6600,139,-2273260,false,0.0000481,2.546312,0.104375,4071,0.25,600,279,134.64000000000001,4000
sim_layered_newflow_2026-07-10T23-54-52-761Z,10,bf2e38a0-7c6b-4324-9585-6460ab127426,ToC_Cost_Adult,actual_7_10,0.4375,6700,129,-2305287,false,0.0000446,2.546312,0.104375,4146,0.25,600,279,134.64000000000001,4000
sim_layered_newflow_2026-07-10T23-54-52-761Z,10,bf2e38a0-7c6b-4324-9585-6460ab127426,ToC_Cost_Adult,actual_7_10,0.4375,6800,120,-2335690,false,0.00004135,2.546312,0.104375,4221,0.25,600,279,134.64000000000001,4000
sim_layered_newflow_2026-07-10T23-54-52-761Z,10,bf2e38a0-7c6b-4324-9585-6460ab127426,ToC_Cost_Adult,actual_7_10,0.4375,6900,111,-2364533,false,0.00003834,2.546312,0.104375,4296,0.25,600,279,134.64000000000001,4000
sim_layered_newflow_2026-07-10T23-54-52-761Z,10,bf2e38a0-7c6b-4324-9585-6460ab127426,ToC_Cost_Adult,actual_7_10,0.4375,7000,103,-2391883,false,0.00003555,2.546312,0.104375,4371,0.25,600,279,134.64000000000001,4000
sim_layered_newflow_2026-07-10T23-54-52-761Z,10,bf2e38a0-7c6b-4324-9585-6460ab127426,ToC_Cost_Adult,low_0.35,0.35,1000,5912,-3420239,false,0.00203996,2.06305,0.065,-129,0.25,600,279,134.64000000000001,4000
sim_layered_newflow_2026-07-10T23-54-52-761Z,10,bf2e38a0-7c6b-4324-9585-6460ab127426,ToC_Cost_Adult,low_0.35,0.35,1100,5482,-2967375,false,0.00189174,2.06305,0.065,-54,0.25,600,279,134.64000000000001,4000
sim_layered_newflow_2026-07-10T23-54-52-761Z,10,bf2e38a0-7c6b-4324-9585-6460ab127426,ToC_Cost_Adult,low_0.35,0.35,1200,5084,-2577294,false,0.00175427,2.06305,0.065,21,0.25,600,279,134.64000000000001,4000
sim_layered_newflow_2026-07-10T23-54-52-761Z,10,bf2e38a0-7c6b-4324-9585-6460ab127426,ToC_Cost_Adult,low_0.35,0.35,1300,4714,-2243274,false,0.00162677,2.06305,0.065,96,0.25,600,279,134.64000000000001,4000
sim_layered_newflow_2026-07-10T23-54-52-761Z,10,bf2e38a0-7c6b-4324-9585-6460ab127426,ToC_Cost_Adult,low_0.35,0.35,1400,4372,-1959237,false,0.00150852,2.06305,0.065,171,0.25,600,279,134.64000000000001,4000
sim_layered_newflow_2026-07-10T23-54-52-761Z,10,bf2e38a0-7c6b-4324-9585-6460ab127426,ToC_Cost_Adult,low_0.35,0.35,1500,4054,-1719687,false,0.00139886,2.06305,0.065,246,0.25,600,279,134.64000000000001,4000
sim_layered_newflow_2026-07-10T23-54-52-761Z,10,bf2e38a0-7c6b-4324-9585-6460ab127426,ToC_Cost_Adult,low_0.35,0.35,1600,3759,-1519666,false,0.00129716,2.06305,0.065,321,0.25,600,279,134.64000000000001,4000
sim_layered_newflow_2026-07-10T23-54-52-761Z,10,bf2e38a0-7c6b-4324-9585-6460ab127426,ToC_Cost_Adult,low_0.35,0.35,1700,3486,-1354695,false,0.00120284,2.06305,0.065,396,0.25,600,279,134.64000000000001,4000
sim_layered_newflow_2026-07-10T23-54-52-761Z,10,bf2e38a0-7c6b-4324-9585-6460ab127426,ToC_Cost_Adult,low_0.35,0.35,1800,3232,-1220739,false,0.00111538,2.06305,0.065,471,0.25,600,279,134.64000000000001,4000
sim_layered_newflow_2026-07-10T23-54-52-761Z,10,bf2e38a0-7c6b-4324-9585-6460ab127426,ToC_Cost_Adult,low_0.35,0.35,1900,2997,-1114164,false,0.00103426,2.06305,0.065,546,0.25,600,279,134.64000000000001,4000
sim_layered_newflow_2026-07-10T23-54-52-761Z,10,bf2e38a0-7c6b-4324-9585-6460ab127426,ToC_Cost_Adult,low_0.35,0.35,2000,2779,-1031697,false,0.00095904,2.06305,0.065,621,0.25,600,279,134.64000000000001,4000
sim_layered_newflow_2026-07-10T23-54-52-761Z,10,bf2e38a0-7c6b-4324-9585-6460ab127426,ToC_Cost_Adult,low_0.35,0.35,2100,2577,-970398,false,0.00088929,2.06305,0.065,696,0.25,600,279,134.64000000000001,4000
sim_layered_newflow_2026-07-10T23-54-52-761Z,10,bf2e38a0-7c6b-4324-9585-6460ab127426,ToC_Cost_Adult,low_0.35,0.35,2200,2390,-927626,false,0.00082461,2.06305,0.065,771,0.25,600,279,134.64000000000001,4000
sim_layered_newflow_2026-07-10T23-54-52-761Z,10,bf2e38a0-7c6b-4324-9585-6460ab127426,ToC_Cost_Adult,low_0.35,0.35,2300,2216,-901010,false,0.00076462,2.06305,0.065,846,0.25,600,279,134.64000000000001,4000
sim_layered_newflow_2026-07-10T23-54-52-761Z,10,bf2e38a0-7c6b-4324-9585-6460ab127426,ToC_Cost_Adult,low_0.35,0.35,2400,2055,-888428,false,0.000709,2.06305,0.065,921,0.25,600,279,134.64000000000001,4000
sim_layered_newflow_2026-07-10T23-54-52-761Z,10,bf2e38a0-7c6b-4324-9585-6460ab127426,ToC_Cost_Adult,low_0.35,0.35,2500,1905,-887980,false,0.00065742,2.06305,0.065,996,0.25,600,279,134.64000000000001,4000
sim_layered_newflow_2026-07-10T23-54-52-761Z,10,bf2e38a0-7c6b-4324-9585-6460ab127426,ToC_Cost_Adult,low_0.35,0.35,2600,1767,-897967,false,0.00060959,2.06305,0.065,1071,0.25,600,279,134.64000000000001,4000
sim_layered_newflow_2026-07-10T23-54-52-761Z,10,bf2e38a0-7c6b-4324-9585-6460ab127426,ToC_Cost_Adult,low_0.35,0.35,2700,1638,-916873,false,0.00056524,2.06305,0.065,1146,0.25,600,279,134.64000000000001,4000
sim_layered_newflow_2026-07-10T23-54-52-761Z,10,bf2e38a0-7c6b-4324-9585-6460ab127426,ToC_Cost_Adult,low_0.35,0.35,2800,1519,-943348,false,0.00052411,2.06305,0.065,1221,0.25,600,279,134.64000000000001,4000
sim_layered_newflow_2026-07-10T23-54-52-761Z,10,bf2e38a0-7c6b-4324-9585-6460ab127426,ToC_Cost_Adult,low_0.35,0.35,2900,1408,-976191,false,0.00048598,2.06305,0.065,1296,0.25,600,279,134.64000000000001,4000
sim_layered_newflow_2026-07-10T23-54-52-761Z,10,bf2e38a0-7c6b-4324-9585-6460ab127426,ToC_Cost_Adult,low_0.35,0.35,3000,1306,-1014335,false,0.00045061,2.06305,0.065,1371,0.25,600,279,134.64000000000001,4000
sim_layered_newflow_2026-07-10T23-54-52-761Z,10,bf2e38a0-7c6b-4324-9585-6460ab127426,ToC_Cost_Adult,low_0.35,0.35,3100,1211,-1056835,false,0.00041782,2.06305,0.065,1446,0.25,600,279,134.64000000000001,4000
sim_layered_newflow_2026-07-10T23-54-52-761Z,10,bf2e38a0-7c6b-4324-9585-6460ab127426,ToC_Cost_Adult,low_0.35,0.35,3200,1123,-1102854,false,0.00038742,2.06305,0.065,1521,0.25,600,279,134.64000000000001,4000
sim_layered_newflow_2026-07-10T23-54-52-761Z,10,bf2e38a0-7c6b-4324-9585-6460ab127426,ToC_Cost_Adult,low_0.35,0.35,3300,1041,-1151656,false,0.00035923,2.06305,0.065,1596,0.25,600,279,134.64000000000001,4000
sim_layered_newflow_2026-07-10T23-54-52-761Z,10,bf2e38a0-7c6b-4324-9585-6460ab127426,ToC_Cost_Adult,low_0.35,0.35,3400,965,-1202592,false,0.00033308,2.06305,0.065,1671,0.25,600,279,134.64000000000001,4000
sim_layered_newflow_2026-07-10T23-54-52-761Z,10,bf2e38a0-7c6b-4324-9585-6460ab127426,ToC_Cost_Adult,low_0.35,0.35,3500,895,-1255093,false,0.00030884,2.06305,0.065,1746,0.25,600,279,134.64000000000001,4000
sim_layered_newflow_2026-07-10T23-54-52-761Z,10,bf2e38a0-7c6b-4324-9585-6460ab127426,ToC_Cost_Adult,low_0.35,0.35,3600,830,-1308661,false,0.00028637,2.06305,0.065,1821,0.25,600,279,134.64000000000001,4000
sim_layered_newflow_2026-07-10T23-54-52-761Z,10,bf2e38a0-7c6b-4324-9585-6460ab127426,ToC_Cost_Adult,low_0.35,0.35,3700,769,-1362862,false,0.00026553,2.06305,0.065,1896,0.25,600,279,134.64000000000001,4000
sim_layered_newflow_2026-07-10T23-54-52-761Z,10,bf2e38a0-7c6b-4324-9585-6460ab127426,ToC_Cost_Adult,low_0.35,0.35,3800,713,-1417321,false,0.0002462,2.06305,0.065,1971,0.25,600,279,134.64000000000001,4000
sim_layered_newflow_2026-07-10T23-54-52-761Z,10,bf2e38a0-7c6b-4324-9585-6460ab127426,ToC_Cost_Adult,low_0.35,0.35,3900,662,-1471714,false,0.00022828,2.06305,0.065,2046,0.25,600,279,134.64000000000001,4000
sim_layered_newflow_2026-07-10T23-54-52-761Z,10,bf2e38a0-7c6b-4324-9585-6460ab127426,ToC_Cost_Adult,low_0.35,0.35,4000,613,-1525760,false,0.00021167,2.06305,0.065,2121,0.25,600,279,134.64000000000001,4000
sim_layered_newflow_2026-07-10T23-54-52-761Z,10,bf2e38a0-7c6b-4324-9585-6460ab127426,ToC_Cost_Adult,low_0.35,0.35,4100,569,-1579223,false,0.00019626,2.06305,0.065,2196,0.25,600,279,134.64000000000001,4000
sim_layered_newflow_2026-07-10T23-54-52-761Z,10,bf2e38a0-7c6b-4324-9585-6460ab127426,ToC_Cost_Adult,low_0.35,0.35,4200,527,-1631900,false,0.00018198,2.06305,0.065,2271,0.25,600,279,134.64000000000001,4000
sim_layered_newflow_2026-07-10T23-54-52-761Z,10,bf2e38a0-7c6b-4324-9585-6460ab127426,ToC_Cost_Adult,low_0.35,0.35,4300,489,-1683624,false,0.00016873,2.06305,0.065,2346,0.25,600,279,134.64000000000001,4000
sim_layered_newflow_2026-07-10T23-54-52-761Z,10,bf2e38a0-7c6b-4324-9585-6460ab127426,ToC_Cost_Adult,low_0.35,0.35,4400,453,-1734253,false,0.00015645,2.06305,0.065,2421,0.25,600,279,134.64000000000001,4000
sim_layered_newflow_2026-07-10T23-54-52-761Z,10,bf2e38a0-7c6b-4324-9585-6460ab127426,ToC_Cost_Adult,low_0.35,0.35,4500,420,-1783674,false,0.00014506,2.06305,0.065,2496,0.25,600,279,134.64000000000001,4000
sim_layered_newflow_2026-07-10T23-54-52-761Z,10,bf2e38a0-7c6b-4324-9585-6460ab127426,ToC_Cost_Adult,low_0.35,0.35,4600,390,-1831792,false,0.0001345,2.06305,0.065,2571,0.25,600,279,134.64000000000001,4000
sim_layered_newflow_2026-07-10T23-54-52-761Z,10,bf2e38a0-7c6b-4324-9585-6460ab127426,ToC_Cost_Adult,low_0.35,0.35,4700,361,-1878537,false,0.00012471,2.06305,0.065,2646,0.25,600,279,134.64000000000001,4000
sim_layered_newflow_2026-07-10T23-54-52-761Z,10,bf2e38a0-7c6b-4324-9585-6460ab127426,ToC_Cost_Adult,low_0.35,0.35,4800,335,-1923854,false,0.00011564,2.06305,0.065,2721,0.25,600,279,134.64000000000001,4000
sim_layered_newflow_2026-07-10T23-54-52-761Z,10,bf2e38a0-7c6b-4324-9585-6460ab127426,ToC_Cost_Adult,low_0.35,0.35,4900,311,-1967701,false,0.00010722,2.06305,0.065,2796,0.25,600,279,134.64000000000001,4000
sim_layered_newflow_2026-07-10T23-54-52-761Z,10,bf2e38a0-7c6b-4324-9585-6460ab127426,ToC_Cost_Adult,low_0.35,0.35,5000,288,-2010054,false,0.00009941,2.06305,0.065,2871,0.25,600,279,134.64000000000001,4000
sim_layered_newflow_2026-07-10T23-54-52-761Z,10,bf2e38a0-7c6b-4324-9585-6460ab127426,ToC_Cost_Adult,low_0.35,0.35,5100,267,-2050898,false,0.00009218,2.06305,0.065,2946,0.25,600,279,134.64000000000001,4000
sim_layered_newflow_2026-07-10T23-54-52-761Z,10,bf2e38a0-7c6b-4324-9585-6460ab127426,ToC_Cost_Adult,low_0.35,0.35,5200,248,-2090227,false,0.00008547,2.06305,0.065,3021,0.25,600,279,134.64000000000001,4000
sim_layered_newflow_2026-07-10T23-54-52-761Z,10,bf2e38a0-7c6b-4324-9585-6460ab127426,ToC_Cost_Adult,low_0.35,0.35,5300,230,-2128045,false,0.00007925,2.06305,0.065,3096,0.25,600,279,134.64000000000001,4000
sim_layered_newflow_2026-07-10T23-54-52-761Z,10,bf2e38a0-7c6b-4324-9585-6460ab127426,ToC_Cost_Adult,low_0.35,0.35,5400,213,-2164365,false,0.00007348,2.06305,0.065,3171,0.25,600,279,134.64000000000001,4000
sim_layered_newflow_2026-07-10T23-54-52-761Z,10,bf2e38a0-7c6b-4324-9585-6460ab127426,ToC_Cost_Adult,low_0.35,0.35,5500,197,-2199204,false,0.00006813,2.06305,0.065,3246,0.25,600,279,134.64000000000001,4000
sim_layered_newflow_2026-07-10T23-54-52-761Z,10,bf2e38a0-7c6b-4324-9585-6460ab127426,ToC_Cost_Adult,low_0.35,0.35,5600,183,-2232585,false,0.00006317,2.06305,0.065,3321,0.25,600,279,134.64000000000001,4000
sim_layered_newflow_2026-07-10T23-54-52-761Z,10,bf2e38a0-7c6b-4324-9585-6460ab127426,ToC_Cost_Adult,low_0.35,0.35,5700,170,-2264536,false,0.00005857,2.06305,0.065,3396,0.25,600,279,134.64000000000001,4000
sim_layered_newflow_2026-07-10T23-54-52-761Z,10,bf2e38a0-7c6b-4324-9585-6460ab127426,ToC_Cost_Adult,low_0.35,0.35,5800,157,-2295088,false,0.00005431,2.06305,0.065,3471,0.25,600,279,134.64000000000001,4000
sim_layered_newflow_2026-07-10T23-54-52-761Z,10,bf2e38a0-7c6b-4324-9585-6460ab127426,ToC_Cost_Adult,low_0.35,0.35,5900,146,-2324276,false,0.00005036,2.06305,0.065,3546,0.25,600,279,134.64000000000001,4000
sim_layered_newflow_2026-07-10T23-54-52-761Z,10,bf2e38a0-7c6b-4324-9585-6460ab127426,ToC_Cost_Adult,low_0.35,0.35,6000,135,-2352135,false,0.00004669,2.06305,0.065,3621,0.25,600,279,134.64000000000001,4000
sim_layered_newflow_2026-07-10T23-54-52-761Z,10,bf2e38a0-7c6b-4324-9585-6460ab127426,ToC_Cost_Adult,low_0.35,0.35,6100,125,-2378706,false,0.00004329,2.06305,0.065,3696,0.25,600,279,134.64000000000001,4000
sim_layered_newflow_2026-07-10T23-54-52-761Z,10,bf2e38a0-7c6b-4324-9585-6460ab127426,ToC_Cost_Adult,low_0.35,0.35,6200,116,-2404027,false,0.00004014,2.06305,0.065,3771,0.25,600,279,134.64000000000001,4000
sim_layered_newflow_2026-07-10T23-54-52-761Z,10,bf2e38a0-7c6b-4324-9585-6460ab127426,ToC_Cost_Adult,low_0.35,0.35,6300,108,-2428140,false,0.00003722,2.06305,0.065,3846,0.25,600,279,134.64000000000001,4000
sim_layered_newflow_2026-07-10T23-54-52-761Z,10,bf2e38a0-7c6b-4324-9585-6460ab127426,ToC_Cost_Adult,low_0.35,0.35,6400,100,-2451087,false,0.00003451,2.06305,0.065,3921,0.25,600,279,134.64000000000001,4000
sim_layered_newflow_2026-07-10T23-54-52-761Z,10,bf2e38a0-7c6b-4324-9585-6460ab127426,ToC_Cost_Adult,low_0.35,0.35,6500,93,-2472909,false,0.000032,2.06305,0.065,3996,0.25,600,279,134.64000000000001,4000
sim_layered_newflow_2026-07-10T23-54-52-761Z,10,bf2e38a0-7c6b-4324-9585-6460ab127426,ToC_Cost_Adult,low_0.35,0.35,6600,86,-2493650,false,0.00002967,2.06305,0.065,4071,0.25,600,279,134.64000000000001,4000
sim_layered_newflow_2026-07-10T23-54-52-761Z,10,bf2e38a0-7c6b-4324-9585-6460ab127426,ToC_Cost_Adult,low_0.35,0.35,6700,80,-2513350,false,0.00002751,2.06305,0.065,4146,0.25,600,279,134.64000000000001,4000
sim_layered_newflow_2026-07-10T23-54-52-761Z,10,bf2e38a0-7c6b-4324-9585-6460ab127426,ToC_Cost_Adult,low_0.35,0.35,6800,74,-2532051,false,0.00002551,2.06305,0.065,4221,0.25,600,279,134.64000000000001,4000
sim_layered_newflow_2026-07-10T23-54-52-761Z,10,bf2e38a0-7c6b-4324-9585-6460ab127426,ToC_Cost_Adult,low_0.35,0.35,6900,69,-2549794,false,0.00002365,2.06305,0.065,4296,0.25,600,279,134.64000000000001,4000
sim_layered_newflow_2026-07-10T23-54-52-761Z,10,bf2e38a0-7c6b-4324-9585-6460ab127426,ToC_Cost_Adult,low_0.35,0.35,7000,64,-2566620,false,0.00002193,2.06305,0.065,4371,0.25,600,279,134.64000000000001,4000
sim_layered_newflow_2026-07-10T23-54-52-761Z,10,bf2e38a0-7c6b-4324-9585-6460ab127426,ToC_Cost_Adult,mid_0.50,0.5,1000,13501,-3954813,false,0.00465878,2.8915,0.1325,-129,0.25,600,279,134.64000000000001,4000
sim_layered_newflow_2026-07-10T23-54-52-761Z,10,bf2e38a0-7c6b-4324-9585-6460ab127426,ToC_Cost_Adult,mid_0.50,0.5,1100,12523,-2935282,false,0.0043211,2.8915,0.1325,-54,0.25,600,279,134.64000000000001,4000
sim_layered_newflow_2026-07-10T23-54-52-761Z,10,bf2e38a0-7c6b-4324-9585-6460ab127426,ToC_Cost_Adult,mid_0.50,0.5,1200,11615,-2057744,false,0.00400779,2.8915,0.1325,21,0.25,600,279,134.64000000000001,4000
sim_layered_newflow_2026-07-10T23-54-52-761Z,10,bf2e38a0-7c6b-4324-9585-6460ab127426,ToC_Cost_Adult,mid_0.50,0.5,1300,10772,-1307026,false,0.00371712,2.8915,0.1325,96,0.25,600,279,134.64000000000001,4000
sim_layered_newflow_2026-07-10T23-54-52-761Z,10,bf2e38a0-7c6b-4324-9585-6460ab127426,ToC_Cost_Adult,mid_0.50,0.5,1400,9991,-669398,false,0.00344746,2.8915,0.1325,171,0.25,600,279,134.64000000000001,4000
sim_layered_newflow_2026-07-10T23-54-52-761Z,10,bf2e38a0-7c6b-4324-9585-6460ab127426,ToC_Cost_Adult,mid_0.50,0.5,1500,9266,-132440,false,0.00319729,2.8915,0.1325,246,0.25,600,279,134.64000000000001,4000
sim_layered_newflow_2026-07-10T23-54-52-761Z,10,bf2e38a0-7c6b-4324-9585-6460ab127426,ToC_Cost_Adult,mid_0.50,0.5,1600,8593,315069,true,0.00296523,2.8915,0.1325,321,0.25,600,279,134.64000000000001,4000
sim_layered_newflow_2026-07-10T23-54-52-761Z,10,bf2e38a0-7c6b-4324-9585-6460ab127426,ToC_Cost_Adult,mid_0.50,0.5,1700,7969,683259,true,0.00274996,2.8915,0.1325,396,0.25,600,279,134.64000000000001,4000
sim_layered_newflow_2026-07-10T23-54-52-761Z,10,bf2e38a0-7c6b-4324-9585-6460ab127426,ToC_Cost_Adult,mid_0.50,0.5,1800,7391,981268,true,0.00255028,2.8915,0.1325,471,0.25,600,279,134.64000000000001,4000
sim_layered_newflow_2026-07-10T23-54-52-761Z,10,bf2e38a0-7c6b-4324-9585-6460ab127426,ToC_Cost_Adult,mid_0.50,0.5,1900,6854,1217329,true,0.00236507,2.8915,0.1325,546,0.25,600,279,134.64000000000001,4000
sim_layered_newflow_2026-07-10T23-54-52-761Z,10,bf2e38a0-7c6b-4324-9585-6460ab127426,ToC_Cost_Adult,mid_0.50,0.5,2000,6356,1398857,true,0.00219327,2.8915,0.1325,621,0.25,600,279,134.64000000000001,4000
sim_layered_newflow_2026-07-10T23-54-52-761Z,10,bf2e38a0-7c6b-4324-9585-6460ab127426,ToC_Cost_Adult,mid_0.50,0.5,2100,5894,1532517,true,0.00203393,2.8915,0.1325,696,0.25,600,279,134.64000000000001,4000
sim_layered_newflow_2026-07-10T23-54-52-761Z,10,bf2e38a0-7c6b-4324-9585-6460ab127426,ToC_Cost_Adult,mid_0.50,0.5,2200,5466,1624298,true,0.00188615,2.8915,0.1325,771,0.25,600,279,134.64000000000001,4000
sim_layered_newflow_2026-07-10T23-54-52-761Z,10,bf2e38a0-7c6b-4324-9585-6460ab127426,ToC_Cost_Adult,mid_0.50,0.5,2300,5069,1679575,true,0.00174908,2.8915,0.1325,846,0.25,600,279,134.64000000000001,4000
sim_layered_newflow_2026-07-10T23-54-52-761Z,10,bf2e38a0-7c6b-4324-9585-6460ab127426,ToC_Cost_Adult,mid_0.50,0.5,2400,4700,1703163,true,0.00162196,2.8915,0.1325,921,0.25,600,279,134.64000000000001,4000
sim_layered_newflow_2026-07-10T23-54-52-761Z,10,bf2e38a0-7c6b-4324-9585-6460ab127426,ToC_Cost_Adult,mid_0.50,0.5,2500,4359,1699372,true,0.00150406,2.8915,0.1325,996,0.25,600,279,134.64000000000001,4000
sim_layered_newflow_2026-07-10T23-54-52-761Z,10,bf2e38a0-7c6b-4324-9585-6460ab127426,ToC_Cost_Adult,mid_0.50,0.5,2600,4042,1672056,true,0.00139472,2.8915,0.1325,1071,0.25,600,279,134.64000000000001,4000
sim_layered_newflow_2026-07-10T23-54-52-761Z,10,bf2e38a0-7c6b-4324-9585-6460ab127426,ToC_Cost_Adult,mid_0.50,0.5,2700,3748,1624653,true,0.00129332,2.8915,0.1325,1146,0.25,600,279,134.64000000000001,4000
sim_layered_newflow_2026-07-10T23-54-52-761Z,10,bf2e38a0-7c6b-4324-9585-6460ab127426,ToC_Cost_Adult,mid_0.50,0.5,2800,3476,1560226,true,0.00119928,2.8915,0.1325,1221,0.25,600,279,134.64000000000001,4000
sim_layered_newflow_2026-07-10T23-54-52-761Z,10,bf2e38a0-7c6b-4324-9585-6460ab127426,ToC_Cost_Adult,mid_0.50,0.5,2900,3223,1481502,true,0.00111208,2.8915,0.1325,1296,0.25,600,279,134.64000000000001,4000
sim_layered_newflow_2026-07-10T23-54-52-761Z,10,bf2e38a0-7c6b-4324-9585-6460ab127426,ToC_Cost_Adult,mid_0.50,0.5,3000,2988,1390898,true,0.0010312,2.8915,0.1325,1371,0.25,600,279,134.64000000000001,4000
sim_layered_newflow_2026-07-10T23-54-52-761Z,10,bf2e38a0-7c6b-4324-9585-6460ab127426,ToC_Cost_Adult,mid_0.50,0.5,3100,2771,1290560,true,0.00095621,2.8915,0.1325,1446,0.25,600,279,134.64000000000001,4000
sim_layered_newflow_2026-07-10T23-54-52-761Z,10,bf2e38a0-7c6b-4324-9585-6460ab127426,ToC_Cost_Adult,mid_0.50,0.5,3200,2570,1182383,true,0.00088666,2.8915,0.1325,1521,0.25,600,279,134.64000000000001,4000
sim_layered_newflow_2026-07-10T23-54-52-761Z,10,bf2e38a0-7c6b-4324-9585-6460ab127426,ToC_Cost_Adult,mid_0.50,0.5,3300,2383,1068036,true,0.00082217,2.8915,0.1325,1596,0.25,600,279,134.64000000000001,4000
sim_layered_newflow_2026-07-10T23-54-52-761Z,10,bf2e38a0-7c6b-4324-9585-6460ab127426,ToC_Cost_Adult,mid_0.50,0.5,3400,2209,948991,true,0.00076236,2.8915,0.1325,1671,0.25,600,279,134.64000000000001,4000
sim_layered_newflow_2026-07-10T23-54-52-761Z,10,bf2e38a0-7c6b-4324-9585-6460ab127426,ToC_Cost_Adult,mid_0.50,0.5,3500,2049,826537,true,0.0007069,2.8915,0.1325,1746,0.25,600,279,134.64000000000001,4000
sim_layered_newflow_2026-07-10T23-54-52-761Z,10,bf2e38a0-7c6b-4324-9585-6460ab127426,ToC_Cost_Adult,mid_0.50,0.5,3600,1900,701799,true,0.00065547,2.8915,0.1325,1821,0.25,600,279,134.64000000000001,4000
sim_layered_newflow_2026-07-10T23-54-52-761Z,10,bf2e38a0-7c6b-4324-9585-6460ab127426,ToC_Cost_Adult,mid_0.50,0.5,3700,1761,575758,true,0.00060779,2.8915,0.1325,1896,0.25,600,279,134.64000000000001,4000
sim_layered_newflow_2026-07-10T23-54-52-761Z,10,bf2e38a0-7c6b-4324-9585-6460ab127426,ToC_Cost_Adult,mid_0.50,0.5,3800,1633,449265,true,0.00056357,2.8915,0.1325,1971,0.25,600,279,134.64000000000001,4000
sim_layered_newflow_2026-07-10T23-54-52-761Z,10,bf2e38a0-7c6b-4324-9585-6460ab127426,ToC_Cost_Adult,mid_0.50,0.5,3900,1514,323053,true,0.00052256,2.8915,0.1325,2046,0.25,600,279,134.64000000000001,4000
sim_layered_newflow_2026-07-10T23-54-52-761Z,10,bf2e38a0-7c6b-4324-9585-6460ab127426,ToC_Cost_Adult,mid_0.50,0.5,4000,1404,197751,true,0.00048454,2.8915,0.1325,2121,0.25,600,279,134.64000000000001,4000
sim_layered_newflow_2026-07-10T23-54-52-761Z,10,bf2e38a0-7c6b-4324-9585-6460ab127426,ToC_Cost_Adult,mid_0.50,0.5,4100,1302,73896,true,0.00044928,2.8915,0.1325,2196,0.25,600,279,134.64000000000001,4000
sim_layered_newflow_2026-07-10T23-54-52-761Z,10,bf2e38a0-7c6b-4324-9585-6460ab127426,ToC_Cost_Adult,mid_0.50,0.5,4200,1207,-48060,false,0.00041659,2.8915,0.1325,2271,0.25,600,279,134.64000000000001,4000
sim_layered_newflow_2026-07-10T23-54-52-761Z,10,bf2e38a0-7c6b-4324-9585-6460ab127426,ToC_Cost_Adult,mid_0.50,0.5,4300,1119,-167737,false,0.00038627,2.8915,0.1325,2346,0.25,600,279,134.64000000000001,4000
sim_layered_newflow_2026-07-10T23-54-52-761Z,10,bf2e38a0-7c6b-4324-9585-6460ab127426,ToC_Cost_Adult,mid_0.50,0.5,4400,1038,-284820,false,0.00035816,2.8915,0.1325,2421,0.25,600,279,134.64000000000001,4000
sim_layered_newflow_2026-07-10T23-54-52-761Z,10,bf2e38a0-7c6b-4324-9585-6460ab127426,ToC_Cost_Adult,mid_0.50,0.5,4500,962,-399053,false,0.0003321,2.8915,0.1325,2496,0.25,600,279,134.64000000000001,4000
sim_layered_newflow_2026-07-10T23-54-52-761Z,10,bf2e38a0-7c6b-4324-9585-6460ab127426,ToC_Cost_Adult,mid_0.50,0.5,4600,892,-510230,false,0.00030793,2.8915,0.1325,2571,0.25,600,279,134.64000000000001,4000
sim_layered_newflow_2026-07-10T23-54-52-761Z,10,bf2e38a0-7c6b-4324-9585-6460ab127426,ToC_Cost_Adult,mid_0.50,0.5,4700,827,-618191,false,0.00028552,2.8915,0.1325,2646,0.25,600,279,134.64000000000001,4000
sim_layered_newflow_2026-07-10T23-54-52-761Z,10,bf2e38a0-7c6b-4324-9585-6460ab127426,ToC_Cost_Adult,mid_0.50,0.5,4800,767,-722814,false,0.00026474,2.8915,0.1325,2721,0.25,600,279,134.64000000000001,4000
sim_layered_newflow_2026-07-10T23-54-52-761Z,10,bf2e38a0-7c6b-4324-9585-6460ab127426,ToC_Cost_Adult,mid_0.50,0.5,4900,711,-824015,false,0.00024547,2.8915,0.1325,2796,0.25,600,279,134.64000000000001,4000
sim_layered_newflow_2026-07-10T23-54-52-761Z,10,bf2e38a0-7c6b-4324-9585-6460ab127426,ToC_Cost_Adult,mid_0.50,0.5,5000,660,-921735,false,0.00022761,2.8915,0.1325,2871,0.25,600,279,134.64000000000001,4000
sim_layered_newflow_2026-07-10T23-54-52-761Z,10,bf2e38a0-7c6b-4324-9585-6460ab127426,ToC_Cost_Adult,mid_0.50,0.5,5100,612,-1015946,false,0.00021104,2.8915,0.1325,2946,0.25,600,279,134.64000000000001,4000
sim_layered_newflow_2026-07-10T23-54-52-761Z,10,bf2e38a0-7c6b-4324-9585-6460ab127426,ToC_Cost_Adult,mid_0.50,0.5,5200,567,-1106641,false,0.00019568,2.8915,0.1325,3021,0.25,600,279,134.64000000000001,4000
sim_layered_newflow_2026-07-10T23-54-52-761Z,10,bf2e38a0-7c6b-4324-9585-6460ab127426,ToC_Cost_Adult,mid_0.50,0.5,5300,526,-1193833,false,0.00018144,2.8915,0.1325,3096,0.25,600,279,134.64000000000001,4000
sim_layered_newflow_2026-07-10T23-54-52-761Z,10,bf2e38a0-7c6b-4324-9585-6460ab127426,ToC_Cost_Adult,mid_0.50,0.5,5400,488,-1277550,false,0.00016823,2.8915,0.1325,3171,0.25,600,279,134.64000000000001,4000
sim_layered_newflow_2026-07-10T23-54-52-761Z,10,bf2e38a0-7c6b-4324-9585-6460ab127426,ToC_Cost_Adult,mid_0.50,0.5,5500,452,-1357836,false,0.00015599,2.8915,0.1325,3246,0.25,600,279,134.64000000000001,4000
sim_layered_newflow_2026-07-10T23-54-52-761Z,10,bf2e38a0-7c6b-4324-9585-6460ab127426,ToC_Cost_Adult,mid_0.50,0.5,5600,419,-1434748,false,0.00014463,2.8915,0.1325,3321,0.25,600,279,134.64000000000001,4000
sim_layered_newflow_2026-07-10T23-54-52-761Z,10,bf2e38a0-7c6b-4324-9585-6460ab127426,ToC_Cost_Adult,mid_0.50,0.5,5700,389,-1508351,false,0.00013411,2.8915,0.1325,3396,0.25,600,279,134.64000000000001,4000
sim_layered_newflow_2026-07-10T23-54-52-761Z,10,bf2e38a0-7c6b-4324-9585-6460ab127426,ToC_Cost_Adult,mid_0.50,0.5,5800,360,-1578719,false,0.00012434,2.8915,0.1325,3471,0.25,600,279,134.64000000000001,4000
sim_layered_newflow_2026-07-10T23-54-52-761Z,10,bf2e38a0-7c6b-4324-9585-6460ab127426,ToC_Cost_Adult,mid_0.50,0.5,5900,334,-1645933,false,0.00011529,2.8915,0.1325,3546,0.25,600,279,134.64000000000001,4000
sim_layered_newflow_2026-07-10T23-54-52-761Z,10,bf2e38a0-7c6b-4324-9585-6460ab127426,ToC_Cost_Adult,mid_0.50,0.5,6000,310,-1710080,false,0.0001069,2.8915,0.1325,3621,0.25,600,279,134.64000000000001,4000
sim_layered_newflow_2026-07-10T23-54-52-761Z,10,bf2e38a0-7c6b-4324-9585-6460ab127426,ToC_Cost_Adult,mid_0.50,0.5,6100,287,-1771249,false,0.00009912,2.8915,0.1325,3696,0.25,600,279,134.64000000000001,4000
sim_layered_newflow_2026-07-10T23-54-52-761Z,10,bf2e38a0-7c6b-4324-9585-6460ab127426,ToC_Cost_Adult,mid_0.50,0.5,6200,266,-1829534,false,0.00009191,2.8915,0.1325,3771,0.25,600,279,134.64000000000001,4000
sim_layered_newflow_2026-07-10T23-54-52-761Z,10,bf2e38a0-7c6b-4324-9585-6460ab127426,ToC_Cost_Adult,mid_0.50,0.5,6300,247,-1885032,false,0.00008522,2.8915,0.1325,3846,0.25,600,279,134.64000000000001,4000
sim_layered_newflow_2026-07-10T23-54-52-761Z,10,bf2e38a0-7c6b-4324-9585-6460ab127426,ToC_Cost_Adult,mid_0.50,0.5,6400,229,-1937838,false,0.00007901,2.8915,0.1325,3921,0.25,600,279,134.64000000000001,4000
sim_layered_newflow_2026-07-10T23-54-52-761Z,10,bf2e38a0-7c6b-4324-9585-6460ab127426,ToC_Cost_Adult,mid_0.50,0.5,6500,212,-1988051,false,0.00007326,2.8915,0.1325,3996,0.25,600,279,134.64000000000001,4000
sim_layered_newflow_2026-07-10T23-54-52-761Z,10,bf2e38a0-7c6b-4324-9585-6460ab127426,ToC_Cost_Adult,mid_0.50,0.5,6600,197,-2035768,false,0.00006793,2.8915,0.1325,4071,0.25,600,279,134.64000000000001,4000
sim_layered_newflow_2026-07-10T23-54-52-761Z,10,bf2e38a0-7c6b-4324-9585-6460ab127426,ToC_Cost_Adult,mid_0.50,0.5,6700,183,-2081087,false,0.00006298,2.8915,0.1325,4146,0.25,600,279,134.64000000000001,4000
sim_layered_newflow_2026-07-10T23-54-52-761Z,10,bf2e38a0-7c6b-4324-9585-6460ab127426,ToC_Cost_Adult,mid_0.50,0.5,6800,169,-2124104,false,0.0000584,2.8915,0.1325,4221,0.25,600,279,134.64000000000001,4000
sim_layered_newflow_2026-07-10T23-54-52-761Z,10,bf2e38a0-7c6b-4324-9585-6460ab127426,ToC_Cost_Adult,mid_0.50,0.5,6900,157,-2164913,false,0.00005415,2.8915,0.1325,4296,0.25,600,279,134.64000000000001,4000
sim_layered_newflow_2026-07-10T23-54-52-761Z,10,bf2e38a0-7c6b-4324-9585-6460ab127426,ToC_Cost_Adult,mid_0.50,0.5,7000,145,-2203609,false,0.00005021,2.8915,0.1325,4371,0.25,600,279,134.64000000000001,4000
sim_layered_newflow_2026-07-10T23-54-52-761Z,10,bf2e38a0-7c6b-4324-9585-6460ab127426,ToC_Cost_Adult,high_0.65,0.65,1000,30730,-4909261,false,0.0106038,3.71995,0.2,-129,0.25,600,279,134.64000000000001,4000
sim_layered_newflow_2026-07-10T23-54-52-761Z,10,bf2e38a0-7c6b-4324-9585-6460ab127426,ToC_Cost_Adult,high_0.65,0.65,1100,28515,-2621959,false,0.00983947,3.71995,0.2,-54,0.25,600,279,134.64000000000001,4000
sim_layered_newflow_2026-07-10T23-54-52-761Z,10,bf2e38a0-7c6b-4324-9585-6460ab127426,ToC_Cost_Adult,high_0.65,0.65,1200,26458,-653804,false,0.00912972,3.71995,0.2,21,0.25,600,279,134.64000000000001,4000
sim_layered_newflow_2026-07-10T23-54-52-761Z,10,bf2e38a0-7c6b-4324-9585-6460ab127426,ToC_Cost_Adult,high_0.65,0.65,1300,24548,1029045,true,0.00847073,3.71995,0.2,96,0.25,600,279,134.64000000000001,4000
sim_layered_newflow_2026-07-10T23-54-52-761Z,10,bf2e38a0-7c6b-4324-9585-6460ab127426,ToC_Cost_Adult,high_0.65,0.65,1400,22775,2457278,true,0.00785893,3.71995,0.2,171,0.25,600,279,134.64000000000001,4000
sim_layered_newflow_2026-07-10T23-54-52-761Z,10,bf2e38a0-7c6b-4324-9585-6460ab127426,ToC_Cost_Adult,high_0.65,0.65,1500,21129,3658695,true,0.00729099,3.71995,0.2,246,0.25,600,279,134.64000000000001,4000
sim_layered_newflow_2026-07-10T23-54-52-761Z,10,bf2e38a0-7c6b-4324-9585-6460ab127426,ToC_Cost_Adult,high_0.65,0.65,1600,19602,4658458,true,0.00676381,3.71995,0.2,321,0.25,600,279,134.64000000000001,4000
sim_layered_newflow_2026-07-10T23-54-52-761Z,10,bf2e38a0-7c6b-4324-9585-6460ab127426,ToC_Cost_Adult,high_0.65,0.65,1700,18184,5479317,true,0.00627451,3.71995,0.2,396,0.25,600,279,134.64000000000001,4000
sim_layered_newflow_2026-07-10T23-54-52-761Z,10,bf2e38a0-7c6b-4324-9585-6460ab127426,ToC_Cost_Adult,high_0.65,0.65,1800,16868,6141819,true,0.0058204,3.71995,0.2,471,0.25,600,279,134.64000000000001,4000
sim_layered_newflow_2026-07-10T23-54-52-761Z,10,bf2e38a0-7c6b-4324-9585-6460ab127426,ToC_Cost_Adult,high_0.65,0.65,1900,15646,6664501,true,0.00539898,3.71995,0.2,546,0.25,600,279,134.64000000000001,4000
sim_layered_newflow_2026-07-10T23-54-52-761Z,10,bf2e38a0-7c6b-4324-9585-6460ab127426,ToC_Cost_Adult,high_0.65,0.65,2000,14513,7064070,true,0.00500792,3.71995,0.2,621,0.25,600,279,134.64000000000001,4000
sim_layered_newflow_2026-07-10T23-54-52-761Z,10,bf2e38a0-7c6b-4324-9585-6460ab127426,ToC_Cost_Adult,high_0.65,0.65,2100,13461,7355565,true,0.00464505,3.71995,0.2,696,0.25,600,279,134.64000000000001,4000
sim_layered_newflow_2026-07-10T23-54-52-761Z,10,bf2e38a0-7c6b-4324-9585-6460ab127426,ToC_Cost_Adult,high_0.65,0.65,2200,12486,7552509,true,0.00430836,3.71995,0.2,771,0.25,600,279,134.64000000000001,4000
sim_layered_newflow_2026-07-10T23-54-52-761Z,10,bf2e38a0-7c6b-4324-9585-6460ab127426,ToC_Cost_Adult,high_0.65,0.65,2300,11580,7667045,true,0.00399597,3.71995,0.2,846,0.25,600,279,134.64000000000001,4000
sim_layered_newflow_2026-07-10T23-54-52-761Z,10,bf2e38a0-7c6b-4324-9585-6460ab127426,ToC_Cost_Adult,high_0.65,0.65,2400,10740,7710062,true,0.00370615,3.71995,0.2,921,0.25,600,279,134.64000000000001,4000
sim_layered_newflow_2026-07-10T23-54-52-761Z,10,bf2e38a0-7c6b-4324-9585-6460ab127426,ToC_Cost_Adult,high_0.65,0.65,2500,9961,7691313,true,0.00343728,3.71995,0.2,996,0.25,600,279,134.64000000000001,4000
sim_layered_newflow_2026-07-10T23-54-52-761Z,10,bf2e38a0-7c6b-4324-9585-6460ab127426,ToC_Cost_Adult,high_0.65,0.65,2600,9238,7619520,true,0.00318786,3.71995,0.2,1071,0.25,600,279,134.64000000000001,4000
sim_layered_newflow_2026-07-10T23-54-52-761Z,10,bf2e38a0-7c6b-4324-9585-6460ab127426,ToC_Cost_Adult,high_0.65,0.65,2700,8568,7502470,true,0.00295647,3.71995,0.2,1146,0.25,600,279,134.64000000000001,4000
sim_layered_newflow_2026-07-10T23-54-52-761Z,10,bf2e38a0-7c6b-4324-9585-6460ab127426,ToC_Cost_Adult,high_0.65,0.65,2800,7946,7347103,true,0.00274184,3.71995,0.2,1221,0.25,600,279,134.64000000000001,4000
sim_layered_newflow_2026-07-10T23-54-52-761Z,10,bf2e38a0-7c6b-4324-9585-6460ab127426,ToC_Cost_Adult,high_0.65,0.65,2900,7369,7159596,true,0.00254275,3.71995,0.2,1296,0.25,600,279,134.64000000000001,4000
sim_layered_newflow_2026-07-10T23-54-52-761Z,10,bf2e38a0-7c6b-4324-9585-6460ab127426,ToC_Cost_Adult,high_0.65,0.65,3000,6834,6945431,true,0.00235808,3.71995,0.2,1371,0.25,600,279,134.64000000000001,4000
sim_layered_newflow_2026-07-10T23-54-52-761Z,10,bf2e38a0-7c6b-4324-9585-6460ab127426,ToC_Cost_Adult,high_0.65,0.65,3100,6337,6709469,true,0.00218679,3.71995,0.2,1446,0.25,600,279,134.64000000000001,4000
sim_layered_newflow_2026-07-10T23-54-52-761Z,10,bf2e38a0-7c6b-4324-9585-6460ab127426,ToC_Cost_Adult,high_0.65,0.65,3200,5877,6456006,true,0.00202792,3.71995,0.2,1521,0.25,600,279,134.64000000000001,4000
sim_layered_newflow_2026-07-10T23-54-52-761Z,10,bf2e38a0-7c6b-4324-9585-6460ab127426,ToC_Cost_Adult,high_0.65,0.65,3300,5450,6188830,true,0.00188057,3.71995,0.2,1596,0.25,600,279,134.64000000000001,4000
sim_layered_newflow_2026-07-10T23-54-52-761Z,10,bf2e38a0-7c6b-4324-9585-6460ab127426,ToC_Cost_Adult,high_0.65,0.65,3400,5054,5911275,true,0.00174391,3.71995,0.2,1671,0.25,600,279,134.64000000000001,4000
sim_layered_newflow_2026-07-10T23-54-52-761Z,10,bf2e38a0-7c6b-4324-9585-6460ab127426,ToC_Cost_Adult,high_0.65,0.65,3500,4687,5626260,true,0.00161716,3.71995,0.2,1746,0.25,600,279,134.64000000000001,4000
sim_layered_newflow_2026-07-10T23-54-52-761Z,10,bf2e38a0-7c6b-4324-9585-6460ab127426,ToC_Cost_Adult,high_0.65,0.65,3600,4346,5336338,true,0.00149961,3.71995,0.2,1821,0.25,600,279,134.64000000000001,4000
sim_layered_newflow_2026-07-10T23-54-52-761Z,10,bf2e38a0-7c6b-4324-9585-6460ab127426,ToC_Cost_Adult,high_0.65,0.65,3700,4030,5043730,true,0.0013906,3.71995,0.2,1896,0.25,600,279,134.64000000000001,4000
sim_layered_newflow_2026-07-10T23-54-52-761Z,10,bf2e38a0-7c6b-4324-9585-6460ab127426,ToC_Cost_Adult,high_0.65,0.65,3800,3737,4750362,true,0.0012895,3.71995,0.2,1971,0.25,600,279,134.64000000000001,4000
sim_layered_newflow_2026-07-10T23-54-52-761Z,10,bf2e38a0-7c6b-4324-9585-6460ab127426,ToC_Cost_Adult,high_0.65,0.65,3900,3465,4457892,true,0.00119574,3.71995,0.2,2046,0.25,600,279,134.64000000000001,4000
sim_layered_newflow_2026-07-10T23-54-52-761Z,10,bf2e38a0-7c6b-4324-9585-6460ab127426,ToC_Cost_Adult,high_0.65,0.65,4000,3213,4167742,true,0.00110879,3.71995,0.2,2121,0.25,600,279,134.64000000000001,4000
sim_layered_newflow_2026-07-10T23-54-52-761Z,10,bf2e38a0-7c6b-4324-9585-6460ab127426,ToC_Cost_Adult,high_0.65,0.65,4100,2980,3881125,true,0.00102815,3.71995,0.2,2196,0.25,600,279,134.64000000000001,4000
sim_layered_newflow_2026-07-10T23-54-52-761Z,10,bf2e38a0-7c6b-4324-9585-6460ab127426,ToC_Cost_Adult,high_0.65,0.65,4200,2763,3599062,true,0.00095338,3.71995,0.2,2271,0.25,600,279,134.64000000000001,4000
sim_layered_newflow_2026-07-10T23-54-52-761Z,10,bf2e38a0-7c6b-4324-9585-6460ab127426,ToC_Cost_Adult,high_0.65,0.65,4300,2562,3322408,true,0.00088404,3.71995,0.2,2346,0.25,600,279,134.64000000000001,4000
sim_layered_newflow_2026-07-10T23-54-52-761Z,10,bf2e38a0-7c6b-4324-9585-6460ab127426,ToC_Cost_Adult,high_0.65,0.65,4400,2376,3051872,true,0.00081973,3.71995,0.2,2421,0.25,600,279,134.64000000000001,4000
sim_layered_newflow_2026-07-10T23-54-52-761Z,10,bf2e38a0-7c6b-4324-9585-6460ab127426,ToC_Cost_Adult,high_0.65,0.65,4500,2203,2788028,true,0.0007601,3.71995,0.2,2496,0.25,600,279,134.64000000000001,4000
sim_layered_newflow_2026-07-10T23-54-52-761Z,10,bf2e38a0-7c6b-4324-9585-6460ab127426,ToC_Cost_Adult,high_0.65,0.65,4600,2043,2531335,true,0.00070481,3.71995,0.2,2571,0.25,600,279,134.64000000000001,4000
sim_layered_newflow_2026-07-10T23-54-52-761Z,10,bf2e38a0-7c6b-4324-9585-6460ab127426,ToC_Cost_Adult,high_0.65,0.65,4700,1894,2282151,true,0.00065353,3.71995,0.2,2646,0.25,600,279,134.64000000000001,4000
sim_layered_newflow_2026-07-10T23-54-52-761Z,10,bf2e38a0-7c6b-4324-9585-6460ab127426,ToC_Cost_Adult,high_0.65,0.65,4800,1756,2040743,true,0.00060599,3.71995,0.2,2721,0.25,600,279,134.64000000000001,4000
sim_layered_newflow_2026-07-10T23-54-52-761Z,10,bf2e38a0-7c6b-4324-9585-6460ab127426,ToC_Cost_Adult,high_0.65,0.65,4900,1628,1807300,true,0.0005619,3.71995,0.2,2796,0.25,600,279,134.64000000000001,4000
sim_layered_newflow_2026-07-10T23-54-52-761Z,10,bf2e38a0-7c6b-4324-9585-6460ab127426,ToC_Cost_Adult,high_0.65,0.65,5000,1510,1581942,true,0.00052101,3.71995,0.2,2871,0.25,600,279,134.64000000000001,4000
sim_layered_newflow_2026-07-10T23-54-52-761Z,10,bf2e38a0-7c6b-4324-9585-6460ab127426,ToC_Cost_Adult,high_0.65,0.65,5100,1400,1364728,true,0.0004831,3.71995,0.2,2946,0.25,600,279,134.64000000000001,4000
sim_layered_newflow_2026-07-10T23-54-52-761Z,10,bf2e38a0-7c6b-4324-9585-6460ab127426,ToC_Cost_Adult,high_0.65,0.65,5200,1298,1155668,true,0.00044795,3.71995,0.2,3021,0.25,600,279,134.64000000000001,4000
sim_layered_newflow_2026-07-10T23-54-52-761Z,10,bf2e38a0-7c6b-4324-9585-6460ab127426,ToC_Cost_Adult,high_0.65,0.65,5300,1204,954727,true,0.00041536,3.71995,0.2,3096,0.25,600,279,134.64000000000001,4000
sim_layered_newflow_2026-07-10T23-54-52-761Z,10,bf2e38a0-7c6b-4324-9585-6460ab127426,ToC_Cost_Adult,high_0.65,0.65,5400,1116,761829,true,0.00038513,3.71995,0.2,3171,0.25,600,279,134.64000000000001,4000
sim_layered_newflow_2026-07-10T23-54-52-761Z,10,bf2e38a0-7c6b-4324-9585-6460ab127426,ToC_Cost_Adult,high_0.65,0.65,5500,1035,576869,true,0.0003571,3.71995,0.2,3246,0.25,600,279,134.64000000000001,4000
sim_layered_newflow_2026-07-10T23-54-52-761Z,10,bf2e38a0-7c6b-4324-9585-6460ab127426,ToC_Cost_Adult,high_0.65,0.65,5600,960,399714,true,0.00033112,3.71995,0.2,3321,0.25,600,279,134.64000000000001,4000
sim_layered_newflow_2026-07-10T23-54-52-761Z,10,bf2e38a0-7c6b-4324-9585-6460ab127426,ToC_Cost_Adult,high_0.65,0.65,5700,890,230209,true,0.00030702,3.71995,0.2,3396,0.25,600,279,134.64000000000001,4000
sim_layered_newflow_2026-07-10T23-54-52-761Z,10,bf2e38a0-7c6b-4324-9585-6460ab127426,ToC_Cost_Adult,high_0.65,0.65,5800,825,68177,true,0.00028468,3.71995,0.2,3471,0.25,600,279,134.64000000000001,4000
sim_layered_newflow_2026-07-10T23-54-52-761Z,10,bf2e38a0-7c6b-4324-9585-6460ab127426,ToC_Cost_Adult,high_0.65,0.65,5900,765,-86569,false,0.00026396,3.71995,0.2,3546,0.25,600,279,134.64000000000001,4000
sim_layered_newflow_2026-07-10T23-54-52-761Z,10,bf2e38a0-7c6b-4324-9585-6460ab127426,ToC_Cost_Adult,high_0.65,0.65,6000,709,-234233,false,0.00024475,3.71995,0.2,3621,0.25,600,279,134.64000000000001,4000
sim_layered_newflow_2026-07-10T23-54-52-761Z,10,bf2e38a0-7c6b-4324-9585-6460ab127426,ToC_Cost_Adult,high_0.65,0.65,6100,658,-375025,false,0.00022693,3.71995,0.2,3696,0.25,600,279,134.64000000000001,4000
sim_layered_newflow_2026-07-10T23-54-52-761Z,10,bf2e38a0-7c6b-4324-9585-6460ab127426,ToC_Cost_Adult,high_0.65,0.65,6200,610,-509163,false,0.00021042,3.71995,0.2,3771,0.25,600,279,134.64000000000001,4000
sim_layered_newflow_2026-07-10T23-54-52-761Z,10,bf2e38a0-7c6b-4324-9585-6460ab127426,ToC_Cost_Adult,high_0.65,0.65,6300,565,-636869,false,0.0001951,3.71995,0.2,3846,0.25,600,279,134.64000000000001,4000
sim_layered_newflow_2026-07-10T23-54-52-761Z,10,bf2e38a0-7c6b-4324-9585-6460ab127426,ToC_Cost_Adult,high_0.65,0.65,6400,524,-758369,false,0.0001809,3.71995,0.2,3921,0.25,600,279,134.64000000000001,4000
sim_layered_newflow_2026-07-10T23-54-52-761Z,10,bf2e38a0-7c6b-4324-9585-6460ab127426,ToC_Cost_Adult,high_0.65,0.65,6500,486,-873890,false,0.00016773,3.71995,0.2,3996,0.25,600,279,134.64000000000001,4000
sim_layered_newflow_2026-07-10T23-54-52-761Z,10,bf2e38a0-7c6b-4324-9585-6460ab127426,ToC_Cost_Adult,high_0.65,0.65,6600,451,-983658,false,0.00015553,3.71995,0.2,4071,0.25,600,279,134.64000000000001,4000
sim_layered_newflow_2026-07-10T23-54-52-761Z,10,bf2e38a0-7c6b-4324-9585-6460ab127426,ToC_Cost_Adult,high_0.65,0.65,6700,418,-1087898,false,0.00014421,3.71995,0.2,4146,0.25,600,279,134.64000000000001,4000
sim_layered_newflow_2026-07-10T23-54-52-761Z,10,bf2e38a0-7c6b-4324-9585-6460ab127426,ToC_Cost_Adult,high_0.65,0.65,6800,387,-1186834,false,0.00013371,3.71995,0.2,4221,0.25,600,279,134.64000000000001,4000
sim_layered_newflow_2026-07-10T23-54-52-761Z,10,bf2e38a0-7c6b-4324-9585-6460ab127426,ToC_Cost_Adult,high_0.65,0.65,6900,359,-1280685,false,0.00012398,3.71995,0.2,4296,0.25,600,279,134.64000000000001,4000
sim_layered_newflow_2026-07-10T23-54-52-761Z,10,bf2e38a0-7c6b-4324-9585-6460ab127426,ToC_Cost_Adult,high_0.65,0.65,7000,333,-1369667,false,0.00011495,3.71995,0.2,4371,0.25,600,279,134.64000000000001,4000
sim_layered_newflow_2026-07-10T23-54-52-761Z,11,08950c0a-4367-469b-87b9-e6e3c54f5f9c,ToC_Cost_Child,actual_7_10,0.5,1000,19579,-9338556,false,0.0063282,3.24575,0.1735,-348,0.25,600,498,191.88,2000
sim_layered_newflow_2026-07-10T23-54-52-761Z,11,08950c0a-4367-469b-87b9-e6e3c54f5f9c,ToC_Cost_Child,actual_7_10,0.5,1100,18079,-7528990,false,0.00584327,3.24575,0.1735,-273,0.25,600,498,191.88,2000
sim_layered_newflow_2026-07-10T23-54-52-761Z,11,08950c0a-4367-469b-87b9-e6e3c54f5f9c,ToC_Cost_Child,actual_7_10,0.5,1200,16693,-5961903,false,0.00539529,3.24575,0.1735,-198,0.25,600,498,191.88,2000
sim_layered_newflow_2026-07-10T23-54-52-761Z,11,08950c0a-4367-469b-87b9-e6e3c54f5f9c,ToC_Cost_Child,actual_7_10,0.5,1300,15413,-4610900,false,0.00498149,3.24575,0.1735,-123,0.25,600,498,191.88,2000
sim_layered_newflow_2026-07-10T23-54-52-761Z,11,08950c0a-4367-469b-87b9-e6e3c54f5f9c,ToC_Cost_Child,actual_7_10,0.5,1400,14230,-3452172,false,0.00459928,3.24575,0.1735,-48,0.25,600,498,191.88,2000
sim_layered_newflow_2026-07-10T23-54-52-761Z,11,08950c0a-4367-469b-87b9-e6e3c54f5f9c,ToC_Cost_Child,actual_7_10,0.5,1500,13138,-2464265,false,0.00424626,3.24575,0.1735,27,0.25,600,498,191.88,2000
sim_layered_newflow_2026-07-10T23-54-52-761Z,11,08950c0a-4367-469b-87b9-e6e3c54f5f9c,ToC_Cost_Child,actual_7_10,0.5,1600,12129,-1627862,false,0.00392024,3.24575,0.1735,102,0.25,600,498,191.88,2000
sim_layered_newflow_2026-07-10T23-54-52-761Z,11,08950c0a-4367-469b-87b9-e6e3c54f5f9c,ToC_Cost_Child,actual_7_10,0.5,1700,11198,-925585,false,0.00361916,3.24575,0.1735,177,0.25,600,498,191.88,2000
sim_layered_newflow_2026-07-10T23-54-52-761Z,11,08950c0a-4367-469b-87b9-e6e3c54f5f9c,ToC_Cost_Child,actual_7_10,0.5,1800,10337,-341816,false,0.00334112,3.24575,0.1735,252,0.25,600,498,191.88,2000
sim_layered_newflow_2026-07-10T23-54-52-761Z,11,08950c0a-4367-469b-87b9-e6e3c54f5f9c,ToC_Cost_Child,actual_7_10,0.5,1900,9543,137467,true,0.00308438,3.24575,0.1735,327,0.25,600,498,191.88,2000
sim_layered_newflow_2026-07-10T23-54-52-761Z,11,08950c0a-4367-469b-87b9-e6e3c54f5f9c,ToC_Cost_Child,actual_7_10,0.5,2000,8810,524843,true,0.00284731,3.24575,0.1735,402,0.25,600,498,191.88,2000
sim_layered_newflow_2026-07-10T23-54-52-761Z,11,08950c0a-4367-469b-87b9-e6e3c54f5f9c,ToC_Cost_Child,actual_7_10,0.5,2100,8132,831583,true,0.00262841,3.24575,0.1735,477,0.25,600,498,191.88,2000
sim_layered_newflow_2026-07-10T23-54-52-761Z,11,08950c0a-4367-469b-87b9-e6e3c54f5f9c,ToC_Cost_Child,actual_7_10,0.5,2200,7507,1067776,true,0.0024263,3.24575,0.1735,552,0.25,600,498,191.88,2000
sim_layered_newflow_2026-07-10T23-54-52-761Z,11,08950c0a-4367-469b-87b9-e6e3c54f5f9c,ToC_Cost_Child,actual_7_10,0.5,2300,6930,1242441,true,0.0022397,3.24575,0.1735,627,0.25,600,498,191.88,2000
sim_layered_newflow_2026-07-10T23-54-52-761Z,11,08950c0a-4367-469b-87b9-e6e3c54f5f9c,ToC_Cost_Child,actual_7_10,0.5,2400,6397,1363633,true,0.00206741,3.24575,0.1735,702,0.25,600,498,191.88,2000
sim_layered_newflow_2026-07-10T23-54-52-761Z,11,08950c0a-4367-469b-87b9-e6e3c54f5f9c,ToC_Cost_Child,actual_7_10,0.5,2500,5904,1438536,true,0.00190836,3.24575,0.1735,777,0.25,600,498,191.88,2000
sim_layered_newflow_2026-07-10T23-54-52-761Z,11,08950c0a-4367-469b-87b9-e6e3c54f5f9c,ToC_Cost_Child,actual_7_10,0.5,2600,5450,1473547,true,0.00176152,3.24575,0.1735,852,0.25,600,498,191.88,2000
sim_layered_newflow_2026-07-10T23-54-52-761Z,11,08950c0a-4367-469b-87b9-e6e3c54f5f9c,ToC_Cost_Child,actual_7_10,0.5,2700,5031,1474356,true,0.00162596,3.24575,0.1735,927,0.25,600,498,191.88,2000
sim_layered_newflow_2026-07-10T23-54-52-761Z,11,08950c0a-4367-469b-87b9-e6e3c54f5f9c,ToC_Cost_Child,actual_7_10,0.5,2800,4644,1446016,true,0.00150082,3.24575,0.1735,1002,0.25,600,498,191.88,2000
sim_layered_newflow_2026-07-10T23-54-52-761Z,11,08950c0a-4367-469b-87b9-e6e3c54f5f9c,ToC_Cost_Child,actual_7_10,0.5,2900,4286,1393007,true,0.00138529,3.24575,0.1735,1077,0.25,600,498,191.88,2000
sim_layered_newflow_2026-07-10T23-54-52-761Z,11,08950c0a-4367-469b-87b9-e6e3c54f5f9c,ToC_Cost_Child,actual_7_10,0.5,3000,3956,1319292,true,0.00127865,3.24575,0.1735,1152,0.25,600,498,191.88,2000
sim_layered_newflow_2026-07-10T23-54-52-761Z,11,08950c0a-4367-469b-87b9-e6e3c54f5f9c,ToC_Cost_Child,actual_7_10,0.5,3100,3652,1228372,true,0.00118021,3.24575,0.1735,1227,0.25,600,498,191.88,2000
sim_layered_newflow_2026-07-10T23-54-52-761Z,11,08950c0a-4367-469b-87b9-e6e3c54f5f9c,ToC_Cost_Child,actual_7_10,0.5,3200,3370,1123332,true,0.00108933,3.24575,0.1735,1302,0.25,600,498,191.88,2000
sim_layered_newflow_2026-07-10T23-54-52-761Z,11,08950c0a-4367-469b-87b9-e6e3c54f5f9c,ToC_Cost_Child,actual_7_10,0.5,3300,3111,1006886,true,0.00100545,3.24575,0.1735,1377,0.25,600,498,191.88,2000
sim_layered_newflow_2026-07-10T23-54-52-761Z,11,08950c0a-4367-469b-87b9-e6e3c54f5f9c,ToC_Cost_Child,actual_7_10,0.5,3400,2871,881412,true,0.00092802,3.24575,0.1735,1452,0.25,600,498,191.88,2000
sim_layered_newflow_2026-07-10T23-54-52-761Z,11,08950c0a-4367-469b-87b9-e6e3c54f5f9c,ToC_Cost_Child,actual_7_10,0.5,3500,2650,748993,true,0.00085655,3.24575,0.1735,1527,0.25,600,498,191.88,2000
sim_layered_newflow_2026-07-10T23-54-52-761Z,11,08950c0a-4367-469b-87b9-e6e3c54f5f9c,ToC_Cost_Child,actual_7_10,0.5,3600,2446,611442,true,0.00079058,3.24575,0.1735,1602,0.25,600,498,191.88,2000
sim_layered_newflow_2026-07-10T23-54-52-761Z,11,08950c0a-4367-469b-87b9-e6e3c54f5f9c,ToC_Cost_Child,actual_7_10,0.5,3700,2258,470336,true,0.00072968,3.24575,0.1735,1677,0.25,600,498,191.88,2000
sim_layered_newflow_2026-07-10T23-54-52-761Z,11,08950c0a-4367-469b-87b9-e6e3c54f5f9c,ToC_Cost_Child,actual_7_10,0.5,3800,2084,327039,true,0.00067348,3.24575,0.1735,1752,0.25,600,498,191.88,2000
sim_layered_newflow_2026-07-10T23-54-52-761Z,11,08950c0a-4367-469b-87b9-e6e3c54f5f9c,ToC_Cost_Child,actual_7_10,0.5,3900,1923,182726,true,0.0006216,3.24575,0.1735,1827,0.25,600,498,191.88,2000
sim_layered_newflow_2026-07-10T23-54-52-761Z,11,08950c0a-4367-469b-87b9-e6e3c54f5f9c,ToC_Cost_Child,actual_7_10,0.5,4000,1775,38404,true,0.00057371,3.24575,0.1735,1902,0.25,600,498,191.88,2000
sim_layered_newflow_2026-07-10T23-54-52-761Z,11,08950c0a-4367-469b-87b9-e6e3c54f5f9c,ToC_Cost_Child,actual_7_10,0.5,4100,1638,-105067,false,0.00052951,3.24575,0.1735,1977,0.25,600,498,191.88,2000
sim_layered_newflow_2026-07-10T23-54-52-761Z,11,08950c0a-4367-469b-87b9-e6e3c54f5f9c,ToC_Cost_Child,actual_7_10,0.5,4200,1512,-246962,false,0.00048872,3.24575,0.1735,2052,0.25,600,498,191.88,2000
sim_layered_newflow_2026-07-10T23-54-52-761Z,11,08950c0a-4367-469b-87b9-e6e3c54f5f9c,ToC_Cost_Child,actual_7_10,0.5,4300,1396,-386672,false,0.00045106,3.24575,0.1735,2127,0.25,600,498,191.88,2000
sim_layered_newflow_2026-07-10T23-54-52-761Z,11,08950c0a-4367-469b-87b9-e6e3c54f5f9c,ToC_Cost_Child,actual_7_10,0.5,4400,1288,-523690,false,0.00041631,3.24575,0.1735,2202,0.25,600,498,191.88,2000
sim_layered_newflow_2026-07-10T23-54-52-761Z,11,08950c0a-4367-469b-87b9-e6e3c54f5f9c,ToC_Cost_Child,actual_7_10,0.5,4500,1189,-657602,false,0.00038423,3.24575,0.1735,2277,0.25,600,498,191.88,2000
sim_layered_newflow_2026-07-10T23-54-52-761Z,11,08950c0a-4367-469b-87b9-e6e3c54f5f9c,ToC_Cost_Child,actual_7_10,0.5,4600,1097,-788073,false,0.00035462,3.24575,0.1735,2352,0.25,600,498,191.88,2000
sim_layered_newflow_2026-07-10T23-54-52-761Z,11,08950c0a-4367-469b-87b9-e6e3c54f5f9c,ToC_Cost_Child,actual_7_10,0.5,4700,1013,-914836,false,0.0003273,3.24575,0.1735,2427,0.25,600,498,191.88,2000
sim_layered_newflow_2026-07-10T23-54-52-761Z,11,08950c0a-4367-469b-87b9-e6e3c54f5f9c,ToC_Cost_Child,actual_7_10,0.5,4800,935,-1037690,false,0.00030208,3.24575,0.1735,2502,0.25,600,498,191.88,2000
sim_layered_newflow_2026-07-10T23-54-52-761Z,11,08950c0a-4367-469b-87b9-e6e3c54f5f9c,ToC_Cost_Child,actual_7_10,0.5,4900,863,-1156482,false,0.0002788,3.24575,0.1735,2577,0.25,600,498,191.88,2000
sim_layered_newflow_2026-07-10T23-54-52-761Z,11,08950c0a-4367-469b-87b9-e6e3c54f5f9c,ToC_Cost_Child,actual_7_10,0.5,5000,796,-1271109,false,0.00025731,3.24575,0.1735,2652,0.25,600,498,191.88,2000
sim_layered_newflow_2026-07-10T23-54-52-761Z,11,08950c0a-4367-469b-87b9-e6e3c54f5f9c,ToC_Cost_Child,actual_7_10,0.5,5100,735,-1381508,false,0.00023749,3.24575,0.1735,2727,0.25,600,498,191.88,2000
sim_layered_newflow_2026-07-10T23-54-52-761Z,11,08950c0a-4367-469b-87b9-e6e3c54f5f9c,ToC_Cost_Child,actual_7_10,0.5,5200,678,-1487649,false,0.00021918,3.24575,0.1735,2802,0.25,600,498,191.88,2000
sim_layered_newflow_2026-07-10T23-54-52-761Z,11,08950c0a-4367-469b-87b9-e6e3c54f5f9c,ToC_Cost_Child,actual_7_10,0.5,5300,626,-1589532,false,0.00020229,3.24575,0.1735,2877,0.25,600,498,191.88,2000
sim_layered_newflow_2026-07-10T23-54-52-761Z,11,08950c0a-4367-469b-87b9-e6e3c54f5f9c,ToC_Cost_Child,actual_7_10,0.5,5400,578,-1687184,false,0.0001867,3.24575,0.1735,2952,0.25,600,498,191.88,2000
sim_layered_newflow_2026-07-10T23-54-52-761Z,11,08950c0a-4367-469b-87b9-e6e3c54f5f9c,ToC_Cost_Child,actual_7_10,0.5,5500,533,-1780651,false,0.00017231,3.24575,0.1735,3027,0.25,600,498,191.88,2000
sim_layered_newflow_2026-07-10T23-54-52-761Z,11,08950c0a-4367-469b-87b9-e6e3c54f5f9c,ToC_Cost_Child,actual_7_10,0.5,5600,492,-1869998,false,0.00015903,3.24575,0.1735,3102,0.25,600,498,191.88,2000
sim_layered_newflow_2026-07-10T23-54-52-761Z,11,08950c0a-4367-469b-87b9-e6e3c54f5f9c,ToC_Cost_Child,actual_7_10,0.5,5700,454,-1955304,false,0.00014678,3.24575,0.1735,3177,0.25,600,498,191.88,2000
sim_layered_newflow_2026-07-10T23-54-52-761Z,11,08950c0a-4367-469b-87b9-e6e3c54f5f9c,ToC_Cost_Child,actual_7_10,0.5,5800,419,-2036662,false,0.00013546,3.24575,0.1735,3252,0.25,600,498,191.88,2000
sim_layered_newflow_2026-07-10T23-54-52-761Z,11,08950c0a-4367-469b-87b9-e6e3c54f5f9c,ToC_Cost_Child,actual_7_10,0.5,5900,387,-2114174,false,0.00012502,3.24575,0.1735,3327,0.25,600,498,191.88,2000
sim_layered_newflow_2026-07-10T23-54-52-761Z,11,08950c0a-4367-469b-87b9-e6e3c54f5f9c,ToC_Cost_Child,actual_7_10,0.5,6000,357,-2187949,false,0.00011539,3.24575,0.1735,3402,0.25,600,498,191.88,2000
sim_layered_newflow_2026-07-10T23-54-52-761Z,11,08950c0a-4367-469b-87b9-e6e3c54f5f9c,ToC_Cost_Child,actual_7_10,0.5,6100,329,-2258102,false,0.00010649,3.24575,0.1735,3477,0.25,600,498,191.88,2000
sim_layered_newflow_2026-07-10T23-54-52-761Z,11,08950c0a-4367-469b-87b9-e6e3c54f5f9c,ToC_Cost_Child,actual_7_10,0.5,6200,304,-2324754,false,0.00009829,3.24575,0.1735,3552,0.25,600,498,191.88,2000
sim_layered_newflow_2026-07-10T23-54-52-761Z,11,08950c0a-4367-469b-87b9-e6e3c54f5f9c,ToC_Cost_Child,actual_7_10,0.5,6300,281,-2388027,false,0.00009071,3.24575,0.1735,3627,0.25,600,498,191.88,2000
sim_layered_newflow_2026-07-10T23-54-52-761Z,11,08950c0a-4367-469b-87b9-e6e3c54f5f9c,ToC_Cost_Child,actual_7_10,0.5,6400,259,-2448046,false,0.00008372,3.24575,0.1735,3702,0.25,600,498,191.88,2000
sim_layered_newflow_2026-07-10T23-54-52-761Z,11,08950c0a-4367-469b-87b9-e6e3c54f5f9c,ToC_Cost_Child,actual_7_10,0.5,6500,239,-2504937,false,0.00007727,3.24575,0.1735,3777,0.25,600,498,191.88,2000
sim_layered_newflow_2026-07-10T23-54-52-761Z,11,08950c0a-4367-469b-87b9-e6e3c54f5f9c,ToC_Cost_Child,actual_7_10,0.5,6600,221,-2558826,false,0.00007131,3.24575,0.1735,3852,0.25,600,498,191.88,2000
sim_layered_newflow_2026-07-10T23-54-52-761Z,11,08950c0a-4367-469b-87b9-e6e3c54f5f9c,ToC_Cost_Child,actual_7_10,0.5,6700,204,-2609837,false,0.00006582,3.24575,0.1735,3927,0.25,600,498,191.88,2000
sim_layered_newflow_2026-07-10T23-54-52-761Z,11,08950c0a-4367-469b-87b9-e6e3c54f5f9c,ToC_Cost_Child,actual_7_10,0.5,6800,188,-2658094,false,0.00006074,3.24575,0.1735,4002,0.25,600,498,191.88,2000
sim_layered_newflow_2026-07-10T23-54-52-761Z,11,08950c0a-4367-469b-87b9-e6e3c54f5f9c,ToC_Cost_Child,actual_7_10,0.5,6900,173,-2703718,false,0.00005606,3.24575,0.1735,4077,0.25,600,498,191.88,2000
sim_layered_newflow_2026-07-10T23-54-52-761Z,11,08950c0a-4367-469b-87b9-e6e3c54f5f9c,ToC_Cost_Child,actual_7_10,0.5,7000,160,-2746828,false,0.00005174,3.24575,0.1735,4152,0.25,600,498,191.88,2000
sim_layered_newflow_2026-07-10T23-54-52-761Z,11,08950c0a-4367-469b-87b9-e6e3c54f5f9c,ToC_Cost_Child,low_0.35,0.35,1000,8581,-6141812,false,0.00277358,2.4173,0.106,-348,0.25,600,498,191.88,2000
sim_layered_newflow_2026-07-10T23-54-52-761Z,11,08950c0a-4367-469b-87b9-e6e3c54f5f9c,ToC_Cost_Child,low_0.35,0.35,1100,7922,-5338331,false,0.00256033,2.4173,0.106,-273,0.25,600,498,191.88,2000
sim_layered_newflow_2026-07-10T23-54-52-761Z,11,08950c0a-4367-469b-87b9-e6e3c54f5f9c,ToC_Cost_Child,low_0.35,0.35,1200,7313,-4642283,false,0.00236345,2.4173,0.106,-198,0.25,600,498,191.88,2000
sim_layered_newflow_2026-07-10T23-54-52-761Z,11,08950c0a-4367-469b-87b9-e6e3c54f5f9c,ToC_Cost_Child,low_0.35,0.35,1300,6750,-4041926,false,0.00218167,2.4173,0.106,-123,0.25,600,498,191.88,2000
sim_layered_newflow_2026-07-10T23-54-52-761Z,11,08950c0a-4367-469b-87b9-e6e3c54f5f9c,ToC_Cost_Child,low_0.35,0.35,1400,6231,-3526680,false,0.00201384,2.4173,0.106,-48,0.25,600,498,191.88,2000
sim_layered_newflow_2026-07-10T23-54-52-761Z,11,08950c0a-4367-469b-87b9-e6e3c54f5f9c,ToC_Cost_Child,low_0.35,0.35,1500,5751,-3087023,false,0.0018589,2.4173,0.106,27,0.25,600,498,191.88,2000
sim_layered_newflow_2026-07-10T23-54-52-761Z,11,08950c0a-4367-469b-87b9-e6e3c54f5f9c,ToC_Cost_Child,low_0.35,0.35,1600,5309,-2714388,false,0.00171586,2.4173,0.106,102,0.25,600,498,191.88,2000
sim_layered_newflow_2026-07-10T23-54-52-761Z,11,08950c0a-4367-469b-87b9-e6e3c54f5f9c,ToC_Cost_Child,low_0.35,0.35,1700,4900,-2401076,false,0.00158381,2.4173,0.106,177,0.25,600,498,191.88,2000
sim_layered_newflow_2026-07-10T23-54-52-761Z,11,08950c0a-4367-469b-87b9-e6e3c54f5f9c,ToC_Cost_Child,low_0.35,0.35,1800,4523,-2140174,false,0.0014619,2.4173,0.106,252,0.25,600,498,191.88,2000
sim_layered_newflow_2026-07-10T23-54-52-761Z,11,08950c0a-4367-469b-87b9-e6e3c54f5f9c,ToC_Cost_Child,low_0.35,0.35,1900,4175,-1925478,false,0.00134937,2.4173,0.106,327,0.25,600,498,191.88,2000
sim_layered_newflow_2026-07-10T23-54-52-761Z,11,08950c0a-4367-469b-87b9-e6e3c54f5f9c,ToC_Cost_Child,low_0.35,0.35,2000,3854,-1751426,false,0.00124549,2.4173,0.106,402,0.25,600,498,191.88,2000
sim_layered_newflow_2026-07-10T23-54-52-761Z,11,08950c0a-4367-469b-87b9-e6e3c54f5f9c,ToC_Cost_Child,low_0.35,0.35,2100,3557,-1613038,false,0.0011496,2.4173,0.106,477,0.25,600,498,191.88,2000
sim_layered_newflow_2026-07-10T23-54-52-761Z,11,08950c0a-4367-469b-87b9-e6e3c54f5f9c,ToC_Cost_Child,low_0.35,0.35,2200,3283,-1505858,false,0.00106108,2.4173,0.106,552,0.25,600,498,191.88,2000
sim_layered_newflow_2026-07-10T23-54-52-761Z,11,08950c0a-4367-469b-87b9-e6e3c54f5f9c,ToC_Cost_Child,low_0.35,0.35,2300,3030,-1425903,false,0.00097937,2.4173,0.106,627,0.25,600,498,191.88,2000
sim_layered_newflow_2026-07-10T23-54-52-761Z,11,08950c0a-4367-469b-87b9-e6e3c54f5f9c,ToC_Cost_Child,low_0.35,0.35,2400,2797,-1369618,false,0.00090395,2.4173,0.106,702,0.25,600,498,191.88,2000
sim_layered_newflow_2026-07-10T23-54-52-761Z,11,08950c0a-4367-469b-87b9-e6e3c54f5f9c,ToC_Cost_Child,low_0.35,0.35,2500,2581,-1333834,false,0.00083433,2.4173,0.106,777,0.25,600,498,191.88,2000
sim_layered_newflow_2026-07-10T23-54-52-761Z,11,08950c0a-4367-469b-87b9-e6e3c54f5f9c,ToC_Cost_Child,low_0.35,0.35,2600,2383,-1315729,false,0.00077007,2.4173,0.106,852,0.25,600,498,191.88,2000
sim_layered_newflow_2026-07-10T23-54-52-761Z,11,08950c0a-4367-469b-87b9-e6e3c54f5f9c,ToC_Cost_Child,low_0.35,0.35,2700,2199,-1312791,false,0.00071075,2.4173,0.106,927,0.25,600,498,191.88,2000
sim_layered_newflow_2026-07-10T23-54-52-761Z,11,08950c0a-4367-469b-87b9-e6e3c54f5f9c,ToC_Cost_Child,low_0.35,0.35,2800,2030,-1322794,false,0.000656,2.4173,0.106,1002,0.25,600,498,191.88,2000
sim_layered_newflow_2026-07-10T23-54-52-761Z,11,08950c0a-4367-469b-87b9-e6e3c54f5f9c,ToC_Cost_Child,low_0.35,0.35,2900,1873,-1343760,false,0.00060547,2.4173,0.106,1077,0.25,600,498,191.88,2000
sim_layered_newflow_2026-07-10T23-54-52-761Z,11,08950c0a-4367-469b-87b9-e6e3c54f5f9c,ToC_Cost_Child,low_0.35,0.35,3000,1729,-1373943,false,0.00055882,2.4173,0.106,1152,0.25,600,498,191.88,2000
sim_layered_newflow_2026-07-10T23-54-52-761Z,11,08950c0a-4367-469b-87b9-e6e3c54f5f9c,ToC_Cost_Child,low_0.35,0.35,3100,1596,-1411798,false,0.00051577,2.4173,0.106,1227,0.25,600,498,191.88,2000
sim_layered_newflow_2026-07-10T23-54-52-761Z,11,08950c0a-4367-469b-87b9-e6e3c54f5f9c,ToC_Cost_Child,low_0.35,0.35,3200,1473,-1455963,false,0.00047603,2.4173,0.106,1302,0.25,600,498,191.88,2000
sim_layered_newflow_2026-07-10T23-54-52-761Z,11,08950c0a-4367-469b-87b9-e6e3c54f5f9c,ToC_Cost_Child,low_0.35,0.35,3300,1359,-1505242,false,0.00043935,2.4173,0.106,1377,0.25,600,498,191.88,2000
sim_layered_newflow_2026-07-10T23-54-52-761Z,11,08950c0a-4367-469b-87b9-e6e3c54f5f9c,ToC_Cost_Child,low_0.35,0.35,3400,1255,-1558585,false,0.0004055,2.4173,0.106,1452,0.25,600,498,191.88,2000
sim_layered_newflow_2026-07-10T23-54-52-761Z,11,08950c0a-4367-469b-87b9-e6e3c54f5f9c,ToC_Cost_Child,low_0.35,0.35,3500,1158,-1615072,false,0.00037426,2.4173,0.106,1527,0.25,600,498,191.88,2000
sim_layered_newflow_2026-07-10T23-54-52-761Z,11,08950c0a-4367-469b-87b9-e6e3c54f5f9c,ToC_Cost_Child,low_0.35,0.35,3600,1069,-1673903,false,0.00034542,2.4173,0.106,1602,0.25,600,498,191.88,2000
sim_layered_newflow_2026-07-10T23-54-52-761Z,11,08950c0a-4367-469b-87b9-e6e3c54f5f9c,ToC_Cost_Child,low_0.35,0.35,3700,986,-1734381,false,0.0003188,2.4173,0.106,1677,0.25,600,498,191.88,2000
sim_layered_newflow_2026-07-10T23-54-52-761Z,11,08950c0a-4367-469b-87b9-e6e3c54f5f9c,ToC_Cost_Child,low_0.35,0.35,3800,910,-1795902,false,0.00029424,2.4173,0.106,1752,0.25,600,498,191.88,2000
sim_layered_newflow_2026-07-10T23-54-52-761Z,11,08950c0a-4367-469b-87b9-e6e3c54f5f9c,ToC_Cost_Child,low_0.35,0.35,3900,840,-1857947,false,0.00027156,2.4173,0.106,1827,0.25,600,498,191.88,2000
sim_layered_newflow_2026-07-10T23-54-52-761Z,11,08950c0a-4367-469b-87b9-e6e3c54f5f9c,ToC_Cost_Child,low_0.35,0.35,4000,775,-1920070,false,0.00025064,2.4173,0.106,1902,0.25,600,498,191.88,2000
sim_layered_newflow_2026-07-10T23-54-52-761Z,11,08950c0a-4367-469b-87b9-e6e3c54f5f9c,ToC_Cost_Child,low_0.35,0.35,4100,716,-1981889,false,0.00023132,2.4173,0.106,1977,0.25,600,498,191.88,2000
sim_layered_newflow_2026-07-10T23-54-52-761Z,11,08950c0a-4367-469b-87b9-e6e3c54f5f9c,ToC_Cost_Child,low_0.35,0.35,4200,661,-2043083,false,0.00021349,2.4173,0.106,2052,0.25,600,498,191.88,2000
sim_layered_newflow_2026-07-10T23-54-52-761Z,11,08950c0a-4367-469b-87b9-e6e3c54f5f9c,ToC_Cost_Child,low_0.35,0.35,4300,610,-2103381,false,0.00019704,2.4173,0.106,2127,0.25,600,498,191.88,2000
sim_layered_newflow_2026-07-10T23-54-52-761Z,11,08950c0a-4367-469b-87b9-e6e3c54f5f9c,ToC_Cost_Child,low_0.35,0.35,4400,563,-2162557,false,0.00018186,2.4173,0.106,2202,0.25,600,498,191.88,2000
sim_layered_newflow_2026-07-10T23-54-52-761Z,11,08950c0a-4367-469b-87b9-e6e3c54f5f9c,ToC_Cost_Child,low_0.35,0.35,4500,519,-2220426,false,0.00016784,2.4173,0.106,2277,0.25,600,498,191.88,2000
sim_layered_newflow_2026-07-10T23-54-52-761Z,11,08950c0a-4367-469b-87b9-e6e3c54f5f9c,ToC_Cost_Child,low_0.35,0.35,4600,479,-2276839,false,0.0001549,2.4173,0.106,2352,0.25,600,498,191.88,2000
sim_layered_newflow_2026-07-10T23-54-52-761Z,11,08950c0a-4367-469b-87b9-e6e3c54f5f9c,ToC_Cost_Child,low_0.35,0.35,4700,442,-2331674,false,0.00014297,2.4173,0.106,2427,0.25,600,498,191.88,2000
sim_layered_newflow_2026-07-10T23-54-52-761Z,11,08950c0a-4367-469b-87b9-e6e3c54f5f9c,ToC_Cost_Child,low_0.35,0.35,4800,408,-2384842,false,0.00013195,2.4173,0.106,2502,0.25,600,498,191.88,2000
sim_layered_newflow_2026-07-10T23-54-52-761Z,11,08950c0a-4367-469b-87b9-e6e3c54f5f9c,ToC_Cost_Child,low_0.35,0.35,4900,377,-2436272,false,0.00012178,2.4173,0.106,2577,0.25,600,498,191.88,2000
sim_layered_newflow_2026-07-10T23-54-52-761Z,11,08950c0a-4367-469b-87b9-e6e3c54f5f9c,ToC_Cost_Child,low_0.35,0.35,5000,348,-2485918,false,0.00011239,2.4173,0.106,2652,0.25,600,498,191.88,2000
sim_layered_newflow_2026-07-10T23-54-52-761Z,11,08950c0a-4367-469b-87b9-e6e3c54f5f9c,ToC_Cost_Child,low_0.35,0.35,5100,321,-2533747,false,0.00010373,2.4173,0.106,2727,0.25,600,498,191.88,2000
sim_layered_newflow_2026-07-10T23-54-52-761Z,11,08950c0a-4367-469b-87b9-e6e3c54f5f9c,ToC_Cost_Child,low_0.35,0.35,5200,296,-2579746,false,0.00009574,2.4173,0.106,2802,0.25,600,498,191.88,2000
sim_layered_newflow_2026-07-10T23-54-52-761Z,11,08950c0a-4367-469b-87b9-e6e3c54f5f9c,ToC_Cost_Child,low_0.35,0.35,5300,273,-2623913,false,0.00008836,2.4173,0.106,2877,0.25,600,498,191.88,2000
sim_layered_newflow_2026-07-10T23-54-52-761Z,11,08950c0a-4367-469b-87b9-e6e3c54f5f9c,ToC_Cost_Child,low_0.35,0.35,5400,252,-2666256,false,0.00008155,2.4173,0.106,2952,0.25,600,498,191.88,2000
sim_layered_newflow_2026-07-10T23-54-52-761Z,11,08950c0a-4367-469b-87b9-e6e3c54f5f9c,ToC_Cost_Child,low_0.35,0.35,5500,233,-2706794,false,0.00007526,2.4173,0.106,3027,0.25,600,498,191.88,2000
sim_layered_newflow_2026-07-10T23-54-52-761Z,11,08950c0a-4367-469b-87b9-e6e3c54f5f9c,ToC_Cost_Child,low_0.35,0.35,5600,215,-2745555,false,0.00006946,2.4173,0.106,3102,0.25,600,498,191.88,2000
sim_layered_newflow_2026-07-10T23-54-52-761Z,11,08950c0a-4367-469b-87b9-e6e3c54f5f9c,ToC_Cost_Child,low_0.35,0.35,5700,198,-2782570,false,0.00006411,2.4173,0.106,3177,0.25,600,498,191.88,2000
sim_layered_newflow_2026-07-10T23-54-52-761Z,11,08950c0a-4367-469b-87b9-e6e3c54f5f9c,ToC_Cost_Child,low_0.35,0.35,5800,183,-2817879,false,0.00005917,2.4173,0.106,3252,0.25,600,498,191.88,2000
sim_layered_newflow_2026-07-10T23-54-52-761Z,11,08950c0a-4367-469b-87b9-e6e3c54f5f9c,ToC_Cost_Child,low_0.35,0.35,5900,169,-2851525,false,0.00005461,2.4173,0.106,3327,0.25,600,498,191.88,2000
sim_layered_newflow_2026-07-10T23-54-52-761Z,11,08950c0a-4367-469b-87b9-e6e3c54f5f9c,ToC_Cost_Child,low_0.35,0.35,6000,156,-2883555,false,0.0000504,2.4173,0.106,3402,0.25,600,498,191.88,2000
sim_layered_newflow_2026-07-10T23-54-52-761Z,11,08950c0a-4367-469b-87b9-e6e3c54f5f9c,ToC_Cost_Child,low_0.35,0.35,6100,144,-2914017,false,0.00004651,2.4173,0.106,3477,0.25,600,498,191.88,2000
sim_layered_newflow_2026-07-10T23-54-52-761Z,11,08950c0a-4367-469b-87b9-e6e3c54f5f9c,ToC_Cost_Child,low_0.35,0.35,6200,133,-2942964,false,0.00004293,2.4173,0.106,3552,0.25,600,498,191.88,2000
sim_layered_newflow_2026-07-10T23-54-52-761Z,11,08950c0a-4367-469b-87b9-e6e3c54f5f9c,ToC_Cost_Child,low_0.35,0.35,6300,123,-2970447,false,0.00003962,2.4173,0.106,3627,0.25,600,498,191.88,2000
sim_layered_newflow_2026-07-10T23-54-52-761Z,11,08950c0a-4367-469b-87b9-e6e3c54f5f9c,ToC_Cost_Child,low_0.35,0.35,6400,113,-2996520,false,0.00003656,2.4173,0.106,3702,0.25,600,498,191.88,2000
sim_layered_newflow_2026-07-10T23-54-52-761Z,11,08950c0a-4367-469b-87b9-e6e3c54f5f9c,ToC_Cost_Child,low_0.35,0.35,6500,104,-3021238,false,0.00003375,2.4173,0.106,3777,0.25,600,498,191.88,2000
sim_layered_newflow_2026-07-10T23-54-52-761Z,11,08950c0a-4367-469b-87b9-e6e3c54f5f9c,ToC_Cost_Child,low_0.35,0.35,6600,96,-3044655,false,0.00003114,2.4173,0.106,3852,0.25,600,498,191.88,2000
sim_layered_newflow_2026-07-10T23-54-52-761Z,11,08950c0a-4367-469b-87b9-e6e3c54f5f9c,ToC_Cost_Child,low_0.35,0.35,6700,89,-3066823,false,0.00002874,2.4173,0.106,3927,0.25,600,498,191.88,2000
sim_layered_newflow_2026-07-10T23-54-52-761Z,11,08950c0a-4367-469b-87b9-e6e3c54f5f9c,ToC_Cost_Child,low_0.35,0.35,6800,82,-3087797,false,0.00002653,2.4173,0.106,4002,0.25,600,498,191.88,2000
sim_layered_newflow_2026-07-10T23-54-52-761Z,11,08950c0a-4367-469b-87b9-e6e3c54f5f9c,ToC_Cost_Child,low_0.35,0.35,6900,76,-3107629,false,0.00002448,2.4173,0.106,4077,0.25,600,498,191.88,2000
sim_layered_newflow_2026-07-10T23-54-52-761Z,11,08950c0a-4367-469b-87b9-e6e3c54f5f9c,ToC_Cost_Child,low_0.35,0.35,7000,70,-3126371,false,0.0000226,2.4173,0.106,4152,0.25,600,498,191.88,2000
sim_layered_newflow_2026-07-10T23-54-52-761Z,11,08950c0a-4367-469b-87b9-e6e3c54f5f9c,ToC_Cost_Child,mid_0.50,0.5,1000,19579,-9338556,false,0.0063282,3.24575,0.1735,-348,0.25,600,498,191.88,2000
sim_layered_newflow_2026-07-10T23-54-52-761Z,11,08950c0a-4367-469b-87b9-e6e3c54f5f9c,ToC_Cost_Child,mid_0.50,0.5,1100,18079,-7528990,false,0.00584327,3.24575,0.1735,-273,0.25,600,498,191.88,2000
sim_layered_newflow_2026-07-10T23-54-52-761Z,11,08950c0a-4367-469b-87b9-e6e3c54f5f9c,ToC_Cost_Child,mid_0.50,0.5,1200,16693,-5961903,false,0.00539529,3.24575,0.1735,-198,0.25,600,498,191.88,2000
sim_layered_newflow_2026-07-10T23-54-52-761Z,11,08950c0a-4367-469b-87b9-e6e3c54f5f9c,ToC_Cost_Child,mid_0.50,0.5,1300,15413,-4610900,false,0.00498149,3.24575,0.1735,-123,0.25,600,498,191.88,2000
sim_layered_newflow_2026-07-10T23-54-52-761Z,11,08950c0a-4367-469b-87b9-e6e3c54f5f9c,ToC_Cost_Child,mid_0.50,0.5,1400,14230,-3452172,false,0.00459928,3.24575,0.1735,-48,0.25,600,498,191.88,2000
sim_layered_newflow_2026-07-10T23-54-52-761Z,11,08950c0a-4367-469b-87b9-e6e3c54f5f9c,ToC_Cost_Child,mid_0.50,0.5,1500,13138,-2464265,false,0.00424626,3.24575,0.1735,27,0.25,600,498,191.88,2000
sim_layered_newflow_2026-07-10T23-54-52-761Z,11,08950c0a-4367-469b-87b9-e6e3c54f5f9c,ToC_Cost_Child,mid_0.50,0.5,1600,12129,-1627862,false,0.00392024,3.24575,0.1735,102,0.25,600,498,191.88,2000
sim_layered_newflow_2026-07-10T23-54-52-761Z,11,08950c0a-4367-469b-87b9-e6e3c54f5f9c,ToC_Cost_Child,mid_0.50,0.5,1700,11198,-925585,false,0.00361916,3.24575,0.1735,177,0.25,600,498,191.88,2000
sim_layered_newflow_2026-07-10T23-54-52-761Z,11,08950c0a-4367-469b-87b9-e6e3c54f5f9c,ToC_Cost_Child,mid_0.50,0.5,1800,10337,-341816,false,0.00334112,3.24575,0.1735,252,0.25,600,498,191.88,2000
sim_layered_newflow_2026-07-10T23-54-52-761Z,11,08950c0a-4367-469b-87b9-e6e3c54f5f9c,ToC_Cost_Child,mid_0.50,0.5,1900,9543,137467,true,0.00308438,3.24575,0.1735,327,0.25,600,498,191.88,2000
sim_layered_newflow_2026-07-10T23-54-52-761Z,11,08950c0a-4367-469b-87b9-e6e3c54f5f9c,ToC_Cost_Child,mid_0.50,0.5,2000,8810,524843,true,0.00284731,3.24575,0.1735,402,0.25,600,498,191.88,2000
sim_layered_newflow_2026-07-10T23-54-52-761Z,11,08950c0a-4367-469b-87b9-e6e3c54f5f9c,ToC_Cost_Child,mid_0.50,0.5,2100,8132,831583,true,0.00262841,3.24575,0.1735,477,0.25,600,498,191.88,2000
sim_layered_newflow_2026-07-10T23-54-52-761Z,11,08950c0a-4367-469b-87b9-e6e3c54f5f9c,ToC_Cost_Child,mid_0.50,0.5,2200,7507,1067776,true,0.0024263,3.24575,0.1735,552,0.25,600,498,191.88,2000
sim_layered_newflow_2026-07-10T23-54-52-761Z,11,08950c0a-4367-469b-87b9-e6e3c54f5f9c,ToC_Cost_Child,mid_0.50,0.5,2300,6930,1242441,true,0.0022397,3.24575,0.1735,627,0.25,600,498,191.88,2000
sim_layered_newflow_2026-07-10T23-54-52-761Z,11,08950c0a-4367-469b-87b9-e6e3c54f5f9c,ToC_Cost_Child,mid_0.50,0.5,2400,6397,1363633,true,0.00206741,3.24575,0.1735,702,0.25,600,498,191.88,2000
sim_layered_newflow_2026-07-10T23-54-52-761Z,11,08950c0a-4367-469b-87b9-e6e3c54f5f9c,ToC_Cost_Child,mid_0.50,0.5,2500,5904,1438536,true,0.00190836,3.24575,0.1735,777,0.25,600,498,191.88,2000
sim_layered_newflow_2026-07-10T23-54-52-761Z,11,08950c0a-4367-469b-87b9-e6e3c54f5f9c,ToC_Cost_Child,mid_0.50,0.5,2600,5450,1473547,true,0.00176152,3.24575,0.1735,852,0.25,600,498,191.88,2000
sim_layered_newflow_2026-07-10T23-54-52-761Z,11,08950c0a-4367-469b-87b9-e6e3c54f5f9c,ToC_Cost_Child,mid_0.50,0.5,2700,5031,1474356,true,0.00162596,3.24575,0.1735,927,0.25,600,498,191.88,2000
sim_layered_newflow_2026-07-10T23-54-52-761Z,11,08950c0a-4367-469b-87b9-e6e3c54f5f9c,ToC_Cost_Child,mid_0.50,0.5,2800,4644,1446016,true,0.00150082,3.24575,0.1735,1002,0.25,600,498,191.88,2000
sim_layered_newflow_2026-07-10T23-54-52-761Z,11,08950c0a-4367-469b-87b9-e6e3c54f5f9c,ToC_Cost_Child,mid_0.50,0.5,2900,4286,1393007,true,0.00138529,3.24575,0.1735,1077,0.25,600,498,191.88,2000
sim_layered_newflow_2026-07-10T23-54-52-761Z,11,08950c0a-4367-469b-87b9-e6e3c54f5f9c,ToC_Cost_Child,mid_0.50,0.5,3000,3956,1319292,true,0.00127865,3.24575,0.1735,1152,0.25,600,498,191.88,2000
sim_layered_newflow_2026-07-10T23-54-52-761Z,11,08950c0a-4367-469b-87b9-e6e3c54f5f9c,ToC_Cost_Child,mid_0.50,0.5,3100,3652,1228372,true,0.00118021,3.24575,0.1735,1227,0.25,600,498,191.88,2000
sim_layered_newflow_2026-07-10T23-54-52-761Z,11,08950c0a-4367-469b-87b9-e6e3c54f5f9c,ToC_Cost_Child,mid_0.50,0.5,3200,3370,1123332,true,0.00108933,3.24575,0.1735,1302,0.25,600,498,191.88,2000
sim_layered_newflow_2026-07-10T23-54-52-761Z,11,08950c0a-4367-469b-87b9-e6e3c54f5f9c,ToC_Cost_Child,mid_0.50,0.5,3300,3111,1006886,true,0.00100545,3.24575,0.1735,1377,0.25,600,498,191.88,2000
sim_layered_newflow_2026-07-10T23-54-52-761Z,11,08950c0a-4367-469b-87b9-e6e3c54f5f9c,ToC_Cost_Child,mid_0.50,0.5,3400,2871,881412,true,0.00092802,3.24575,0.1735,1452,0.25,600,498,191.88,2000
sim_layered_newflow_2026-07-10T23-54-52-761Z,11,08950c0a-4367-469b-87b9-e6e3c54f5f9c,ToC_Cost_Child,mid_0.50,0.5,3500,2650,748993,true,0.00085655,3.24575,0.1735,1527,0.25,600,498,191.88,2000
sim_layered_newflow_2026-07-10T23-54-52-761Z,11,08950c0a-4367-469b-87b9-e6e3c54f5f9c,ToC_Cost_Child,mid_0.50,0.5,3600,2446,611442,true,0.00079058,3.24575,0.1735,1602,0.25,600,498,191.88,2000
sim_layered_newflow_2026-07-10T23-54-52-761Z,11,08950c0a-4367-469b-87b9-e6e3c54f5f9c,ToC_Cost_Child,mid_0.50,0.5,3700,2258,470336,true,0.00072968,3.24575,0.1735,1677,0.25,600,498,191.88,2000
sim_layered_newflow_2026-07-10T23-54-52-761Z,11,08950c0a-4367-469b-87b9-e6e3c54f5f9c,ToC_Cost_Child,mid_0.50,0.5,3800,2084,327039,true,0.00067348,3.24575,0.1735,1752,0.25,600,498,191.88,2000
sim_layered_newflow_2026-07-10T23-54-52-761Z,11,08950c0a-4367-469b-87b9-e6e3c54f5f9c,ToC_Cost_Child,mid_0.50,0.5,3900,1923,182726,true,0.0006216,3.24575,0.1735,1827,0.25,600,498,191.88,2000
sim_layered_newflow_2026-07-10T23-54-52-761Z,11,08950c0a-4367-469b-87b9-e6e3c54f5f9c,ToC_Cost_Child,mid_0.50,0.5,4000,1775,38404,true,0.00057371,3.24575,0.1735,1902,0.25,600,498,191.88,2000
sim_layered_newflow_2026-07-10T23-54-52-761Z,11,08950c0a-4367-469b-87b9-e6e3c54f5f9c,ToC_Cost_Child,mid_0.50,0.5,4100,1638,-105067,false,0.00052951,3.24575,0.1735,1977,0.25,600,498,191.88,2000
sim_layered_newflow_2026-07-10T23-54-52-761Z,11,08950c0a-4367-469b-87b9-e6e3c54f5f9c,ToC_Cost_Child,mid_0.50,0.5,4200,1512,-246962,false,0.00048872,3.24575,0.1735,2052,0.25,600,498,191.88,2000
sim_layered_newflow_2026-07-10T23-54-52-761Z,11,08950c0a-4367-469b-87b9-e6e3c54f5f9c,ToC_Cost_Child,mid_0.50,0.5,4300,1396,-386672,false,0.00045106,3.24575,0.1735,2127,0.25,600,498,191.88,2000
sim_layered_newflow_2026-07-10T23-54-52-761Z,11,08950c0a-4367-469b-87b9-e6e3c54f5f9c,ToC_Cost_Child,mid_0.50,0.5,4400,1288,-523690,false,0.00041631,3.24575,0.1735,2202,0.25,600,498,191.88,2000
sim_layered_newflow_2026-07-10T23-54-52-761Z,11,08950c0a-4367-469b-87b9-e6e3c54f5f9c,ToC_Cost_Child,mid_0.50,0.5,4500,1189,-657602,false,0.00038423,3.24575,0.1735,2277,0.25,600,498,191.88,2000
sim_layered_newflow_2026-07-10T23-54-52-761Z,11,08950c0a-4367-469b-87b9-e6e3c54f5f9c,ToC_Cost_Child,mid_0.50,0.5,4600,1097,-788073,false,0.00035462,3.24575,0.1735,2352,0.25,600,498,191.88,2000
sim_layered_newflow_2026-07-10T23-54-52-761Z,11,08950c0a-4367-469b-87b9-e6e3c54f5f9c,ToC_Cost_Child,mid_0.50,0.5,4700,1013,-914836,false,0.0003273,3.24575,0.1735,2427,0.25,600,498,191.88,2000
sim_layered_newflow_2026-07-10T23-54-52-761Z,11,08950c0a-4367-469b-87b9-e6e3c54f5f9c,ToC_Cost_Child,mid_0.50,0.5,4800,935,-1037690,false,0.00030208,3.24575,0.1735,2502,0.25,600,498,191.88,2000
sim_layered_newflow_2026-07-10T23-54-52-761Z,11,08950c0a-4367-469b-87b9-e6e3c54f5f9c,ToC_Cost_Child,mid_0.50,0.5,4900,863,-1156482,false,0.0002788,3.24575,0.1735,2577,0.25,600,498,191.88,2000
sim_layered_newflow_2026-07-10T23-54-52-761Z,11,08950c0a-4367-469b-87b9-e6e3c54f5f9c,ToC_Cost_Child,mid_0.50,0.5,5000,796,-1271109,false,0.00025731,3.24575,0.1735,2652,0.25,600,498,191.88,2000
sim_layered_newflow_2026-07-10T23-54-52-761Z,11,08950c0a-4367-469b-87b9-e6e3c54f5f9c,ToC_Cost_Child,mid_0.50,0.5,5100,735,-1381508,false,0.00023749,3.24575,0.1735,2727,0.25,600,498,191.88,2000
sim_layered_newflow_2026-07-10T23-54-52-761Z,11,08950c0a-4367-469b-87b9-e6e3c54f5f9c,ToC_Cost_Child,mid_0.50,0.5,5200,678,-1487649,false,0.00021918,3.24575,0.1735,2802,0.25,600,498,191.88,2000
sim_layered_newflow_2026-07-10T23-54-52-761Z,11,08950c0a-4367-469b-87b9-e6e3c54f5f9c,ToC_Cost_Child,mid_0.50,0.5,5300,626,-1589532,false,0.00020229,3.24575,0.1735,2877,0.25,600,498,191.88,2000
sim_layered_newflow_2026-07-10T23-54-52-761Z,11,08950c0a-4367-469b-87b9-e6e3c54f5f9c,ToC_Cost_Child,mid_0.50,0.5,5400,578,-1687184,false,0.0001867,3.24575,0.1735,2952,0.25,600,498,191.88,2000
sim_layered_newflow_2026-07-10T23-54-52-761Z,11,08950c0a-4367-469b-87b9-e6e3c54f5f9c,ToC_Cost_Child,mid_0.50,0.5,5500,533,-1780651,false,0.00017231,3.24575,0.1735,3027,0.25,600,498,191.88,2000
sim_layered_newflow_2026-07-10T23-54-52-761Z,11,08950c0a-4367-469b-87b9-e6e3c54f5f9c,ToC_Cost_Child,mid_0.50,0.5,5600,492,-1869998,false,0.00015903,3.24575,0.1735,3102,0.25,600,498,191.88,2000
sim_layered_newflow_2026-07-10T23-54-52-761Z,11,08950c0a-4367-469b-87b9-e6e3c54f5f9c,ToC_Cost_Child,mid_0.50,0.5,5700,454,-1955304,false,0.00014678,3.24575,0.1735,3177,0.25,600,498,191.88,2000
sim_layered_newflow_2026-07-10T23-54-52-761Z,11,08950c0a-4367-469b-87b9-e6e3c54f5f9c,ToC_Cost_Child,mid_0.50,0.5,5800,419,-2036662,false,0.00013546,3.24575,0.1735,3252,0.25,600,498,191.88,2000
sim_layered_newflow_2026-07-10T23-54-52-761Z,11,08950c0a-4367-469b-87b9-e6e3c54f5f9c,ToC_Cost_Child,mid_0.50,0.5,5900,387,-2114174,false,0.00012502,3.24575,0.1735,3327,0.25,600,498,191.88,2000
sim_layered_newflow_2026-07-10T23-54-52-761Z,11,08950c0a-4367-469b-87b9-e6e3c54f5f9c,ToC_Cost_Child,mid_0.50,0.5,6000,357,-2187949,false,0.00011539,3.24575,0.1735,3402,0.25,600,498,191.88,2000
sim_layered_newflow_2026-07-10T23-54-52-761Z,11,08950c0a-4367-469b-87b9-e6e3c54f5f9c,ToC_Cost_Child,mid_0.50,0.5,6100,329,-2258102,false,0.00010649,3.24575,0.1735,3477,0.25,600,498,191.88,2000
sim_layered_newflow_2026-07-10T23-54-52-761Z,11,08950c0a-4367-469b-87b9-e6e3c54f5f9c,ToC_Cost_Child,mid_0.50,0.5,6200,304,-2324754,false,0.00009829,3.24575,0.1735,3552,0.25,600,498,191.88,2000
sim_layered_newflow_2026-07-10T23-54-52-761Z,11,08950c0a-4367-469b-87b9-e6e3c54f5f9c,ToC_Cost_Child,mid_0.50,0.5,6300,281,-2388027,false,0.00009071,3.24575,0.1735,3627,0.25,600,498,191.88,2000
sim_layered_newflow_2026-07-10T23-54-52-761Z,11,08950c0a-4367-469b-87b9-e6e3c54f5f9c,ToC_Cost_Child,mid_0.50,0.5,6400,259,-2448046,false,0.00008372,3.24575,0.1735,3702,0.25,600,498,191.88,2000
sim_layered_newflow_2026-07-10T23-54-52-761Z,11,08950c0a-4367-469b-87b9-e6e3c54f5f9c,ToC_Cost_Child,mid_0.50,0.5,6500,239,-2504937,false,0.00007727,3.24575,0.1735,3777,0.25,600,498,191.88,2000
sim_layered_newflow_2026-07-10T23-54-52-761Z,11,08950c0a-4367-469b-87b9-e6e3c54f5f9c,ToC_Cost_Child,mid_0.50,0.5,6600,221,-2558826,false,0.00007131,3.24575,0.1735,3852,0.25,600,498,191.88,2000
sim_layered_newflow_2026-07-10T23-54-52-761Z,11,08950c0a-4367-469b-87b9-e6e3c54f5f9c,ToC_Cost_Child,mid_0.50,0.5,6700,204,-2609837,false,0.00006582,3.24575,0.1735,3927,0.25,600,498,191.88,2000
sim_layered_newflow_2026-07-10T23-54-52-761Z,11,08950c0a-4367-469b-87b9-e6e3c54f5f9c,ToC_Cost_Child,mid_0.50,0.5,6800,188,-2658094,false,0.00006074,3.24575,0.1735,4002,0.25,600,498,191.88,2000
sim_layered_newflow_2026-07-10T23-54-52-761Z,11,08950c0a-4367-469b-87b9-e6e3c54f5f9c,ToC_Cost_Child,mid_0.50,0.5,6900,173,-2703718,false,0.00005606,3.24575,0.1735,4077,0.25,600,498,191.88,2000
sim_layered_newflow_2026-07-10T23-54-52-761Z,11,08950c0a-4367-469b-87b9-e6e3c54f5f9c,ToC_Cost_Child,mid_0.50,0.5,7000,160,-2746828,false,0.00005174,3.24575,0.1735,4152,0.25,600,498,191.88,2000
sim_layered_newflow_2026-07-10T23-54-52-761Z,11,08950c0a-4367-469b-87b9-e6e3c54f5f9c,ToC_Cost_Child,high_0.65,0.65,1000,44469,-16198269,false,0.0143728,4.0742,0.241,-348,0.25,600,498,191.88,2000
sim_layered_newflow_2026-07-10T23-54-52-761Z,11,08950c0a-4367-469b-87b9-e6e3c54f5f9c,ToC_Cost_Child,high_0.65,0.65,1100,41087,-12144752,false,0.01327964,4.0742,0.241,-273,0.25,600,498,191.88,2000
sim_layered_newflow_2026-07-10T23-54-52-761Z,11,08950c0a-4367-469b-87b9-e6e3c54f5f9c,ToC_Cost_Child,high_0.65,0.65,1200,37959,-8633471,false,0.01226859,4.0742,0.241,-198,0.25,600,498,191.88,2000
sim_layered_newflow_2026-07-10T23-54-52-761Z,11,08950c0a-4367-469b-87b9-e6e3c54f5f9c,ToC_Cost_Child,high_0.65,0.65,1300,35066,-5606105,false,0.01133363,4.0742,0.241,-123,0.25,600,498,191.88,2000
sim_layered_newflow_2026-07-10T23-54-52-761Z,11,08950c0a-4367-469b-87b9-e6e3c54f5f9c,ToC_Cost_Child,high_0.65,0.65,1400,32392,-3009900,false,0.01046916,4.0742,0.241,-48,0.25,600,498,191.88,2000
sim_layered_newflow_2026-07-10T23-54-52-761Z,11,08950c0a-4367-469b-87b9-e6e3c54f5f9c,ToC_Cost_Child,high_0.65,0.65,1500,29919,-797192,false,0.00966999,4.0742,0.241,27,0.25,600,498,191.88,2000
sim_layered_newflow_2026-07-10T23-54-52-761Z,11,08950c0a-4367-469b-87b9-e6e3c54f5f9c,ToC_Cost_Child,high_0.65,0.65,1600,27633,1075038,true,0.00893127,4.0742,0.241,102,0.25,600,498,191.88,2000
sim_layered_newflow_2026-07-10T23-54-52-761Z,11,08950c0a-4367-469b-87b9-e6e3c54f5f9c,ToC_Cost_Child,high_0.65,0.65,1700,25521,2645574,true,0.00824852,4.0742,0.241,177,0.25,600,498,191.88,2000
sim_layered_newflow_2026-07-10T23-54-52-761Z,11,08950c0a-4367-469b-87b9-e6e3c54f5f9c,ToC_Cost_Child,high_0.65,0.65,1800,23569,3949339,true,0.00761756,4.0742,0.241,252,0.25,600,498,191.88,2000
sim_layered_newflow_2026-07-10T23-54-52-761Z,11,08950c0a-4367-469b-87b9-e6e3c54f5f9c,ToC_Cost_Child,high_0.65,0.65,1900,21765,5017749,true,0.00703452,4.0742,0.241,327,0.25,600,498,191.88,2000
sim_layered_newflow_2026-07-10T23-54-52-761Z,11,08950c0a-4367-469b-87b9-e6e3c54f5f9c,ToC_Cost_Child,high_0.65,0.65,2000,20098,5879027,true,0.00649581,4.0742,0.241,402,0.25,600,498,191.88,2000
sim_layered_newflow_2026-07-10T23-54-52-761Z,11,08950c0a-4367-469b-87b9-e6e3c54f5f9c,ToC_Cost_Child,high_0.65,0.65,2100,18558,6558498,true,0.00599811,4.0742,0.241,477,0.25,600,498,191.88,2000
sim_layered_newflow_2026-07-10T23-54-52-761Z,11,08950c0a-4367-469b-87b9-e6e3c54f5f9c,ToC_Cost_Child,high_0.65,0.65,2200,17136,7078864,true,0.00553833,4.0742,0.241,552,0.25,600,498,191.88,2000
sim_layered_newflow_2026-07-10T23-54-52-761Z,11,08950c0a-4367-469b-87b9-e6e3c54f5f9c,ToC_Cost_Child,high_0.65,0.65,2300,15822,7460442,true,0.00511361,4.0742,0.241,627,0.25,600,498,191.88,2000
sim_layered_newflow_2026-07-10T23-54-52-761Z,11,08950c0a-4367-469b-87b9-e6e3c54f5f9c,ToC_Cost_Child,high_0.65,0.65,2400,14608,7721396,true,0.00472131,4.0742,0.241,702,0.25,600,498,191.88,2000
sim_layered_newflow_2026-07-10T23-54-52-761Z,11,08950c0a-4367-469b-87b9-e6e3c54f5f9c,ToC_Cost_Child,high_0.65,0.65,2500,13487,7877937,true,0.00435897,4.0742,0.241,777,0.25,600,498,191.88,2000
sim_layered_newflow_2026-07-10T23-54-52-761Z,11,08950c0a-4367-469b-87b9-e6e3c54f5f9c,ToC_Cost_Child,high_0.65,0.65,2600,12451,7944520,true,0.00402433,4.0742,0.241,852,0.25,600,498,191.88,2000
sim_layered_newflow_2026-07-10T23-54-52-761Z,11,08950c0a-4367-469b-87b9-e6e3c54f5f9c,ToC_Cost_Child,high_0.65,0.65,2700,11495,7934006,true,0.00371528,4.0742,0.241,927,0.25,600,498,191.88,2000
sim_layered_newflow_2026-07-10T23-54-52-761Z,11,08950c0a-4367-469b-87b9-e6e3c54f5f9c,ToC_Cost_Child,high_0.65,0.65,2800,10612,7857824,true,0.00342988,4.0742,0.241,1002,0.25,600,498,191.88,2000
sim_layered_newflow_2026-07-10T23-54-52-761Z,11,08950c0a-4367-469b-87b9-e6e3c54f5f9c,ToC_Cost_Child,high_0.65,0.65,2900,9797,7726110,true,0.00316634,4.0742,0.241,1077,0.25,600,498,191.88,2000
sim_layered_newflow_2026-07-10T23-54-52-761Z,11,08950c0a-4367-469b-87b9-e6e3c54f5f9c,ToC_Cost_Child,high_0.65,0.65,3000,9044,7547837,true,0.00292299,4.0742,0.241,1152,0.25,600,498,191.88,2000
sim_layered_newflow_2026-07-10T23-54-52-761Z,11,08950c0a-4367-469b-87b9-e6e3c54f5f9c,ToC_Cost_Child,high_0.65,0.65,3100,8349,7330934,true,0.00269829,4.0742,0.241,1227,0.25,600,498,191.88,2000
sim_layered_newflow_2026-07-10T23-54-52-761Z,11,08950c0a-4367-469b-87b9-e6e3c54f5f9c,ToC_Cost_Child,high_0.65,0.65,3200,7707,7082390,true,0.00249082,4.0742,0.241,1302,0.25,600,498,191.88,2000
sim_layered_newflow_2026-07-10T23-54-52-761Z,11,08950c0a-4367-469b-87b9-e6e3c54f5f9c,ToC_Cost_Child,high_0.65,0.65,3300,7114,6808351,true,0.00229927,4.0742,0.241,1377,0.25,600,498,191.88,2000
sim_layered_newflow_2026-07-10T23-54-52-761Z,11,08950c0a-4367-469b-87b9-e6e3c54f5f9c,ToC_Cost_Child,high_0.65,0.65,3400,6567,6514209,true,0.00212241,4.0742,0.241,1452,0.25,600,498,191.88,2000
sim_layered_newflow_2026-07-10T23-54-52-761Z,11,08950c0a-4367-469b-87b9-e6e3c54f5f9c,ToC_Cost_Child,high_0.65,0.65,3500,6062,6204677,true,0.00195913,4.0742,0.241,1527,0.25,600,498,191.88,2000
sim_layered_newflow_2026-07-10T23-54-52-761Z,11,08950c0a-4367-469b-87b9-e6e3c54f5f9c,ToC_Cost_Child,high_0.65,0.65,3600,5595,5883867,true,0.00180839,4.0742,0.241,1602,0.25,600,498,191.88,2000
sim_layered_newflow_2026-07-10T23-54-52-761Z,11,08950c0a-4367-469b-87b9-e6e3c54f5f9c,ToC_Cost_Child,high_0.65,0.65,3700,5165,5555349,true,0.00166923,4.0742,0.241,1677,0.25,600,498,191.88,2000
sim_layered_newflow_2026-07-10T23-54-52-761Z,11,08950c0a-4367-469b-87b9-e6e3c54f5f9c,ToC_Cost_Child,high_0.65,0.65,3800,4767,5222211,true,0.00154077,4.0742,0.241,1752,0.25,600,498,191.88,2000
sim_layered_newflow_2026-07-10T23-54-52-761Z,11,08950c0a-4367-469b-87b9-e6e3c54f5f9c,ToC_Cost_Child,high_0.65,0.65,3900,4400,4887113,true,0.00142217,4.0742,0.241,1827,0.25,600,498,191.88,2000
sim_layered_newflow_2026-07-10T23-54-52-761Z,11,08950c0a-4367-469b-87b9-e6e3c54f5f9c,ToC_Cost_Child,high_0.65,0.65,4000,4061,4552334,true,0.00131269,4.0742,0.241,1902,0.25,600,498,191.88,2000
sim_layered_newflow_2026-07-10T23-54-52-761Z,11,08950c0a-4367-469b-87b9-e6e3c54f5f9c,ToC_Cost_Child,high_0.65,0.65,4100,3749,4219813,true,0.00121163,4.0742,0.241,1977,0.25,600,498,191.88,2000
sim_layered_newflow_2026-07-10T23-54-52-761Z,11,08950c0a-4367-469b-87b9-e6e3c54f5f9c,ToC_Cost_Child,high_0.65,0.65,4200,3460,3891188,true,0.00111834,4.0742,0.241,2052,0.25,600,498,191.88,2000
sim_layered_newflow_2026-07-10T23-54-52-761Z,11,08950c0a-4367-469b-87b9-e6e3c54f5f9c,ToC_Cost_Child,high_0.65,0.65,4300,3194,3567836,true,0.00103223,4.0742,0.241,2127,0.25,600,498,191.88,2000
sim_layered_newflow_2026-07-10T23-54-52-761Z,11,08950c0a-4367-469b-87b9-e6e3c54f5f9c,ToC_Cost_Child,high_0.65,0.65,4400,2948,3250893,true,0.00095274,4.0742,0.241,2202,0.25,600,498,191.88,2000
sim_layered_newflow_2026-07-10T23-54-52-761Z,11,08950c0a-4367-469b-87b9-e6e3c54f5f9c,ToC_Cost_Child,high_0.65,0.65,4500,2721,2941293,true,0.00087936,4.0742,0.241,2277,0.25,600,498,191.88,2000
sim_layered_newflow_2026-07-10T23-54-52-761Z,11,08950c0a-4367-469b-87b9-e6e3c54f5f9c,ToC_Cost_Child,high_0.65,0.65,4600,2511,2639788,true,0.00081164,4.0742,0.241,2352,0.25,600,498,191.88,2000
sim_layered_newflow_2026-07-10T23-54-52-761Z,11,08950c0a-4367-469b-87b9-e6e3c54f5f9c,ToC_Cost_Child,high_0.65,0.65,4700,2318,2346968,true,0.00074912,4.0742,0.241,2427,0.25,600,498,191.88,2000
sim_layered_newflow_2026-07-10T23-54-52-761Z,11,08950c0a-4367-469b-87b9-e6e3c54f5f9c,ToC_Cost_Child,high_0.65,0.65,4800,2139,2063286,true,0.00069142,4.0742,0.241,2502,0.25,600,498,191.88,2000
sim_layered_newflow_2026-07-10T23-54-52-761Z,11,08950c0a-4367-469b-87b9-e6e3c54f5f9c,ToC_Cost_Child,high_0.65,0.65,4900,1974,1789074,true,0.00063816,4.0742,0.241,2577,0.25,600,498,191.88,2000
sim_layered_newflow_2026-07-10T23-54-52-761Z,11,08950c0a-4367-469b-87b9-e6e3c54f5f9c,ToC_Cost_Child,high_0.65,0.65,5000,1822,1524558,true,0.000589,4.0742,0.241,2652,0.25,600,498,191.88,2000
sim_layered_newflow_2026-07-10T23-54-52-761Z,11,08950c0a-4367-469b-87b9-e6e3c54f5f9c,ToC_Cost_Child,high_0.65,0.65,5100,1682,1269872,true,0.00054362,4.0742,0.241,2727,0.25,600,498,191.88,2000
sim_layered_newflow_2026-07-10T23-54-52-761Z,11,08950c0a-4367-469b-87b9-e6e3c54f5f9c,ToC_Cost_Child,high_0.65,0.65,5200,1552,1025073,true,0.00050174,4.0742,0.241,2802,0.25,600,498,191.88,2000
sim_layered_newflow_2026-07-10T23-54-52-761Z,11,08950c0a-4367-469b-87b9-e6e3c54f5f9c,ToC_Cost_Child,high_0.65,0.65,5300,1433,790150,true,0.00046308,4.0742,0.241,2877,0.25,600,498,191.88,2000
sim_layered_newflow_2026-07-10T23-54-52-761Z,11,08950c0a-4367-469b-87b9-e6e3c54f5f9c,ToC_Cost_Child,high_0.65,0.65,5400,1322,565037,true,0.0004274,4.0742,0.241,2952,0.25,600,498,191.88,2000
sim_layered_newflow_2026-07-10T23-54-52-761Z,11,08950c0a-4367-469b-87b9-e6e3c54f5f9c,ToC_Cost_Child,high_0.65,0.65,5500,1220,349616,true,0.00039447,4.0742,0.241,3027,0.25,600,498,191.88,2000
sim_layered_newflow_2026-07-10T23-54-52-761Z,11,08950c0a-4367-469b-87b9-e6e3c54f5f9c,ToC_Cost_Child,high_0.65,0.65,5600,1126,143731,true,0.00036407,4.0742,0.241,3102,0.25,600,498,191.88,2000
sim_layered_newflow_2026-07-10T23-54-52-761Z,11,08950c0a-4367-469b-87b9-e6e3c54f5f9c,ToC_Cost_Child,high_0.65,0.65,5700,1040,-52807,false,0.00033602,4.0742,0.241,3177,0.25,600,498,191.88,2000
sim_layered_newflow_2026-07-10T23-54-52-761Z,11,08950c0a-4367-469b-87b9-e6e3c54f5f9c,ToC_Cost_Child,high_0.65,0.65,5800,960,-240217,false,0.00031013,4.0742,0.241,3252,0.25,600,498,191.88,2000
sim_layered_newflow_2026-07-10T23-54-52-761Z,11,08950c0a-4367-469b-87b9-e6e3c54f5f9c,ToC_Cost_Child,high_0.65,0.65,5900,886,-418736,false,0.00028623,4.0742,0.241,3327,0.25,600,498,191.88,2000
sim_layered_newflow_2026-07-10T23-54-52-761Z,11,08950c0a-4367-469b-87b9-e6e3c54f5f9c,ToC_Cost_Child,high_0.65,0.65,6000,817,-588622,false,0.00026417,4.0742,0.241,3402,0.25,600,498,191.88,2000
sim_layered_newflow_2026-07-10T23-54-52-761Z,11,08950c0a-4367-469b-87b9-e6e3c54f5f9c,ToC_Cost_Child,high_0.65,0.65,6100,754,-750145,false,0.00024382,4.0742,0.241,3477,0.25,600,498,191.88,2000
sim_layered_newflow_2026-07-10T23-54-52-761Z,11,08950c0a-4367-469b-87b9-e6e3c54f5f9c,ToC_Cost_Child,high_0.65,0.65,6200,696,-903585,false,0.00022503,4.0742,0.241,3552,0.25,600,498,191.88,2000
sim_layered_newflow_2026-07-10T23-54-52-761Z,11,08950c0a-4367-469b-87b9-e6e3c54f5f9c,ToC_Cost_Child,high_0.65,0.65,6300,643,-1049227,false,0.00020768,4.0742,0.241,3627,0.25,600,498,191.88,2000
sim_layered_newflow_2026-07-10T23-54-52-761Z,11,08950c0a-4367-469b-87b9-e6e3c54f5f9c,ToC_Cost_Child,high_0.65,0.65,6400,593,-1187363,false,0.00019168,4.0742,0.241,3702,0.25,600,498,191.88,2000
sim_layered_newflow_2026-07-10T23-54-52-761Z,11,08950c0a-4367-469b-87b9-e6e3c54f5f9c,ToC_Cost_Child,high_0.65,0.65,6500,547,-1318283,false,0.00017691,4.0742,0.241,3777,0.25,600,498,191.88,2000
sim_layered_newflow_2026-07-10T23-54-52-761Z,11,08950c0a-4367-469b-87b9-e6e3c54f5f9c,ToC_Cost_Child,high_0.65,0.65,6600,505,-1442280,false,0.00016327,4.0742,0.241,3852,0.25,600,498,191.88,2000
sim_layered_newflow_2026-07-10T23-54-52-761Z,11,08950c0a-4367-469b-87b9-e6e3c54f5f9c,ToC_Cost_Child,high_0.65,0.65,6700,466,-1559642,false,0.00015069,4.0742,0.241,3927,0.25,600,498,191.88,2000
sim_layered_newflow_2026-07-10T23-54-52-761Z,11,08950c0a-4367-469b-87b9-e6e3c54f5f9c,ToC_Cost_Child,high_0.65,0.65,6800,430,-1670656,false,0.00013908,4.0742,0.241,4002,0.25,600,498,191.88,2000
sim_layered_newflow_2026-07-10T23-54-52-761Z,11,08950c0a-4367-469b-87b9-e6e3c54f5f9c,ToC_Cost_Child,high_0.65,0.65,6900,397,-1775602,false,0.00012836,4.0742,0.241,4077,0.25,600,498,191.88,2000
sim_layered_newflow_2026-07-10T23-54-52-761Z,11,08950c0a-4367-469b-87b9-e6e3c54f5f9c,ToC_Cost_Child,high_0.65,0.65,7000,367,-1874758,false,0.00011846,4.0742,0.241,4152,0.25,600,498,191.88,2000
